symbol,signal_date,level,panic_score,panic_max_window,conf_score,rsi,beta,entry_price,mae_pct,mfe_pct,struct_stop_pct,ret_t5,alpha_t5,alpha_adj_t5,ret_t20,alpha_t20,alpha_adj_t20,ret_t60,alpha_t60,alpha_adj_t60,ret_fixed8,alpha_adj_fixed8,hit_fixed8,ret_struct,alpha_adj_struct,hit_struct,cluster
HPG,2019-03-15,WATCH,48.1,48.1,25.0,30.5,1.13,7.46,-7.77,9.25,-5.0,-0.27,3.12,3.56,0.8,3.49,3.84,-5.36,-0.33,0.32,-5.36,0.32,False,-5.0,1.29,True,2019Q1
HPG,2019-06-06,WATCH,46.7,46.7,0.0,25.2,1.23,7.08,-11.72,4.8,-5.0,-0.28,-0.49,-0.54,-3.11,-5.6,-6.18,-3.53,-6.94,-7.73,-8.0,-11.16,True,-5.0,-6.9,True,2019Q2
HPG,2019-07-19,WATCH,47.0,47.0,0.0,20.6,1.09,6.34,-1.42,16.09,-5.0,7.26,5.55,5.39,11.99,12.0,12.0,3.63,2.42,2.31,3.63,2.31,False,3.63,2.31,False,2019Q3
HPG,2020-02-18,WATCH,41.1,41.1,35.0,24.6,1.02,7.17,-34.59,7.81,-5.0,-2.37,0.91,0.97,-15.48,3.81,4.14,7.81,17.46,17.63,-10.46,-0.48,True,-10.46,-0.48,True,2020Q1
HPG,2020-03-09,PANIC70_ANY,72.5,72.5,0.0,24.8,1.05,6.31,-25.67,39.46,-5.0,-6.34,2.02,2.45,-8.72,-0.63,-0.22,32.01,23.12,22.66,-11.89,-5.16,True,-5.0,0.76,True,2020Q1
HPG,2020-03-17,WATCH,65.4,65.4,15.0,20.9,1.09,5.97,-21.44,47.4,-9.56,-8.21,-0.56,0.11,4.36,-0.1,-0.49,30.99,19.61,18.61,-10.22,1.54,True,-10.22,1.54,True,2020Q1
HPG,2020-07-27,WATCH,46.3,46.3,0.0,25.7,1.03,8.16,-2.45,38.36,-5.0,6.0,0.81,0.64,13.24,2.13,1.75,34.19,14.83,14.17,34.19,14.17,False,34.19,14.17,False,2020Q3
HPG,2021-01-28,WATCH,57.0,57.0,0.0,32.6,1.14,13.92,0.0,63.29,-5.0,14.87,1.99,0.17,24.35,7.29,4.88,60.27,34.42,30.77,60.27,30.77,False,60.27,30.77,False,2021Q1
HPG,2021-07-12,WATCH,43.0,43.0,0.0,29.8,1.17,23.29,-3.31,24.6,-5.28,3.95,5.73,6.03,8.54,3.44,2.56,22.2,16.82,15.89,22.2,15.89,False,22.2,15.89,False,2021Q3
HPG,2021-11-18,WATCH,45.0,45.0,0.0,17.4,1.25,25.39,-18.94,0.71,-5.0,-1.14,-2.72,-3.11,-5.87,-6.55,-6.71,-5.95,-8.74,-9.42,-8.0,-3.23,True,-5.0,-0.23,True,2021Q4
HPG,2022-01-24,WATCH,44.4,44.4,0.0,20.8,1.1,20.73,-2.22,29.62,-5.0,12.45,8.19,7.78,15.77,11.67,11.28,4.92,10.89,11.46,4.92,11.46,False,4.92,11.46,False,2022Q1
HPG,2022-05-13,WATCH,58.0,58.0,0.0,26.4,1.09,18.96,-26.9,4.48,-5.81,-0.79,-1.68,-1.77,-14.14,-15.71,-15.85,-15.82,-19.85,-20.23,-8.0,-13.47,True,-5.81,-8.1,True,2022Q2
HPG,2022-06-14,WATCH,43.4,43.4,0.0,25.3,1.02,15.41,-10.06,8.37,-5.0,-5.65,-0.61,-0.52,-2.14,2.51,2.6,4.48,3.05,3.03,-8.0,-3.14,True,-5.0,-0.79,True,2022Q2
HPG,2022-10-03,WATCH,49.8,49.8,0.0,8.9,1.06,13.59,-41.28,5.74,-5.0,-12.88,-4.71,-4.25,-25.39,-19.73,-19.42,-9.2,-0.88,-0.42,-8.0,-5.96,True,-5.0,-2.96,True,2022Q4
HPG,2022-10-31,WATCH,46.6,46.6,20.0,38.7,1.13,10.65,-25.07,43.85,-5.0,-16.53,-11.39,-10.72,10.52,10.77,10.8,33.99,30.01,29.49,-8.0,-1.49,True,-5.0,-0.89,True,2022Q4
HPG,2022-11-01,PANIC70_ANY,83.5,83.5,20.0,25.9,1.12,10.14,-21.3,51.08,-5.0,-13.31,-8.68,-8.13,22.68,21.24,21.07,42.11,37.85,37.34,-8.0,-1.69,True,-5.0,1.31,True,2022Q4
HPG,2024-08-05,WATCH,45.4,45.4,0.0,25.5,1.07,19.38,-5.01,6.35,-5.0,-2.48,-5.22,-5.41,-3.82,-9.72,-10.12,3.25,-2.34,-2.72,3.25,-2.72,False,-5.0,-11.81,True,2024Q3
HPG,2025-04-03,WATCH,67.6,67.6,0.0,26.1,1.17,17.56,-9.74,20.22,-5.0,7.4,0.32,-0.9,8.88,-0.64,-2.28,17.43,-1.78,-5.08,-9.74,-3.16,True,-9.74,-3.16,True,2025Q2
HPG,2025-04-04,PANIC70_ANY,76.9,76.9,0.0,17.6,1.19,17.48,-9.32,20.77,-5.0,10.01,5.35,4.48,9.15,1.13,-0.38,18.76,0.54,-2.89,18.76,-2.89,False,18.76,-2.89,False,2025Q2
HPG,2026-07-20,WATCH,60.4,60.4,0.0,10.3,0.81,20.5,-4.39,10.49,-5.0,2.44,5.49,4.91,2.44,2.52,2.51,,,,0.0,-1.2,False,0.0,-1.2,False,2026Q3
HPG,2020-04-06,ENTRY_V2_LOOSE,,79.6,40.0,48.4,0.99,5.86,-4.1,50.17,-12.0,4.78,1.77,1.79,24.06,17.14,17.2,45.05,31.98,32.1,45.05,32.1,False,45.05,32.1,False,2020Q2
HPG,2020-04-08,ENTRY_V2,,79.6,60.0,43.9,0.99,5.79,-2.76,51.99,-12.0,7.6,3.66,3.7,27.29,17.0,17.13,46.8,32.15,32.33,46.8,32.33,False,46.8,32.33,False,2020Q2
HPG,2022-11-18,ENTRY_V2,,78.1,60.0,46.3,1.22,10.28,-10.51,49.03,-12.0,7.59,4.08,3.32,31.61,24.74,23.25,42.12,30.73,28.27,-8.0,-4.8,True,42.12,28.27,False,2022Q4
HPG,2022-11-21,ENTRY_V2_LOOSE,,78.1,40.0,49.7,1.21,9.91,-7.16,54.59,-12.0,18.77,10.55,8.81,29.67,22.4,20.85,44.7,34.17,31.93,44.7,31.93,False,44.7,31.93,False,2022Q4
HPG,2025-04-22,ENTRY_V2_LOOSE,,93.9,40.0,41.7,1.16,18.97,-2.95,27.04,-12.0,0.79,-1.22,-1.54,0.21,-9.4,-10.97,23.3,1.14,-2.48,23.3,-2.48,False,23.3,-2.48,False,2025Q2
HPG,2025-04-23,ENTRY_V2,,93.9,80.0,42.9,1.16,19.12,-3.71,26.05,-12.0,-0.99,-3.23,-3.6,-0.58,-10.87,-12.56,23.48,-0.78,-4.78,23.48,-4.78,False,23.48,-4.78,False,2025Q2
HPG,2019-01-02,CONTROL_RSI,14.4,14.4,,30.2,0.99,7.28,-12.23,15.8,-7.31,-3.02,-3.98,-3.97,-9.89,-12.24,-12.21,5.36,-5.56,-5.42,-8.0,-10.32,True,-7.31,-9.63,True,2019Q1
HPG,2019-01-31,CONTROL_RSI,24.4,24.4,,31.4,1.02,6.59,-3.03,27.92,-5.0,13.51,9.24,9.14,22.0,13.97,13.77,18.21,14.37,14.28,18.21,14.28,False,18.21,14.28,False,2019Q1
HPG,2019-03-18,CONTROL_RSI,29.1,29.1,,31.6,1.13,7.53,-8.63,8.23,-5.47,-0.66,3.67,4.22,-0.66,3.44,3.96,-8.23,-1.64,-0.81,-8.0,-0.72,True,-5.47,1.81,True,2019Q1
HPG,2019-04-17,CONTROL_RSI,6.9,6.9,,32.7,1.18,7.44,-11.83,9.54,-5.0,5.38,4.9,4.81,4.7,2.97,2.66,-10.62,-11.92,-12.15,-8.0,-6.89,True,-5.0,-2.41,True,2019Q2
HPG,2019-05-23,CONTROL_RSI,14.3,14.3,,30.2,1.25,7.7,-18.83,0.39,-5.0,-1.3,0.4,0.81,-5.19,-3.43,-3.0,-7.79,-8.16,-8.25,-8.0,-4.4,True,-5.0,-1.81,True,2019Q2
HPG,2019-07-09,CONTROL_RSI,33.0,33.0,,24.2,1.1,6.59,-5.16,11.68,-5.0,-0.3,-1.48,-1.59,3.19,3.73,3.78,0.61,-1.58,-1.79,0.61,-1.79,False,-5.0,-6.23,True,2019Q3
HPG,2019-08-28,CONTROL_RSI,2.1,2.1,,34.3,1.02,6.85,-5.11,4.09,-5.0,-3.8,-3.38,-3.37,-0.44,-2.45,-2.48,-0.73,-0.69,-0.69,-0.73,-0.69,False,-5.0,-4.18,True,2019Q3
HPG,2019-10-03,CONTROL_RSI,10.6,10.6,,31.5,1.1,6.65,-1.8,13.68,-5.0,-0.45,-0.26,-0.25,1.35,-0.85,-1.08,9.02,12.06,12.38,9.02,12.38,False,9.02,12.38,False,2019Q4
HPG,2020-02-17,CONTROL_RSI,18.8,18.8,,32.2,1.0,7.34,-36.1,1.5,-5.0,-3.13,-0.48,-0.49,-19.48,0.71,0.62,-1.5,10.0,9.95,-12.53,-1.99,True,-5.18,-2.53,True,2020Q1
HPG,2020-06-15,CONTROL_RSI,26.4,26.4,,31.6,1.07,8.0,-1.25,18.5,-7.7,3.88,1.6,1.43,7.37,5.11,4.94,15.25,10.48,10.13,15.25,10.13,False,15.25,10.13,False,2020Q2
HPG,2021-06-21,CONTROL_RSI,4.9,4.9,,34.5,1.12,26.26,-14.24,4.07,-6.3,0.95,-1.16,-1.41,-7.81,-0.02,0.91,0.0,2.53,2.83,-8.0,-5.27,True,-6.3,-4.19,True,2021Q2
HPG,2021-07-19,CONTROL_RSI,27.5,27.5,,29.7,1.17,23.03,-1.22,28.01,-5.0,2.69,0.0,-0.46,12.03,2.41,0.76,26.23,14.3,12.25,26.23,12.25,False,26.23,12.25,False,2021Q3
HPG,2021-11-16,CONTROL_RSI,33.9,33.9,,20.3,1.27,26.61,-22.66,1.16,-5.0,-6.43,-7.96,-8.37,-8.08,-8.7,-8.86,-10.56,-13.39,-14.16,-8.0,-6.0,True,-5.0,-3.78,True,2021Q4
HPG,2021-12-21,CONTROL_RSI,0.7,0.7,,34.8,1.2,23.7,-13.16,13.38,-5.0,-1.1,-1.58,-1.67,-4.98,-4.07,-3.89,0.21,-1.11,-1.38,-8.0,-4.82,True,-5.0,-1.76,True,2021Q4
HPG,2022-01-21,CONTROL_RSI,12.5,12.5,,30.8,1.05,22.06,-8.11,21.8,-5.0,-0.14,-1.82,-1.89,9.52,8.35,8.3,-4.4,4.53,4.94,-8.0,1.34,True,-5.0,6.5,True,2022Q1
HPG,2022-03-23,CONTROL_RSI,7.9,7.9,,32.4,1.16,24.06,-42.39,2.0,-5.0,-4.07,-3.29,-3.17,-6.82,1.47,2.78,-41.52,-19.48,-16.02,-8.0,-2.51,True,-5.0,-5.96,True,2022Q1
HPG,2022-04-25,CONTROL_RSI,39.1,39.1,,25.9,1.1,20.55,-32.55,8.22,-5.0,4.72,-1.14,-1.71,-12.85,-11.54,-11.41,-25.3,-18.54,-17.87,-8.0,0.77,True,-5.0,3.77,True,2022Q2
HPG,2022-05-26,CONTROL_RSI,35.5,35.5,,27.0,1.04,17.91,-22.61,2.57,-8.05,-4.58,-5.95,-6.0,-17.7,-11.0,-10.76,-10.33,-10.22,-10.22,-8.0,-4.45,True,-8.05,-4.5,True,2022Q2
HPG,2022-06-23,CONTROL_RSI,21.3,21.3,,31.2,1.07,14.78,-3.65,12.99,-8.75,2.5,1.82,1.78,1.56,1.23,1.2,5.21,2.85,2.69,5.21,2.69,False,5.21,2.69,False,2022Q2
HPG,2022-09-07,CONTROL_RSI,3.8,3.8,,33.7,1.04,15.69,-49.14,4.72,-5.0,1.72,2.15,2.17,-22.43,-8.32,-7.76,-21.54,-4.37,-3.69,-8.0,1.89,True,-5.0,1.38,True,2022Q3
HPG,2022-10-13,CONTROL_RSI,15.4,15.4,,33.0,1.12,13.36,-40.27,7.56,-12.0,-14.45,-10.38,-9.88,-37.72,-27.51,-26.26,-0.75,0.08,0.19,-8.0,-7.51,True,-12.0,-7.43,True,2022Q4
HPG,2022-11-17,CONTROL_RSI,4.0,4.0,,33.7,1.21,9.87,-6.79,55.22,-12.0,4.86,4.42,4.33,39.82,31.0,29.15,50.05,37.69,35.1,50.05,35.1,False,50.05,35.1,False,2022Q4
HPG,2023-06-01,CONTROL_RSI,11.4,11.4,,31.2,1.49,14.54,-0.21,33.49,-5.0,6.53,4.38,3.32,21.66,18.34,16.7,20.7,11.55,7.03,20.7,7.03,False,20.7,7.03,False,2023Q2
HPG,2023-09-26,CONTROL_RSI,24.6,24.6,,28.4,1.15,17.69,-13.62,8.03,-5.0,-3.45,-2.48,-2.33,-8.08,-4.74,-4.24,4.01,7.44,7.95,-8.0,-6.88,True,-5.0,-2.81,True,2023Q3
HPG,2023-10-26,CONTROL_RSI,18.8,18.8,,32.3,1.19,15.72,-1.72,23.28,-5.0,8.02,6.38,6.07,13.55,10.13,9.5,21.76,10.1,7.94,21.76,7.94,False,21.76,7.94,False,2023Q4
HPG,2024-04-15,CONTROL_RSI,27.6,27.6,,25.8,1.14,19.27,-3.68,15.62,-5.0,1.09,2.16,2.3,12.3,7.46,6.81,9.81,4.79,4.11,9.81,4.11,False,9.81,4.11,False,2024Q2
HPG,2024-06-28,CONTROL_RSI,3.7,3.7,,33.8,1.07,21.05,-12.54,4.28,-5.0,1.76,-1.23,-1.43,-1.38,-1.4,-1.4,-7.41,-10.71,-10.94,-8.0,-3.01,True,-5.0,-3.34,True,2024Q2
HPG,2024-07-26,CONTROL_RSI,30.0,30.0,,21.3,1.05,20.57,-10.5,1.99,-5.0,-6.17,-1.39,-1.17,-5.98,-8.57,-8.69,-4.33,-6.19,-6.27,-8.0,-6.55,True,-5.0,0.01,True,2024Q3
HPG,2024-09-12,CONTROL_RSI,5.4,5.4,,33.2,1.03,18.71,-1.39,10.96,-5.0,1.98,0.5,0.45,8.55,5.77,5.68,9.73,8.4,8.36,9.73,8.36,False,9.73,8.36,False,2024Q3
HPG,2024-11-04,CONTROL_RSI,9.6,9.6,,31.8,0.99,19.57,-4.04,7.2,-5.0,4.55,4.55,4.55,2.66,2.26,2.26,1.89,-0.1,-0.08,1.89,-0.08,False,1.89,-0.08,False,2024Q4
HPG,2024-12-30,CONTROL_RSI,6.2,6.2,,32.9,1.06,19.9,-5.03,6.33,-5.0,-1.86,-0.19,-0.09,0.2,0.41,0.42,1.86,-1.72,-1.94,1.86,-1.94,False,-5.0,-4.25,True,2024Q4
HPG,2025-03-19,CONTROL_RSI,8.6,8.6,,32.1,1.36,20.31,-21.96,2.36,-5.0,0.74,0.96,1.04,-6.79,1.32,4.21,-0.54,-2.05,-2.59,-13.54,-1.67,True,-5.51,4.4,True,2025Q1
HPG,2025-10-02,CONTROL_RSI,18.5,18.5,,28.8,0.99,25.09,-7.65,5.86,-5.0,5.3,-0.52,-0.44,-4.98,-4.27,-4.28,-4.3,-9.05,-8.99,-4.3,-8.99,False,-5.0,-4.11,True,2025Q4
HPG,2025-10-30,CONTROL_RSI,20.1,20.1,,28.3,1.01,24.01,-5.75,5.41,-5.0,-3.12,1.1,1.14,-1.29,-2.57,-2.58,-1.67,-11.3,-11.39,-1.67,-11.39,False,-5.0,-13.86,True,2025Q4
HPG,2025-12-09,CONTROL_RSI,7.7,7.7,,32.8,0.99,23.79,-4.88,11.43,-5.0,-0.92,3.37,3.33,-1.68,-8.49,-8.42,0.0,3.01,2.97,0.0,2.97,False,0.0,2.97,False,2025Q4
HPG,2026-03-17,CONTROL_RSI,8.8,8.8,,33.3,0.84,24.01,-6.12,9.5,-7.53,-2.04,1.46,0.91,4.29,-0.5,0.24,1.42,-3.3,-2.57,1.42,-2.57,False,1.42,-2.57,False,2026Q1
HPG,2026-05-13,CONTROL_RSI,1.0,1.0,,34.7,0.75,24.82,-19.02,0.36,-5.0,-2.74,-2.75,-2.75,-6.12,-0.95,-2.27,-11.97,-5.01,-6.78,-8.0,-4.22,True,-5.0,-5.65,True,2026Q2
HPG,2026-06-12,CONTROL_RSI,3.2,3.2,,33.9,0.75,23.55,-14.65,3.4,-5.0,0.21,-2.76,-2.02,-4.88,-4.68,-4.73,-7.22,-8.6,-8.26,-8.0,-5.48,True,-5.0,-4.85,True,2026Q2
HPG,2026-07-10,CONTROL_RSI,2.6,2.6,,34.1,0.77,22.95,-14.6,0.0,-5.0,-10.24,-5.54,-6.64,-3.7,-0.82,-1.5,,,,-8.0,-4.4,True,-5.0,-3.94,True,2026Q3
HPG,2026-09-16,CONTROL_RSI,5.0,5.0,,33.3,0.78,20.8,-5.77,3.85,-5.0,0.0,1.54,1.2,,,,,,,-1.44,0.45,False,-5.0,-2.18,True,2026Q3
HPG,2019-01-07,CONTROL_RANDOM,,,,22.2,1.0,6.96,-8.19,21.12,-5.0,-0.29,-2.34,-2.34,0.43,-4.75,-4.73,9.2,-1.7,-1.67,-8.0,-9.93,True,-5.0,-7.16,True,2019Q1
HPG,2019-04-23,CONTROL_RANDOM,,,,45.6,1.22,7.58,-17.55,7.52,-5.0,4.49,5.69,5.95,0.53,-0.04,-0.16,-15.7,-16.98,-17.25,-8.0,-5.31,True,-5.0,-2.31,True,2019Q2
HPG,2019-09-03,CONTROL_RANDOM,,,,20.8,1.06,6.62,-1.81,7.7,-5.0,2.57,3.45,3.5,1.21,-0.14,-0.22,5.14,5.12,5.11,5.14,5.11,False,5.14,5.11,False,2019Q3
HPG,2019-12-12,CONTROL_RANDOM,,,,82.2,0.93,7.45,-25.77,9.13,-8.22,-4.97,-3.62,-3.72,0.27,0.64,0.61,-21.07,1.78,0.11,-8.0,0.34,True,-8.32,-0.2,True,2019Q4
HPG,2020-04-23,CONTROL_RANDOM,,,,78.8,1.01,6.68,-3.29,33.23,-12.0,-1.35,0.34,0.35,30.84,19.02,18.94,29.49,18.63,18.56,29.49,18.56,False,29.49,18.56,False,2020Q2
HPG,2020-05-08,CONTROL_RANDOM,,,,69.6,1.03,7.3,-1.78,21.92,-12.0,5.89,3.6,3.52,16.85,6.87,6.55,18.08,18.52,18.54,18.08,18.54,False,18.08,18.54,False,2020Q2
HPG,2020-07-09,CONTROL_RANDOM,,,,61.1,1.05,8.62,-7.89,19.61,-7.54,1.97,2.16,2.17,5.68,9.37,9.56,19.37,14.68,14.44,19.37,14.44,False,-7.54,3.11,True,2020Q3
HPG,2020-08-28,CONTROL_RANDOM,,,,50.0,1.04,9.11,0.0,59.06,-5.0,1.87,0.96,0.92,8.89,6.41,6.31,54.88,42.0,41.45,54.88,41.45,False,54.88,41.45,False,2020Q3
HPG,2020-11-10,CONTROL_RANDOM,,,,69.1,1.1,11.8,-0.68,44.92,-6.08,10.34,8.34,8.13,22.8,13.93,13.0,33.31,16.78,15.05,33.31,15.05,False,33.31,15.05,False,2020Q4
HPG,2020-12-14,CONTROL_RANDOM,,,,58.4,1.07,14.71,-5.37,20.46,-12.0,0.68,-1.34,-1.49,14.34,2.67,1.79,18.42,6.74,5.87,18.42,5.87,False,18.42,5.87,False,2020Q4
HPG,2021-01-25,CONTROL_RANDOM,,,,57.1,1.16,16.41,-15.17,34.37,-9.97,-7.13,0.55,1.8,7.07,5.21,4.91,28.4,22.85,21.95,-13.77,0.31,True,-13.77,0.31,True,2021Q1
HPG,2021-01-26,CONTROL_RANDOM,,,,47.6,1.17,15.58,-10.65,41.78,-5.27,1.41,2.4,2.57,13.03,7.28,6.33,40.31,29.89,28.16,-10.65,-3.82,True,-10.65,-3.82,True,2021Q1
HPG,2021-03-30,CONTROL_RANDOM,,,,57.1,1.1,17.48,-0.23,64.87,-5.0,6.46,1.74,1.27,25.06,20.59,20.14,53.43,34.93,33.07,53.43,33.07,False,53.43,33.07,False,2021Q1
HPG,2021-04-29,CONTROL_RANDOM,,,,72.1,1.12,21.56,-0.51,33.67,-10.19,8.21,5.43,5.09,31.77,22.3,21.15,9.69,5.21,4.66,9.69,4.66,False,9.69,4.66,False,2021Q2
HPG,2021-05-21,CONTROL_RANDOM,,,,74.7,1.11,24.68,-8.75,16.77,-9.02,9.28,6.13,5.79,6.2,-0.41,-1.13,2.55,-3.93,-4.63,-8.0,-8.76,True,2.55,-4.63,False,2021Q2
HPG,2021-10-20,CONTROL_RANDOM,,,,74.3,1.25,29.28,-22.92,1.74,-5.0,1.4,-1.77,-2.57,-12.67,-18.13,-19.49,-19.16,-26.49,-28.33,-8.0,-14.52,True,-5.0,-4.81,True,2021Q4
HPG,2021-10-28,CONTROL_RANDOM,,,,62.3,1.25,29.69,-29.84,0.17,-7.65,-2.43,-3.71,-4.04,-15.46,-19.29,-20.26,-29.84,-29.96,-29.99,-8.0,-11.36,True,-7.65,-11.01,True,2021Q4
HPG,2021-11-12,CONTROL_RANDOM,,,,47.6,1.26,27.89,-26.21,0.22,-5.0,-10.72,-8.95,-8.49,-14.56,-14.75,-14.8,-15.6,-16.91,-17.25,-8.0,-7.7,True,-5.0,-5.21,True,2021Q4
HPG,2021-12-29,CONTROL_RANDOM,,,,39.9,1.14,23.7,-13.16,13.38,-6.0,-1.1,-3.61,-3.97,-8.86,-8.06,-7.94,-1.31,-3.02,-3.26,-8.0,-4.07,True,-6.0,-2.01,True,2021Q4
HPG,2022-04-08,CONTROL_RANDOM,,,,45.3,1.13,23.8,-41.76,0.0,-5.26,-6.89,-1.41,-0.71,-17.73,-0.99,1.16,-38.19,-16.59,-13.82,-8.0,-3.8,True,-5.26,-1.06,True,2022Q2
HPG,2022-05-09,CONTROL_RANDOM,,,,32.2,1.07,20.22,-31.45,4.55,-5.0,-3.31,-2.3,-2.23,-15.97,-20.04,-20.31,-23.39,-23.45,-23.45,-8.0,-2.99,True,-5.0,0.01,True,2022Q2
HPG,2022-07-05,CONTROL_RANDOM,,,,47.7,1.08,14.68,-4.63,13.76,-6.38,2.72,2.15,2.11,9.4,2.33,1.76,-2.32,0.69,0.94,-2.32,0.94,False,-2.32,0.94,False,2022Q3
HPG,2022-08-04,CONTROL_RANDOM,,,,53.9,1.05,15.83,-36.77,5.5,-11.45,2.34,1.37,1.32,0.63,-1.54,-1.65,-35.94,-18.63,-17.77,-8.15,1.77,True,-11.45,-1.53,True,2022Q3
HPG,2022-10-12,CONTROL_RANDOM,,,,25.8,1.11,12.71,-37.21,13.06,-11.87,-3.7,-5.93,-6.19,-35.64,-27.13,-26.16,3.23,1.67,1.49,-8.0,-6.33,True,-11.87,-6.58,True,2022Q4
HPG,2022-10-28,CONTROL_RANDOM,,,,40.2,1.13,10.58,-24.57,41.87,-5.0,-12.38,-7.22,-6.54,4.54,6.73,7.02,41.3,33.24,32.16,-8.0,-2.15,True,-5.0,-1.57,True,2022Q4
HPG,2023-02-16,CONTROL_RANDOM,,,,48.5,1.4,14.41,-7.08,6.04,-9.55,-2.36,-0.52,0.2,-4.23,-2.93,-2.41,2.29,2.15,2.1,2.29,2.1,False,2.29,2.1,False,2023Q1
HPG,2023-06-19,CONTROL_RANDOM,,,,82.0,1.44,15.79,-0.19,25.9,-8.71,10.51,7.93,6.79,16.53,10.35,7.63,19.06,8.39,3.69,19.06,3.69,False,19.06,3.69,False,2023Q2
HPG,2023-09-25,CONTROL_RANDOM,,,,37.9,1.17,17.48,-12.59,9.32,-5.0,-4.06,-1.21,-0.71,-7.15,-3.24,-2.56,5.26,10.01,10.83,-8.0,-3.15,True,-5.21,-2.94,True,2023Q3
HPG,2024-01-04,CONTROL_RANDOM,,,,61.4,1.21,18.77,-2.56,13.16,-5.0,-2.18,-2.39,-2.43,0.53,-1.22,-1.59,6.13,-2.79,-4.69,6.13,-4.69,False,6.13,-4.69,False,2024Q1
HPG,2024-05-29,CONTROL_RANDOM,,,,59.3,1.12,21.2,-12.26,5.09,-5.0,2.83,1.32,1.14,1.23,1.65,1.7,-9.62,-11.07,-11.24,-8.0,-1.25,True,-5.0,-1.68,True,2024Q2
HPG,2024-07-03,CONTROL_RANDOM,,,,36.4,1.07,21.46,-14.21,2.28,-5.0,0.0,-0.39,-0.41,-7.46,-3.4,-3.13,-8.67,-9.38,-9.42,-8.0,-4.48,True,-5.0,-1.63,True,2024Q3
HPG,2024-10-22,CONTROL_RANDOM,,,,56.1,1.04,19.83,-5.3,5.8,-5.0,1.31,2.25,2.29,-3.98,0.27,0.44,-1.31,0.91,1.0,-1.31,1.0,False,-5.0,-0.58,True,2024Q4
HPG,2024-12-11,CONTROL_RANDOM,,,,77.6,1.04,20.64,-8.43,2.52,-6.05,-3.25,-1.97,-1.92,-7.9,-4.72,-4.6,-0.73,-5.08,-5.24,-8.0,-5.12,True,-6.05,-4.05,True,2024Q4
HPG,2024-12-19,CONTROL_RANDOM,,,,51.2,1.05,19.97,-5.36,5.96,-5.0,0.0,-1.56,-1.63,-1.45,-0.97,-0.95,1.15,-4.8,-5.07,1.15,-5.07,False,-5.0,-3.34,True,2024Q4
HPG,2025-01-20,CONTROL_RANDOM,,,,45.6,1.12,19.79,-19.91,6.92,-5.08,0.91,-0.04,-0.16,3.39,-0.64,-1.14,-3.94,-0.61,-0.19,-11.27,-7.49,True,-11.27,-7.49,True,2025Q1
HPG,2025-02-24,CONTROL_RANDOM,,,,59.5,1.29,20.53,-22.8,3.07,-8.64,0.93,0.54,0.43,-1.46,-3.38,-3.93,-7.4,-9.37,-9.93,-8.0,-0.41,True,-14.47,-4.99,True,2025Q1
HPG,2025-07-16,CONTROL_RANDOM,,,,85.0,1.09,23.39,-5.52,17.74,-12.0,-0.77,-3.41,-3.64,7.65,-3.07,-4.0,10.69,-8.43,-10.1,10.69,-10.1,False,10.69,-10.1,False,2025Q3
HPG,2025-07-21,CONTROL_RANDOM,,,,85.8,1.08,23.35,-5.35,17.94,-11.26,-3.08,-3.63,-3.67,7.62,-3.75,-4.62,8.01,-10.95,-12.39,8.01,-12.39,False,8.01,-12.39,False,2025Q3
HPG,2026-01-13,CONTROL_RANDOM,,,,53.7,0.9,24.51,-8.04,8.16,-8.91,-2.37,-1.06,-1.2,-2.2,3.74,3.13,2.16,7.9,7.32,-8.0,7.0,True,2.16,7.32,False,2026Q1
HPG,2026-06-30,CONTROL_RANDOM,,,,45.7,0.76,23.4,-14.1,1.07,-5.0,-0.85,-0.52,-0.6,-7.48,0.87,-1.13,-13.68,-9.41,-10.43,-8.0,-3.24,True,-5.0,-2.82,True,2026Q2
SSI,2019-04-22,WATCH,42.1,42.1,0.0,17.5,1.16,6.33,-3.0,4.42,-5.0,2.84,1.88,1.73,1.42,0.88,0.8,1.58,-0.23,-0.52,1.58,-0.52,False,1.58,-0.52,False,2019Q2
SSI,2019-08-05,WATCH,42.5,42.5,10.0,21.7,1.04,5.48,-5.47,9.12,-5.0,0.18,-0.5,-0.52,-1.82,-3.63,-3.7,2.19,-2.04,-2.2,2.19,-2.2,False,-5.0,-6.08,True,2019Q3
SSI,2020-03-09,WATCH,45.2,45.2,15.0,30.4,1.32,3.91,-25.58,24.3,-5.0,-4.6,3.76,6.45,-3.58,4.51,7.11,22.25,13.36,10.49,-8.0,-0.76,True,-7.42,-0.17,True,2020Q1
SSI,2020-03-11,PANIC70_ANY,72.2,72.2,0.0,24.8,1.36,3.62,-19.61,37.02,-5.0,-0.55,6.15,8.54,11.88,14.46,15.39,33.43,17.83,12.26,-8.0,12.73,True,-5.0,0.63,True,2020Q1
SSI,2021-01-28,WATCH,61.6,61.6,25.0,31.1,1.27,8.42,-1.19,41.92,-5.0,21.14,8.26,4.76,28.62,11.56,6.92,29.22,3.36,-3.67,29.22,-3.67,False,29.22,-3.67,False,2021Q1
SSI,2022-01-24,WATCH,49.0,49.0,0.0,25.1,1.38,19.75,-23.54,17.57,-5.0,11.34,7.09,5.48,12.2,8.1,6.55,-16.1,-10.13,-7.88,-8.0,-7.32,True,-5.0,-4.32,True,2022Q1
SSI,2022-04-19,WATCH,48.8,48.8,0.0,25.7,1.52,16.84,-48.34,5.29,-5.0,-1.6,1.81,3.6,-18.59,-7.11,-1.08,-33.19,-17.33,-9.0,-8.0,-1.44,True,-7.01,-0.45,True,2022Q2
SSI,2022-04-28,PANIC70_ANY,70.0,70.0,0.0,17.2,1.42,16.14,-46.1,2.11,-9.4,-16.73,-12.76,-11.08,-11.46,-7.42,-5.73,-33.09,-21.06,-16.0,-8.0,-9.43,True,-9.4,-10.83,True,2022Q2
SSI,2022-05-23,WATCH,61.0,61.0,45.0,27.7,1.28,12.72,-31.6,16.27,-8.45,12.34,6.29,4.62,-30.66,-26.85,-25.8,3.14,-1.43,-2.7,-8.0,-9.2,True,-8.45,-9.65,True,2022Q2
SSI,2022-06-20,WATCH,65.0,65.0,0.0,10.3,1.31,8.84,-1.58,56.9,-5.0,18.21,14.37,13.17,24.55,24.09,23.95,30.66,24.46,22.54,30.66,22.54,False,30.66,22.54,False,2022Q2
SSI,2022-09-09,WATCH,41.7,41.7,15.0,23.2,1.34,12.0,-42.0,0.0,-7.27,-11.58,-7.63,-6.31,-22.67,-5.73,-0.06,-7.58,5.27,9.58,-8.0,-2.73,True,-7.27,-2.0,True,2022Q3
SSI,2022-10-11,WATCH,42.3,42.3,20.0,27.9,1.36,8.75,-20.46,33.14,-5.0,7.54,2.18,0.27,-9.14,-7.1,-6.38,17.6,12.66,10.9,-8.0,-5.31,True,-5.0,-2.31,True,2022Q4
SSI,2023-10-26,WATCH,47.7,47.7,0.0,30.5,1.49,16.21,-12.28,17.95,-5.0,-1.17,-2.81,-3.61,9.44,6.02,4.36,16.1,4.45,-1.23,-8.0,-3.62,True,-5.8,-1.42,True,2023Q4
SSI,2024-04-19,WATCH,43.4,43.4,0.0,21.8,1.46,18.96,-2.22,9.18,-5.0,1.42,-1.33,-2.59,7.28,-0.94,-4.71,0.42,-7.24,-10.75,0.42,-10.75,False,0.42,-10.75,False,2024Q2
SSI,2024-08-01,WATCH,53.4,53.4,0.0,17.0,1.26,16.55,-0.85,21.63,-5.0,4.83,4.18,4.01,12.87,7.26,5.81,14.56,10.77,9.79,14.56,9.79,False,14.56,9.79,False,2024Q3
SSI,2024-11-15,WATCH,52.2,52.2,0.0,14.9,1.27,17.01,-1.88,12.29,-5.0,2.29,0.95,0.58,8.94,5.2,4.2,5.0,0.09,-1.24,5.0,-1.24,False,5.0,-1.24,False,2024Q4
SSI,2025-04-03,WATCH,57.4,57.4,0.0,24.8,1.24,16.26,-10.02,14.82,-5.0,5.23,-1.85,-3.54,0.86,-8.67,-10.94,12.42,-6.78,-11.35,-10.02,-3.08,True,-10.02,-3.08,True,2025Q2
SSI,2025-04-04,PANIC70_ANY,76.8,76.8,0.0,20.3,1.25,16.33,-10.41,14.33,-5.0,1.29,-3.37,-4.55,-0.18,-8.21,-10.24,12.61,-5.61,-10.22,12.61,-10.22,False,-5.0,-7.56,True,2025Q2
SSI,2025-10-27,WATCH,45.3,45.3,0.0,21.1,1.25,25.26,-11.4,7.28,-5.0,0.16,-0.09,-0.15,-5.3,-6.06,-6.25,0.95,-13.3,-16.89,-8.63,-13.89,True,-5.0,-2.66,True,2025Q4
SSI,2026-03-19,WATCH,44.4,44.4,0.0,26.5,1.1,21.42,-5.98,9.71,-5.0,0.93,2.45,2.6,6.54,-0.44,-1.13,3.36,-2.97,-3.6,3.36,-3.6,False,3.36,-3.6,False,2026Q1
SSI,2026-07-20,WATCH,62.4,62.4,0.0,20.9,1.07,18.06,-3.99,20.43,-5.0,1.77,4.82,5.02,7.97,8.06,8.06,,,,9.36,7.78,False,9.36,7.78,False,2026Q3
SSI,2020-04-01,ENTRY_V2_LOOSE,,76.6,55.0,41.2,1.2,3.39,-0.88,46.9,-12.0,19.47,9.29,7.22,13.57,2.49,0.23,33.04,13.1,9.04,33.04,9.04,False,33.04,9.04,False,2020Q2
SSI,2020-04-06,ENTRY_V2,,76.6,60.0,55.1,1.23,3.81,-6.3,30.71,-12.0,5.51,2.5,1.81,5.51,-1.41,-3.0,21.0,7.92,4.91,21.0,4.91,False,21.0,4.91,False,2020Q2
SSI,2022-05-20,ENTRY_V2_LOOSE,28.6,78.4,45.0,31.8,1.28,13.73,-36.64,7.72,-12.0,4.95,1.15,0.1,-32.63,-27.32,-25.85,-3.86,-6.08,-6.69,-8.0,-6.0,True,-12.0,-10.33,True,2022Q2
SSI,2019-01-02,CONTROL_RSI,32.9,32.9,,20.5,1.23,6.66,-6.01,11.71,-5.0,-3.6,-4.56,-4.78,-1.5,-3.85,-4.39,3.0,-7.91,-10.43,3.0,-10.43,False,-5.0,-6.67,True,2019Q1
SSI,2019-03-22,CONTROL_RSI,8.0,8.0,,32.3,1.17,6.73,-8.77,4.75,-5.0,3.42,2.19,1.98,-6.09,-5.22,-5.07,-6.24,-4.47,-4.17,-8.0,-4.97,True,-5.0,-3.72,True,2019Q1
SSI,2019-04-23,CONTROL_RSI,35.0,35.0,,17.3,1.16,6.38,-3.76,3.61,-5.0,-0.78,0.42,0.62,-0.16,-0.72,-0.81,-1.41,-2.69,-2.9,-1.41,-2.9,False,-1.41,-2.9,False,2019Q2
SSI,2019-06-04,CONTROL_RSI,17.1,17.1,,29.3,1.08,6.32,-17.56,3.01,-5.0,-1.27,-1.03,-1.01,-1.27,-1.68,-1.71,-15.19,-17.36,-17.54,-8.23,-12.21,True,-5.0,-8.34,True,2019Q2
SSI,2019-07-25,CONTROL_RSI,1.3,1.3,,34.6,1.02,6.12,-15.36,0.82,-5.0,-5.39,-5.02,-5.01,-8.5,-8.26,-8.26,-10.78,-9.65,-9.63,-8.0,-5.78,True,-5.23,-4.91,True,2019Q3
SSI,2019-08-29,CONTROL_RSI,4.7,4.7,,34.7,1.1,5.35,-3.18,11.78,-5.0,-1.87,-1.24,-1.18,8.04,6.37,6.2,-0.75,-0.35,-0.31,-0.75,-0.31,False,-0.75,-0.31,False,2019Q3
SSI,2019-10-21,CONTROL_RSI,16.4,16.4,,29.5,1.17,5.49,-16.03,6.56,-5.0,1.09,-0.16,-0.38,0.91,-1.61,-2.05,-12.02,-10.4,-10.12,-8.01,-4.42,True,-5.0,-4.36,True,2019Q4
SSI,2019-11-21,CONTROL_RSI,18.0,18.0,,29.0,1.18,5.41,-21.26,0.18,-5.0,-3.88,-1.67,-1.26,-11.28,-7.62,-6.94,-21.26,-12.25,-10.6,-8.0,-4.31,True,-5.0,-1.01,True,2019Q4
SSI,2019-12-19,CONTROL_RSI,29.6,29.6,,26.3,1.29,4.78,-30.33,7.11,-5.0,-0.63,-1.67,-1.98,5.65,3.02,2.25,-29.08,1.01,9.86,-8.0,-4.55,True,-5.0,-2.7,True,2019Q4
SSI,2020-02-12,CONTROL_RSI,29.1,29.1,,33.7,1.45,4.62,-37.01,1.95,-8.01,0.0,-0.1,-0.15,-22.94,-5.02,2.97,-6.49,4.38,9.23,-9.96,-5.71,True,-9.96,-5.71,True,2020Q1
SSI,2020-03-19,CONTROL_RSI,30.7,30.7,,31.8,1.24,3.67,-20.71,35.15,-12.0,-11.72,-7.26,-6.19,13.62,4.51,2.33,24.52,7.24,3.12,-8.0,3.79,True,-12.0,-0.21,True,2020Q1
SSI,2020-07-27,CONTROL_RSI,34.1,34.1,,32.5,1.26,4.47,-4.03,35.57,-5.35,4.03,-1.17,-2.52,8.72,-2.38,-5.28,28.19,8.83,3.79,28.19,3.79,False,28.19,3.79,False,2020Q3
SSI,2020-10-28,CONTROL_RSI,5.3,5.3,,34.5,1.32,5.34,-0.19,125.84,-5.0,4.68,2.59,1.92,16.1,6.59,3.51,104.68,77.66,68.91,104.68,68.91,False,104.68,68.91,False,2020Q4
SSI,2021-01-27,CONTROL_RSI,29.0,29.0,,34.8,1.35,8.99,-7.45,32.93,-5.0,7.01,0.24,-2.16,20.47,8.29,3.98,18.46,-0.78,-7.6,18.46,-7.6,False,-5.0,-9.4,True,2021Q1
SSI,2021-03-19,CONTROL_RSI,4.4,4.4,,33.5,1.29,10.88,-12.5,62.32,-5.2,-6.53,-4.49,-3.91,3.58,-1.46,-2.92,53.22,39.89,36.03,-8.0,-4.03,True,-5.2,-1.09,True,2021Q1
SSI,2021-09-28,CONTROL_RSI,30.0,30.0,,23.3,1.55,19.51,-6.51,42.49,-5.0,-1.33,-3.09,-4.06,-0.26,-6.51,-9.96,26.19,15.86,10.16,26.19,10.16,False,-5.0,-5.03,True,2021Q3
SSI,2021-12-29,CONTROL_RSI,6.0,6.0,,33.0,1.29,24.19,-18.52,7.36,-6.05,2.77,0.25,-0.48,-10.29,-9.49,-9.25,-14.55,-16.26,-16.76,-8.0,-4.7,True,-6.05,-2.75,True,2021Q4
SSI,2022-01-27,CONTROL_RSI,13.0,13.0,,33.2,1.32,20.86,-27.61,11.31,-8.17,4.17,2.07,1.4,7.62,5.27,4.52,-26.08,-17.78,-15.14,-9.25,-5.83,True,-9.25,-5.83,True,2022Q1
SSI,2022-03-24,CONTROL_RSI,26.1,26.1,,26.3,1.46,21.08,-58.73,3.75,-5.0,-1.94,-3.03,-3.53,-23.34,-10.72,-4.87,-55.22,-33.16,-22.93,-8.0,-3.94,True,-5.0,-6.59,True,2022Q1
SSI,2022-04-22,CONTROL_RSI,39.6,39.6,,27.6,1.46,17.34,-49.83,0.69,-6.68,-11.07,-8.96,-7.99,-19.95,-12.02,-8.36,-34.49,-21.16,-15.01,-8.0,-4.92,True,-6.68,-3.84,True,2022Q2
SSI,2022-06-27,CONTROL_RSI,27.2,27.2,,30.3,1.35,10.61,-9.8,30.73,-12.0,-0.94,0.81,1.42,1.79,3.23,3.73,6.03,5.01,4.66,-8.0,-7.61,True,6.03,4.66,False,2022Q2
SSI,2022-09-07,CONTROL_RSI,18.2,18.2,,31.0,1.34,12.24,-43.14,0.25,-5.0,-5.64,-5.21,-5.06,-24.18,-10.07,-5.34,-20.67,-3.5,2.26,-8.5,-7.4,True,-5.0,-4.72,True,2022Q3
SSI,2022-10-05,CONTROL_RSI,12.6,12.6,,33.2,1.36,9.95,-30.05,17.09,-8.26,-6.23,-1.32,0.47,-11.56,-3.82,-1.0,-5.63,3.06,6.22,-10.25,-2.5,True,-10.25,-2.5,True,2022Q4
SSI,2022-11-04,CONTROL_RSI,17.7,17.7,,30.7,1.57,8.13,-14.39,43.3,-9.19,-6.52,-1.6,1.19,36.41,25.91,19.95,24.97,17.28,12.92,-8.0,-1.27,True,-9.19,-3.61,True,2022Q4
SSI,2022-12-29,CONTROL_RSI,11.6,11.6,,34.0,1.61,9.47,-0.84,24.71,-7.31,6.97,3.36,1.14,12.67,5.61,1.27,23.86,17.79,14.05,23.86,14.05,False,23.86,14.05,False,2022Q4
SSI,2023-02-13,CONTROL_RSI,4.2,4.2,,34.8,1.6,10.0,-3.2,24.0,-5.49,9.1,5.55,3.42,1.6,2.08,2.37,24.0,21.92,20.67,24.0,20.67,False,24.0,20.67,False,2023Q1
SSI,2023-04-27,CONTROL_RSI,0.4,0.4,,34.9,1.67,11.36,-0.26,42.52,-5.0,5.63,4.19,3.21,8.71,5.65,3.58,41.55,26.43,16.27,41.55,16.27,False,41.55,16.27,False,2023Q2
SSI,2023-10-02,CONTROL_RSI,15.2,15.2,,33.9,1.46,17.52,-18.84,7.88,-6.47,3.48,3.67,3.76,-18.55,-8.28,-3.51,3.6,5.66,6.61,-8.0,3.55,True,-6.47,-1.64,True,2023Q4
SSI,2023-11-01,CONTROL_RSI,37.6,37.6,,27.4,1.56,15.3,-0.39,24.97,-9.93,11.76,5.54,2.07,13.4,9.06,6.64,23.53,11.41,4.65,23.53,4.65,False,23.53,4.65,False,2023Q4
SSI,2023-12-22,CONTROL_RSI,8.0,8.0,,32.3,1.56,17.93,-0.78,20.58,-5.0,0.5,-1.98,-3.37,4.52,-2.11,-5.81,17.46,1.34,-7.64,17.46,-7.64,False,17.46,-7.64,False,2023Q4
SSI,2024-04-15,CONTROL_RSI,10.0,10.0,,33.0,1.46,19.46,-5.86,6.37,-5.0,1.54,2.61,3.1,4.42,-0.42,-2.64,-2.31,-7.33,-9.64,-2.31,-9.64,False,-5.0,0.24,True,2024Q2
SSI,2024-06-10,CONTROL_RSI,3.8,3.8,,33.7,1.25,19.68,-16.62,4.78,-5.0,1.68,2.88,3.18,-2.39,-2.29,-2.26,-6.76,-4.69,-4.16,-8.0,-2.52,True,-5.0,-1.73,True,2024Q2
SSI,2024-07-08,CONTROL_RSI,23.6,23.6,,27.1,1.23,19.18,-14.44,4.95,-5.0,-0.57,-0.17,-0.08,-11.57,-5.66,-4.3,1.98,2.62,2.77,-8.0,-2.92,True,-5.0,-0.42,True,2024Q3
SSI,2024-08-06,CONTROL_RSI,22.4,22.4,,30.9,1.28,17.13,-3.27,17.51,-5.93,1.63,0.53,0.23,8.06,3.37,2.07,8.58,5.46,4.6,8.58,4.6,False,8.58,4.6,False,2024Q3
SSI,2024-09-16,CONTROL_RSI,7.1,7.1,,32.6,1.31,17.79,-5.62,13.15,-5.0,6.18,3.2,2.27,8.77,5.46,4.42,4.78,2.19,1.39,4.78,1.39,False,-5.0,-2.73,True,2024Q3
SSI,2024-10-25,CONTROL_RSI,1.6,1.6,,34.5,1.25,18.92,-11.79,1.32,-5.0,-1.48,-0.84,-0.67,-8.03,-6.59,-6.23,-8.25,-7.71,-7.58,-8.0,-4.58,True,-5.0,-4.33,True,2024Q4
SSI,2024-11-22,CONTROL_RSI,15.8,15.8,,29.7,1.28,17.32,-3.64,10.28,-5.0,0.23,-1.54,-2.03,5.95,3.23,2.48,5.95,-0.05,-1.71,5.95,-1.71,False,5.95,-1.71,False,2024Q4
SSI,2025-01-06,CONTROL_RSI,4.6,4.6,,33.5,1.43,18.0,-18.72,8.28,-5.0,-5.5,-3.89,-3.19,-2.56,-4.1,-4.76,-18.72,-6.32,-0.97,-9.67,-5.25,True,-5.0,-2.86,True,2025Q1
SSI,2025-04-15,CONTROL_RSI,19.3,19.3,,34.5,1.19,16.61,-8.97,28.24,-12.0,-2.77,-1.6,-1.38,-0.18,-5.98,-7.09,27.15,7.15,3.31,-8.0,-5.26,True,27.15,3.31,False,2025Q2
SSI,2025-09-29,CONTROL_RSI,28.4,28.4,,26.1,1.21,27.38,-18.26,15.16,-5.0,8.51,7.46,7.24,-4.67,-5.43,-5.6,-10.08,-16.33,-17.67,-8.0,-6.88,True,-5.0,-6.12,True,2025Q3
SSI,2025-10-28,CONTROL_RSI,34.6,34.6,,25.7,1.25,26.17,-14.48,3.55,-6.16,-2.9,-1.06,-0.6,-5.43,-5.1,-5.01,-2.56,-13.53,-16.32,-8.0,-2.87,True,-6.16,-1.04,True,2025Q4
SSI,2025-12-01,CONTROL_RSI,10.4,10.4,,32.5,1.31,23.08,-3.03,21.23,-5.0,-0.43,-2.92,-3.69,5.98,2.34,1.2,16.03,9.95,8.05,16.03,8.05,False,16.03,8.05,False,2025Q4
SSI,2026-01-30,CONTROL_RSI,2.6,2.6,,34.1,1.13,24.9,-19.12,12.37,-5.0,-4.98,-1.18,-0.68,-5.94,3.45,4.69,-9.0,-13.65,-14.27,-8.0,-0.07,True,-5.0,-0.65,True,2026Q1
SSI,2026-03-13,CONTROL_RSI,14.0,14.0,,34.6,1.1,22.74,-11.43,3.52,-5.0,-10.73,-4.27,-3.65,-0.18,-3.58,-3.91,-7.56,-13.3,-13.85,-8.27,-1.18,True,-5.0,-4.88,True,2026Q1
SSI,2026-04-29,CONTROL_RSI,30.0,30.0,,24.6,1.09,22.26,-21.02,3.41,-5.0,1.62,0.29,0.17,-1.44,-0.04,0.09,-21.02,-10.24,-9.27,-8.0,-3.91,True,-5.0,-0.33,True,2026Q2
SSI,2026-06-05,CONTROL_RSI,1.0,1.0,,34.7,1.01,21.42,-19.05,4.48,-5.0,0.93,2.18,2.2,-0.19,-1.36,-1.38,-2.43,-2.74,-2.74,-8.59,-7.6,True,-5.0,-3.8,True,2026Q2
SSI,2026-07-15,CONTROL_RSI,16.6,16.6,,31.2,1.03,19.58,-11.44,11.08,-5.0,-3.88,0.24,0.38,2.04,2.43,2.44,,,,-8.0,-1.94,True,-5.0,-3.31,True,2026Q3
SSI,2019-03-25,CONTROL_RANDOM,,,,27.8,1.17,6.81,-9.84,3.52,-5.0,2.2,0.58,0.3,-5.14,-5.85,-5.97,-8.08,-7.33,-7.21,-8.0,-6.49,True,-5.14,-4.63,True,2019Q1
SSI,2019-04-03,CONTROL_RANDOM,,,,25.7,1.17,6.88,-10.76,2.47,-5.0,-0.44,-0.28,-0.26,-9.74,-6.07,-5.45,-9.3,-6.56,-6.1,-8.0,-5.45,True,-5.0,-2.02,True,2019Q2
SSI,2019-06-04,CONTROL_RANDOM,,,,29.3,1.08,6.32,-17.56,3.01,-5.0,-1.27,-1.03,-1.01,-1.27,-1.68,-1.71,-15.19,-17.36,-17.54,-8.23,-12.21,True,-5.0,-8.34,True,2019Q2
SSI,2019-06-13,CONTROL_RANDOM,,,,31.4,1.09,6.23,-16.37,4.49,-5.0,1.28,0.17,0.08,0.96,-1.86,-2.1,-15.73,-18.42,-18.64,-8.0,-12.86,True,-5.0,-9.27,True,2019Q2
SSI,2019-09-03,CONTROL_RANDOM,,,,42.9,1.13,5.36,-3.36,11.57,-5.0,-2.8,-1.91,-1.8,9.7,8.35,8.18,-2.8,-2.82,-2.82,-2.8,-2.82,False,-2.8,-2.82,False,2019Q3
SSI,2020-03-03,CONTROL_RANDOM,,,,25.0,1.47,4.2,-30.71,12.62,-5.0,-9.29,-0.67,3.35,-22.62,0.77,11.67,10.24,11.27,11.75,-8.0,4.63,True,-6.9,1.41,True,2020Q1
SSI,2020-05-13,CONTROL_RANDOM,,,,70.8,1.25,4.22,0.0,22.75,-10.59,3.55,-0.27,-1.21,7.58,3.2,2.12,10.19,9.1,8.83,10.19,8.83,False,10.19,8.83,False,2020Q2
SSI,2020-07-09,CONTROL_RANDOM,,,,57.1,1.28,4.79,-10.44,23.8,-9.89,6.05,6.25,6.3,-3.76,-0.07,0.96,23.38,18.69,17.39,-8.77,4.18,True,-9.89,3.05,True,2020Q3
SSI,2020-09-10,CONTROL_RANDOM,,,,87.5,1.31,5.12,-0.98,29.1,-7.68,3.12,1.76,1.33,13.87,9.91,8.67,26.76,11.83,7.16,26.76,7.16,False,26.76,7.16,False,2020Q3
SSI,2020-12-10,CONTROL_RANDOM,,,,93.6,1.24,7.38,-1.08,63.41,-12.0,17.62,14.3,13.51,47.15,32.47,28.97,45.66,31.01,27.52,45.66,27.52,False,45.66,27.52,False,2020Q4
SSI,2020-12-22,CONTROL_RANDOM,,,,94.5,1.28,9.5,-12.42,26.95,-12.0,7.37,6.48,6.24,17.79,10.77,8.83,4.95,-1.97,-3.88,-11.37,-7.7,True,-12.0,-10.55,True,2020Q4
SSI,2021-04-07,CONTROL_RANDOM,,,,63.9,1.32,11.56,-12.72,68.43,-12.0,-2.34,-2.73,-2.85,-4.15,-5.25,-5.6,50.17,41.13,38.26,-8.0,-6.46,True,-12.0,-9.6,True,2021Q2
SSI,2021-06-29,CONTROL_RANDOM,,,,75.9,1.45,17.86,-9.8,22.23,-12.0,0.73,2.31,3.01,-3.14,6.35,10.58,12.77,16.99,18.88,-8.0,3.74,True,12.77,18.88,False,2021Q2
SSI,2021-08-20,CONTROL_RANDOM,,,,71.7,1.67,20.63,-11.59,9.31,-11.93,-0.15,-0.05,0.02,-2.38,-3.97,-5.04,7.08,-3.94,-11.31,-8.0,-8.69,True,7.08,-11.31,False,2021Q3
SSI,2021-08-26,CONTROL_RANDOM,,,,62.7,1.61,19.87,-8.2,26.07,-6.1,0.35,-2.78,-4.7,-1.56,-4.5,-6.3,26.07,13.58,5.92,-8.0,-12.76,True,-6.1,-10.87,True,2021Q3
SSI,2021-10-19,CONTROL_RANDOM,,,,55.0,1.55,19.71,-7.1,41.05,-5.0,-1.27,-3.25,-4.34,12.08,6.3,3.15,19.43,12.21,8.27,19.43,8.27,False,-5.0,-3.9,True,2021Q4
SSI,2021-12-23,CONTROL_RANDOM,,,,45.0,1.33,23.7,-16.84,9.58,-5.0,5.32,2.48,1.55,-15.74,-14.55,-14.17,-14.09,-15.89,-16.48,-9.96,-8.32,True,-5.0,-4.62,True,2021Q4
SSI,2022-04-08,CONTROL_RANDOM,,,,42.7,1.45,20.77,-58.11,0.67,-5.2,-18.83,-13.35,-10.9,-40.15,-23.41,-15.94,-50.94,-29.33,-19.69,-8.86,-3.48,True,-5.2,-2.35,True,2022Q2
SSI,2022-06-01,CONTROL_RANDOM,,,,69.3,1.28,14.26,-38.99,2.03,-12.0,-2.03,-2.59,-2.74,-29.66,-21.75,-19.52,-4.63,-3.73,-3.48,-10.45,-3.21,True,-12.0,-4.76,True,2022Q2
SSI,2022-07-11,CONTROL_RANDOM,,,,73.1,1.33,10.96,-15.33,26.55,-12.0,0.46,-1.62,-2.31,20.71,11.66,8.68,-15.33,-8.42,-6.14,-8.0,-5.44,True,-12.0,-3.23,True,2022Q3
SSI,2022-09-26,CONTROL_RANDOM,,,,22.9,1.36,10.51,-33.78,10.85,-5.0,-9.71,-1.27,1.79,-23.6,-8.33,-2.79,0.48,13.59,18.34,-8.0,3.5,True,-5.0,0.25,True,2022Q3
SSI,2023-02-06,CONTROL_RANDOM,,,,60.0,1.59,10.72,-9.7,15.39,-5.41,-5.97,-1.43,1.25,-3.45,1.16,3.89,6.72,11.11,13.7,-8.0,-1.52,True,-5.41,-0.62,True,2023Q1
SSI,2023-05-31,CONTROL_RANDOM,,,,60.3,1.71,12.37,-0.65,43.82,-5.0,4.77,2.44,0.78,14.07,9.5,6.25,43.41,32.9,25.4,43.41,25.4,False,43.41,25.4,False,2023Q2
SSI,2023-06-22,CONTROL_RANDOM,,,,82.1,1.72,14.47,-3.25,40.22,-12.0,-1.17,-0.62,-0.22,10.16,4.88,1.05,38.7,31.15,25.67,38.7,25.67,False,38.7,25.67,False,2023Q2
SSI,2023-07-13,CONTROL_RANDOM,,,,69.7,1.72,15.8,-3.16,29.81,-12.0,0.89,-0.54,-1.57,-1.27,-6.65,-10.55,14.75,16.93,18.5,14.75,18.5,False,14.75,18.5,False,2023Q3
SSI,2024-01-22,CONTROL_RANDOM,,,,66.5,1.55,18.85,-2.81,15.44,-5.0,0.42,0.79,0.99,5.57,1.05,-1.41,4.83,3.0,2.0,4.83,2.0,False,4.83,2.0,False,2024Q1
SSI,2024-01-29,CONTROL_RANDOM,,,,49.2,1.54,18.76,-2.35,15.99,-5.0,3.41,2.35,1.78,10.5,2.51,-1.84,5.33,-0.24,-3.28,5.33,-3.28,False,5.33,-3.28,False,2024Q1
SSI,2024-02-02,CONTROL_RANDOM,,,,83.3,1.53,19.29,-5.03,12.8,-5.0,1.14,-3.18,-5.47,4.46,-0.76,-3.52,1.87,-4.14,-7.31,1.87,-7.31,False,-5.0,-5.08,True,2024Q1
SSI,2024-08-08,CONTROL_RANDOM,,,,24.1,1.28,16.93,-0.77,18.9,-5.0,7.09,4.05,3.19,6.08,2.8,1.87,9.69,7.18,6.47,9.69,6.47,False,9.69,6.47,False,2024Q3
SSI,2025-01-22,CONTROL_RANDOM,,,,30.2,1.46,17.36,-15.73,12.27,-5.02,2.48,0.4,-0.56,6.74,1.75,-0.57,-6.74,-5.43,-4.82,-8.0,5.25,True,-6.34,-2.23,True,2025Q1
SSI,2025-04-18,CONTROL_RANDOM,,,,37.1,1.19,16.61,-8.97,37.21,-12.0,-1.44,-1.97,-2.07,-0.18,-7.84,-9.28,36.36,14.27,10.11,36.36,10.11,False,36.36,10.11,False,2025Q2
SSI,2025-05-16,CONTROL_RANDOM,,,,66.8,1.18,16.72,-3.17,60.29,-5.0,0.24,-2.77,-3.31,1.26,-2.18,-2.8,59.27,35.83,31.61,59.27,31.61,False,59.27,31.61,False,2025Q2
SSI,2025-05-28,CONTROL_RANDOM,,,,63.2,1.17,16.93,-3.31,59.18,-5.49,0.47,0.81,0.87,2.78,1.37,1.13,55.4,30.06,25.85,55.4,25.85,False,55.4,25.85,False,2025Q2
SSI,2025-06-24,CONTROL_RANDOM,,,,51.3,1.15,17.29,-0.81,81.32,-6.23,4.74,3.61,3.44,32.45,21.98,20.4,65.7,44.55,41.36,65.7,41.36,False,65.7,41.36,False,2025Q2
SSI,2025-06-25,CONTROL_RANDOM,,,,57.4,1.15,17.4,-1.44,80.17,-6.85,5.06,4.09,3.95,30.57,19.45,17.81,60.34,40.93,38.07,60.34,38.07,False,60.34,38.07,False,2025Q2
SSI,2025-07-14,CONTROL_RANDOM,,,,95.7,1.16,21.16,-0.52,48.16,-12.0,7.37,4.95,4.57,23.3,14.18,12.76,39.89,23.42,20.86,39.89,20.86,False,39.89,20.86,False,2025Q3
SSI,2025-09-05,CONTROL_RANDOM,,,,62.4,1.2,28.61,-18.56,10.21,-12.0,4.72,3.27,2.99,2.45,0.36,-0.05,-18.56,-21.01,-21.5,-8.0,-9.61,True,-12.0,-11.4,True,2025Q3
SSI,2025-10-23,CONTROL_RANDOM,,,,49.3,1.23,27.08,-17.36,0.55,-5.0,-7.79,-5.11,-4.5,-7.79,-6.01,-5.61,-3.77,-16.17,-18.97,-8.0,-3.06,True,-6.72,-6.4,True,2025Q4
SSI,2026-04-13,CONTROL_RANDOM,,,,64.9,1.12,23.02,-9.21,1.39,-9.38,-1.74,-5.01,-5.39,-3.13,-11.36,-12.32,-7.82,-10.8,-11.15,-8.0,-8.95,True,-7.82,-11.15,False,2026Q2
SSI,2026-05-05,CONTROL_RANDOM,,,,29.0,1.04,22.02,-21.25,4.54,-5.0,0.91,-0.0,-0.04,-0.91,2.4,2.54,-15.62,-6.24,-5.83,-8.0,-3.53,True,-5.0,-0.03,True,2026Q2
FPT,2020-02-03,WATCH,65.7,65.7,0.0,22.8,1.21,16.98,-23.5,8.78,-7.94,2.3,1.73,1.61,6.65,10.83,11.7,-3.06,14.19,17.8,-8.0,12.84,True,-7.94,12.9,True,2020Q1
FPT,2020-03-09,WATCH,58.3,58.3,35.0,30.3,1.12,16.52,-21.37,14.16,-5.0,-4.9,3.46,4.48,-8.11,-0.02,0.97,11.86,2.97,1.88,-11.14,-3.96,True,-5.0,1.15,True,2020Q1
FPT,2020-03-23,PANIC70_ANY,71.1,71.1,0.0,14.5,1.04,14.58,-10.91,30.18,-5.0,-8.64,-8.03,-8.01,13.58,-1.77,-2.45,22.36,-7.94,-9.28,-10.01,-9.34,True,-10.01,-9.34,True,2020Q1
FPT,2021-01-28,WATCH,46.6,46.6,25.0,39.1,1.06,22.87,0.0,43.9,-5.0,23.57,10.69,9.94,28.64,11.58,10.58,40.53,14.68,13.17,40.53,13.17,False,40.53,13.17,False,2021Q1
FPT,2022-05-05,WATCH,42.0,42.0,25.0,26.0,0.87,46.56,-10.07,14.97,-7.46,-8.51,2.8,1.39,11.45,14.86,14.44,-1.16,8.38,7.19,-8.1,-5.47,True,-8.1,-5.47,True,2022Q2
FPT,2022-10-11,WATCH,51.2,51.2,0.0,24.7,1.03,39.59,-13.67,14.78,-5.0,6.34,0.98,0.81,4.22,6.26,6.32,13.51,8.57,8.42,-13.67,-7.19,True,-5.0,4.65,True,2022Q4
FPT,2022-11-15,WATCH,56.1,56.1,0.0,25.5,0.94,34.18,0.0,39.47,-5.0,15.01,7.02,7.53,24.46,4.55,5.82,33.12,12.31,13.64,33.12,13.64,False,33.12,13.64,False,2022Q4
FPT,2024-08-05,WATCH,40.2,40.2,0.0,22.9,1.03,91.19,-0.16,19.0,-5.0,8.08,5.33,5.26,8.84,2.94,2.78,13.25,7.66,7.51,13.25,7.51,False,13.25,7.51,False,2024Q3
FPT,2025-03-14,WATCH,41.5,41.5,0.0,28.7,1.16,100.7,-25.68,0.46,-5.0,-1.98,-1.95,-1.95,-11.86,-4.13,-2.85,-11.56,-10.42,-10.23,-8.0,-5.92,True,-5.0,-4.48,True,2025Q1
FPT,2025-04-04,PANIC70_ANY,83.3,83.3,20.0,25.8,1.07,81.11,-7.73,19.73,-5.0,9.43,4.77,4.44,9.43,1.41,0.84,16.56,-1.67,-2.96,16.56,-2.96,False,16.56,-2.96,False,2025Q2
FPT,2026-02-24,WATCH,50.0,50.0,0.0,20.0,0.66,82.68,-24.08,1.4,-5.0,-7.7,-4.96,-5.9,-16.49,-5.18,-9.05,-20.28,-21.17,-20.86,-8.0,-6.2,True,-5.0,-3.02,True,2026Q1
FPT,2020-04-06,ENTRY_V2_LOOSE,,72.7,40.0,49.8,1.04,15.39,-3.7,23.33,-12.0,4.22,1.21,1.08,12.61,5.68,5.37,13.84,0.76,0.18,13.84,0.18,False,13.84,0.18,False,2020Q2
FPT,2020-04-14,ENTRY_V2,,72.7,65.0,63.6,1.03,16.36,-3.55,16.01,-12.0,1.22,1.11,1.11,11.37,3.69,3.46,10.88,-2.55,-2.95,10.88,-2.95,False,10.88,-2.95,False,2020Q2
FPT,2025-04-18,ENTRY_V2_LOOSE,15.2,83.8,45.0,37.5,1.04,85.7,-7.14,16.27,-12.0,-2.23,-2.75,-2.77,4.29,-3.36,-3.63,14.36,-7.73,-8.51,14.36,-8.51,False,14.36,-8.51,False,2025Q2
FPT,2025-04-22,ENTRY_V2,15.0,83.8,60.0,39.4,1.04,85.47,-4.29,16.71,-12.0,-2.77,-4.78,-4.85,5.02,-4.59,-4.94,14.53,-7.63,-8.44,14.53,-8.44,False,14.53,-8.44,False,2025Q2
FPT,2019-01-02,CONTROL_RSI,18.8,18.8,,28.7,1.0,11.74,-2.3,16.27,-5.0,1.7,0.75,0.74,4.17,1.83,1.82,15.33,4.42,4.38,15.33,4.38,False,15.33,4.38,False,2019Q1
FPT,2019-11-22,CONTROL_RSI,19.6,19.6,,28.5,1.0,18.18,-12.71,5.34,-5.0,-2.7,-0.8,-0.8,0.0,1.88,1.88,-3.8,3.18,3.16,-11.61,-6.54,True,-5.0,-2.51,True,2019Q4
FPT,2020-01-21,CONTROL_RSI,21.0,21.0,,34.7,1.08,17.82,-27.1,3.65,-5.0,-5.44,0.7,1.17,0.0,9.18,9.88,-7.3,14.26,15.91,-9.82,-3.45,True,-5.0,0.45,True,2020Q1
FPT,2020-03-11,CONTROL_RSI,27.5,27.5,,34.7,1.1,15.75,-17.52,20.51,-5.0,-1.9,4.79,5.45,-4.57,-1.99,-1.73,17.97,2.37,0.85,-8.0,7.72,True,-5.14,10.58,True,2020Q1
FPT,2020-06-11,CONTROL_RSI,18.3,18.3,,32.5,1.01,17.08,-3.1,15.98,-5.0,4.45,1.28,1.23,6.21,2.72,2.67,10.07,4.56,4.48,10.07,4.48,False,10.07,4.48,False,2020Q2
FPT,2020-07-27,CONTROL_RSI,33.2,33.2,,28.7,0.97,16.85,-1.36,25.4,-5.0,4.87,-0.33,-0.18,12.4,1.29,1.61,21.48,2.12,2.68,21.48,2.68,False,21.48,2.68,False,2020Q3
FPT,2021-03-09,CONTROL_RSI,4.1,4.1,,33.6,1.07,29.42,-1.84,35.49,-5.0,6.46,4.55,4.42,4.89,-1.85,-2.3,26.61,9.87,8.76,26.61,8.76,False,26.61,8.76,False,2021Q1
FPT,2021-08-26,CONTROL_RSI,2.2,2.2,,34.3,0.95,41.42,-0.43,11.54,-5.0,2.75,-0.38,-0.21,2.2,-0.74,-0.58,6.16,-6.33,-5.65,6.16,-5.65,False,6.16,-5.65,False,2021Q3
FPT,2021-11-02,CONTROL_RSI,0.2,0.2,,34.9,0.91,43.79,-12.7,5.82,-5.0,0.82,-0.04,0.03,2.08,-0.18,0.02,-10.71,-11.97,-11.86,-8.0,-11.66,True,-5.0,-7.51,True,2021Q4
FPT,2021-12-15,CONTROL_RSI,2.5,2.5,,34.2,0.91,44.38,-13.86,0.0,-5.0,-4.42,-3.16,-3.27,-6.35,-7.74,-7.62,-2.46,-2.02,-2.06,-8.0,-9.04,True,-5.0,-6.74,True,2021Q4
FPT,2022-01-17,CONTROL_RSI,24.4,24.4,,26.9,0.82,40.19,-4.88,34.66,-5.0,-2.04,-4.84,-4.34,5.2,0.74,1.54,26.85,30.64,29.96,26.85,29.96,False,26.85,29.96,False,2022Q1
FPT,2022-04-27,CONTROL_RSI,39.0,39.0,,33.1,0.89,46.84,-10.61,14.28,-8.28,-8.65,-2.45,-3.14,8.16,12.56,12.07,0.49,12.68,11.33,-8.0,-2.49,True,-8.28,-2.77,True,2022Q2
FPT,2022-06-23,CONTROL_RSI,5.3,5.3,,34.1,1.03,47.46,-4.53,4.76,-5.04,2.19,1.51,1.49,-1.16,-1.49,-1.5,-2.02,-4.38,-4.45,-2.02,-4.45,False,-2.02,-4.45,False,2022Q2
FPT,2022-09-06,CONTROL_RSI,14.2,14.2,,30.3,1.07,47.67,-28.3,0.48,-5.0,-1.74,0.91,1.11,-8.29,5.08,6.06,-12.73,5.01,6.31,-8.0,3.03,True,-5.0,3.44,True,2022Q3
FPT,2022-10-04,CONTROL_RSI,16.1,16.1,,31.4,1.03,44.05,-22.41,0.64,-5.0,-8.35,-3.11,-2.93,-6.33,-0.03,0.19,-2.91,4.09,4.33,-8.0,-3.3,True,-5.0,0.32,True,2022Q4
FPT,2023-02-14,CONTROL_RSI,17.7,17.7,,29.1,0.88,44.89,-4.23,3.97,-5.0,1.6,-0.05,0.15,0.0,-2.41,-2.12,0.6,-2.15,-1.82,0.6,-1.82,False,0.6,-1.82,False,2023Q1
FPT,2023-03-14,CONTROL_RSI,10.8,10.8,,31.4,0.88,44.11,-2.54,7.96,-5.0,-0.77,0.32,0.2,1.5,-0.16,0.04,7.32,1.24,1.95,7.32,1.95,False,7.32,1.95,False,2023Q1
FPT,2023-04-21,CONTROL_RSI,30.0,30.0,,16.5,0.83,44.33,-2.53,18.97,-5.0,-1.26,-0.82,-0.89,4.65,2.8,3.11,17.51,5.3,7.39,17.51,7.39,False,17.51,7.39,False,2023Q2
FPT,2023-09-26,CONTROL_RSI,21.9,21.9,,31.6,0.75,61.62,-12.03,5.34,-5.0,-1.48,-0.5,-0.75,-3.18,0.16,-0.67,0.86,4.28,3.43,-8.0,-2.44,True,-5.96,-0.4,True,2023Q3
FPT,2023-10-27,CONTROL_RSI,32.8,32.8,,24.8,0.84,57.1,-5.06,13.33,-5.0,1.72,-1.66,-1.12,4.24,1.01,1.53,9.88,-1.84,0.06,9.88,0.06,False,-5.0,-3.86,True,2023Q4
FPT,2024-01-24,CONTROL_RSI,3.4,3.4,,33.9,0.93,62.41,-0.32,34.59,-5.0,5.05,5.09,5.09,14.61,7.87,8.33,29.55,26.48,26.69,29.55,26.69,False,29.55,26.69,False,2024Q1
FPT,2024-04-17,CONTROL_RSI,8.5,8.5,,32.2,1.02,72.52,-1.45,46.39,-5.0,11.49,9.06,9.02,24.89,17.6,17.48,38.21,30.78,30.65,38.21,30.65,False,38.21,30.65,False,2024Q2
FPT,2024-07-24,CONTROL_RSI,12.9,12.9,,30.7,1.02,94.38,-5.47,14.98,-5.0,0.49,0.97,0.98,7.73,3.69,3.61,9.1,5.3,5.23,9.1,5.23,False,-5.0,-1.29,True,2024Q3
FPT,2024-10-30,CONTROL_RSI,20.0,20.0,,28.3,1.05,103.27,-6.77,15.59,-5.0,-0.58,-0.54,-0.54,2.58,4.01,4.08,13.66,13.28,13.26,13.66,13.26,False,-5.0,-1.37,True,2024Q4
FPT,2025-01-14,CONTROL_RSI,5.9,5.9,,33.0,1.11,111.72,-33.01,6.85,-5.0,2.53,1.78,1.7,-1.37,-5.85,-6.33,-25.07,-23.77,-23.63,-8.0,-16.33,True,-5.0,-11.27,True,2025Q1
FPT,2025-02-19,CONTROL_RSI,20.7,20.7,,28.1,1.23,110.34,-32.17,0.28,-5.0,-2.01,-3.16,-3.43,-13.31,-15.71,-16.27,-17.96,-20.29,-20.83,-8.0,-11.17,True,-5.0,-8.95,True,2025Q1
FPT,2025-03-20,CONTROL_RSI,37.6,37.6,,16.3,1.18,95.65,-21.76,3.92,-5.0,-0.79,-0.3,-0.21,-10.64,-1.81,-0.24,-6.4,-8.52,-8.89,-8.24,0.14,True,-8.24,0.14,True,2025Q1
FPT,2025-05-06,CONTROL_RSI,18.4,18.4,,30.5,1.03,83.87,-0.64,19.36,-7.08,15.24,9.71,9.55,6.84,-1.59,-1.84,12.27,-9.21,-9.84,12.27,-9.84,False,12.27,-9.84,False,2025Q2
FPT,2025-06-03,CONTROL_RSI,29.6,29.6,,25.1,1.05,90.29,-4.16,10.88,-5.0,-0.08,2.54,2.67,1.37,-1.15,-1.28,3.21,-20.65,-21.89,3.21,-21.89,False,3.21,-21.89,False,2025Q2
FPT,2025-07-31,CONTROL_RSI,15.3,15.3,,29.9,1.02,92.03,-16.1,5.6,-5.0,1.84,-3.34,-3.44,-2.02,-13.66,-13.87,-1.45,-12.97,-13.17,-8.0,-18.46,True,-5.0,-15.64,True,2025Q3
FPT,2025-09-24,CONTROL_RSI,0.1,0.1,,35.0,0.94,88.31,-12.57,6.83,-5.0,-7.44,-6.94,-6.96,-4.53,-6.09,-6.0,-4.14,-5.1,-5.05,-8.0,-8.23,True,-5.0,-5.04,True,2025Q3
FPT,2025-12-11,CONTROL_RSI,5.6,5.6,,33.1,0.7,86.09,-20.94,13.23,-5.0,-2.2,-2.29,-2.26,3.02,-8.74,-5.21,-17.3,-17.74,-17.61,-8.0,-12.54,True,-5.0,-6.11,True,2025Q4
FPT,2026-02-06,CONTROL_RSI,8.5,8.5,,33.7,0.7,88.6,-29.15,1.11,-5.0,-4.36,-9.46,-7.93,-20.86,-16.53,-17.83,-25.2,-34.0,-31.35,-8.0,-11.6,True,-5.0,-8.57,True,2026Q1
FPT,2026-03-16,CONTROL_RSI,31.2,31.2,,28.3,0.78,71.2,-11.84,2.39,-6.43,-5.04,0.49,-0.71,-4.03,-7.91,-7.06,-6.15,-10.96,-9.92,-8.0,-2.59,True,-6.43,-3.61,True,2026Q1
FPT,2026-05-04,CONTROL_RSI,1.6,1.6,,34.5,0.87,66.09,-15.4,6.88,-5.0,-4.21,-6.8,-6.46,2.89,4.33,4.14,-13.35,-4.04,-5.26,-8.0,-4.67,True,-5.0,-6.99,True,2026Q2
FPT,2026-06-22,CONTROL_RSI,11.2,11.2,,31.3,0.9,64.46,-13.26,5.49,-5.0,-0.99,-0.36,-0.42,-8.61,-1.06,-1.78,1.12,4.12,3.83,-8.0,-4.73,True,-5.0,-0.66,True,2026Q2
FPT,2026-07-21,CONTROL_RSI,35.7,35.7,,17.6,0.89,59.09,-5.38,15.08,-5.0,0.15,1.58,1.42,6.01,6.16,6.14,,,,2.22,0.68,False,-5.0,-2.49,True,2026Q3
FPT,2026-09-30,CONTROL_RSI,19.3,19.3,,28.6,0.86,63.0,-4.76,0.32,-5.0,,,,,,,,,,-4.13,-3.81,False,-4.13,-3.81,False,2026Q3
FPT,2019-04-02,CONTROL_RANDOM,,,,47.9,0.96,13.14,-0.84,14.92,-5.34,1.07,1.35,1.34,7.08,9.84,9.73,13.47,15.78,15.69,13.47,15.69,False,13.47,15.69,False,2019Q2
FPT,2019-06-17,CONTROL_RANDOM,,,,42.9,0.89,14.1,-1.35,26.6,-5.0,4.82,3.3,3.47,6.67,2.82,3.26,24.33,21.83,22.12,24.33,22.12,False,24.33,22.12,False,2019Q2
FPT,2019-06-18,CONTROL_RANDOM,,,,49.4,0.87,14.08,-0.21,29.97,-5.0,4.19,3.11,3.26,6.25,2.7,3.18,29.97,27.11,27.49,29.97,27.49,False,29.97,27.49,False,2019Q2
FPT,2019-09-20,CONTROL_RANDOM,,,,75.8,0.85,18.79,-8.09,5.69,-10.56,-0.53,-1.02,-0.95,-2.61,-1.78,-1.9,-2.61,0.45,0.0,-8.0,-4.7,True,-2.61,0.0,False,2019Q3
FPT,2020-01-22,CONTROL_RANDOM,,,,39.2,1.17,17.92,-27.51,3.07,-5.0,-3.07,0.69,1.31,1.23,9.09,10.41,-7.81,12.54,15.95,-10.32,-4.7,True,-10.32,-4.7,True,2020Q1
FPT,2020-02-11,CONTROL_RANDOM,,,,37.6,1.24,17.43,-25.47,5.97,-10.53,3.56,4.83,5.14,-5.57,8.19,11.56,0.34,12.29,15.22,-9.64,13.05,True,-10.53,12.17,True,2020Q1
FPT,2020-06-09,CONTROL_RANDOM,,,,50.5,1.0,18.6,-11.02,6.51,-5.0,-5.43,-0.5,-0.5,-2.69,1.13,1.12,5.05,4.48,4.48,-8.17,-4.25,True,-8.17,-4.25,True,2020Q2
FPT,2020-07-06,CONTROL_RANDOM,,,,52.0,0.97,17.84,-7.23,12.33,-5.0,3.31,3.0,3.01,-0.95,3.43,3.31,8.63,4.04,4.16,8.63,4.16,False,-5.0,4.03,True,2020Q3
FPT,2020-10-16,CONTROL_RANDOM,,,,66.0,0.96,20.78,-6.35,23.1,-7.88,-1.49,-2.1,-2.08,-0.58,-1.19,-1.16,22.76,-3.4,-2.29,22.76,-2.29,False,22.76,-2.29,False,2020Q4
FPT,2020-10-30,CONTROL_RANDOM,,,,53.5,0.98,19.96,-0.55,32.46,-5.0,3.71,0.91,0.96,7.62,-0.7,-0.55,28.16,5.48,5.89,28.16,5.89,False,28.16,5.89,False,2020Q4
FPT,2020-12-08,CONTROL_RANDOM,,,,69.7,1.0,21.82,-0.5,40.33,-5.0,1.42,-2.25,-2.24,11.04,-1.32,-1.31,36.25,21.44,21.44,36.25,21.44,False,36.25,21.44,False,2020Q4
FPT,2021-02-01,CONTROL_RANDOM,,,,45.2,1.07,24.46,-0.16,34.55,-9.14,18.23,10.71,10.19,18.85,6.79,5.95,31.52,11.76,10.38,31.52,10.38,False,31.52,10.38,False,2021Q1
FPT,2021-02-09,CONTROL_RANDOM,,,,68.1,1.07,29.54,-2.23,13.64,-12.0,-1.05,-4.11,-4.33,6.03,0.83,0.46,12.46,0.82,-0.01,12.46,-0.01,False,12.46,-0.01,False,2021Q1
FPT,2021-03-30,CONTROL_RANDOM,,,,53.2,1.05,29.89,-0.67,33.36,-5.0,3.25,-1.48,-1.7,4.92,0.45,0.24,29.14,10.64,9.78,29.14,9.78,False,29.14,9.78,False,2021Q1
FPT,2021-05-13,CONTROL_RANDOM,,,,53.4,1.04,32.68,-0.24,33.97,-6.31,11.26,9.88,9.82,15.09,8.35,8.06,33.14,27.22,26.96,33.14,26.96,False,33.14,26.96,False,2021Q2
FPT,2021-08-30,CONTROL_RANDOM,,,,32.4,0.94,42.01,-0.86,10.31,-5.0,0.98,-0.22,-0.14,0.76,-0.29,-0.22,8.36,-4.65,-3.82,8.36,-3.82,False,8.36,-3.82,False,2021Q3
FPT,2021-09-01,CONTROL_RANDOM,,,,47.7,0.94,42.06,-0.97,10.18,-5.0,0.64,0.13,0.17,2.38,2.01,2.03,6.16,-5.1,-4.4,6.16,-4.4,False,6.16,-4.4,False,2021Q3
FPT,2021-12-15,CONTROL_RANDOM,,,,34.2,0.91,44.38,-13.86,0.0,-5.0,-4.42,-3.16,-3.27,-6.35,-7.74,-7.62,-2.46,-2.02,-2.06,-8.0,-9.04,True,-5.0,-6.74,True,2021Q4
FPT,2021-12-23,CONTROL_RANDOM,,,,39.3,0.86,42.56,-10.17,5.55,-5.0,-0.54,-3.38,-2.99,-8.76,-7.58,-7.74,4.91,3.11,3.36,-8.0,-6.98,True,-5.0,-8.17,True,2021Q4
FPT,2021-12-31,CONTROL_RANDOM,,,,30.7,0.82,42.51,-10.07,21.52,-5.0,-4.16,-3.09,-3.28,-2.99,-2.49,-2.58,16.7,15.94,16.08,-8.0,-4.27,True,-5.0,-5.11,True,2021Q4
FPT,2022-02-14,CONTROL_RANDOM,,,,61.1,0.81,41.42,-1.33,30.66,-8.78,2.08,0.07,0.45,0.0,1.44,1.16,2.85,22.6,18.85,2.85,18.85,False,2.85,18.85,False,2022Q1
FPT,2022-04-19,CONTROL_RANDOM,,,,61.5,0.84,50.98,-17.87,5.0,-6.86,-8.04,-4.63,-5.16,-12.95,-1.47,-3.25,-11.12,4.74,2.28,-10.53,-6.9,True,-6.86,-1.39,True,2022Q2
FPT,2022-10-13,CONTROL_RANDOM,,,,29.8,1.02,41.48,-17.6,9.55,-6.3,-0.65,3.42,3.52,-2.15,8.06,8.32,7.93,8.76,8.79,-8.0,6.57,True,-6.3,4.87,True,2022Q4
FPT,2023-04-26,CONTROL_RANDOM,,,,11.7,0.83,43.55,-0.78,22.43,-5.0,1.01,-0.18,0.02,7.55,4.03,4.64,21.1,6.27,8.8,21.1,8.8,False,21.1,8.8,False,2023Q2
FPT,2023-09-20,CONTROL_RANDOM,,,,66.0,0.74,64.64,-16.14,0.42,-5.0,-4.56,1.5,-0.09,-6.59,4.74,1.77,-2.34,7.17,4.68,-8.0,-3.61,True,-5.0,0.35,True,2023Q3
FPT,2024-02-26,CONTROL_RANDOM,,,,81.4,0.97,71.21,-2.04,28.75,-6.2,2.02,-1.32,-1.21,5.98,1.65,1.79,22.38,19.23,19.33,22.38,19.33,False,22.38,19.33,False,2024Q1
FPT,2024-03-27,CONTROL_RANDOM,,,,59.3,1.06,76.06,-6.03,35.98,-5.35,-1.63,0.29,0.4,6.3,12.76,13.14,31.69,34.14,34.29,31.69,34.29,False,-5.35,4.34,True,2024Q1
FPT,2024-04-10,CONTROL_RANDOM,,,,39.9,1.05,74.49,-4.05,42.52,-5.0,-3.97,2.03,2.33,18.15,17.79,17.77,36.7,33.82,33.67,36.7,33.67,False,36.7,33.67,False,2024Q2
FPT,2024-05-08,CONTROL_RANDOM,,,,72.3,0.99,85.71,-1.38,23.86,-12.0,3.68,2.4,2.41,6.9,4.44,4.46,10.65,12.72,12.7,10.65,12.7,False,10.65,12.7,False,2024Q2
FPT,2024-07-03,CONTROL_RANDOM,,,,51.7,1.03,100.39,-11.13,5.75,-5.0,0.68,0.29,0.28,-5.53,-1.47,-1.35,1.81,1.1,1.08,-8.0,-4.6,True,-5.0,-3.05,True,2024Q3
FPT,2024-07-10,CONTROL_RANDOM,,,,51.0,1.04,101.91,-12.45,2.16,-6.2,-4.62,-3.33,-3.28,-9.47,-3.05,-2.82,0.0,1.64,1.7,-8.0,-5.07,True,-6.2,-3.27,True,2024Q3
FPT,2025-01-14,CONTROL_RANDOM,,,,33.0,1.11,111.72,-33.01,6.85,-5.0,2.53,1.78,1.7,-1.37,-5.85,-6.33,-25.07,-23.77,-23.63,-8.0,-16.33,True,-5.0,-11.27,True,2025Q1
FPT,2025-04-23,CONTROL_RANDOM,,,,37.4,1.03,85.32,-4.13,16.91,-9.71,-1.62,-3.85,-3.93,6.73,-3.56,-3.89,16.61,-7.66,-8.43,16.61,-8.43,False,16.61,-8.43,False,2025Q2
FPT,2025-06-13,CONTROL_RANDOM,,,,46.7,1.03,88.83,-2.59,12.7,-5.0,0.7,-2.71,-2.82,10.42,-1.53,-1.92,1.1,-24.01,-24.84,1.1,-24.84,False,1.1,-24.84,False,2025Q2
FPT,2025-08-13,CONTROL_RANDOM,,,,34.9,0.98,93.9,-17.77,1.88,-5.45,-3.88,-7.87,-7.79,-3.68,-7.49,-7.41,-9.07,-6.45,-6.5,-8.0,-10.61,True,-5.45,-6.25,True,2025Q3
FPT,2025-08-27,CONTROL_RANDOM,,,,47.7,0.95,93.28,-17.23,2.56,-8.69,-3.04,0.22,0.07,-9.13,-8.37,-8.4,-4.66,-3.99,-4.02,-8.0,-7.27,True,-8.69,-7.96,True,2025Q3
FPT,2025-12-22,CONTROL_RANDOM,,,,38.6,0.69,84.29,-23.82,15.65,-5.0,2.67,2.56,2.6,10.11,3.44,5.53,-21.06,-14.24,-16.38,-8.0,-10.07,True,-5.0,-8.73,True,2025Q4
FPT,2026-01-05,CONTROL_RANDOM,,,,55.6,0.68,84.92,-24.39,14.79,-5.0,4.44,-1.54,0.38,9.72,8.72,9.04,-21.86,-15.28,-17.39,-8.0,-8.66,True,-5.0,-7.47,True,2026Q1
FPT,2026-01-23,CONTROL_RANDOM,,,,61.9,0.69,89.85,-28.54,6.99,-5.0,4.1,7.84,6.69,-10.57,-8.94,-9.44,-25.74,-25.69,-25.71,-8.0,-7.41,True,-5.0,-4.39,True,2026Q1
FPT,2026-03-27,CONTROL_RANDOM,,,,50.4,0.8,66.72,-5.92,6.44,-5.59,-0.67,-2.43,-2.09,0.0,-13.96,-11.23,-3.25,-16.43,-13.86,-3.25,-13.86,False,-5.59,-17.78,True,2026Q1
MWG,2019-11-28,WATCH,40.2,40.2,20.0,19.0,1.08,33.85,-4.58,10.55,-5.0,1.65,2.43,2.5,4.14,4.92,4.98,-2.27,6.65,7.41,-2.27,7.41,False,-2.27,7.41,False,2019Q4
MWG,2020-03-09,WATCH,56.6,56.6,0.0,21.1,1.14,28.23,-38.04,4.5,-5.0,-14.95,-6.59,-5.38,-18.6,-10.51,-9.34,-5.28,-14.17,-15.46,-10.56,-4.29,True,-10.56,-4.29,True,2020Q1
MWG,2020-03-11,PANIC70_ANY,77.2,77.2,0.0,10.3,1.2,25.25,-30.73,12.32,-5.0,-7.01,-0.31,1.01,-11.8,-9.22,-8.71,9.11,-6.49,-9.57,-8.0,-3.35,True,-5.31,-0.66,True,2020Q1
MWG,2020-07-27,PANIC70_ANY,76.2,76.2,0.0,18.1,1.19,23.39,-5.34,46.73,-5.0,2.22,-2.97,-3.98,16.33,5.22,3.06,42.45,23.09,19.32,42.45,19.32,False,42.45,19.32,False,2020Q3
MWG,2020-07-28,WATCH,44.8,44.8,15.0,28.7,1.19,22.98,-3.66,49.35,-5.0,7.05,1.67,0.66,17.97,8.11,6.26,48.69,29.21,25.58,48.69,25.58,False,48.69,25.58,False,2020Q3
MWG,2022-05-09,WATCH,55.2,55.2,10.0,21.1,1.01,63.97,-13.21,17.81,-5.0,-2.52,-1.5,-1.5,14.07,10.01,9.98,-7.55,-7.61,-7.61,-8.0,-2.41,True,-5.0,-0.29,True,2022Q2
MWG,2022-07-06,WATCH,42.4,42.4,0.0,18.0,1.16,61.14,-9.19,17.63,-5.0,-2.34,-5.23,-5.69,-2.18,-11.33,-12.79,-7.02,-1.57,-0.7,-8.0,-12.56,True,-5.0,-7.78,True,2022Q3
MWG,2022-10-03,WATCH,49.0,49.0,15.0,8.6,1.16,58.38,-42.41,3.1,-5.0,-9.47,-1.3,0.0,-18.14,-12.48,-11.58,-28.43,-20.11,-18.79,-8.0,-1.67,True,-5.0,-2.76,True,2022Q4
MWG,2022-11-02,WATCH,43.5,43.5,20.0,26.0,1.23,46.74,-28.07,2.65,-7.27,-13.56,-7.22,-5.78,-10.1,-12.56,-13.11,-2.44,-8.94,-10.41,-8.0,-3.61,True,-7.27,-2.88,True,2022Q4
MWG,2022-11-04,PANIC70_ANY,72.1,72.1,0.0,20.3,1.24,43.88,-23.38,8.48,-5.0,-11.62,-6.7,-5.53,3.49,-7.01,-9.52,-0.66,-8.35,-10.19,-8.71,-2.61,True,-5.0,0.32,True,2022Q4
MWG,2023-10-05,WATCH,43.7,43.7,0.0,20.1,1.26,45.17,-28.36,8.1,-5.0,5.53,1.99,1.08,-16.96,-13.51,-12.62,-8.74,-10.06,-10.4,-8.0,-4.91,True,-5.0,-3.66,True,2023Q4
MWG,2023-11-02,WATCH,63.3,63.3,15.0,19.8,1.27,36.11,-2.13,24.54,-12.0,5.07,3.19,2.69,3.35,1.43,0.92,18.94,10.22,7.9,18.94,7.9,False,18.94,7.9,False,2023Q4
MWG,2024-10-09,WATCH,45.0,45.0,0.0,25.7,1.07,62.61,-13.18,3.56,-5.0,2.01,2.25,2.27,1.39,3.7,3.86,-9.15,-6.44,-6.25,-8.0,-2.0,True,-5.0,-1.29,True,2024Q4
MWG,2024-11-19,WATCH,40.1,40.1,15.0,16.5,1.06,55.53,-5.96,9.08,-5.0,5.24,2.06,1.88,5.24,0.07,-0.22,-0.88,-8.3,-8.71,-0.88,-8.71,False,-5.0,-11.35,True,2024Q4
MWG,2025-04-03,WATCH,64.8,64.8,0.0,18.5,1.17,49.41,-10.12,30.84,-5.0,11.19,4.11,2.9,18.46,8.93,7.31,28.48,9.27,6.01,-10.12,-3.56,True,-10.12,-3.56,True,2025Q2
MWG,2025-04-04,PANIC70_ANY,82.7,82.7,0.0,12.3,1.18,47.76,-7.01,35.36,-5.0,16.06,11.4,10.54,22.76,14.73,13.25,34.76,16.53,13.17,34.76,13.17,False,34.76,13.17,False,2025Q2
MWG,2026-03-09,WATCH,64.2,64.2,0.0,24.3,1.02,77.79,-6.08,12.03,-5.0,4.68,1.93,1.88,-1.26,-2.04,-2.06,-1.26,-11.74,-11.93,-1.26,-11.93,False,-5.0,-0.51,True,2026Q1
MWG,2026-07-22,WATCH,57.2,57.2,0.0,21.0,1.08,69.42,-11.35,10.63,-5.0,0.55,-4.27,-4.64,4.72,0.54,0.21,,,,-8.0,-8.29,True,-5.0,-5.29,True,2026Q3
MWG,2020-04-03,ENTRY_V2_LOOSE,31.2,85.9,40.0,34.5,1.17,21.71,0.0,30.63,-12.0,7.28,0.36,-0.8,16.17,6.9,5.35,17.32,-0.45,-3.43,17.32,-3.43,False,17.32,-3.43,False,2020Q2
MWG,2020-04-08,ENTRY_V2,,85.9,80.0,45.0,1.2,23.29,-5.84,21.77,-12.0,2.53,-1.41,-2.19,13.35,3.07,1.05,11.34,-3.32,-6.2,11.34,-6.2,False,11.34,-6.2,False,2020Q2
MWG,2020-08-05,ENTRY_V2_LOOSE,0.0,76.2,45.0,38.0,1.19,24.69,-1.9,43.5,-11.89,3.4,1.37,0.99,18.39,10.81,9.4,33.54,23.1,21.17,33.54,21.17,False,33.54,21.17,False,2020Q3
MWG,2022-11-23,ENTRY_V2_LOOSE,18.4,74.2,55.0,31.8,1.32,37.39,-6.87,27.31,-12.0,12.38,2.47,-0.66,18.64,10.18,7.51,7.41,-2.85,-6.09,7.41,-6.09,False,7.41,-6.09,False,2022Q4
MWG,2022-11-29,ENTRY_V2,,74.2,85.0,44.2,1.33,41.59,-9.98,14.45,-12.0,2.86,2.52,2.4,-1.37,0.73,1.42,-7.57,-7.59,-7.6,-8.0,-6.37,True,-7.57,-7.6,False,2022Q4
MWG,2025-04-15,ENTRY_V2_LOOSE,,85.8,40.0,43.5,1.17,54.94,-8.12,21.91,-12.0,3.9,5.06,5.26,12.54,6.75,5.73,21.91,1.91,-1.58,-8.0,-5.3,True,21.91,-1.58,False,2025Q2
MWG,2025-04-22,ENTRY_V2,,85.8,80.0,47.6,1.16,56.79,-0.51,23.07,-12.0,4.26,2.25,1.92,10.25,0.64,-0.95,19.65,-2.51,-6.16,19.65,-6.16,False,19.65,-6.16,False,2025Q2
MWG,2019-01-03,CONTROL_RSI,23.3,23.3,,27.2,1.28,25.34,-1.18,9.91,-5.0,2.41,-1.03,-1.98,0.0,-4.12,-5.26,1.34,-12.02,-15.71,1.34,-15.71,False,1.34,-15.71,False,2019Q1
MWG,2019-03-25,CONTROL_RSI,9.0,9.0,,32.6,1.14,25.95,-5.16,10.71,-5.0,-1.04,-2.66,-2.89,-2.35,-3.06,-3.15,9.4,10.15,10.25,9.4,10.25,False,-5.0,-4.09,True,2019Q1
MWG,2019-09-10,CONTROL_RSI,4.2,4.2,,33.6,0.85,35.65,-7.12,12.82,-5.0,6.28,3.65,4.05,7.69,5.8,6.09,-1.57,-1.19,-1.25,-1.57,-1.25,False,-5.0,-5.59,True,2019Q3
MWG,2019-10-21,CONTROL_RSI,4.1,4.1,,33.6,0.97,38.2,-13.32,4.97,-5.0,3.25,1.99,2.03,-3.25,-5.77,-5.68,-7.3,-5.68,-5.74,-8.0,-7.44,True,-5.0,-7.83,True,2019Q4
MWG,2019-11-18,CONTROL_RSI,30.0,30.0,,23.9,0.97,36.65,-11.87,2.1,-5.0,-3.82,-1.22,-1.29,-3.98,0.89,0.76,-6.36,1.03,0.84,-8.0,-5.42,True,-5.0,-2.56,True,2019Q4
MWG,2020-02-05,CONTROL_RSI,4.9,4.9,,33.9,1.27,33.54,-47.85,3.7,-5.0,0.0,-1.25,-1.59,-2.3,1.3,2.28,-26.57,-9.03,-4.29,-11.21,1.29,True,-5.0,-0.17,True,2020Q1
MWG,2020-04-03,CONTROL_RSI,31.2,31.2,,34.5,1.17,21.71,0.0,30.63,-12.0,7.28,0.36,-0.8,16.17,6.9,5.35,17.32,-0.45,-3.43,17.32,-3.43,False,17.32,-3.43,False,2020Q2
MWG,2020-06-29,CONTROL_RSI,1.2,1.2,,34.6,1.21,25.56,-13.38,25.16,-5.0,1.72,-1.47,-2.13,-7.67,-4.88,-4.3,23.83,14.77,12.91,-10.09,-2.67,True,-5.0,-3.91,True,2020Q2
MWG,2020-07-30,CONTROL_RSI,24.9,24.9,,29.2,1.19,22.52,0.0,57.33,-5.0,8.39,1.58,0.3,27.98,16.4,14.23,53.82,33.13,29.25,53.82,29.25,False,53.82,29.25,False,2020Q3
MWG,2021-03-09,CONTROL_RSI,30.0,30.0,,24.5,0.95,40.62,-3.08,16.3,-5.0,2.95,1.04,1.15,4.28,-2.46,-2.11,5.51,-11.23,-10.35,5.51,-10.35,False,5.51,-10.35,False,2021Q1
MWG,2021-06-09,CONTROL_RSI,30.0,30.0,,18.0,0.88,42.51,0.0,33.26,-5.0,2.96,0.94,1.19,27.78,24.65,25.04,23.74,22.72,22.85,23.74,22.85,False,23.74,22.85,False,2021Q2
MWG,2021-07-28,CONTROL_RSI,19.6,19.6,,33.5,0.91,50.32,-2.36,26.93,-5.0,8.27,2.9,3.39,1.39,-0.49,-0.32,20.91,12.42,13.19,20.91,13.19,False,20.91,13.19,False,2021Q3
MWG,2021-08-25,CONTROL_RSI,8.1,8.1,,32.3,0.95,51.62,-1.41,29.89,-5.0,1.9,-0.91,-0.77,15.67,14.49,14.55,27.24,16.72,17.27,27.24,17.27,False,27.24,17.27,False,2021Q3
MWG,2021-11-02,CONTROL_RSI,2.5,2.5,,34.2,0.99,61.08,-1.56,12.88,-5.0,2.01,1.15,1.16,7.76,5.51,5.53,2.01,0.75,0.77,2.01,0.77,False,2.01,0.77,False,2021Q4
MWG,2021-12-13,CONTROL_RSI,10.4,10.4,,31.5,1.05,63.83,-5.28,4.37,-6.88,-1.27,-1.44,-1.45,0.96,-1.37,-1.49,-2.46,-1.32,-1.26,-2.46,-1.26,False,-2.46,-1.26,False,2021Q4
MWG,2022-01-24,CONTROL_RSI,2.2,2.2,,34.3,1.0,61.51,-1.71,25.41,-5.0,5.01,0.75,0.73,4.76,0.66,0.64,13.4,19.37,19.39,13.4,19.39,False,13.4,19.39,False,2022Q1
MWG,2022-03-14,CONTROL_RSI,30.0,30.0,,24.6,0.9,61.93,-7.27,24.56,-5.0,3.44,-0.63,-0.21,19.52,17.29,17.52,15.52,26.65,25.49,15.52,25.49,False,-5.0,11.92,True,2022Q1
MWG,2022-05-06,CONTROL_RSI,31.0,31.0,,29.7,0.96,68.33,-18.75,10.29,-5.69,-14.71,-3.93,-4.39,7.27,9.06,8.99,-14.43,-8.18,-8.44,-8.0,1.53,True,-5.69,-0.25,True,2022Q2
MWG,2022-07-05,CONTROL_RSI,11.2,11.2,,34.6,1.16,62.48,-11.14,15.11,-5.0,-2.9,-3.47,-3.56,-5.65,-12.72,-13.88,-2.29,0.72,1.21,-8.0,-8.92,True,-5.0,-5.66,True,2022Q3
MWG,2022-09-26,CONTROL_RSI,6.2,6.2,,33.3,1.13,64.29,-47.71,0.9,-5.0,-9.49,-1.05,0.07,-22.85,-7.58,-5.56,-31.0,-17.89,-16.16,-8.0,-3.63,True,-5.0,-0.05,True,2022Q3
MWG,2022-10-24,CONTROL_RSI,33.3,33.3,,31.6,1.24,48.36,-30.48,7.3,-5.0,-1.18,-6.61,-7.9,-20.7,-17.81,-17.12,-11.33,-23.35,-26.19,-8.0,-10.1,True,-5.0,-10.39,True,2022Q4
MWG,2022-11-21,CONTROL_RSI,19.1,19.1,,32.9,1.32,38.35,-9.2,24.12,-12.0,6.47,-1.75,-4.39,15.67,8.4,6.07,6.96,-3.57,-6.96,-8.0,-10.45,True,6.96,-6.96,False,2022Q4
MWG,2022-12-28,CONTROL_RSI,2.5,2.5,,34.9,1.34,40.54,-11.77,17.41,-5.0,1.53,-1.95,-3.12,12.48,6.47,4.45,-9.3,-14.08,-15.69,-8.24,-12.6,True,-5.0,-6.13,True,2022Q4
MWG,2023-02-22,CONTROL_RSI,30.0,30.0,,20.7,1.28,40.83,-12.39,0.47,-5.0,-5.85,-4.3,-3.87,-11.68,-10.84,-10.61,-10.63,-11.76,-12.08,-8.0,-6.37,True,-5.0,-1.02,True,2023Q1
MWG,2023-03-22,CONTROL_RSI,0.2,0.2,,34.9,1.31,35.87,-0.28,15.42,-5.0,2.65,0.32,-0.39,7.44,6.1,5.69,13.02,5.64,3.39,13.02,3.39,False,13.02,3.39,False,2023Q1
MWG,2023-05-04,CONTROL_RSI,8.8,8.8,,32.1,1.27,36.15,-0.66,46.25,-5.0,2.9,0.33,-0.36,7.66,2.79,1.48,45.2,29.09,24.78,45.2,24.78,False,45.2,24.78,False,2023Q2
MWG,2023-10-02,CONTROL_RSI,0.4,0.4,,34.9,1.2,49.6,-34.76,0.0,-5.11,-5.16,-4.97,-4.94,-26.79,-16.53,-14.47,-17.1,-15.04,-14.63,-8.0,-4.65,True,-5.11,-1.76,True,2023Q4
MWG,2023-11-03,CONTROL_RSI,33.9,33.9,,27.8,1.27,37.56,-5.91,19.73,-12.0,2.56,0.91,0.46,2.42,-1.11,-2.06,16.4,7.4,4.99,16.4,4.99,False,16.4,4.99,False,2023Q4
MWG,2024-07-24,CONTROL_RSI,4.2,4.2,,34.2,1.17,58.24,-0.5,18.01,-5.0,3.5,3.99,4.07,16.67,12.63,11.95,9.67,5.87,5.23,9.67,5.23,False,9.67,5.23,False,2024Q3
MWG,2024-09-11,CONTROL_RSI,6.9,6.9,,32.7,1.09,66.01,-17.65,2.2,-5.0,0.29,-0.73,-0.83,-4.41,-6.63,-6.83,-10.3,-11.03,-11.09,-8.0,-6.82,True,-5.0,-7.03,True,2024Q3
MWG,2024-10-10,CONTROL_RSI,5.9,5.9,,33.0,1.08,63.1,-13.85,2.76,-5.0,1.08,1.25,1.26,0.0,2.73,2.95,-12.31,-9.11,-8.85,-8.0,-2.2,True,-5.0,-1.4,True,2024Q4
MWG,2024-11-11,CONTROL_RSI,20.9,20.9,,28.0,1.02,61.25,-11.25,0.16,-5.0,-8.87,-5.14,-5.05,-3.64,-5.26,-5.3,-10.61,-11.82,-11.85,-8.0,-5.16,True,-5.0,-2.28,True,2024Q4
MWG,2025-01-03,CONTROL_RSI,5.0,5.0,,33.3,1.14,56.69,-15.84,8.22,-5.0,-1.89,-0.36,-0.15,-1.71,-2.39,-2.48,-15.84,-6.12,-4.79,-12.84,-8.84,True,-5.0,-6.41,True,2025Q1
MWG,2025-02-13,CONTROL_RSI,22.5,22.5,,33.3,1.16,53.49,-16.98,17.24,-5.0,5.44,3.94,3.69,11.61,7.8,7.19,16.69,13.9,13.45,-10.71,2.44,True,-7.63,-1.55,True,2025Q1
MWG,2025-03-28,CONTROL_RSI,2.4,2.4,,34.2,1.31,57.27,-22.46,12.38,-5.0,-16.69,-2.93,1.37,3.06,9.7,11.77,11.52,7.11,5.73,-13.72,-3.44,True,-6.6,1.76,True,2025Q1
MWG,2025-06-02,CONTROL_RSI,12.2,12.2,,31.9,1.14,59.21,-1.79,22.56,-5.0,0.83,2.7,2.96,5.74,3.02,2.64,22.39,-1.93,-5.36,22.39,-5.36,False,22.39,-5.36,False,2025Q2
MWG,2025-11-10,CONTROL_RSI,4.3,4.3,,34.8,1.05,76.31,0.0,21.82,-5.0,7.1,2.4,2.15,8.39,-1.82,-2.36,16.39,3.95,3.3,16.39,3.3,False,16.39,3.3,False,2025Q4
MWG,2026-03-06,CONTROL_RSI,16.6,16.6,,31.9,1.02,75.82,-3.64,14.94,-5.0,4.68,8.35,8.44,1.69,6.4,6.51,1.82,-2.38,-2.48,1.82,-2.48,False,1.82,-2.48,False,2026Q1
MWG,2026-05-15,CONTROL_RSI,0.8,0.8,,34.7,1.13,80.75,-23.79,0.0,-5.0,-4.02,-2.43,-2.22,-3.17,2.95,3.75,-9.6,-2.3,-1.34,-8.0,-7.8,True,-5.0,-4.8,True,2026Q2
MWG,2026-07-21,CONTROL_RSI,12.5,12.5,,30.8,1.04,74.74,-17.66,2.76,-5.0,-11.02,-9.6,-9.54,-3.4,-3.25,-3.24,,,,-8.3,-5.69,True,-8.3,-5.69,True,2026Q3
MWG,2019-01-29,CONTROL_RANDOM,,,,50.9,1.25,25.8,-4.61,7.95,-5.0,2.02,-1.39,-2.24,4.26,-4.53,-6.72,-0.7,-5.45,-6.64,-0.7,-6.64,False,-0.7,-6.64,False,2019Q1
MWG,2019-04-22,CONTROL_RANDOM,,,,40.3,1.13,25.34,-0.71,29.91,-5.0,3.51,2.55,2.42,8.72,8.18,8.11,29.79,27.98,27.74,29.79,27.74,False,29.79,27.74,False,2019Q2
MWG,2019-06-11,CONTROL_RANDOM,,,,61.4,0.88,27.95,-2.75,35.99,-7.35,-1.54,-0.4,-0.54,9.34,7.98,8.14,29.12,27.44,27.64,29.12,27.64,False,29.12,27.64,False,2019Q2
MWG,2019-08-06,CONTROL_RANDOM,,,,70.2,0.83,34.16,0.0,17.74,-7.46,8.11,7.93,7.96,5.65,4.66,4.83,13.29,10.02,10.57,13.29,10.57,False,13.29,10.57,False,2019Q3
MWG,2019-08-19,CONTROL_RANDOM,,,,81.3,0.83,36.71,-5.67,9.56,-10.94,-3.54,-2.81,-2.94,3.21,2.08,2.27,1.44,-1.49,-0.99,1.44,-0.99,False,1.44,-0.99,False,2019Q3
MWG,2019-10-24,CONTROL_RANDOM,,,,65.9,0.95,39.69,-16.58,1.03,-5.47,-2.04,-4.22,-4.12,-12.37,-10.75,-10.82,-7.21,-5.67,-5.74,-8.0,-9.76,True,-5.47,-7.28,True,2019Q4
MWG,2019-11-21,CONTROL_RANDOM,,,,22.6,1.02,35.72,-9.57,4.76,-5.0,-5.24,-3.02,-2.97,-3.75,-0.09,-0.01,-7.67,1.33,1.55,-8.0,-1.34,True,-5.0,-2.7,True,2019Q4
MWG,2020-01-09,CONTROL_RANDOM,,,,64.2,1.17,35.59,-50.86,5.14,-5.0,1.32,-0.53,-0.84,-6.55,-4.08,-3.67,-34.56,-14.23,-10.83,-8.0,-3.99,True,-5.59,-1.58,True,2020Q1
MWG,2020-01-20,CONTROL_RANDOM,,,,63.2,1.12,36.83,-52.51,1.6,-5.65,-9.01,-3.93,-3.3,-9.77,-2.71,-1.83,-30.84,-9.4,-6.73,-8.77,-2.95,True,-5.65,-0.8,True,2020Q1
MWG,2020-02-24,CONTROL_RANDOM,,,,45.3,1.27,32.67,-46.46,3.06,-5.0,1.16,1.54,1.64,-34.59,-8.33,-1.2,-19.19,-14.58,-13.33,-8.85,-0.53,True,-8.85,-0.53,True,2020Q1
MWG,2020-04-24,CONTROL_RANDOM,,,,71.8,1.23,26.06,-6.1,8.83,-12.0,-3.22,-4.25,-4.48,1.07,-9.62,-12.04,-0.84,-11.23,-13.58,-0.84,-13.58,False,-0.84,-13.58,False,2020Q2
MWG,2020-07-13,CONTROL_RANDOM,,,,38.8,1.19,25.72,-13.92,30.29,-5.0,1.09,1.47,1.55,-4.0,-1.47,-0.98,29.94,23.61,22.38,-10.65,0.37,True,-5.0,-0.05,True,2020Q3
MWG,2020-10-14,CONTROL_RANDOM,,,,71.8,1.16,33.85,-5.29,14.45,-9.62,0.95,0.46,0.38,3.37,1.89,1.65,13.32,-10.2,-14.03,13.32,-14.03,False,13.32,-14.03,False,2020Q4
MWG,2021-06-22,CONTROL_RANDOM,,,,70.5,0.87,45.73,-1.18,29.52,-8.1,4.68,2.84,3.08,12.53,20.65,19.6,27.44,29.65,29.36,27.44,29.36,False,27.44,29.36,False,2021Q2
MWG,2022-01-04,CONTROL_RANDOM,,,,57.8,1.1,65.3,-7.41,17.55,-5.26,-1.32,-0.33,-0.23,-0.58,0.74,0.87,15.24,15.41,15.43,15.24,15.43,False,-5.26,-4.18,True,2022Q1
MWG,2022-03-23,CONTROL_RANDOM,,,,42.7,0.88,63.97,-10.22,20.59,-5.19,8.0,8.79,8.69,15.41,23.7,22.73,9.6,31.64,29.05,-8.0,11.48,True,-5.19,13.66,True,2022Q1
MWG,2022-03-25,CONTROL_RANDOM,,,,67.0,0.88,65.96,-12.93,16.95,-8.18,11.36,9.06,9.33,6.9,16.9,15.73,4.85,25.08,22.71,-8.0,10.22,True,-8.18,10.04,True,2022Q1
MWG,2022-04-01,CONTROL_RANDOM,,,,87.2,0.91,75.11,-23.54,2.7,-12.0,-3.66,1.15,0.73,-5.75,5.25,4.29,-9.2,12.47,10.57,-8.0,0.93,True,-12.0,-0.81,True,2022Q2
MWG,2022-07-05,CONTROL_RANDOM,,,,34.6,1.16,62.48,-11.14,15.11,-5.0,-2.9,-3.47,-3.56,-5.65,-12.72,-13.88,-2.29,0.72,1.21,-8.0,-8.92,True,-5.0,-5.66,True,2022Q3
MWG,2022-07-21,CONTROL_RANDOM,,,,31.1,1.15,61.91,-18.33,16.17,-12.0,-6.01,-6.61,-6.69,-1.24,-7.08,-7.94,-9.09,2.21,3.86,-8.0,2.78,True,-12.94,2.67,True,2022Q3
MWG,2022-08-16,CONTROL_RANDOM,,,,75.3,1.16,62.96,-37.42,14.23,-8.12,1.21,1.18,1.17,9.09,12.43,12.96,-34.85,-9.61,-5.66,-8.0,9.24,True,-8.12,9.12,True,2022Q3
MWG,2022-08-22,CONTROL_RANDOM,,,,72.7,1.15,62.86,-46.52,14.41,-6.77,11.23,9.16,8.85,6.38,9.47,9.93,-36.57,-13.9,-10.5,-8.0,7.32,True,-6.77,8.56,True,2022Q3
MWG,2022-08-30,CONTROL_RANDOM,,,,79.7,1.14,69.16,-51.39,3.99,-12.0,-0.69,1.48,1.79,-11.73,-0.42,1.2,-47.86,-23.96,-20.55,-8.0,1.14,True,-12.0,1.47,True,2022Q3
MWG,2022-09-27,CONTROL_RANDOM,,,,36.6,1.13,63.05,-46.68,1.36,-5.0,-5.9,-1.22,-0.59,-21.48,-7.22,-5.32,-29.8,-17.75,-16.14,-8.0,-0.95,True,-5.0,-2.42,True,2022Q3
MWG,2022-10-11,CONTROL_RANDOM,,,,22.2,1.2,52.94,-36.49,9.01,-7.11,6.31,0.94,-0.12,-18.02,-15.98,-15.58,-21.44,-26.38,-27.36,-8.0,-5.62,True,-7.11,-4.74,True,2022Q4
MWG,2022-11-16,CONTROL_RANDOM,,,,26.8,1.32,39.83,-12.58,19.51,-12.0,-9.72,-9.17,-9.0,12.55,1.81,-1.61,3.59,-7.58,-11.12,-8.0,-7.28,True,-12.0,-14.57,True,2022Q4
MWG,2023-02-06,CONTROL_RANDOM,,,,71.1,1.29,44.5,-19.62,2.9,-11.18,-8.9,-4.36,-3.03,-14.9,-10.28,-8.93,-18.97,-14.58,-13.3,-8.0,-4.11,True,-12.11,-4.18,True,2023Q1
MWG,2023-03-06,CONTROL_RANDOM,,,,32.3,1.3,38.16,-6.26,4.25,-5.0,-3.51,-4.11,-4.29,-0.5,-4.8,-6.1,1.99,-3.51,-5.17,1.99,-5.17,False,-5.0,-4.81,True,2023Q1
MWG,2023-05-23,CONTROL_RANDOM,,,,40.2,1.13,36.63,-1.56,46.96,-5.0,2.07,1.51,1.43,11.19,6.58,5.96,41.44,25.15,22.96,41.44,22.96,False,41.44,22.96,False,2023Q2
MWG,2023-05-30,CONTROL_RANDOM,,,,55.0,1.09,37.49,-1.52,43.58,-5.0,6.35,3.46,3.2,11.71,6.15,5.64,27.66,18.93,18.14,27.66,18.14,False,27.66,18.14,False,2023Q2
MWG,2024-01-08,CONTROL_RANDOM,,,,76.9,1.22,41.56,-3.13,23.05,-5.0,2.65,2.53,2.5,8.9,6.6,6.08,22.35,13.65,11.7,22.35,11.7,False,22.35,11.7,False,2024Q1
MWG,2024-03-14,CONTROL_RANDOM,,,,61.9,1.28,45.5,-4.02,36.31,-5.0,3.93,2.51,2.1,10.07,9.05,8.76,35.47,32.49,31.64,35.47,31.64,False,35.47,31.64,False,2024Q1
MWG,2024-06-11,CONTROL_RANDOM,,,,55.0,1.19,60.29,-5.66,14.0,-6.89,1.11,1.52,1.59,4.98,4.9,4.89,9.49,10.35,10.51,9.49,10.51,False,9.49,10.51,False,2024Q2
MWG,2024-09-05,CONTROL_RANDOM,,,,57.8,1.12,65.62,-17.16,2.8,-5.0,-0.59,0.71,0.86,-1.77,-1.96,-1.98,-10.5,-9.1,-8.93,-8.0,-5.93,True,-5.0,-6.2,True,2024Q3
MWG,2024-09-25,CONTROL_RANDOM,,,,55.7,1.07,66.79,-18.61,1.0,-5.59,-3.64,-2.71,-2.65,-4.96,-2.43,-2.26,-13.09,-10.34,-10.16,-8.0,-4.71,True,-5.59,-4.91,True,2024Q3
MWG,2025-01-17,CONTROL_RANDOM,,,,23.9,1.12,56.01,-20.71,9.53,-5.0,3.29,3.05,3.02,1.21,-3.15,-3.68,-0.7,3.54,4.05,-11.78,-8.25,True,-5.0,-6.82,True,2025Q1
MWG,2025-06-20,CONTROL_RANDOM,,,,66.0,1.12,62.03,-1.1,29.21,-7.34,2.5,0.21,-0.07,9.54,-0.85,-2.1,23.83,-0.39,-3.31,23.83,-3.31,False,23.83,-3.31,False,2025Q2
MWG,2025-08-27,CONTROL_RANDOM,,,,57.2,1.1,73.85,-1.73,17.21,-10.95,-1.33,1.94,2.27,2.67,3.43,3.51,5.74,6.42,6.49,5.74,6.49,False,5.74,6.49,False,2025Q3
MWG,2025-10-15,CONTROL_RANDOM,,,,68.7,1.05,82.03,-9.37,8.03,-10.55,2.88,7.27,7.48,-3.85,3.69,4.06,5.03,-1.36,-1.68,-8.0,1.84,True,5.03,-1.68,False,2025Q4
MWG,2026-03-23,CONTROL_RANDOM,,,,32.7,1.1,75.43,-3.14,15.54,-5.58,6.79,3.83,3.53,11.75,-0.99,-2.28,1.83,-10.36,-11.59,1.83,-11.59,False,1.83,-11.59,False,2026Q1
TCB,2019-06-18,WATCH,41.5,41.5,0.0,16.9,1.0,9.53,-3.36,9.02,-5.0,-0.94,-2.02,-2.03,2.41,-1.13,-1.15,6.61,3.75,3.74,6.61,3.74,False,6.61,3.74,False,2019Q2
TCB,2020-03-09,WATCH,62.0,62.0,15.0,24.9,1.31,9.44,-31.36,7.84,-5.0,-12.08,-3.71,-1.15,-18.11,-10.03,-7.54,5.08,-3.81,-6.54,-11.76,-4.6,True,-11.76,-4.6,True,2020Q1
TCB,2020-03-11,PANIC70_ANY,78.5,78.5,0.0,22.4,1.36,8.33,-22.21,22.21,-5.0,-4.2,2.5,4.89,-6.96,-4.38,-3.45,19.69,4.09,-1.49,-9.96,9.49,True,-5.52,0.11,True,2020Q1
TCB,2021-01-28,WATCH,49.4,49.4,25.0,32.4,1.2,13.69,0.0,56.83,-5.0,22.64,9.76,7.17,32.51,15.44,12.0,55.3,29.44,24.23,55.3,24.23,False,55.3,24.23,False,2021Q1
TCB,2022-04-15,WATCH,44.2,44.2,20.0,28.2,0.91,21.28,-29.23,0.56,-5.0,-10.76,-0.86,-1.71,-21.62,-6.89,-8.15,-21.52,-2.2,-3.86,-8.0,1.05,True,-5.0,-0.58,True,2022Q2
TCB,2022-05-23,WATCH,55.6,55.6,30.0,24.6,1.15,16.1,-5.71,13.91,-9.2,6.77,0.71,-0.19,-5.16,-1.35,-0.78,12.05,7.47,6.79,12.05,6.79,False,12.05,6.79,False,2022Q2
TCB,2022-09-26,WATCH,44.3,44.3,0.0,5.0,1.14,15.52,-42.46,1.03,-5.0,-9.66,-1.23,-0.07,-36.53,-21.26,-19.18,-17.4,-4.29,-2.5,-8.0,0.79,True,-5.0,3.79,True,2022Q3
TCB,2022-10-07,PANIC70_ANY,76.6,76.6,0.0,6.1,1.15,11.94,-25.21,18.76,-5.0,-2.76,-5.89,-6.38,-7.96,-3.59,-2.92,6.37,3.99,3.62,-8.0,-9.71,True,-7.04,-8.75,True,2022Q4
TCB,2022-10-24,WATCH,65.9,65.9,20.0,16.0,1.19,9.85,-9.34,43.96,-5.0,20.51,15.07,14.04,2.64,5.53,6.08,36.65,24.63,22.35,-9.34,-4.78,True,-9.34,-4.78,True,2022Q4
TCB,2023-10-30,WATCH,51.0,51.0,0.0,15.3,1.09,13.05,-3.6,27.66,-5.0,8.51,5.19,4.9,6.21,1.44,1.03,24.98,12.8,11.75,24.98,11.75,False,24.98,11.75,False,2023Q4
TCB,2024-08-08,WATCH,58.4,58.4,0.0,24.6,1.06,20.04,-0.5,19.96,-5.0,2.15,-0.89,-1.09,5.94,2.65,2.44,11.63,9.12,8.96,11.63,8.96,False,11.63,8.96,False,2024Q3
TCB,2025-04-04,WATCH,55.2,55.2,0.0,30.8,1.13,23.85,-10.78,41.22,-5.0,4.03,-0.63,-1.26,10.4,2.37,1.29,39.83,21.61,19.16,39.83,19.16,False,39.83,19.16,False,2025Q2
TCB,2025-04-08,PANIC70_ANY,74.7,74.7,0.0,22.4,1.11,21.28,0.0,58.93,-5.0,15.7,2.96,1.59,31.81,12.29,10.18,58.27,27.68,24.37,58.27,24.37,False,58.27,24.37,False,2025Q2
TCB,2025-11-03,WATCH,44.1,44.1,10.0,18.7,1.22,32.91,-9.24,13.67,-5.0,0.15,1.66,2.0,1.79,-4.33,-5.69,3.86,-8.31,-11.01,-8.0,-12.62,True,-5.0,-7.11,True,2025Q4
TCB,2026-03-09,PANIC70_ANY,81.1,81.1,0.0,20.8,1.08,30.17,-7.95,13.62,-6.52,-1.62,-4.37,-4.6,-6.83,-7.61,-7.68,5.07,-5.41,-6.28,5.07,-6.28,False,-6.52,-7.37,True,2026Q1
TCB,2026-03-10,WATCH,57.7,57.7,0.0,23.7,1.09,29.43,-5.64,16.48,-5.0,0.85,-1.42,-1.63,2.17,-2.64,-3.09,4.83,-2.02,-2.66,4.83,-2.66,False,-5.0,-5.11,True,2026Q1
TCB,2026-07-22,WATCH,42.0,42.0,0.0,10.6,1.0,29.05,-4.3,21.17,-5.0,0.86,-3.96,-3.94,6.71,2.52,2.54,,,,11.7,6.04,False,11.7,6.04,False,2026Q3
TCB,2020-04-08,ENTRY_V2,,70.1,60.0,40.6,1.18,7.91,-4.93,28.7,-12.0,2.65,-1.29,-1.99,18.2,7.92,6.08,18.46,3.8,1.18,18.46,1.18,False,18.46,1.18,False,2020Q2
TCB,2022-10-19,ENTRY_V2_LOOSE,62.1,96.6,45.0,17.8,1.17,11.61,-23.08,22.14,-8.91,-8.96,-6.29,-5.83,-8.53,-0.3,1.12,10.77,10.39,10.32,-8.18,-0.41,True,-8.91,-1.13,True,2022Q4
TCB,2025-04-23,ENTRY_V2_LOOSE,,85.8,45.0,41.1,1.06,24.81,-2.34,40.39,-10.34,3.26,1.03,0.9,17.69,7.4,6.81,35.95,11.69,10.29,35.95,10.29,False,35.95,10.29,False,2025Q2
TCB,2019-01-02,CONTROL_RSI,33.4,33.4,,18.3,1.26,11.89,-9.5,9.76,-5.0,0.42,-0.54,-0.79,3.11,0.77,0.15,-1.01,-11.93,-14.82,-1.01,-14.82,False,-1.01,-14.82,False,2019Q1
TCB,2019-03-08,CONTROL_RSI,9.3,9.3,,31.9,1.15,12.26,-21.13,4.0,-5.0,2.04,-0.9,-1.35,-4.73,-6.22,-6.44,-18.52,-16.01,-15.63,-8.0,-5.58,True,-5.0,-6.71,True,2019Q1
TCB,2019-04-05,CONTROL_RSI,30.0,30.0,,12.7,1.13,11.75,-21.45,1.02,-5.0,-3.32,-2.1,-1.94,-8.85,-5.14,-4.68,-15.91,-14.51,-14.33,-8.0,-4.44,True,-5.0,-2.34,True,2019Q2
TCB,2019-05-09,CONTROL_RSI,22.8,22.8,,27.9,1.06,10.64,-13.25,5.64,-5.0,2.63,-0.12,-0.27,-6.11,-6.94,-6.99,-10.62,-14.91,-15.15,-8.0,-8.09,True,-5.0,-4.57,True,2019Q2
TCB,2019-06-06,CONTROL_RSI,33.9,33.9,,20.8,1.03,9.88,-6.78,3.04,-5.0,-0.71,-0.92,-0.92,0.0,-2.49,-2.56,0.71,-2.7,-2.79,0.71,-2.79,False,-5.0,-4.18,True,2019Q2
TCB,2019-08-02,CONTROL_RSI,13.9,13.9,,31.1,1.06,9.44,-2.44,20.55,-5.0,-0.74,0.6,0.68,4.87,5.81,5.86,16.1,15.37,15.33,16.1,15.33,False,16.1,15.33,False,2019Q3
TCB,2019-11-22,CONTROL_RSI,7.3,7.3,,33.1,1.06,10.69,-11.88,4.96,-5.0,-1.78,0.12,0.24,0.0,1.88,2.0,-3.93,3.04,3.49,-11.32,-5.91,True,-5.0,-0.51,True,2019Q4
TCB,2020-02-03,CONTROL_RSI,35.4,35.4,,33.5,1.4,9.95,-34.87,12.06,-6.77,3.02,2.45,2.22,4.62,8.8,10.49,-20.0,-2.75,4.22,-8.0,9.84,True,-6.77,11.07,True,2020Q1
TCB,2020-03-06,CONTROL_RSI,14.4,14.4,,32.0,1.47,9.55,-32.15,6.6,-5.0,-15.5,-0.89,5.91,-17.91,-3.16,3.69,2.72,1.8,1.37,-12.77,5.05,True,-5.0,5.78,True,2020Q1
TCB,2020-06-29,CONTROL_RSI,8.9,8.9,,32.4,1.18,9.14,-11.38,13.89,-5.0,2.52,-0.67,-1.25,-5.14,-2.35,-1.84,12.91,3.85,2.21,-8.0,-0.72,True,-5.0,2.28,True,2020Q2
TCB,2020-07-27,CONTROL_RSI,25.8,25.8,,31.6,1.16,8.42,-3.8,34.09,-5.0,3.56,-1.63,-2.47,16.98,5.87,4.07,30.52,11.16,8.02,30.52,8.02,False,30.52,8.02,False,2020Q3
TCB,2020-10-09,CONTROL_RSI,26.6,26.6,,32.8,1.21,9.99,-1.8,54.65,-5.0,6.51,5.12,4.82,2.1,-0.18,-0.67,53.05,31.38,26.72,53.05,26.72,False,53.05,26.72,False,2020Q4
TCB,2020-11-09,CONTROL_RSI,21.0,21.0,,30.8,1.18,10.41,-2.21,66.86,-6.75,3.75,3.1,2.98,11.14,4.23,2.96,55.52,40.09,37.26,55.52,37.26,False,55.52,37.26,False,2020Q4
TCB,2021-04-27,CONTROL_RSI,3.9,3.9,,33.7,1.14,18.28,0.0,48.3,-5.0,19.09,17.33,17.08,34.14,25.92,24.78,25.27,21.29,20.74,25.27,20.74,False,25.27,20.74,False,2021Q2
TCB,2021-07-23,CONTROL_RSI,18.8,18.8,,31.4,1.24,22.67,-4.1,11.65,-6.74,3.66,0.08,-0.76,-0.53,-2.9,-3.45,8.56,-1.29,-3.61,8.56,-3.61,False,8.56,-3.61,False,2021Q3
TCB,2021-08-23,CONTROL_RSI,2.3,2.3,,35.0,1.36,22.55,-3.59,11.22,-5.0,-0.49,-3.0,-3.9,3.02,-1.13,-2.63,5.68,-7.49,-12.22,5.68,-12.22,False,5.68,-12.22,False,2021Q3
TCB,2021-12-14,CONTROL_RSI,30.0,30.0,,21.8,1.2,23.27,-5.97,9.15,-5.0,-2.79,-2.91,-2.93,0.39,-0.97,-1.24,-2.58,-1.58,-1.39,-2.58,-1.39,False,-5.0,-3.45,True,2021Q4
TCB,2022-02-24,CONTROL_RSI,5.3,5.3,,33.2,0.98,23.6,-36.19,0.55,-5.0,-2.08,-2.78,-2.76,-3.43,-3.68,-3.67,-28.43,-13.29,-13.59,-8.0,-5.62,True,-5.0,-1.81,True,2022Q1
TCB,2022-04-18,CONTROL_RSI,32.3,32.3,,27.2,0.91,20.82,-27.67,1.01,-5.0,-7.78,-1.2,-1.77,-20.46,-6.94,-8.1,-20.12,-2.46,-3.97,-8.0,-0.05,True,-5.0,2.95,True,2022Q2
TCB,2022-05-20,CONTROL_RSI,30.5,30.5,,32.6,1.14,16.56,-8.33,10.75,-11.77,5.5,1.7,1.16,-7.79,-2.48,-1.73,9.24,7.02,6.71,-8.0,-1.22,True,9.24,6.71,False,2022Q2
TCB,2022-06-17,CONTROL_RSI,17.9,17.9,,29.2,1.13,15.96,-4.89,15.79,-5.0,3.07,4.35,4.51,5.2,8.64,9.08,6.7,4.87,4.63,6.7,4.63,False,6.7,4.63,False,2022Q2
TCB,2022-09-07,CONTROL_RSI,6.0,6.0,,33.0,1.13,17.47,-48.88,0.34,-5.0,-3.09,-2.66,-2.6,-22.38,-8.27,-6.45,-27.42,-10.25,-8.04,-8.0,-4.34,True,-5.0,-0.88,True,2022Q3
TCB,2022-11-21,CONTROL_RSI,7.7,7.7,,33.7,1.25,10.2,-2.45,39.02,-12.0,14.31,6.1,4.01,25.69,18.42,16.57,24.71,14.17,11.49,24.71,11.49,False,24.71,11.49,False,2022Q4
TCB,2023-02-13,CONTROL_RSI,10.1,10.1,,31.7,1.36,12.26,-2.45,16.8,-5.0,7.18,3.63,2.34,-0.73,-0.25,-0.08,10.6,8.52,7.77,10.6,7.77,False,10.6,7.77,False,2023Q1
TCB,2023-07-14,CONTROL_RSI,11.6,11.6,,31.1,1.22,14.85,-1.55,12.66,-5.0,1.08,-0.54,-0.9,5.32,-0.24,-1.46,1.55,3.34,3.73,1.55,3.73,False,1.55,3.73,False,2023Q3
TCB,2023-09-25,CONTROL_RSI,9.4,9.4,,32.2,1.2,15.18,-17.13,3.29,-5.0,-0.92,1.93,2.52,-4.48,-0.57,0.24,-6.72,-1.97,-1.0,-8.0,2.0,True,-5.0,-0.02,True,2023Q3
TCB,2023-10-23,CONTROL_RSI,13.4,13.4,,30.5,1.07,14.5,-13.24,11.03,-5.0,-11.59,-5.45,-5.0,-1.72,-3.1,-3.2,8.62,2.49,2.04,-8.0,-2.8,True,-5.0,-1.08,True,2023Q4
TCB,2023-11-28,CONTROL_RSI,9.7,9.7,,31.8,1.04,13.83,-1.81,42.01,-5.0,1.66,-0.99,-1.1,3.18,0.93,0.84,41.14,26.98,26.38,41.14,26.38,False,41.14,26.38,False,2023Q4
TCB,2024-06-27,CONTROL_RSI,6.6,6.6,,32.8,1.15,22.37,-11.49,3.22,-5.0,0.22,-1.58,-1.86,-2.95,-1.51,-1.29,0.45,-0.88,-1.08,-8.0,-3.25,True,-5.0,-0.43,True,2024Q2
TCB,2024-08-06,CONTROL_RSI,9.6,9.6,,32.0,1.06,21.37,-7.35,12.49,-5.0,-5.33,-6.44,-6.5,1.78,-2.91,-3.19,5.8,2.69,2.49,5.8,2.49,False,-6.22,-6.81,True,2024Q3
TCB,2024-10-28,CONTROL_RSI,6.4,6.4,,32.9,0.92,22.61,-6.32,5.09,-5.0,-1.06,-0.09,-0.16,-0.62,0.64,0.54,2.12,3.36,3.26,2.12,3.26,False,-5.0,-2.12,True,2024Q4
TCB,2025-04-03,CONTROL_RSI,37.5,37.5,,34.8,1.14,23.04,-7.64,46.18,-5.0,9.94,2.86,1.86,13.45,3.93,2.58,44.31,25.11,22.4,44.31,22.4,False,-7.64,-1.24,True,2025Q2
TCB,2025-09-22,CONTROL_RSI,9.2,9.2,,31.9,1.11,35.83,-16.63,14.79,-5.0,3.46,1.84,1.66,2.9,1.17,0.98,-9.8,-12.49,-12.78,-8.0,-6.77,True,-5.0,-8.07,True,2025Q3
TCB,2025-10-24,CONTROL_RSI,7.9,7.9,,34.0,1.22,35.55,-15.98,5.23,-5.0,-7.43,-2.74,-1.73,-6.47,-4.79,-4.43,-1.38,-12.52,-14.93,-8.0,-1.02,True,-5.0,0.7,True,2025Q4
TCB,2026-03-04,CONTROL_RSI,32.3,32.3,,31.7,1.1,32.32,-14.08,6.06,-5.0,-9.1,-2.14,-1.47,-8.04,-0.29,0.47,-1.3,-0.71,-0.65,-11.36,-0.33,True,-11.36,-0.33,True,2026Q1
TCB,2026-05-20,CONTROL_RSI,12.2,12.2,,31.0,1.04,32.5,-14.46,6.46,-5.46,0.31,3.26,3.38,-4.0,0.68,0.86,-2.46,5.6,5.91,-8.0,2.27,True,-5.46,4.11,True,2026Q2
TCB,2026-06-18,CONTROL_RSI,12.4,12.4,,30.9,1.02,31.25,-11.04,12.64,-5.0,6.88,5.0,4.97,0.64,3.36,3.4,3.84,5.32,5.35,-8.0,-0.37,True,-5.0,0.91,True,2026Q2
TCB,2026-07-17,CONTROL_RSI,22.1,22.1,,27.6,0.99,31.4,-11.46,12.1,-5.0,-10.03,-3.64,-3.73,1.27,4.39,4.34,,,,-8.0,-3.38,True,-5.0,1.33,True,2026Q3
TCB,2019-01-10,CONTROL_RANDOM,,,,26.5,1.27,11.96,-3.85,9.11,-11.32,3.51,3.16,3.06,5.43,-0.33,-1.87,-3.68,-13.0,-15.5,-3.68,-15.5,False,-3.68,-15.5,False,2019Q1
TCB,2019-04-02,CONTROL_RANDOM,,,,18.3,1.13,11.8,-21.78,0.59,-5.0,-1.61,-1.32,-1.29,-9.07,-6.31,-5.96,-18.05,-15.74,-15.45,-8.0,-4.94,True,-5.0,-2.88,True,2019Q2
TCB,2019-05-20,CONTROL_RANDOM,,,,46.0,1.06,11.03,-16.5,1.9,-5.96,-3.08,-1.3,-1.19,-14.87,-10.25,-9.98,-13.42,-11.11,-10.97,-8.0,-3.37,True,-6.07,-1.45,True,2019Q2
TCB,2019-11-13,CONTROL_RANDOM,,,,70.2,1.04,11.43,-17.59,0.96,-5.14,-4.9,-2.34,-2.23,-6.3,-1.79,-1.6,-5.69,1.85,2.18,-8.0,-2.38,True,-5.14,-1.43,True,2019Q4
TCB,2020-02-12,CONTROL_RANDOM,,,,44.6,1.46,10.43,-37.87,6.9,-11.35,4.22,4.12,4.07,-20.42,-2.5,5.8,-8.63,2.24,7.28,-8.44,7.44,True,-11.35,8.3,True,2020Q1
TCB,2020-04-15,CONTROL_RANDOM,,,,59.0,1.18,8.1,-7.16,25.68,-12.0,-3.21,-3.31,-3.33,17.9,9.64,8.16,15.93,3.56,1.35,15.93,1.35,False,15.93,1.35,False,2020Q2
TCB,2020-05-19,CONTROL_RANDOM,,,,93.0,1.2,9.72,-16.67,4.73,-12.0,-0.51,-1.87,-2.15,-3.4,-4.39,-4.6,-6.48,-6.59,-6.61,-8.0,-5.03,True,-12.0,-3.34,True,2020Q2
TCB,2020-07-01,CONTROL_RANDOM,,,,37.8,1.17,9.23,-12.24,12.78,-5.47,4.98,1.34,0.7,-6.72,-1.45,-0.53,12.24,4.84,3.54,-8.0,0.4,True,-5.47,2.93,True,2020Q3
TCB,2020-08-06,CONTROL_RANDOM,,,,38.6,1.15,8.93,-1.34,29.23,-11.1,2.58,1.38,1.19,9.85,4.19,3.32,10.86,-0.2,-1.91,10.86,-1.91,False,10.86,-1.91,False,2020Q3
TCB,2020-09-08,CONTROL_RANDOM,,,,66.2,1.14,9.76,-0.72,19.98,-5.0,1.43,-0.13,-0.35,3.38,-0.7,-1.27,18.95,4.17,2.09,18.95,2.09,False,18.95,2.09,False,2020Q3
TCB,2020-11-02,CONTROL_RANDOM,,,,50.0,1.21,10.09,-1.39,72.15,-5.0,1.29,-0.33,-0.67,12.39,4.69,3.09,53.62,36.49,32.93,53.62,32.93,False,53.62,32.93,False,2020Q4
TCB,2021-04-19,CONTROL_RANDOM,,,,61.9,1.16,19.22,-5.88,41.05,-5.85,-3.85,-0.84,-0.37,22.27,20.99,20.79,24.19,21.7,21.31,24.19,21.31,False,-5.85,-4.1,True,2021Q2
TCB,2021-08-23,CONTROL_RANDOM,,,,35.0,1.36,22.55,-3.59,11.22,-5.0,-0.49,-3.0,-3.9,3.02,-1.13,-2.63,5.68,-7.49,-12.22,5.68,-12.22,False,5.68,-12.22,False,2021Q3
TCB,2021-09-23,CONTROL_RANDOM,,,,64.5,1.35,23.46,-4.73,10.44,-6.15,-3.37,-2.05,-1.59,3.15,0.46,-0.48,-1.71,-11.1,-14.36,-1.71,-14.36,False,-1.71,-14.36,False,2021Q3
TCB,2022-06-03,CONTROL_RANDOM,,,,71.4,1.14,16.86,-9.96,9.61,-7.12,-1.19,3.7,4.37,-0.24,7.09,8.09,6.35,7.84,8.04,-8.0,1.66,True,-7.12,-0.7,True,2022Q2
TCB,2022-11-11,CONTROL_RANDOM,,,,57.7,1.21,10.27,-13.05,38.07,-5.0,0.19,-2.01,-2.47,22.49,12.69,10.64,20.93,10.43,8.23,-13.05,-13.43,True,-13.05,-13.43,True,2022Q4
TCB,2022-12-09,CONTROL_RANDOM,,,,75.0,1.3,13.07,-10.1,8.49,-12.0,3.52,5.52,6.1,-2.83,-2.25,-2.07,-6.89,-5.05,-4.51,-8.0,1.09,True,-6.89,-4.51,False,2022Q4
TCB,2022-12-20,CONTROL_RANDOM,,,,57.0,1.31,12.98,-9.48,5.86,-10.06,-6.78,-5.07,-4.53,3.7,-3.53,-5.8,-6.63,-7.76,-8.12,-8.0,-1.88,True,-6.63,-8.12,False,2022Q4
TCB,2023-03-27,CONTROL_RANDOM,,,,43.4,1.38,12.35,0.0,25.34,-5.0,10.53,8.36,7.54,8.66,10.63,11.37,23.24,16.25,13.62,23.24,13.62,False,23.24,13.62,False,2023Q1
TCB,2023-04-05,CONTROL_RANDOM,,,,79.5,1.38,13.58,-3.09,13.99,-12.0,2.87,4.62,5.29,-0.15,2.58,3.62,9.06,4.56,2.84,9.06,2.84,False,9.06,2.84,False,2023Q2
TCB,2023-06-01,CONTROL_RANDOM,,,,62.0,1.35,14.25,-0.35,14.74,-5.94,5.19,3.04,2.29,5.05,1.73,0.58,9.26,0.12,-3.07,9.26,-3.07,False,9.26,-3.07,False,2023Q2
TCB,2023-09-06,CONTROL_RANDOM,,,,58.0,1.25,16.31,-22.87,2.58,-10.68,-0.98,1.03,1.53,-9.81,1.0,3.71,-16.31,-3.92,-0.81,-8.0,3.11,True,-10.68,3.88,True,2023Q3
TCB,2023-09-12,CONTROL_RANDOM,,,,73.2,1.29,16.38,-23.2,0.98,-6.1,-2.99,-1.16,-0.64,-7.94,-0.08,2.17,-14.16,-4.35,-1.55,-8.0,3.43,True,-6.1,3.76,True,2023Q3
TCB,2023-09-15,CONTROL_RANDOM,,,,61.4,1.28,16.12,-21.96,0.43,-5.0,-5.83,0.08,1.74,-8.75,-1.88,0.05,-11.48,-3.31,-1.01,-8.0,-0.35,True,-5.0,2.57,True,2023Q3
TCB,2023-11-17,CONTROL_RANDOM,,,,70.3,1.08,14.11,-5.6,28.07,-5.0,-3.9,-4.14,-4.16,-1.49,-2.09,-2.13,27.57,14.24,13.17,27.57,13.17,False,-5.0,-6.0,True,2023Q4
TCB,2023-11-24,CONTROL_RANDOM,,,,40.9,1.04,13.86,-3.9,41.34,-5.0,0.79,-1.48,-1.57,3.32,1.3,1.22,40.04,27.09,26.56,40.04,26.56,False,40.04,26.56,False,2023Q4
TCB,2023-11-27,CONTROL_RANDOM,,,,38.4,1.04,13.56,-1.77,44.47,-5.0,2.51,-0.01,-0.11,5.09,2.0,1.87,43.95,28.71,28.08,43.95,28.08,False,43.95,28.08,False,2023Q4
TCB,2023-12-15,CONTROL_RANDOM,,,,66.9,1.03,14.16,-2.61,42.16,-5.0,1.13,-0.16,-0.2,11.58,6.17,5.99,31.71,19.11,18.69,31.71,18.69,False,31.71,18.69,False,2023Q4
TCB,2024-02-27,CONTROL_RANDOM,,,,93.0,1.02,19.45,-6.27,20.1,-12.0,1.7,0.01,-0.03,8.33,5.0,4.93,15.01,11.79,11.72,15.01,11.72,False,15.01,11.72,False,2024Q1
TCB,2024-06-04,CONTROL_RANDOM,,,,58.2,1.17,22.76,-13.01,5.45,-5.0,3.56,2.54,2.37,-1.49,-0.7,-0.56,-3.56,-3.12,-3.04,-8.0,-1.53,True,-5.0,-1.2,True,2024Q2
TCB,2024-06-27,CONTROL_RANDOM,,,,32.8,1.15,22.37,-11.49,3.22,-5.0,0.22,-1.58,-1.86,-2.95,-1.51,-1.29,0.45,-0.88,-1.08,-8.0,-3.25,True,-5.0,-0.43,True,2024Q2
TCB,2024-08-06,CONTROL_RANDOM,,,,32.0,1.06,21.37,-7.35,12.49,-5.0,-5.33,-6.44,-6.5,1.78,-2.91,-3.19,5.8,2.69,2.49,5.8,2.49,False,-6.22,-6.81,True,2024Q3
TCB,2024-10-15,CONTROL_RANDOM,,,,57.7,0.89,23.09,-8.27,2.9,-5.0,0.0,0.7,0.62,-4.33,-1.69,-1.98,-1.04,1.62,1.33,-8.0,-3.64,True,-5.0,-2.56,True,2024Q4
TCB,2024-10-30,CONTROL_RANDOM,,,,37.4,0.92,22.9,-7.51,3.76,-5.0,-0.61,-0.57,-0.58,-1.66,-0.22,-0.34,3.1,2.72,2.75,3.1,2.75,False,-5.0,-3.97,True,2024Q4
TCB,2024-12-26,CONTROL_RANDOM,,,,55.6,1.04,23.38,-5.52,16.3,-5.0,-3.68,-1.39,-1.29,-1.03,0.74,0.81,12.23,9.78,9.68,12.23,9.68,False,-5.3,-2.05,True,2024Q4
TCB,2025-03-31,CONTROL_RANDOM,,,,40.7,1.25,26.24,-18.9,26.71,-5.0,-14.18,2.48,6.65,-3.66,1.9,3.29,24.35,19.55,18.35,-12.2,-2.45,True,-5.0,2.92,True,2025Q1
TCB,2025-04-03,CONTROL_RANDOM,,,,34.8,1.14,23.04,-7.64,46.18,-5.0,9.94,2.86,1.86,13.45,3.93,2.58,44.31,25.11,22.4,44.31,22.4,False,-7.64,-1.24,True,2025Q2
TCB,2025-06-30,CONTROL_RANDOM,,,,90.2,1.08,32.63,-1.47,24.27,-7.49,3.22,0.51,0.29,-0.86,-9.22,-9.89,13.76,-7.13,-8.81,13.76,-8.81,False,13.76,-8.81,False,2025Q2
TCB,2025-09-16,CONTROL_RANDOM,,,,63.7,1.1,37.55,-14.06,9.53,-5.61,-1.41,-0.18,-0.06,6.42,1.66,1.17,-12.09,-14.53,-14.78,-8.0,-6.32,True,-5.61,-5.95,True,2025Q3
TCB,2026-05-25,CONTROL_RANDOM,,,,49.0,1.04,32.5,-14.46,6.46,-5.39,-1.85,1.47,1.6,-1.38,-0.32,-0.28,-5.08,3.24,3.55,-8.0,0.71,True,-5.39,2.61,True,2026Q2
VHM,2019-06-13,WATCH,47.3,47.3,15.0,23.7,1.38,27.63,-3.18,15.2,-5.0,-0.4,-1.51,-1.93,5.43,2.61,1.54,13.5,10.81,9.79,13.5,9.79,False,13.5,9.79,False,2019Q2
VHM,2019-11-26,WATCH,42.1,42.1,25.0,7.8,1.52,33.17,-15.5,0.0,-5.0,-1.81,-0.47,0.23,-10.46,-8.62,-7.65,-13.57,-5.34,-1.03,-8.0,-5.27,True,-5.0,-2.09,True,2019Q4
VHM,2020-02-26,WATCH,45.9,45.9,0.0,25.2,0.96,28.35,-34.92,2.01,-5.0,1.38,1.25,1.25,-23.67,-1.48,-2.35,-4.37,-1.79,-1.89,-11.15,-5.26,True,-5.0,1.1,True,2020Q1
VHM,2020-03-12,PANIC70_ANY,73.9,73.9,15.0,10.1,0.96,23.77,-22.38,18.68,-5.0,-4.75,-1.24,-1.39,0.46,-3.64,-3.46,15.69,-6.66,-5.66,-10.43,-1.47,True,-10.43,-1.47,True,2020Q1
VHM,2020-03-27,WATCH,65.0,65.0,20.0,23.7,1.05,19.8,-6.82,42.47,-7.36,18.28,5.81,5.18,15.76,0.2,-0.6,35.3,6.58,5.11,35.3,5.11,False,35.3,5.11,False,2020Q1
VHM,2020-04-28,WATCH,43.6,43.6,25.0,27.1,1.04,22.92,-2.01,28.49,-5.0,9.77,3.9,3.69,18.59,6.11,5.66,17.63,9.75,9.46,17.63,9.46,False,17.63,9.46,False,2020Q2
VHM,2020-07-27,WATCH,57.4,57.4,0.0,22.7,1.11,25.26,0.0,15.44,-5.0,10.97,5.77,5.2,11.8,0.69,-0.53,7.32,-12.04,-14.16,7.32,-14.16,False,7.32,-14.16,False,2020Q3
VHM,2021-01-28,WATCH,40.2,40.2,25.0,36.1,1.01,29.8,0.0,33.83,-5.0,18.22,5.34,5.15,17.15,0.08,-0.17,18.59,-7.26,-7.65,18.59,-7.65,False,18.59,-7.65,False,2021Q1
VHM,2022-04-20,WATCH,40.4,40.4,0.0,7.5,1.14,31.11,-10.96,8.81,-5.0,-3.02,-1.65,-1.46,0.29,11.31,12.82,-8.68,5.43,7.37,-8.0,-3.11,True,-5.0,-0.11,True,2022Q2
VHM,2022-07-06,WATCH,47.3,47.3,20.0,7.4,0.81,28.41,-19.99,6.93,-5.0,1.87,-1.02,-0.46,6.76,-2.4,-0.62,-14.57,-9.13,-10.19,-8.0,-9.23,True,-5.0,-6.78,True,2022Q3
VHM,2022-09-28,WATCH,47.0,47.0,0.0,19.9,0.75,25.09,-20.84,11.88,-5.0,2.87,10.01,8.21,-15.54,-4.39,-7.2,-5.98,5.64,2.71,-8.0,-3.43,True,-5.0,-0.43,True,2022Q3
VHM,2022-10-26,WATCH,62.2,62.2,35.0,15.7,0.77,20.9,-4.98,34.31,-7.22,3.68,1.17,1.74,3.68,8.42,7.35,22.78,10.48,13.26,22.78,13.26,False,22.78,13.26,False,2022Q4
VHM,2023-02-08,WATCH,46.4,46.4,15.0,27.6,1.07,21.98,-13.69,17.65,-5.0,-6.92,-5.81,-5.74,-7.1,-5.78,-5.68,8.01,9.53,9.64,-8.0,-5.81,True,-5.0,-1.85,True,2023Q1
VHM,2023-08-24,WATCH,42.1,42.1,0.0,23.0,1.39,26.72,-33.76,2.73,-5.0,-0.34,-4.2,-5.73,-18.9,-14.61,-12.91,-29.53,-22.92,-20.32,-8.0,-12.08,True,-5.0,-9.06,True,2023Q3
VHM,2023-09-26,WATCH,46.2,46.2,0.0,21.9,1.4,21.67,-18.32,6.65,-5.0,-0.92,0.05,0.43,-0.23,3.11,4.43,-11.21,-7.79,-6.44,-11.12,-1.43,True,-5.0,1.35,True,2023Q3
VHM,2023-10-27,PANIC70_ANY,80.3,80.3,0.0,23.9,1.33,18.78,-5.75,13.05,-5.0,5.11,1.73,0.6,2.02,-1.21,-2.28,8.57,-3.14,-7.06,8.57,-7.06,False,-5.0,-3.18,True,2023Q4
VHM,2023-10-30,WATCH,59.9,59.9,0.0,18.5,1.31,18.87,-6.2,12.51,-5.88,2.07,-1.25,-2.28,3.97,-0.79,-2.28,8.43,-3.76,-7.55,8.43,-7.55,False,8.43,-7.55,False,2023Q4
VHM,2024-08-05,WATCH,41.1,41.1,15.0,13.1,0.82,16.76,-2.33,39.5,-5.0,4.42,1.67,2.16,25.72,19.81,20.88,19.21,13.62,14.63,19.21,14.63,False,19.21,14.63,False,2024Q3
VHM,2025-10-31,WATCH,50.5,50.5,35.0,22.8,1.31,47.96,-12.76,51.5,-5.0,-12.76,-8.87,-7.66,6.11,2.64,1.56,4.71,-4.92,-7.91,-9.45,-4.34,True,-5.0,-1.38,True,2025Q4
VHM,2026-01-27,WATCH,53.2,53.2,25.0,18.8,1.55,52.05,-19.52,44.23,-5.0,-15.54,-13.03,-11.64,-13.51,-12.45,-11.87,31.35,30.46,29.97,-8.0,-5.37,True,-5.0,-2.37,True,2026Q1
VHM,2026-03-09,WATCH,45.8,45.8,20.0,32.7,1.57,43.48,-2.21,91.9,-6.71,12.95,10.2,8.64,27.35,26.56,26.12,68.33,57.85,51.92,68.33,51.92,False,68.33,51.92,False,2026Q1
VHM,2026-06-17,WATCH,54.0,54.0,0.0,14.9,1.56,69.53,-8.96,17.5,-12.0,8.37,6.14,4.88,2.69,3.68,4.24,2.69,3.31,3.65,-8.0,5.2,True,2.69,3.65,False,2026Q2
VHM,2026-07-22,WATCH,51.4,51.4,0.0,23.6,1.46,63.35,-0.08,28.97,-5.0,16.73,11.92,9.68,9.71,5.52,3.57,,,,8.92,0.6,False,8.92,0.6,False,2026Q3
VHM,2026-09-24,WATCH,43.7,43.7,0.0,17.3,1.6,65.4,-0.31,8.56,-5.0,3.82,5.83,7.03,,,,,,,5.5,6.79,False,5.5,6.79,False,2026Q3
VHM,2020-04-03,ENTRY_V2_LOOSE,67.7,89.7,50.0,27.3,1.07,21.29,-2.35,32.5,-12.0,12.17,5.24,4.79,11.65,2.38,1.77,28.14,10.37,9.19,28.14,9.19,False,28.14,9.19,False,2020Q2
VHM,2020-04-07,ENTRY_V2,,89.7,75.0,44.8,1.11,22.88,-1.84,23.3,-12.0,5.16,0.13,-0.41,9.97,0.01,-1.06,20.63,6.09,4.54,20.63,4.54,False,20.63,4.54,False,2020Q2
VHM,2023-11-08,ENTRY_V2,,80.3,60.0,44.4,1.25,20.03,-8.54,5.99,-12.0,-1.1,-1.91,-2.12,-4.54,-5.0,-5.11,-0.95,-5.98,-7.21,-8.0,-5.68,True,-0.95,-7.21,False,2023Q4
VHM,2023-11-10,ENTRY_V2_LOOSE,,80.3,45.0,42.1,1.25,20.51,-10.68,3.51,-12.0,-8.58,-8.58,-8.58,-3.75,-5.73,-6.23,-3.75,-11.44,-13.35,-8.0,-7.72,True,-3.75,-13.35,False,2023Q4
VHM,2019-01-02,CONTROL_RSI,30.1,30.1,,18.5,1.19,25.28,-1.66,34.1,-5.0,3.44,2.48,2.3,10.96,8.61,8.17,27.57,16.66,14.59,27.57,14.59,False,27.57,14.59,False,2019Q1
VHM,2019-04-18,CONTROL_RSI,17.2,17.2,,34.3,1.38,31.2,-14.26,3.72,-5.0,3.37,2.19,1.74,-2.82,-4.42,-5.04,-5.61,-7.09,-7.65,-8.0,-6.8,True,-5.0,-1.96,True,2019Q2
VHM,2019-05-21,CONTROL_RSI,24.2,24.2,,26.9,1.3,30.22,-11.48,5.33,-5.0,-3.01,-1.45,-0.98,-9.4,-5.62,-4.49,-2.55,-0.72,-0.17,-8.0,-3.29,True,-5.0,-1.43,True,2019Q2
VHM,2019-06-18,CONTROL_RSI,39.2,39.2,,20.2,1.39,27.34,-1.9,16.42,-5.0,1.32,0.24,-0.18,7.72,4.17,2.78,12.77,9.9,8.78,12.77,8.78,False,12.77,8.78,False,2019Q2
VHM,2019-10-07,CONTROL_RSI,15.5,15.5,,29.8,1.4,31.58,-8.11,14.95,-5.0,-2.94,-3.9,-4.29,9.97,5.83,4.17,-4.72,-2.42,-1.49,-8.0,-4.47,True,-5.0,-0.37,True,2019Q4
VHM,2019-11-25,CONTROL_RSI,39.0,39.0,,23.1,1.52,33.35,-14.57,0.12,-5.18,-2.34,0.01,1.22,-10.94,-9.16,-8.23,-13.94,-5.71,-1.47,-8.0,-5.69,True,-5.18,-2.69,True,2019Q4
VHM,2019-12-23,CONTROL_RSI,32.9,32.9,,6.4,1.45,29.55,-35.16,7.45,-5.0,1.83,1.66,1.59,7.34,4.01,2.5,-29.04,-0.98,11.63,-8.0,10.72,True,-5.0,4.21,True,2019Q4
VHM,2020-02-18,CONTROL_RSI,1.4,1.4,,34.5,0.97,30.37,-39.25,1.98,-5.0,-5.5,-2.21,-2.31,-18.8,0.49,-0.08,-16.0,-6.35,-6.64,-8.3,-3.67,True,-5.0,-3.25,True,2020Q1
VHM,2020-04-29,CONTROL_RSI,39.3,39.3,,27.2,1.03,22.57,-0.35,30.48,-5.0,15.55,7.43,7.16,24.32,9.64,9.13,11.48,8.99,8.91,11.48,8.91,False,11.48,8.91,False,2020Q2
VHM,2020-06-15,CONTROL_RSI,35.4,35.4,,30.5,1.07,25.83,-2.59,14.01,-5.27,6.74,4.46,4.29,10.57,8.3,8.14,7.98,3.21,2.86,7.98,2.86,False,7.98,2.86,False,2020Q2
VHM,2020-07-24,CONTROL_RSI,14.4,14.4,,31.5,1.1,25.55,-1.53,14.13,-5.0,9.0,6.42,6.15,11.08,1.69,0.71,5.83,-13.09,-15.07,5.83,-15.07,False,5.83,-15.07,False,2020Q3
VHM,2020-08-27,CONTROL_RSI,3.1,3.1,,34.1,1.12,28.03,-5.21,2.78,-5.0,0.11,-0.65,-0.75,-3.03,-6.54,-6.98,2.03,-10.75,-12.34,2.03,-12.34,False,-5.0,-8.62,True,2020Q3
VHM,2020-09-25,CONTROL_RSI,12.6,12.6,,30.8,1.07,27.43,-3.14,13.96,-5.0,-1.71,-2.1,-2.12,1.53,-2.81,-3.12,12.65,-5.99,-7.3,12.65,-7.3,False,12.65,-7.3,False,2020Q3
VHM,2021-01-29,CONTROL_RSI,36.3,36.3,,34.9,1.06,33.21,-5.99,20.08,-12.0,1.17,-1.34,-1.49,3.85,-6.71,-7.33,5.45,-12.91,-13.98,5.45,-13.98,False,5.45,-13.98,False,2021Q1
VHM,2021-03-12,CONTROL_RSI,17.3,17.3,,29.2,1.12,35.44,-5.78,12.53,-6.04,-0.59,-1.48,-1.59,1.92,-3.87,-4.58,4.2,-7.59,-9.03,4.2,-9.03,False,4.2,-9.03,False,2021Q1
VHM,2021-05-13,CONTROL_RSI,30.0,30.0,,24.5,1.13,34.56,-0.52,23.61,-5.0,6.66,5.27,5.09,8.83,2.09,1.19,16.93,11.0,10.21,16.93,10.21,False,16.93,10.21,False,2021Q2
VHM,2021-07-19,CONTROL_RSI,23.4,23.4,,29.5,1.12,37.47,-5.12,15.43,-5.0,2.08,-0.61,-0.94,5.1,-4.52,-5.7,-1.49,-13.42,-14.89,-1.49,-14.89,False,-5.0,-14.68,True,2021Q3
VHM,2021-08-27,CONTROL_RSI,28.8,28.8,,25.4,1.07,38.0,-6.45,6.97,-5.0,0.74,-0.82,-0.93,-3.74,-5.72,-5.86,3.05,-10.32,-11.26,3.05,-11.26,False,-5.0,-7.17,True,2021Q3
VHM,2021-10-01,CONTROL_RSI,3.3,3.3,,33.9,1.09,36.02,-1.03,13.63,-5.0,5.19,0.76,0.38,9.49,1.7,1.03,7.55,-3.98,-4.97,7.55,-4.97,False,7.55,-4.97,False,2021Q4
VHM,2021-11-22,CONTROL_RSI,1.4,1.4,,34.5,1.08,37.89,-6.55,8.02,-5.0,4.46,2.31,2.13,6.18,4.0,3.83,-1.95,-6.45,-6.81,-1.95,-6.81,False,-5.0,-4.38,True,2021Q4
VHM,2022-01-18,CONTROL_RSI,16.1,16.1,,31.4,1.02,36.02,-16.88,9.11,-5.0,5.47,2.49,2.43,3.14,-1.98,-2.09,-16.88,-12.12,-12.02,-8.0,-9.41,True,-5.0,-6.18,True,2022Q1
VHM,2022-02-25,CONTROL_RSI,9.8,9.8,,31.7,1.18,36.63,-24.38,0.38,-5.0,-2.68,-2.65,-2.65,-4.34,-3.26,-3.07,-12.26,3.14,5.85,-8.0,-5.86,True,-5.0,-2.99,True,2022Q1
VHM,2022-04-12,CONTROL_RSI,30.0,30.0,,25.0,1.15,34.24,-19.1,0.44,-5.0,-8.73,-3.61,-2.83,-7.1,11.86,14.74,-14.22,5.52,8.52,-8.0,-2.1,True,-5.0,-2.88,True,2022Q2
VHM,2022-06-17,CONTROL_RSI,14.2,14.2,,30.3,0.85,31.73,-11.53,0.16,-5.0,-3.62,-2.35,-2.54,-10.46,-7.03,-7.54,-8.95,-10.79,-10.51,-8.0,-5.41,True,-5.0,-3.55,True,2022Q2
VHM,2022-07-15,CONTROL_RSI,21.9,21.9,,27.7,0.79,28.89,-21.32,5.16,-5.0,-1.83,-2.15,-2.09,2.49,-5.06,-3.51,-12.5,0.16,-2.44,-8.0,-6.78,True,-5.0,-7.01,True,2022Q3
VHM,2022-08-22,CONTROL_RSI,22.5,22.5,,27.5,0.73,28.5,-30.32,4.42,-5.0,1.19,-0.88,-0.32,-2.53,0.57,-0.27,-18.98,3.69,-2.45,-8.0,-2.94,True,-5.0,-0.4,True,2022Q3
VHM,2022-09-22,CONTROL_RSI,8.4,8.4,,32.2,0.72,27.69,-28.28,1.37,-5.0,-11.85,-5.21,-7.06,-16.61,-0.71,-5.14,-14.27,-1.06,-4.74,-8.0,-3.9,True,-5.0,-2.26,True,2022Q3
VHM,2022-10-24,CONTROL_RSI,38.8,38.8,,32.4,0.75,21.47,-7.5,30.74,-5.0,0.93,-4.5,-3.14,1.58,4.48,3.75,17.75,5.73,8.75,17.75,8.75,False,-5.0,-4.6,True,2022Q4
VHM,2022-12-22,CONTROL_RSI,25.8,25.8,,27.2,1.04,23.79,-20.26,9.08,-8.72,-2.86,-1.24,-1.16,4.25,-3.46,-3.8,-2.06,-4.85,-4.97,-8.0,-6.05,True,-8.72,-13.67,True,2022Q4
VHM,2023-02-07,CONTROL_RSI,13.7,13.7,,32.5,1.07,22.49,-15.65,14.98,-5.0,-9.03,-7.21,-7.08,-9.34,-7.61,-7.49,5.78,7.1,7.2,-8.0,-5.1,True,-5.0,-2.6,True,2023Q1
VHM,2023-03-10,CONTROL_RSI,3.0,3.0,,34.0,1.08,20.61,-0.58,31.78,-9.58,-0.58,1.7,1.88,16.35,14.59,14.45,29.45,24.26,23.85,29.45,23.85,False,29.45,23.85,False,2023Q1
VHM,2023-04-26,CONTROL_RSI,6.7,6.7,,33.0,1.21,23.11,-2.38,23.97,-5.0,2.73,1.54,1.29,14.37,10.85,10.11,22.11,7.27,4.16,22.11,4.16,False,22.11,4.16,False,2023Q2
VHM,2023-08-18,CONTROL_RSI,31.4,31.4,,31.3,1.34,27.35,-35.28,0.69,-5.0,-3.69,-5.79,-6.51,-10.75,-14.92,-16.34,-27.02,-22.39,-20.81,-8.0,-15.79,True,-5.0,-10.31,True,2023Q3
VHM,2023-09-19,CONTROL_RSI,18.9,18.9,,30.6,1.47,23.93,-26.03,3.43,-5.0,-9.24,-4.38,-2.09,-12.87,-3.86,0.4,-18.01,-9.89,-6.05,-8.0,1.07,True,-5.0,2.22,True,2023Q3
VHM,2023-10-26,CONTROL_RSI,25.1,25.1,,34.1,1.35,19.26,-8.1,10.23,-5.0,1.25,-0.39,-0.97,-2.23,-5.65,-6.85,7.48,-4.18,-8.25,-8.0,-5.48,True,-5.0,-2.48,True,2023Q4
VHM,2023-12-19,CONTROL_RSI,0.9,0.9,,34.7,1.21,19.19,-0.89,17.2,-5.0,5.11,2.93,2.47,8.39,1.93,0.57,7.66,-8.58,-11.99,7.66,-11.99,False,7.66,-11.99,False,2023Q4
VHM,2024-02-07,CONTROL_RSI,10.5,10.5,,31.5,1.14,20.3,-5.81,10.79,-5.0,6.26,4.24,3.97,1.77,-3.31,-4.0,-4.53,-8.8,-9.37,-4.53,-9.37,False,-5.0,-8.5,True,2024Q1
VHM,2024-03-13,CONTROL_RSI,0.3,0.3,,34.9,1.1,20.9,-13.16,3.21,-5.0,-1.15,-1.18,-1.18,1.72,3.12,3.26,-11.29,-13.19,-13.38,-8.0,-4.91,True,-5.0,0.2,True,2024Q1
VHM,2024-04-23,CONTROL_RSI,23.6,23.6,,28.1,0.94,19.43,-9.06,3.45,-5.0,1.96,-2.69,-2.39,-1.39,-8.23,-7.8,-6.07,-11.82,-11.45,-8.0,-13.34,True,-5.0,-12.73,True,2024Q2
VHM,2024-05-24,CONTROL_RSI,14.8,14.8,,31.4,0.9,19.19,-14.7,0.89,-5.0,-1.41,-2.72,-2.58,-6.04,-5.31,-5.38,-3.13,-2.98,-3.0,-8.0,-7.15,True,-5.0,-7.61,True,2024Q2
VHM,2024-06-21,CONTROL_RSI,33.1,33.1,,21.1,0.91,18.18,-9.96,19.58,-5.0,-0.17,1.91,1.72,0.39,2.46,2.27,16.28,17.55,17.44,-8.0,-4.84,True,-5.0,-1.84,True,2024Q2
VHM,2024-07-29,CONTROL_RSI,17.1,17.1,,29.3,0.8,17.86,-8.34,30.91,-5.0,-6.16,-3.2,-3.78,11.59,8.92,9.45,18.2,17.38,17.54,-8.0,-4.2,True,-5.0,-4.32,True,2024Q3
VHM,2024-10-07,CONTROL_RSI,21.8,21.8,,27.7,0.82,19.96,-5.31,17.13,-5.0,7.72,7.0,7.13,0.1,2.16,1.8,-3.51,-3.1,-3.17,-3.51,-3.17,False,-5.0,-3.6,True,2024Q4
VHM,2024-11-05,CONTROL_RSI,5.3,5.3,,33.7,0.82,19.98,-7.11,5.31,-5.0,-2.9,-2.49,-2.56,-3.35,-2.49,-2.64,-6.51,-8.13,-7.84,-6.51,-7.84,False,-5.0,-4.94,True,2024Q4
VHM,2024-12-10,CONTROL_RSI,1.2,1.2,,34.6,0.84,19.72,-8.22,20.99,-5.0,-0.15,0.42,0.32,-1.37,0.79,0.44,16.73,12.57,13.24,-8.0,-7.68,True,-5.0,-2.52,True,2024Q4
VHM,2025-01-08,CONTROL_RSI,14.2,14.2,,30.3,0.87,19.26,-6.02,34.27,-5.0,0.0,0.66,0.57,-3.12,-4.7,-4.49,33.75,36.0,35.7,33.75,35.7,False,-5.0,-5.88,True,2025Q1
VHM,2025-02-12,CONTROL_RSI,30.0,30.0,,15.7,0.96,18.25,0.0,67.29,-5.0,6.96,4.93,5.0,26.14,21.48,21.64,59.34,55.99,56.11,59.34,56.11,False,59.34,56.11,False,2025Q1
VHM,2025-06-16,CONTROL_RSI,15.4,15.4,,31.3,0.95,32.69,-1.32,57.45,-5.0,13.86,12.14,12.22,28.72,20.02,20.43,55.98,32.61,33.72,55.98,33.72,False,55.98,33.72,False,2025Q2
VHM,2025-10-02,CONTROL_RSI,8.1,8.1,,32.3,1.14,47.48,-11.88,33.36,-6.19,24.73,18.9,18.1,0.59,1.3,1.4,11.54,6.79,6.14,-8.53,-3.65,True,-6.19,-2.59,True,2025Q4
VHM,2025-10-30,CONTROL_RSI,33.9,33.9,,27.6,1.27,49.98,-16.29,45.38,-7.57,-11.36,-7.14,-5.99,-0.86,-2.14,-2.49,6.54,-3.09,-5.73,-8.0,-2.62,True,-7.57,-2.19,True,2025Q4
VHM,2025-12-12,CONTROL_RSI,7.9,7.9,,34.4,1.34,45.65,-8.24,59.17,-5.0,13.27,6.89,4.71,33.21,18.11,12.97,7.58,3.45,2.05,-8.0,-22.04,True,-5.0,-19.04,True,2025Q4
VHM,2026-01-26,CONTROL_RSI,21.1,21.1,,31.4,1.53,56.58,-25.96,32.68,-5.0,-17.2,-15.54,-14.67,-20.43,-18.76,-17.88,24.25,23.7,23.41,-11.06,-8.66,True,-11.06,-8.66,True,2026Q1
VHM,2026-03-10,CONTROL_RSI,34.1,34.1,,32.2,1.56,42.95,0.0,94.27,-5.62,14.34,12.08,10.8,37.88,33.07,30.35,64.47,57.63,53.77,64.47,53.77,False,64.47,53.77,False,2026Q1
VHM,2026-06-12,CONTROL_RSI,22.8,22.8,,29.8,1.56,67.41,-7.86,21.2,-5.0,11.01,8.03,6.37,6.07,6.27,6.39,8.44,7.06,6.28,8.44,6.28,False,-6.29,-6.46,True,2026Q2
VHM,2026-07-14,CONTROL_RSI,6.9,6.9,,32.7,1.44,70.4,-10.09,16.05,-5.0,-9.87,-2.26,1.1,4.83,5.54,5.85,,,,-8.0,2.97,True,-5.0,5.97,True,2026Q3
VHM,2026-09-21,CONTROL_RSI,31.2,31.2,,27.6,1.61,68.4,-4.68,3.8,-5.0,2.05,3.22,3.94,,,,,,,0.88,4.43,False,0.88,4.43,False,2026Q3
VHM,2019-01-29,CONTROL_RANDOM,,,,77.5,1.18,28.19,-1.38,20.26,-5.0,-0.5,-3.91,-4.51,14.15,5.36,3.8,9.33,4.57,3.73,9.33,3.73,False,9.33,3.73,False,2019Q1
VHM,2019-04-22,CONTROL_RANDOM,,,,39.7,1.4,31.45,-14.94,2.89,-5.0,0.76,-0.2,-0.59,-5.82,-6.36,-6.57,-5.82,-7.63,-8.36,-8.0,-8.65,True,-5.25,-2.65,True,2019Q2
VHM,2019-06-11,CONTROL_RANDOM,,,,23.4,1.37,28.57,-6.37,11.41,-5.0,-4.17,-3.03,-2.61,2.35,0.99,0.49,10.54,8.85,8.23,10.54,8.23,False,-5.0,-2.64,True,2019Q2
VHM,2019-08-06,CONTROL_RANDOM,,,,48.8,1.63,29.8,-3.56,7.75,-5.0,-1.17,-1.35,-1.47,5.97,4.98,4.36,5.97,2.7,0.65,5.97,0.65,False,5.97,0.65,False,2019Q3
VHM,2019-08-19,CONTROL_RANDOM,,,,53.0,1.56,29.87,0.0,21.53,-5.22,2.88,3.61,4.01,7.37,6.23,5.59,15.33,12.4,10.77,15.33,10.77,False,15.33,10.77,False,2019Q3
VHM,2019-10-24,CONTROL_RANDOM,,,,17.3,1.39,30.51,-5.8,18.98,-5.0,10.72,8.54,7.68,8.72,10.34,10.98,0.0,1.54,2.14,0.0,2.14,False,-5.0,1.3,True,2019Q4
VHM,2019-11-21,CONTROL_RANDOM,,,,50.5,1.52,34.03,-15.55,0.0,-5.0,-4.17,-1.96,-0.81,-12.22,-8.57,-6.67,-12.43,-3.43,1.24,-8.0,-3.04,True,-5.0,-1.64,True,2019Q4
VHM,2020-01-09,CONTROL_RANDOM,,,,46.1,1.41,29.55,-37.56,7.45,-5.0,3.25,1.4,0.64,5.18,7.65,8.65,-19.19,1.14,9.43,-8.0,10.41,True,-5.0,4.19,True,2020Q1
VHM,2020-01-20,CONTROL_RANDOM,,,,52.8,1.26,30.51,-39.53,4.06,-6.64,-0.33,4.75,6.05,-3.38,3.69,5.49,-23.96,-2.52,2.96,-8.0,2.31,True,-7.08,3.23,True,2020Q1
VHM,2020-02-24,CONTROL_RANDOM,,,,41.4,0.96,29.2,-36.82,1.82,-5.0,-2.19,-1.82,-1.83,-32.81,-6.55,-7.63,-7.05,-2.44,-2.63,-8.0,-1.73,True,-5.0,1.27,True,2020Q1
VHM,2020-04-24,CONTROL_RANDOM,,,,58.4,1.06,23.24,-3.36,26.72,-5.0,2.28,1.25,1.19,14.03,3.33,2.7,18.33,7.94,7.33,18.33,7.33,False,18.33,7.33,False,2020Q2
VHM,2020-07-13,CONTROL_RANDOM,,,,55.2,1.09,27.96,-10.01,5.33,-6.91,0.0,0.38,0.42,0.75,3.29,3.5,-2.54,-8.86,-9.41,-8.62,1.41,True,-8.62,1.41,True,2020Q3
VHM,2020-10-14,CONTROL_RANDOM,,,,59.1,1.15,27.92,-4.84,22.99,-5.52,-1.5,-1.99,-2.06,-1.9,-3.38,-3.59,22.49,-1.04,-4.46,22.49,-4.46,False,22.49,-4.46,False,2020Q4
VHM,2021-06-22,CONTROL_RANDOM,,,,65.1,1.1,39.74,-8.05,8.83,-8.72,5.36,3.52,3.33,-3.57,4.55,5.4,-4.4,-2.2,-1.97,-8.0,0.77,True,-4.4,-1.97,False,2021Q2
VHM,2022-01-04,CONTROL_RANDOM,,,,59.9,1.02,39.81,-13.74,2.71,-5.42,-1.76,-0.77,-0.75,-4.22,-2.9,-2.87,-10.32,-10.15,-10.15,-8.0,-2.21,True,-5.42,-0.56,True,2022Q1
VHM,2022-03-23,CONTROL_RANDOM,,,,46.5,1.18,36.02,-23.1,0.67,-5.72,-1.55,-0.77,-0.63,-15.96,-7.67,-6.2,-13.1,8.93,12.84,-8.0,-4.45,True,-5.72,-3.63,True,2022Q1
VHM,2022-03-25,CONTROL_RANDOM,,,,48.7,1.18,35.23,-21.37,2.92,-5.0,1.33,-0.96,-1.38,-13.68,-3.68,-1.87,-13.62,6.61,10.26,-8.0,-3.42,True,-5.0,-2.48,True,2022Q1
VHM,2022-04-01,CONTROL_RANDOM,,,,58.0,1.16,36.02,-23.1,0.67,-5.0,-5.19,-0.38,0.41,-10.63,0.37,2.16,-16.99,4.68,8.2,-8.0,-2.65,True,-5.0,0.6,True,2022Q2
VHM,2022-07-05,CONTROL_RANDOM,,,,10.4,0.8,28.99,-20.28,4.79,-5.0,-0.17,-0.74,-0.63,2.79,-4.27,-2.89,-15.8,-12.79,-13.38,-8.0,-8.49,True,-5.0,-8.27,True,2022Q3
VHM,2022-07-21,CONTROL_RANDOM,,,,34.6,0.78,28.36,-19.85,7.12,-5.0,1.69,1.09,1.23,2.05,-3.79,-2.51,-14.25,-2.95,-5.44,-8.0,-5.88,True,-5.0,-3.39,True,2022Q3
VHM,2022-08-16,CONTROL_RANDOM,,,,65.3,0.73,29.61,-32.93,0.51,-5.0,-2.9,-2.93,-2.93,-3.07,0.27,-0.63,-28.2,-2.96,-9.82,-8.14,-2.3,True,-5.0,-0.93,True,2022Q3
VHM,2022-08-22,CONTROL_RANDOM,,,,27.5,0.73,28.5,-30.32,4.42,-5.0,1.19,-0.88,-0.32,-2.53,0.57,-0.27,-18.98,3.69,-2.45,-8.0,-2.94,True,-5.0,-0.4,True,2022Q3
VHM,2022-08-30,CONTROL_RANDOM,,,,37.7,0.73,28.84,-31.14,3.19,-5.0,0.0,2.17,1.58,-15.36,-4.05,-7.13,-21.53,2.36,-4.14,-8.0,-1.73,True,-5.0,-1.48,True,2022Q3
VHM,2022-09-27,CONTROL_RANDOM,,,,25.8,0.73,25.81,-23.05,8.76,-5.0,0.35,5.03,3.77,-18.83,-4.57,-8.41,-9.53,2.52,-0.72,-8.0,-6.33,True,-6.7,-5.04,True,2022Q3
VHM,2022-10-11,CONTROL_RANDOM,,,,26.5,0.73,24.94,-20.37,12.55,-11.2,-3.45,-8.81,-7.36,-13.99,-11.96,-12.51,-4.05,-8.99,-7.66,-8.0,-9.0,True,-11.2,-9.76,True,2022Q4
VHM,2022-11-16,CONTROL_RANDOM,,,,57.2,0.79,21.67,-7.57,29.53,-10.52,0.0,0.55,0.43,12.64,1.9,4.15,-3.78,-14.95,-12.61,-3.78,-12.61,False,-3.78,-12.61,False,2022Q4
VHM,2023-02-06,CONTROL_RANDOM,,,,42.1,1.07,23.11,-17.91,11.9,-5.0,-10.95,-6.4,-6.08,-11.86,-7.24,-6.91,2.08,6.47,6.78,-8.0,-3.63,True,-5.0,-2.63,True,2023Q1
VHM,2023-03-06,CONTROL_RANDOM,,,,46.6,1.09,20.56,-3.26,32.1,-9.55,4.82,4.22,4.17,19.46,15.15,14.78,25.05,19.55,19.08,25.05,19.08,False,25.05,19.08,False,2023Q1
VHM,2023-05-23,CONTROL_RANDOM,,,,75.2,1.31,25.86,-1.31,23.28,-10.15,-0.39,-0.95,-1.13,1.66,-2.95,-4.38,17.13,0.84,-4.21,17.13,-4.21,False,17.13,-4.21,False,2023Q2
VHM,2023-05-30,CONTROL_RANDOM,,,,78.6,1.25,26.48,-3.63,20.39,-6.48,0.57,-2.32,-3.04,0.76,-4.8,-6.19,-0.91,-9.64,-11.82,-0.91,-11.82,False,-0.91,-11.82,False,2023Q2
VHM,2024-01-08,CONTROL_RANDOM,,,,77.1,1.22,20.78,-5.25,8.23,-7.58,-1.15,-1.28,-1.3,-5.0,-7.31,-7.81,0.1,-8.61,-10.49,0.1,-10.49,False,0.1,-10.49,False,2024Q1
VHM,2024-03-14,CONTROL_RANDOM,,,,45.8,1.09,20.66,-12.15,4.4,-5.0,-0.24,-1.67,-1.8,3.73,2.71,2.62,-10.84,-13.83,-14.1,-8.0,-8.77,True,-5.0,-0.85,True,2024Q1
VHM,2024-06-11,CONTROL_RANDOM,,,,22.4,0.92,18.37,-10.89,16.49,-5.0,-0.38,0.03,-0.01,0.27,0.2,0.21,15.08,15.94,15.87,-8.0,-4.54,True,-5.0,-0.85,True,2024Q2
VHM,2024-09-05,CONTROL_RANDOM,,,,92.9,0.72,21.19,-10.81,10.34,-12.0,-2.31,-1.01,-1.38,-5.71,-5.9,-5.85,-7.27,-5.87,-6.26,-8.0,-7.79,True,-7.27,-6.26,False,2024Q3
VHM,2024-09-25,CONTROL_RANDOM,,,,52.9,0.79,21.28,-11.18,9.87,-6.83,-5.87,-4.95,-5.15,-0.8,1.73,1.19,-9.02,-6.28,-6.87,-8.0,-6.44,True,-6.83,-5.64,True,2024Q3
VHM,2025-01-17,CONTROL_RANDOM,,,,40.0,0.89,19.26,-6.02,51.25,-5.0,-2.49,-2.73,-2.71,0.62,-3.74,-3.28,43.77,48.0,47.55,43.77,47.55,False,-5.0,-5.95,True,2025Q1
VHM,2025-06-20,CONTROL_RANDOM,,,,33.3,0.96,33.75,-1.42,52.5,-7.33,9.42,7.13,7.23,31.26,20.87,21.33,46.81,22.6,23.67,46.81,23.67,False,46.81,23.67,False,2025Q2
VHM,2025-08-27,CONTROL_RANDOM,,,,76.1,1.02,50.36,-16.92,25.73,-12.0,-4.39,-1.13,-1.05,-2.58,-1.82,-1.8,-1.81,-1.13,-1.12,-8.0,-5.27,True,-12.0,-7.11,True,2025Q3
VHM,2025-10-15,CONTROL_RANDOM,,,,80.4,1.25,59.61,-29.81,21.89,-12.0,-7.11,-2.72,-1.63,-24.64,-17.1,-15.22,5.17,-1.23,-2.83,-8.0,1.07,True,-12.0,-2.93,True,2025Q4
VHM,2026-03-23,CONTROL_RANDOM,,,,58.6,1.51,47.86,-2.93,74.34,-12.0,3.61,0.65,-0.87,46.68,33.94,27.4,46.18,33.99,27.73,46.18,27.73,False,46.18,27.73,False,2026Q1
PVD,2019-01-03,WATCH,44.5,44.5,10.0,18.7,1.57,5.61,-0.36,41.71,-5.0,9.27,5.83,3.85,17.29,13.17,10.8,40.29,26.93,19.26,40.29,19.26,False,40.29,19.26,False,2019Q1
PVD,2019-06-03,WATCH,58.4,58.4,0.0,23.3,1.51,7.26,-6.75,15.29,-5.0,4.27,2.53,1.64,5.1,3.37,2.48,12.53,9.24,7.55,12.53,7.55,False,-5.0,-8.04,True,2019Q2
PVD,2020-01-31,WATCH,46.1,46.1,0.0,15.2,1.23,5.5,-45.82,10.55,-5.0,4.91,3.37,3.02,-4.36,-0.85,-0.06,-29.27,-12.97,-9.27,-8.0,2.86,True,-5.0,-0.39,True,2020Q1
PVD,2020-02-03,PANIC70_ANY,79.6,79.6,0.0,13.2,1.23,5.64,-47.16,7.8,-5.0,5.14,4.58,4.45,-4.79,-0.61,0.36,-28.01,-10.77,-6.75,-8.0,-1.73,True,-5.5,0.77,True,2020Q1
PVD,2020-03-02,WATCH,46.4,46.4,20.0,26.6,1.39,5.48,-45.62,4.01,-7.18,-12.59,-6.13,-3.6,-45.26,-19.25,-9.1,-14.05,-10.6,-9.25,-13.69,-4.7,True,-7.66,1.64,True,2020Q1
PVD,2020-03-10,PANIC70_ANY,79.0,79.0,0.0,25.3,1.25,4.93,-39.55,8.92,-6.4,-21.7,-10.34,-7.51,-13.79,-3.93,-1.48,8.11,1.43,-0.24,-21.7,-9.6,True,-21.7,-9.6,True,2020Q1
PVD,2020-03-30,WATCH,66.9,66.9,10.0,17.6,1.1,3.23,-7.74,66.25,-5.0,25.7,14.01,12.78,25.7,10.86,9.31,43.65,16.44,13.59,43.65,13.59,False,43.65,13.59,False,2020Q1
PVD,2020-07-27,WATCH,63.4,63.4,0.0,26.2,1.27,4.04,-3.96,37.87,-5.0,3.96,-1.23,-2.66,17.57,6.46,3.41,25.25,5.89,0.57,25.25,0.57,False,25.25,0.57,False,2020Q3
PVD,2021-01-28,WATCH,49.6,49.6,25.0,39.1,1.29,7.12,0.0,63.9,-5.0,24.44,11.56,7.76,57.44,40.38,35.35,23.46,-2.4,-10.02,23.46,-10.02,False,23.46,-10.02,False,2021Q1
PVD,2021-04-26,WATCH,46.8,46.8,0.0,14.2,1.32,8.52,-13.26,34.98,-5.0,4.69,1.67,0.71,2.58,-4.81,-7.16,-6.69,-13.27,-15.36,-8.8,-15.26,True,-5.16,-8.24,True,2021Q2
PVD,2021-07-07,WATCH,45.5,45.5,0.0,16.0,1.26,8.74,-15.45,23.11,-5.99,-1.49,5.33,7.12,-4.81,-1.71,-0.89,16.82,20.35,21.28,-8.0,0.39,True,-6.29,2.1,True,2021Q3
PVD,2021-11-29,WATCH,58.9,58.9,0.0,26.4,1.01,11.67,-1.89,40.7,-8.37,7.63,10.19,10.23,12.77,12.12,12.12,38.05,38.0,38.0,38.05,38.0,False,38.05,38.0,False,2021Q4
PVD,2022-04-08,WATCH,41.7,41.7,10.0,23.4,0.84,13.83,-43.38,1.08,-5.0,-7.09,-1.61,-2.48,-31.81,-15.07,-17.73,-42.23,-20.62,-24.05,-8.0,-2.16,True,-5.0,-1.87,True,2022Q2
PVD,2022-05-11,WATCH,42.8,42.8,20.0,29.2,1.15,10.17,-23.01,30.97,-12.0,5.51,9.29,9.85,26.45,25.1,24.9,-9.14,-6.34,-5.91,-8.0,2.55,True,-12.29,-1.5,True,2022Q2
PVD,2022-06-20,WATCH,48.7,48.7,25.0,30.4,1.22,9.43,-16.97,47.61,-5.0,0.0,-3.85,-4.69,-2.86,-3.32,-3.42,41.04,34.84,33.48,-11.88,-13.53,True,-11.88,-13.53,True,2022Q2
PVD,2022-11-14,WATCH,59.7,59.7,0.0,26.8,1.41,7.47,-6.69,71.75,-5.0,11.38,8.57,7.42,33.33,20.23,14.89,65.86,52.68,47.31,65.86,47.31,False,65.86,47.31,False,2022Q4
PVD,2022-11-16,PANIC70_ANY,74.0,74.0,20.0,25.2,1.44,7.97,-7.03,63.99,-12.0,-4.39,-3.85,-3.61,30.11,19.37,14.64,62.11,50.94,46.03,62.11,46.03,False,62.11,46.03,False,2022Q4
PVD,2023-10-31,WATCH,45.1,45.1,0.0,28.6,1.21,13.8,-1.88,26.52,-6.19,16.16,7.95,6.25,21.23,14.06,12.57,16.96,3.22,0.36,16.96,0.36,False,16.96,0.36,False,2023Q4
PVD,2024-08-05,WATCH,53.0,53.0,0.0,21.4,1.36,15.47,-5.11,8.14,-5.0,1.29,-1.45,-2.43,-0.58,-6.48,-8.59,-2.84,-8.44,-10.43,-2.84,-10.43,False,-5.0,-11.96,True,2024Q3
PVD,2024-11-12,WATCH,51.2,51.2,0.0,22.9,1.21,14.18,-10.3,1.27,-5.0,-4.16,-2.04,-1.59,-1.83,-3.92,-4.36,-2.89,-5.1,-5.56,-8.0,-8.39,True,-5.0,-2.43,True,2024Q4
PVD,2025-04-03,WATCH,55.3,55.3,0.0,19.7,1.02,11.25,-13.51,15.64,-5.0,-1.6,-8.68,-8.79,-3.91,-13.44,-13.59,3.64,-15.56,-15.86,-13.24,-7.55,True,-13.24,-7.55,True,2025Q2
PVD,2025-04-04,PANIC70_ANY,82.3,82.3,0.0,14.7,1.08,10.49,-7.24,24.02,-5.0,-1.72,-6.37,-6.74,2.19,-5.83,-6.47,12.58,-5.64,-7.08,12.58,-7.08,False,-5.0,-8.42,True,2025Q2
PVD,2025-10-20,WATCH,42.6,42.6,20.0,23.5,0.85,11.38,0.0,65.82,-5.0,6.06,3.64,4.02,37.7,36.53,36.71,52.99,39.34,41.45,52.99,41.45,False,52.99,41.45,False,2025Q4
PVD,2026-03-23,PANIC70_ANY,71.7,71.7,35.0,25.5,0.77,20.58,-16.13,7.58,-9.52,1.31,-1.65,-0.97,-5.39,-18.13,-15.21,-9.57,-21.76,-18.96,-8.0,-13.23,True,-9.52,-21.08,True,2026Q1
PVD,2026-03-25,WATCH,52.4,52.4,45.0,29.7,0.77,20.79,-16.98,6.49,-10.71,-0.72,-2.73,-2.26,-8.8,-21.37,-18.43,-10.77,-23.26,-20.34,-8.0,-8.74,True,-10.71,-20.34,True,2026Q1
PVD,2020-02-12,ENTRY_V2_LOOSE,6.2,79.6,45.0,39.3,1.34,6.04,-50.66,0.66,-12.0,-1.82,-1.92,-1.96,-31.29,-13.37,-7.27,-22.85,-11.98,-8.28,-8.0,-3.16,True,-12.0,-4.13,True,2020Q1
PVD,2020-04-07,ENTRY_V2_LOOSE,,74.5,55.0,44.5,1.18,3.77,-1.06,42.44,-12.0,11.41,6.38,5.47,14.06,4.1,2.29,20.16,5.62,2.99,20.16,2.99,False,20.16,2.99,False,2020Q2
PVD,2022-11-25,ENTRY_V2_LOOSE,10.2,74.0,40.0,35.6,1.38,7.97,-0.75,68.76,-12.0,23.46,11.83,7.38,29.36,28.8,28.58,55.83,51.24,49.49,55.83,49.49,False,55.83,49.49,False,2022Q4
PVD,2022-11-28,ENTRY_V2,0.0,74.0,60.0,36.6,1.39,8.38,-2.15,60.5,-12.0,15.39,11.44,9.92,25.54,25.96,26.12,53.82,50.68,49.47,53.82,49.47,False,53.82,49.47,False,2022Q4
PVD,2025-04-24,ENTRY_V2_LOOSE,18.5,84.9,40.0,35.7,1.08,10.49,-6.2,24.02,-10.02,1.91,0.02,-0.13,6.67,-2.67,-3.38,16.78,-6.46,-8.22,16.78,-8.22,False,16.78,-8.22,False,2025Q2
PVD,2025-05-05,ENTRY_V2,,72.0,60.0,48.5,1.08,10.4,-0.29,25.1,-8.64,5.67,1.72,1.43,7.6,-0.68,-1.31,19.42,-0.6,-2.12,19.42,-2.12,False,19.42,-2.12,False,2025Q2
PVD,2026-03-25,ENTRY_V2_LOOSE,52.4,74.6,45.0,29.7,0.77,20.79,-16.98,6.49,-10.71,-0.72,-2.73,-2.26,-8.8,-21.37,-18.43,-10.77,-23.26,-20.34,-8.0,-8.74,True,-10.71,-20.34,True,2026Q1
PVD,2019-01-02,CONTROL_RSI,30.2,30.2,,29.0,1.58,5.73,-2.44,38.74,-5.0,8.03,7.07,6.51,14.83,12.49,11.12,35.25,24.34,17.97,35.25,17.97,False,35.25,17.97,False,2019Q1
PVD,2019-03-26,CONTROL_RSI,17.6,17.6,,34.1,1.52,7.18,-2.79,21.45,-7.93,7.94,7.14,6.73,7.1,7.36,7.5,5.99,7.68,8.56,5.99,8.56,False,5.99,8.56,False,2019Q1
PVD,2019-05-06,CONTROL_RSI,6.5,6.5,,32.8,1.49,7.57,-5.94,15.19,-5.0,13.08,12.66,12.45,-3.3,-2.25,-1.73,-1.19,-3.76,-5.03,-1.19,-5.03,False,-5.0,-2.7,True,2019Q2
PVD,2019-06-04,CONTROL_RSI,39.1,39.1,,30.0,1.49,7.45,-9.13,12.35,-6.26,-1.48,-1.24,-1.12,0.81,0.39,0.19,10.2,8.03,6.96,-8.0,-10.93,True,-6.44,-7.71,True,2019Q2
PVD,2019-07-22,CONTROL_RSI,1.3,1.3,,34.6,1.37,7.38,-8.27,13.96,-5.0,1.36,0.88,0.71,-1.63,-1.96,-2.09,0.81,-0.52,-1.02,-8.27,-7.99,True,-5.56,-3.21,True,2019Q3
PVD,2019-10-07,CONTROL_RSI,29.3,29.3,,25.5,1.37,7.46,-16.09,2.68,-5.0,-0.67,-1.63,-1.98,0.8,-3.34,-4.85,-10.46,-8.16,-7.31,-8.0,-7.19,True,-5.0,-5.5,True,2019Q4
PVD,2019-11-25,CONTROL_RSI,30.7,30.7,,15.2,1.18,6.95,-22.73,3.45,-5.0,-5.18,-2.83,-2.41,-4.89,-3.1,-2.78,-22.01,-13.78,-12.29,-8.0,-6.24,True,-5.0,-2.94,True,2019Q4
PVD,2020-02-06,CONTROL_RSI,17.4,17.4,,32.9,1.3,5.95,-49.92,2.18,-11.52,-0.34,-0.21,-0.18,-8.57,-3.55,-2.04,-27.56,-10.94,-5.97,-8.0,-3.12,True,-11.52,-3.71,True,2020Q1
PVD,2020-03-06,CONTROL_RSI,2.6,2.6,,34.1,1.37,5.06,-41.11,1.78,-5.0,-19.17,-4.56,0.78,-24.31,-9.57,-4.18,-1.78,-2.7,-3.04,-8.0,2.05,True,-5.0,5.05,True,2020Q1
PVD,2020-06-26,CONTROL_RSI,24.5,24.5,,26.8,1.26,4.62,-16.02,11.9,-5.93,-1.95,-3.71,-4.18,-13.2,-5.98,-4.07,9.96,2.87,1.0,-12.55,-3.42,True,-5.93,-3.37,True,2020Q2
PVD,2020-07-30,CONTROL_RSI,25.3,25.3,,29.9,1.26,3.96,-1.26,40.66,-5.0,13.13,6.32,4.52,25.0,13.42,10.37,23.23,2.54,-2.92,23.23,-2.92,False,23.23,-2.92,False,2020Q3
PVD,2020-10-23,CONTROL_RSI,30.0,30.0,,20.6,1.33,5.06,-7.51,109.68,-5.0,-5.73,-2.23,-1.06,10.47,7.72,6.8,89.13,72.23,66.58,89.13,66.58,False,-6.13,0.28,True,2020Q4
PVD,2021-03-24,CONTROL_RSI,8.4,8.4,,34.5,1.28,9.92,-19.46,15.93,-5.44,3.83,-0.61,-1.87,-8.27,-15.49,-17.55,6.75,-11.76,-17.02,-8.0,-14.99,True,-5.44,-12.43,True,2021Q1
PVD,2021-04-22,CONTROL_RSI,37.6,37.6,,14.5,1.28,9.06,-18.43,26.93,-5.0,-9.16,-10.39,-10.73,0.88,-5.75,-7.6,-13.25,-17.0,-18.05,-8.0,-7.23,True,-5.96,-5.19,True,2021Q2
PVD,2021-06-25,CONTROL_RSI,1.0,1.0,,34.9,1.31,10.43,-29.15,0.48,-8.4,-8.25,-9.19,-9.48,-25.98,-17.02,-14.2,-7.19,-3.81,-2.74,-8.0,-9.8,True,-8.4,-10.2,True,2021Q2
PVD,2021-07-26,CONTROL_RSI,36.6,36.6,,26.6,1.13,7.9,-3.42,51.14,-9.03,2.53,-2.16,-2.78,-1.14,-3.18,-3.45,50.0,41.2,40.03,50.0,40.03,False,50.0,40.03,False,2021Q3
PVD,2021-11-26,CONTROL_RSI,22.0,22.0,,32.8,1.03,11.01,0.0,44.32,-5.0,6.63,11.95,12.12,19.53,19.81,19.81,40.69,40.31,40.29,40.69,40.29,False,40.69,40.29,False,2021Q4
PVD,2022-02-17,CONTROL_RSI,3.4,3.4,,33.9,0.97,13.72,-35.93,30.39,-5.71,10.64,10.33,10.34,14.87,16.56,16.51,-26.82,-9.86,-10.3,-8.0,-0.86,True,-5.71,-3.16,True,2022Q1
PVD,2022-03-29,CONTROL_RSI,1.5,1.5,,34.5,0.82,16.07,-48.29,1.68,-7.08,-6.47,-8.55,-8.18,-35.35,-25.9,-27.58,-42.31,-22.94,-26.39,-8.0,-9.35,True,-7.08,-8.43,True,2022Q1
PVD,2022-05-04,CONTROL_RSI,18.1,18.1,,33.6,1.07,11.19,-30.03,19.03,-12.0,-15.73,-6.71,-6.06,9.47,14.83,15.22,-18.59,-7.31,-6.5,-10.01,-2.76,True,-12.0,-4.75,True,2022Q2
PVD,2022-07-01,CONTROL_RSI,38.5,38.5,,28.7,1.28,9.22,-15.08,50.98,-12.0,-10.2,-5.95,-4.76,1.08,-0.98,-1.56,24.3,29.5,30.97,-8.13,-2.1,True,-12.0,-7.75,True,2022Q3
PVD,2022-10-03,CONTROL_RSI,26.8,26.8,,33.2,1.49,11.19,-37.71,16.26,-9.9,0.54,8.71,12.7,-15.19,-9.54,-6.77,-5.99,2.33,6.4,-8.0,5.32,True,-9.9,-0.69,True,2022Q4
PVD,2022-11-01,CONTROL_RSI,38.5,38.5,,33.8,1.38,9.79,-28.8,31.05,-8.33,1.43,6.07,7.85,-5.41,-6.86,-7.41,17.57,13.3,11.66,-8.0,2.58,True,-8.33,2.25,True,2022Q4
PVD,2023-03-21,CONTROL_RSI,11.3,11.3,,33.0,1.24,11.72,-2.22,24.74,-5.21,1.28,-0.7,-1.17,2.99,1.72,1.42,19.97,13.25,11.67,19.97,11.67,False,19.97,11.67,False,2023Q1
PVD,2023-04-21,CONTROL_RSI,3.1,3.1,,34.0,1.24,11.89,-0.67,27.92,-5.0,0.0,0.45,0.55,18.0,16.15,15.7,22.2,10.0,7.05,22.2,7.05,False,22.2,7.05,False,2023Q2
PVD,2023-08-18,CONTROL_RSI,23.5,23.5,,28.8,1.4,13.8,-3.19,26.96,-5.0,4.42,2.32,1.48,14.64,10.47,8.8,14.42,19.05,20.91,14.42,20.91,False,14.42,20.91,False,2023Q3
PVD,2023-09-25,CONTROL_RSI,9.5,9.5,,34.6,1.17,14.15,-5.58,23.82,-5.0,1.7,4.55,5.03,14.28,18.19,18.85,13.85,18.6,19.4,13.85,19.4,False,-5.0,7.47,True,2023Q3
PVD,2023-11-01,CONTROL_RSI,18.5,18.5,,34.8,1.22,14.59,-0.41,19.67,-11.35,9.05,2.82,1.43,12.47,8.13,7.16,11.03,-1.08,-3.8,11.03,-3.8,False,11.03,-3.8,False,2023Q4
PVD,2024-01-19,CONTROL_RSI,0.1,0.1,,35.0,1.22,16.06,-1.31,27.33,-5.0,0.68,1.58,1.77,2.55,-0.64,-1.33,6.16,6.91,7.08,6.16,7.08,False,6.16,7.08,False,2024Q1
PVD,2024-04-23,CONTROL_RSI,37.9,37.9,,19.4,1.31,17.11,-7.01,16.07,-5.0,4.79,0.15,-1.28,9.41,2.57,0.46,-6.49,-12.23,-14.0,-6.49,-14.0,False,-5.0,-12.51,True,2024Q2
PVD,2024-06-24,CONTROL_RSI,33.5,33.5,,25.3,1.33,17.4,-15.63,3.56,-5.0,0.17,-0.94,-1.31,-7.59,-5.68,-5.06,-13.28,-14.51,-14.91,-8.0,-7.88,True,-5.0,-6.36,True,2024Q2
PVD,2024-07-22,CONTROL_RSI,37.7,37.7,,24.9,1.42,16.06,-8.59,5.42,-5.0,0.0,0.93,1.32,0.87,-0.39,-0.92,-3.11,-5.48,-6.48,-8.0,-2.75,True,-5.0,2.76,True,2024Q3
PVD,2024-09-11,CONTROL_RSI,2.8,2.8,,34.1,1.31,15.65,-15.59,6.9,-5.0,-3.58,-4.6,-4.91,2.43,0.21,-0.47,-10.86,-11.59,-11.81,-8.0,-6.59,True,-5.0,-3.01,True,2024Q3
PVD,2024-10-16,CONTROL_RSI,1.2,1.2,,34.6,1.24,15.47,-17.78,0.97,-5.0,-1.87,0.09,0.57,-12.15,-8.2,-7.23,-16.1,-12.03,-11.04,-8.0,-4.33,True,-5.0,-1.33,True,2024Q4
PVD,2024-11-14,CONTROL_RSI,37.0,37.0,,17.3,1.22,13.54,-6.06,6.65,-5.0,1.92,2.02,2.05,2.14,-0.56,-1.16,5.39,1.86,1.08,5.39,1.08,False,-5.0,-6.75,True,2024Q4
PVD,2025-01-07,CONTROL_RSI,13.8,13.8,,33.8,1.09,12.98,-24.81,13.79,-5.0,1.16,1.96,2.03,5.86,4.19,4.04,-19.65,-13.4,-12.84,-13.33,-10.22,True,-5.0,-3.57,True,2025Q1
PVD,2025-03-14,CONTROL_RSI,30.0,30.0,,23.8,1.02,13.56,-28.24,2.88,-5.0,-1.47,-1.45,-1.45,-23.97,-16.24,-16.06,-11.65,-10.51,-10.49,-8.0,-0.25,True,-5.0,-3.17,True,2025Q1
PVD,2025-07-04,CONTROL_RSI,11.9,11.9,,31.0,1.08,11.84,-1.01,21.28,-5.0,1.44,-4.1,-4.52,4.39,-5.29,-6.04,10.05,-9.45,-10.96,10.05,-10.96,False,10.05,-10.96,False,2025Q3
PVD,2025-08-28,CONTROL_RSI,16.9,16.9,,29.8,0.98,12.66,-11.06,29.23,-6.04,2.53,5.65,5.58,4.34,6.03,5.99,21.64,23.4,23.36,-8.0,-4.9,True,-6.04,-2.93,True,2025Q3
PVD,2025-10-02,CONTROL_RSI,30.0,30.0,,24.7,0.83,12.7,-11.34,34.25,-5.0,1.89,-3.93,-2.94,2.13,2.84,2.72,29.06,24.31,25.12,-8.0,-7.25,True,-5.0,-9.01,True,2025Q4
PVD,2025-12-12,CONTROL_RSI,9.0,9.0,,34.5,0.71,14.14,-0.21,92.79,-5.0,18.25,11.86,13.69,25.88,10.78,15.11,57.21,53.08,54.27,57.21,54.27,False,57.21,54.27,False,2025Q4
PVD,2026-03-20,CONTROL_RSI,31.3,31.3,,34.6,0.79,19.53,-11.62,13.36,-5.0,11.06,9.07,9.49,0.77,-11.93,-9.25,-4.71,-17.0,-14.41,-8.0,-19.89,True,-5.0,-16.63,True,2026Q1
PVD,2026-04-17,CONTROL_RSI,5.6,5.6,,33.1,0.69,20.01,-13.74,7.95,-7.54,-8.65,-11.77,-10.8,-1.95,-6.23,-4.9,-0.55,0.26,0.01,-8.0,-9.95,True,-7.54,-9.49,True,2026Q2
PVD,2026-06-02,CONTROL_RSI,22.8,22.8,,29.4,0.74,17.56,-1.71,17.88,-5.0,2.73,3.86,3.56,14.12,11.76,12.38,11.62,11.77,11.73,11.62,11.73,False,11.62,11.73,False,2026Q2
PVD,2026-08-05,CONTROL_RSI,3.4,3.4,,33.9,0.85,18.05,-3.32,13.02,-5.12,1.39,2.45,2.29,3.32,0.76,1.16,,,,3.05,4.26,False,3.05,4.26,False,2026Q3
PVD,2019-04-02,CONTROL_RANDOM,,,,51.0,1.51,7.57,-5.94,15.19,-12.0,5.02,5.31,5.46,2.64,5.4,6.82,0.79,3.1,4.29,0.79,4.29,False,0.79,4.29,False,2019Q2
PVD,2019-06-17,CONTROL_RANDOM,,,,25.7,1.51,7.26,-6.75,15.84,-5.0,4.82,3.3,2.53,3.72,-0.13,-2.08,5.51,3.02,1.75,5.51,1.75,False,-5.0,-8.01,True,2019Q2
PVD,2019-06-18,CONTROL_RANDOM,,,,27.4,1.53,7.34,-7.77,14.58,-5.0,5.59,4.51,3.94,3.13,-0.41,-2.3,7.08,4.22,2.7,7.08,2.7,False,-5.04,-7.58,True,2019Q2
PVD,2019-09-20,CONTROL_RANDOM,,,,44.6,1.36,8.12,-22.91,1.72,-8.46,-0.74,-1.22,-1.4,-10.59,-9.77,-9.47,-17.73,-14.68,-13.58,-8.0,-6.81,True,-8.46,-7.98,True,2019Q3
PVD,2020-01-22,CONTROL_RANDOM,,,,48.4,1.09,6.46,-53.87,0.0,-5.0,-8.2,-4.45,-4.1,-14.86,-6.99,-6.27,-35.45,-15.09,-13.22,-14.86,-9.6,True,-14.86,-9.6,True,2020Q1
PVD,2020-02-11,CONTROL_RANDOM,,,,38.5,1.34,5.93,-49.75,2.53,-11.33,-0.51,0.77,1.19,-24.79,-11.04,-6.42,-22.6,-10.65,-6.64,-9.44,-5.04,True,-11.33,-3.02,True,2020Q1
PVD,2020-06-09,CONTROL_RANDOM,,,,62.7,1.24,5.17,-24.95,1.74,-11.25,-9.48,-4.54,-3.36,-11.61,-7.79,-6.87,-2.9,-3.48,-3.62,-12.38,-7.51,True,-12.38,-7.51,True,2020Q2
PVD,2020-07-06,CONTROL_RANDOM,,,,39.5,1.27,4.59,-15.47,16.56,-6.29,1.53,1.22,1.14,-8.5,-4.12,-2.93,11.76,7.17,5.93,-11.98,-0.19,True,-6.29,-0.96,True,2020Q3
PVD,2020-10-16,CONTROL_RANDOM,,,,45.6,1.3,5.15,-9.13,89.71,-5.0,-5.24,-5.86,-6.04,0.39,-0.22,-0.41,84.47,58.3,50.4,-8.0,-4.43,True,-5.0,-5.8,True,2020Q4
PVD,2020-10-30,CONTROL_RANDOM,,,,23.1,1.29,4.82,-1.45,120.12,-5.0,4.56,1.77,0.95,19.29,10.98,8.55,78.22,55.54,48.91,78.22,48.91,False,78.22,48.91,False,2020Q4
PVD,2020-12-08,CONTROL_RANDOM,,,,69.0,1.25,5.95,-2.18,96.13,-6.91,5.88,2.22,1.29,39.83,27.47,24.35,80.17,65.35,61.61,80.17,61.61,False,80.17,61.61,False,2020Q4
PVD,2021-02-01,CONTROL_RANDOM,,,,30.0,1.32,7.46,-3.62,56.43,-8.89,26.14,18.62,16.2,45.84,33.79,29.91,16.09,-3.67,-10.03,16.09,-10.03,False,16.09,-10.03,False,2021Q1
PVD,2021-02-09,CONTROL_RANDOM,,,,49.4,1.25,10.05,-20.5,16.12,-12.0,1.19,-1.87,-2.62,6.87,1.67,0.39,-12.54,-24.18,-27.04,-8.0,-11.84,True,-12.0,-25.38,True,2021Q1
PVD,2021-03-30,CONTROL_RANDOM,,,,37.5,1.28,9.99,-20.02,15.12,-12.0,2.2,-2.52,-3.84,-14.91,-19.38,-20.64,2.2,-16.3,-21.48,-8.0,-12.47,True,-12.0,-18.71,True,2021Q1
PVD,2021-05-13,CONTROL_RANDOM,,,,43.4,1.34,9.19,-19.59,25.14,-12.0,-5.77,-7.15,-7.62,8.71,1.97,-0.34,-10.12,-16.04,-18.07,-9.14,-11.0,True,-12.0,-15.17,True,2021Q2
PVD,2021-08-30,CONTROL_RANDOM,,,,43.1,1.13,8.52,-5.75,70.42,-12.0,-4.69,-5.89,-6.04,18.78,17.73,17.6,44.6,31.6,29.92,44.6,29.92,False,44.6,29.92,False,2021Q3
PVD,2021-09-01,CONTROL_RANDOM,,,,46.6,1.13,8.39,-4.29,73.06,-11.06,-2.86,-3.37,-3.43,21.69,21.33,21.28,36.0,24.74,23.29,36.0,23.29,False,36.0,23.29,False,2021Q3
PVD,2021-12-15,CONTROL_RANDOM,,,,50.6,1.1,12.61,-6.74,41.87,-11.38,0.48,1.73,1.86,10.55,9.16,9.02,24.98,25.41,25.46,24.98,25.46,False,24.98,25.46,False,2021Q4
PVD,2021-12-23,CONTROL_RANDOM,,,,63.2,0.99,13.01,-2.61,37.51,-11.46,1.15,-1.68,-1.66,11.07,12.25,12.24,22.52,20.72,20.73,22.52,20.73,False,22.52,20.73,False,2021Q4
PVD,2021-12-31,CONTROL_RANDOM,,,,54.0,1.16,13.36,-3.67,33.91,-12.0,-2.02,-0.94,-0.78,2.02,2.52,2.6,13.1,12.34,12.22,13.1,12.22,False,13.1,12.22,False,2021Q4
PVD,2022-02-14,CONTROL_RANDOM,,,,35.7,1.11,13.76,-36.12,30.01,-6.38,3.42,1.41,1.19,16.13,17.57,17.73,-36.12,-16.37,-14.18,-8.0,-8.25,True,-6.38,-4.97,True,2022Q1
PVD,2022-04-19,CONTROL_RANDOM,,,,19.1,0.93,12.87,-39.16,3.5,-5.0,-19.81,-16.4,-16.64,-16.63,-5.15,-5.95,-30.07,-14.2,-15.31,-13.75,-12.27,True,-13.75,-12.27,True,2022Q2
PVD,2022-10-13,CONTROL_RANDOM,,,,38.7,1.41,11.75,-40.68,10.72,-12.0,-0.51,3.56,5.24,-26.72,-16.51,-12.28,-6.98,-6.15,-5.8,-8.0,0.7,True,-12.0,-3.3,True,2022Q4
PVD,2023-04-26,CONTROL_RANDOM,,,,43.4,1.25,12.25,-2.94,24.33,-5.0,4.73,3.55,3.25,15.02,11.5,10.62,22.94,8.1,4.4,22.94,4.4,False,22.94,4.4,False,2023Q2
PVD,2023-09-20,CONTROL_RANDOM,,,,73.6,1.11,15.94,-16.19,9.91,-6.71,-3.89,2.17,2.84,2.2,13.52,14.77,0.0,9.51,10.56,-8.0,-1.34,True,-6.71,-0.05,True,2023Q3
PVD,2024-02-26,CONTROL_RANDOM,,,,51.8,1.21,16.58,-1.03,23.34,-5.0,12.18,8.84,8.14,15.56,11.23,10.32,12.91,9.75,9.09,12.91,9.09,False,12.91,9.09,False,2024Q1
PVD,2024-03-27,CONTROL_RANDOM,,,,55.0,1.23,19.1,-12.41,7.07,-7.5,2.93,4.85,5.28,-8.74,-2.28,-0.82,-8.74,-6.28,-5.73,-8.0,-0.66,True,-7.5,-0.17,True,2024Q1
PVD,2024-04-10,CONTROL_RANDOM,,,,46.7,1.24,18.52,-9.67,7.24,-5.0,-7.29,-1.29,0.14,0.92,0.56,0.47,-4.91,-7.8,-8.48,-8.0,-0.57,True,-5.0,-1.61,True,2024Q2
PVD,2024-05-08,CONTROL_RANDOM,,,,43.1,1.3,18.55,-14.72,7.06,-11.69,2.96,1.69,1.31,0.43,-2.02,-2.76,-12.02,-9.96,-9.34,-8.0,-7.22,True,-11.69,-13.34,True,2024Q2
PVD,2024-07-03,CONTROL_RANDOM,,,,32.3,1.35,17.55,-16.35,2.68,-5.18,-0.51,-0.9,-1.03,-7.01,-2.95,-1.51,-7.52,-8.23,-8.48,-8.0,-5.44,True,-5.18,-4.1,True,2024Q3
PVD,2024-07-10,CONTROL_RANDOM,,,,38.8,1.36,17.67,-16.92,0.45,-5.8,-4.64,-3.35,-2.88,-13.3,-6.88,-4.58,-7.3,-5.66,-5.07,-8.0,-4.16,True,-5.8,-3.43,True,2024Q3
PVD,2025-01-14,CONTROL_RANDOM,,,,33.3,1.11,13.13,-25.67,12.49,-5.0,3.27,2.53,2.44,9.37,4.89,4.39,-20.56,-19.26,-19.12,-8.0,-7.69,True,-5.0,-4.69,True,2025Q1
PVD,2025-04-23,CONTROL_RANDOM,,,,29.0,1.07,10.31,-4.56,26.19,-8.62,2.62,0.38,0.22,7.37,-2.92,-3.66,16.49,-7.78,-9.52,16.49,-9.52,False,16.49,-9.52,False,2025Q2
PVD,2025-06-13,CONTROL_RANDOM,,,,70.9,1.06,12.6,-8.65,10.71,-12.0,0.95,-2.46,-2.67,-4.68,-16.64,-17.38,5.56,-19.56,-21.12,-8.0,-12.69,True,5.56,-21.12,False,2025Q2
PVD,2025-08-13,CONTROL_RANDOM,,,,70.8,0.99,13.36,-15.72,15.27,-10.37,-4.19,-8.19,-8.15,4.64,0.84,0.87,10.78,13.41,13.38,-8.0,-7.44,True,-10.37,-11.18,True,2025Q3
PVD,2025-08-27,CONTROL_RANDOM,,,,49.0,0.98,12.6,-10.63,29.84,-5.78,3.25,6.52,6.44,5.32,6.08,6.06,22.46,23.14,23.12,-8.0,-5.51,True,-5.78,-3.29,True,2025Q3
PVD,2025-12-22,CONTROL_RANDOM,,,,58.7,0.74,16.72,-5.2,63.04,-12.0,1.97,1.87,1.89,4.31,-2.36,-0.6,24.34,31.16,29.36,24.34,29.36,False,24.34,29.36,False,2025Q4
PVD,2026-01-05,CONTROL_RANDOM,,,,80.6,0.76,17.38,-7.08,56.85,-10.86,4.66,-1.32,0.14,13.75,12.76,13.0,11.16,17.74,16.13,11.16,16.13,False,11.16,16.13,False,2026Q1
PVD,2026-01-23,CONTROL_RANDOM,,,,43.4,0.83,16.78,-3.75,62.46,-5.13,18.36,22.1,21.48,47.5,49.13,48.86,8.94,8.99,8.98,8.94,8.98,False,8.94,8.98,False,2026Q1
PVD,2026-03-27,CONTROL_RANDOM,,,,38.8,0.77,22.11,-21.94,0.14,-12.0,-12.35,-14.1,-13.7,-17.32,-31.28,-28.11,-14.38,-27.56,-24.57,-8.0,-9.78,True,-12.0,-13.36,True,2026Q1
DGC,2019-01-02,WATCH,41.0,41.0,0.0,23.3,0.68,8.26,-7.38,5.57,-5.0,0.0,-0.96,-0.65,-4.6,-6.95,-6.2,-3.27,-14.18,-10.72,-3.27,-10.72,False,-5.0,-6.72,True,2019Q1
DGC,2019-04-18,WATCH,53.4,53.4,0.0,13.6,0.66,6.82,-13.64,7.04,-5.0,5.43,4.25,4.65,1.47,-0.14,0.4,-3.08,-4.56,-4.06,-8.0,-7.38,True,-5.0,-4.03,True,2019Q2
DGC,2019-06-20,WATCH,54.0,54.0,0.0,3.1,0.63,6.2,-8.23,21.77,-5.0,2.9,4.23,3.74,6.94,4.89,5.65,-4.35,-7.18,-6.14,-8.0,-8.88,True,-5.0,-5.88,True,2019Q2
DGC,2019-08-12,WATCH,46.3,46.3,25.0,29.2,0.54,6.67,-14.99,0.75,-5.0,-4.65,-5.88,-5.31,-9.75,-9.4,-9.56,-13.04,-18.41,-15.92,-8.0,-8.37,True,-6.0,-6.37,True,2019Q3
DGC,2019-09-12,WATCH,41.5,41.5,0.0,11.1,0.62,5.78,-1.9,15.05,-5.0,6.23,4.76,5.32,1.56,-0.06,0.56,15.05,16.33,15.84,15.05,15.84,False,15.05,15.84,False,2019Q3
DGC,2019-10-24,WATCH,41.6,41.6,15.0,25.4,0.66,5.78,-7.96,21.97,-5.0,0.69,-1.49,-0.75,3.46,5.08,4.53,-0.17,1.36,0.84,-0.17,0.84,False,-5.0,-3.08,True,2019Q4
DGC,2019-12-26,WATCH,45.5,45.5,10.0,13.8,0.6,5.81,-21.17,2.75,-5.0,-4.82,-4.62,-4.7,-4.3,-1.22,-2.45,-19.1,11.74,-0.58,-8.0,-8.15,True,-5.0,-4.45,True,2019Q4
DGC,2020-03-09,WATCH,53.8,53.8,0.0,20.2,0.84,5.28,-18.94,84.47,-5.0,-0.95,7.41,6.05,-6.25,1.84,0.51,82.77,73.87,75.33,-8.0,4.7,True,-7.58,-2.23,True,2020Q1
DGC,2020-07-29,PANIC70_ANY,71.0,71.0,0.0,23.9,0.84,8.14,-4.3,45.95,-5.0,7.37,1.87,2.75,30.1,20.24,21.83,39.43,18.71,22.04,39.43,22.04,False,39.43,22.04,False,2020Q3
DGC,2020-07-30,WATCH,60.0,60.0,0.0,23.6,0.82,8.02,-2.87,48.13,-5.0,10.85,4.03,5.23,33.42,21.84,23.88,40.9,20.2,23.85,40.9,23.85,False,40.9,23.85,False,2020Q3
DGC,2022-01-10,WATCH,44.4,44.4,0.0,19.0,0.67,46.96,-13.22,64.61,-5.0,-11.01,-6.7,-8.13,-2.62,-1.89,-2.13,59.16,60.92,60.34,-9.77,-6.89,True,-5.0,-2.74,True,2022Q1
DGC,2022-05-11,WATCH,54.7,54.7,15.0,26.2,1.23,67.3,-16.39,44.96,-7.43,3.31,7.09,7.95,31.4,30.05,29.74,-5.3,-2.5,-1.86,-9.66,1.6,True,-9.66,1.6,True,2022Q2
DGC,2022-07-06,WATCH,65.0,65.0,0.0,16.9,1.3,64.57,-25.0,12.5,-5.0,5.44,2.55,1.67,-1.3,-10.46,-13.24,-19.78,-14.33,-12.68,-8.0,-17.35,True,-5.98,-15.33,True,2022Q3
DGC,2022-09-28,WATCH,50.0,50.0,0.0,24.2,1.3,56.5,-40.25,5.47,-5.48,-11.06,-3.93,-1.78,-1.86,9.3,12.65,-21.65,-10.02,-6.53,-8.0,-0.06,True,-5.48,2.47,True,2022Q3
DGC,2022-11-11,WATCH,42.5,42.5,10.0,27.5,1.36,40.15,-15.92,21.49,-5.0,-10.66,-12.86,-13.66,13.62,3.82,0.27,-3.09,-13.59,-17.4,-13.47,-13.9,True,-13.47,-13.9,True,2022Q4
DGC,2022-11-16,PANIC70_ANY,85.0,85.0,20.0,15.1,1.44,41.76,-19.16,16.81,-12.0,-14.3,-13.75,-13.51,14.63,3.88,-0.82,-6.82,-17.99,-22.88,-8.0,-9.17,True,-12.0,-13.17,True,2022Q4
DGC,2023-10-31,WATCH,48.0,48.0,10.0,21.4,1.23,59.27,-3.41,29.14,-5.0,17.43,9.22,7.34,20.97,13.8,12.16,14.78,1.04,-2.11,14.78,-2.11,False,14.78,-2.11,False,2023Q4
DGC,2024-07-22,WATCH,45.8,45.8,0.0,25.1,1.33,88.14,-12.29,4.21,-5.0,-1.41,-0.48,-0.17,-1.76,-3.02,-3.44,0.52,-1.85,-2.63,-8.86,-6.73,True,-5.0,-1.85,True,2024Q3
DGC,2025-03-31,WATCH,46.2,46.2,0.0,19.0,1.11,79.18,-26.69,2.8,-5.0,-26.69,-10.03,-8.23,-5.92,-0.37,0.24,2.01,-2.79,-3.31,-8.0,-0.98,True,-6.72,0.3,True,2025Q1
DGC,2025-04-03,PANIC70_ANY,71.2,71.2,0.0,9.7,1.04,66.79,-13.09,23.9,-5.0,6.3,-0.78,-1.07,9.63,0.1,-0.29,22.47,3.27,2.49,-13.09,-7.25,True,-13.09,-7.25,True,2025Q2
DGC,2025-12-16,PANIC70_ANY,72.0,72.0,0.0,25.2,0.7,63.93,-28.05,6.32,-5.0,-15.72,-21.83,-19.98,-14.42,-26.26,-22.67,-28.05,-26.12,-26.7,-13.42,-14.42,True,-13.42,-14.42,True,2025Q4
DGC,2025-12-17,WATCH,64.7,64.7,0.0,19.7,0.71,59.48,-27.96,14.27,-5.0,-9.97,-13.99,-12.81,-9.28,-22.47,-18.59,-27.96,-22.92,-24.4,-8.0,-12.52,True,-6.54,-9.72,True,2025Q4
DGC,2026-03-19,WATCH,47.6,47.6,10.0,32.9,0.63,46.0,-19.17,4.52,-5.0,-6.65,-5.13,-5.69,-1.78,-8.76,-6.19,-13.78,-20.12,-17.78,-8.28,-6.94,True,-5.0,-1.88,True,2026Q1
DGC,2026-03-20,PANIC70_ANY,83.1,83.1,0.0,27.5,0.67,45.01,-17.4,5.89,-5.0,-9.58,-11.57,-10.91,-2.22,-14.92,-10.73,-11.98,-24.27,-20.21,-8.0,-9.33,True,-6.27,-7.6,True,2026Q1
DGC,2026-07-22,WATCH,55.9,55.9,0.0,9.7,0.9,33.94,-12.43,17.12,-5.0,-4.63,-9.44,-8.95,1.12,-3.07,-2.64,,,,-10.02,-10.26,True,-10.02,-10.26,True,2026Q3
DGC,2026-07-23,PANIC70_ANY,70.0,70.0,0.0,8.1,0.83,30.92,-3.88,28.56,-5.0,4.82,1.7,2.22,15.39,10.35,11.19,,,,11.09,7.34,False,11.09,7.34,False,2026Q3
DGC,2020-08-07,ENTRY_V2_LOOSE,,71.0,45.0,42.5,0.84,9.08,-5.07,30.84,-12.0,-3.63,-4.23,-4.13,20.59,15.27,16.13,24.45,13.76,15.5,24.45,15.5,False,24.45,15.5,False,2020Q3
DGC,2022-11-29,ENTRY_V2,4.2,85.0,65.0,33.8,1.43,41.2,-13.4,18.4,-12.0,6.82,6.48,6.33,5.15,7.25,8.15,-9.1,-9.12,-9.13,-8.0,-10.24,True,-12.0,-9.77,True,2022Q4
DGC,2022-12-01,ENTRY_V2_LOOSE,,78.6,45.0,45.5,1.48,40.71,-12.36,19.82,-12.0,9.65,7.8,6.91,6.24,8.72,9.91,-8.74,-8.21,-7.96,-8.0,-11.01,True,-12.0,-10.85,True,2022Q4
DGC,2025-04-18,ENTRY_V2,15.0,97.2,60.0,35.5,1.15,70.36,-8.02,19.87,-12.0,3.28,2.76,2.68,0.23,-7.43,-8.6,16.37,-5.72,-9.09,16.37,-9.09,False,16.37,-9.09,False,2025Q2
DGC,2025-04-21,ENTRY_V2_LOOSE,15.0,97.2,50.0,37.0,1.16,69.57,-6.97,21.23,-12.0,3.88,1.81,1.48,0.23,-9.18,-10.65,17.12,-7.51,-11.36,17.12,-11.36,False,17.12,-11.36,False,2025Q2
DGC,2026-04-02,ENTRY_V2_LOOSE,46.5,83.1,45.0,20.2,0.74,47.16,-21.16,0.89,-12.0,-5.09,-8.02,-7.26,-1.93,-13.17,-10.24,-15.82,-25.65,-23.08,-8.0,-10.17,True,-12.0,-20.5,True,2026Q2
DGC,2026-08-05,ENTRY_V2_LOOSE,2.7,70.0,55.0,34.1,0.87,33.69,0.0,17.99,-12.0,8.01,9.08,8.94,12.32,9.75,10.09,,,,1.96,3.2,False,1.96,3.2,False,2026Q3
DGC,2026-08-06,ENTRY_V2,,70.0,75.0,45.5,0.85,37.96,-11.12,4.72,-12.0,-5.66,-3.84,-4.1,1.77,-1.98,-1.43,,,,-8.0,-6.36,True,-9.51,-9.41,False,2026Q3
DGC,2019-01-03,CONTROL_RSI,39.1,39.1,,19.9,0.71,7.98,-4.14,9.27,-5.0,5.89,2.45,3.46,0.63,-3.5,-2.29,0.13,-13.23,-9.33,0.13,-9.33,False,0.13,-9.33,False,2019Q1
DGC,2019-03-22,CONTROL_RSI,11.9,11.9,,31.0,0.63,8.07,-27.01,2.35,-5.0,-0.25,-1.48,-1.02,-10.04,-9.16,-9.49,-22.3,-20.53,-21.18,-8.0,-8.35,True,-5.0,-5.77,True,2019Q1
DGC,2019-04-22,CONTROL_RSI,19.8,19.8,,29.3,0.68,7.3,-19.32,0.0,-7.85,-3.15,-4.11,-3.8,-3.97,-4.51,-4.34,-9.18,-10.99,-10.41,-8.0,-6.71,True,-7.85,-7.89,True,2019Q2
DGC,2019-06-04,CONTROL_RSI,13.2,13.2,,30.6,0.66,6.83,-13.76,10.54,-5.0,-5.86,-5.62,-5.7,1.61,1.2,1.34,-8.93,-11.11,-10.36,-8.0,-8.19,True,-5.0,-4.84,True,2019Q2
DGC,2019-08-13,CONTROL_RSI,20.1,20.1,,30.9,0.54,6.67,-14.99,0.0,-5.0,-4.05,-5.94,-5.07,-13.79,-13.81,-13.8,-8.7,-13.63,-11.35,-8.0,-8.1,True,-5.7,-5.92,True,2019Q3
DGC,2019-09-11,CONTROL_RSI,30.0,30.0,,16.1,0.62,6.05,-6.28,3.64,-5.0,2.81,0.27,1.24,-2.98,-4.52,-3.93,0.0,0.94,0.58,0.0,0.58,False,-5.0,-5.71,True,2019Q3
DGC,2019-10-09,CONTROL_RSI,9.1,9.1,,32.0,0.65,5.87,-6.98,20.1,-5.0,-0.51,-0.61,-0.58,3.75,0.19,1.43,-3.75,-1.35,-2.19,-3.75,-2.19,False,-5.0,-3.43,True,2019Q4
DGC,2019-12-27,CONTROL_RSI,39.4,39.4,,17.2,0.59,5.79,-26.08,3.11,-5.0,-2.42,-2.0,-2.17,-3.28,0.23,-1.19,-22.11,9.09,-3.56,-8.0,-7.83,True,-5.0,-4.14,True,2019Q4
DGC,2020-03-10,CONTROL_RSI,14.4,14.4,,30.2,0.84,5.46,-21.61,78.75,-5.0,-2.93,8.43,6.67,-4.21,5.65,4.12,77.11,70.42,71.46,-10.62,-2.44,True,-10.62,-2.44,True,2020Q1
DGC,2020-06-25,CONTROL_RSI,3.6,3.6,,33.8,0.79,8.93,-12.77,33.03,-10.56,6.16,7.29,7.05,-3.7,1.28,0.25,28.33,22.89,24.01,-8.0,-1.85,True,-10.56,-5.37,True,2020Q2
DGC,2020-08-03,CONTROL_RSI,12.5,12.5,,31.8,0.84,8.82,-2.27,34.69,-12.0,0.57,-1.89,-1.49,18.93,10.56,11.94,24.26,12.33,14.29,24.26,14.29,False,24.26,14.29,False,2020Q3
DGC,2020-10-29,CONTROL_RSI,18.2,18.2,,28.9,0.92,10.96,-0.46,41.51,-5.0,4.84,3.44,3.56,16.61,7.44,8.2,39.51,13.5,15.66,39.51,15.66,False,39.51,15.66,False,2020Q4
DGC,2021-04-02,CONTROL_RSI,6.7,6.7,,32.8,0.89,19.29,-2.9,39.81,-7.61,0.57,-0.01,0.06,9.69,9.27,9.32,38.62,24.82,26.32,38.62,26.32,False,38.62,26.32,False,2021Q2
DGC,2021-12-29,CONTROL_RSI,24.8,24.8,,26.7,0.73,51.0,-20.1,51.57,-5.0,-2.84,-5.36,-4.68,-12.49,-11.69,-11.9,44.59,42.88,43.34,-8.0,-8.62,True,-5.0,-5.62,True,2021Q4
DGC,2022-05-09,CONTROL_RSI,31.8,31.8,,33.4,1.26,66.3,-15.13,47.15,-5.0,-6.0,-4.99,-4.73,32.22,28.15,27.1,-6.11,-6.16,-6.18,-8.0,-2.1,True,-5.0,0.9,True,2022Q2
DGC,2022-07-04,CONTROL_RSI,20.1,20.1,,33.5,1.26,74.4,-31.52,0.0,-5.0,-5.66,-3.69,-3.17,-16.33,-19.94,-20.89,-31.52,-25.48,-23.88,-13.21,-9.84,True,-13.21,-9.84,True,2022Q3
DGC,2022-08-01,CONTROL_RSI,26.1,26.1,,33.9,1.23,63.87,-27.26,13.73,-10.41,4.62,2.3,1.77,10.0,6.02,5.11,-13.18,3.26,7.01,-8.0,-1.63,True,-10.41,-1.76,True,2022Q3
DGC,2022-09-26,CONTROL_RSI,24.9,24.9,,31.2,1.28,61.2,-44.84,0.8,-5.0,-15.02,-6.58,-4.18,-13.99,1.28,5.62,-25.85,-12.74,-9.01,-8.0,-2.39,True,-7.68,-2.07,True,2022Q3
DGC,2022-11-04,CONTROL_RSI,30.2,30.2,,25.9,1.37,49.83,-32.25,1.12,-5.19,-19.43,-14.51,-12.68,-9.85,-20.35,-24.26,-18.08,-25.77,-28.63,-8.0,-3.12,True,-5.19,0.7,True,2022Q4
DGC,2022-12-26,CONTROL_RSI,9.6,9.6,,34.7,1.38,40.02,-10.84,15.94,-5.0,10.44,4.33,2.03,10.07,0.95,-2.49,-4.77,-11.9,-14.59,-8.27,-13.18,True,-5.0,-14.44,True,2022Q4
DGC,2023-02-13,CONTROL_RSI,37.9,37.9,,24.6,1.32,38.55,-7.44,9.88,-5.0,3.99,0.45,-0.7,-1.71,-1.23,-1.08,0.57,-1.51,-2.18,0.57,-2.18,False,-5.0,-1.98,True,2023Q1
DGC,2023-05-08,CONTROL_RSI,22.1,22.1,,27.6,1.22,38.92,-3.85,45.94,-5.0,-1.54,-2.54,-2.75,14.98,9.97,8.88,43.06,27.7,24.37,43.06,24.37,False,43.06,24.37,False,2023Q2
DGC,2023-08-21,CONTROL_RSI,5.1,5.1,,33.3,0.99,52.91,-5.24,42.87,-5.0,17.41,15.67,15.69,32.96,30.53,30.54,35.51,40.45,40.41,35.51,40.41,False,35.51,40.41,False,2023Q3
DGC,2023-10-26,CONTROL_RSI,16.0,16.0,,33.8,1.19,63.61,-10.0,20.33,-5.0,0.94,-0.7,-1.0,12.36,8.94,8.31,11.21,-0.44,-2.6,-8.0,-5.79,True,-5.0,-1.51,True,2023Q4
DGC,2023-12-22,CONTROL_RSI,11.1,11.1,,31.3,1.22,70.04,-3.08,45.16,-5.0,3.54,1.06,0.51,-1.1,-7.73,-9.19,33.24,17.12,13.59,33.24,13.59,False,33.24,13.59,False,2023Q4
DGC,2024-01-23,CONTROL_RSI,10.9,10.9,,33.4,1.24,69.35,-2.12,46.6,-5.0,0.78,1.74,1.97,23.19,16.47,14.86,29.43,26.93,26.33,29.43,26.33,False,29.43,26.33,False,2024Q1
DGC,2024-04-15,CONTROL_RSI,10.4,10.4,,33.3,1.36,83.5,-0.93,24.07,-5.0,7.68,8.75,9.13,15.37,10.53,8.79,16.11,11.09,9.28,16.11,9.28,False,16.11,9.28,False,2024Q2
DGC,2024-06-06,CONTROL_RSI,9.5,9.5,,31.9,1.26,93.32,-17.16,11.02,-5.0,0.83,1.53,1.72,3.56,4.02,4.14,-5.81,-5.41,-5.3,-8.0,-2.41,True,-5.0,-1.64,True,2024Q2
DGC,2024-07-11,CONTROL_RSI,0.6,0.6,,34.8,1.3,97.03,-20.32,1.67,-5.74,-3.35,-1.81,-1.35,-15.14,-10.4,-8.97,-9.24,-8.26,-7.97,-8.0,-4.97,True,-5.74,-2.71,True,2024Q3
DGC,2024-08-08,CONTROL_RSI,31.0,31.0,,27.6,1.42,80.95,-0.68,13.47,-6.79,5.82,2.78,1.51,7.92,4.63,3.26,5.44,2.93,1.88,5.44,1.88,False,5.44,1.88,False,2024Q3
DGC,2024-10-21,CONTROL_RSI,3.9,3.9,,33.7,1.3,87.36,-5.82,8.36,-5.0,-0.71,0.73,1.16,-3.18,2.68,4.42,-0.64,2.8,3.82,-0.64,3.82,False,-5.0,1.45,True,2024Q4
DGC,2024-12-04,CONTROL_RSI,5.6,5.6,,33.1,1.42,85.69,-1.48,10.47,-5.0,7.88,5.82,4.97,7.05,6.02,5.59,3.06,-3.73,-6.54,3.06,-6.54,False,3.06,-6.54,False,2024Q4
DGC,2025-01-08,CONTROL_RSI,1.8,1.8,,34.4,1.33,89.82,-35.37,2.22,-5.0,-2.92,-2.26,-2.04,-4.06,-5.65,-6.17,-26.09,-23.84,-23.09,-8.0,-16.5,True,-5.0,-6.91,True,2025Q1
DGC,2025-03-20,CONTROL_RSI,7.1,7.1,,32.6,1.08,84.82,-31.56,0.0,-5.0,-3.65,-3.16,-3.12,-18.45,-9.62,-8.89,-8.81,-10.92,-11.1,-8.0,-6.6,True,-5.0,-3.6,True,2025Q1
DGC,2025-05-23,CONTROL_RSI,30.0,30.0,,24.1,1.14,69.49,-0.23,26.74,-5.0,1.83,0.37,0.16,10.17,7.05,6.62,18.18,-6.07,-9.45,18.18,-9.45,False,18.18,-9.45,False,2025Q2
DGC,2025-08-26,CONTROL_RSI,7.0,7.0,,32.7,1.03,78.23,-11.68,4.56,-5.0,-0.61,0.08,0.1,-3.16,-2.09,-2.06,-1.73,-0.32,-0.27,-8.0,-5.41,True,-5.0,-3.96,True,2025Q3
DGC,2025-10-01,CONTROL_RSI,7.9,7.9,,32.4,0.95,73.22,-28.11,11.72,-5.0,1.41,-1.5,-1.35,1.52,1.42,1.43,-26.86,-31.35,-31.12,-12.69,-13.01,True,-5.0,-3.2,True,2025Q4
DGC,2025-12-08,CONTROL_RSI,3.1,3.1,,34.0,0.75,75.37,-36.0,1.05,-5.0,-8.85,-3.61,-4.9,-30.94,-35.65,-34.49,-11.03,-7.5,-8.37,-8.0,-4.05,True,-6.22,-2.28,True,2025Q4
DGC,2026-01-08,CONTROL_RSI,34.8,34.8,,32.2,0.71,52.14,-23.3,30.36,-11.16,4.93,3.96,4.24,3.82,9.49,7.85,-14.15,-8.19,-9.92,-11.78,-3.64,True,-11.78,-3.64,True,2026Q1
DGC,2026-02-11,CONTROL_RSI,0.3,0.3,,34.9,0.65,56.45,-30.7,20.41,-6.24,8.08,4.17,5.52,-12.49,-6.41,-8.51,-26.73,-32.48,-30.49,-12.49,-8.51,True,-12.49,-8.51,True,2026Q1
DGC,2026-03-25,CONTROL_RSI,33.6,33.6,,32.4,0.74,45.59,-18.45,4.36,-10.41,-1.82,-3.82,-3.3,-2.72,-15.29,-11.98,-8.18,-20.67,-17.38,-8.0,-8.04,True,-10.41,-10.46,True,2026Q1
DGC,2026-05-11,CONTROL_RSI,35.5,35.5,,32.4,0.73,40.28,-26.22,8.86,-5.0,2.68,1.64,1.92,-7.6,-2.31,-3.74,-18.52,-12.39,-14.05,-8.0,-4.57,True,-5.44,-3.56,True,2026Q2
DGC,2026-06-08,CONTROL_RSI,31.2,31.2,,22.3,0.71,37.3,-20.32,17.56,-5.0,7.35,6.86,7.0,1.9,-0.82,-0.03,4.66,1.67,2.54,-8.0,-2.84,True,-5.0,0.16,True,2026Q2
DGC,2026-07-10,CONTROL_RSI,30.0,30.0,,23.8,0.8,38.3,-22.4,3.79,-5.0,-6.95,-2.24,-3.18,-5.64,-2.76,-3.33,,,,-8.0,-0.96,True,-5.0,-1.24,True,2026Q3
DGC,2026-09-24,CONTROL_RSI,18.9,18.9,,28.7,0.8,35.65,-3.93,3.37,-5.0,-0.42,1.59,1.18,,,,,,,-3.65,-3.0,False,-3.65,-3.0,False,2026Q3
DGC,2019-01-14,CONTROL_RANDOM,,,,37.8,0.72,8.45,-13.61,3.2,-9.56,-2.25,-2.84,-2.68,-2.84,-9.85,-7.9,-12.66,-20.53,-18.34,-8.0,-9.18,True,-9.56,-16.56,True,2019Q1
DGC,2019-02-22,CONTROL_RANDOM,,,,64.2,0.71,8.17,-17.75,6.73,-5.0,4.41,4.61,4.55,-1.47,1.14,0.37,-14.2,-11.58,-12.35,-8.0,-7.46,True,-5.0,-5.11,True,2019Q1
DGC,2019-03-06,CONTROL_RANDOM,,,,59.8,0.68,8.57,-22.17,0.93,-7.09,-5.6,-7.0,-6.56,-6.77,-5.89,-6.17,-21.59,-17.14,-18.55,-8.0,-8.13,True,-7.09,-6.65,True,2019Q1
DGC,2019-04-19,CONTROL_RANDOM,,,,15.2,0.68,7.01,-15.98,4.14,-5.0,0.29,-1.24,-0.76,0.57,-1.39,-0.77,-5.42,-6.69,-6.29,-8.0,-7.32,True,-5.0,-4.88,True,2019Q2
DGC,2019-05-08,CONTROL_RANDOM,,,,35.1,0.55,7.08,-16.81,6.64,-5.0,0.85,-1.81,-0.63,-5.08,-4.85,-4.95,-1.69,-6.63,-4.43,-8.0,-8.68,True,-5.0,-5.87,True,2019Q2
DGC,2019-05-21,CONTROL_RANDOM,,,,42.4,0.61,6.94,-15.13,8.79,-5.0,0.29,1.85,1.25,-8.07,-4.29,-5.76,-9.37,-7.54,-8.25,-8.0,-5.96,True,-5.0,-3.45,True,2019Q2
DGC,2019-06-04,CONTROL_RANDOM,,,,30.6,0.66,6.83,-13.76,10.54,-5.0,-5.86,-5.62,-5.7,1.61,1.2,1.34,-8.93,-11.11,-10.36,-8.0,-8.19,True,-5.0,-4.84,True,2019Q2
DGC,2019-07-16,CONTROL_RANDOM,,,,68.0,0.56,6.72,-15.33,12.35,-5.0,7.29,6.59,6.89,-6.4,-5.12,-5.68,-12.65,-13.25,-12.99,-8.0,-7.28,True,-5.0,-4.28,True,2019Q3
DGC,2020-03-23,CONTROL_RANDOM,,,,23.6,0.74,5.0,-14.4,95.2,-5.0,-9.8,-9.19,-9.35,18.6,3.25,7.28,82.8,52.5,60.46,-8.0,-7.52,True,-5.0,-8.26,True,2020Q1
DGC,2020-09-18,CONTROL_RANDOM,,,,58.7,0.85,11.08,-2.89,22.47,-5.0,5.14,4.26,4.39,2.71,-1.63,-0.99,21.21,3.57,6.14,21.21,6.14,False,21.21,6.14,False,2020Q3
DGC,2020-10-13,CONTROL_RANDOM,,,,63.5,0.9,11.64,-6.87,26.55,-5.0,-5.41,-6.18,-6.1,7.9,5.72,5.94,25.6,1.5,3.91,25.6,3.91,False,-5.0,-5.69,True,2020Q4
DGC,2020-12-24,CONTROL_RANDOM,,,,56.6,1.04,13.3,-2.11,58.87,-5.0,7.14,2.31,2.14,14.96,5.87,5.54,47.97,37.97,37.62,47.97,37.62,False,47.97,37.62,False,2020Q4
DGC,2021-05-06,CONTROL_RANDOM,,,,72.7,0.87,21.76,-4.0,45.5,-12.0,-1.33,-3.01,-2.8,9.88,-0.44,0.87,41.04,35.85,36.51,41.04,36.51,False,41.04,36.51,False,2021Q2
DGC,2021-06-01,CONTROL_RANDOM,,,,54.5,0.84,22.56,-1.68,56.56,-8.85,1.15,1.52,1.46,16.27,10.98,11.82,53.72,55.83,55.5,53.72,55.5,False,53.72,55.5,False,2021Q2
DGC,2021-06-23,CONTROL_RANDOM,,,,63.6,0.85,25.55,-3.87,90.96,-12.0,4.66,1.74,2.16,8.69,14.73,13.85,85.56,87.47,87.2,85.56,87.2,False,85.56,87.2,False,2021Q2
DGC,2021-08-16,CONTROL_RANDOM,,,,67.4,0.92,31.98,-0.5,79.39,-6.46,8.04,13.3,12.9,33.36,35.19,35.05,55.69,49.02,49.54,55.69,49.54,False,55.69,49.54,False,2021Q3
DGC,2021-08-18,CONTROL_RANDOM,,,,70.9,0.91,33.78,-1.04,69.83,-11.45,5.33,9.72,9.33,40.35,41.12,41.05,47.48,38.99,39.75,47.48,39.75,False,47.48,39.75,False,2021Q3
DGC,2021-09-08,CONTROL_RANDOM,,,,76.6,0.9,37.28,-0.59,53.89,-11.07,14.4,13.49,13.58,29.32,26.89,27.14,40.69,29.56,30.72,40.69,30.72,False,40.69,30.72,False,2021Q3
DGC,2022-05-11,CONTROL_RANDOM,,,,26.2,1.23,67.3,-16.39,44.96,-7.43,3.31,7.09,7.95,31.4,30.05,29.74,-5.3,-2.5,-1.86,-9.66,1.6,True,-9.66,1.6,True,2022Q2
DGC,2022-05-18,CONTROL_RANDOM,,,,40.2,1.27,63.81,-8.04,52.89,-12.0,13.99,9.27,7.98,48.16,46.07,45.5,0.09,-3.27,-4.19,-8.0,-10.11,True,0.09,-4.19,False,2022Q2
DGC,2022-08-11,CONTROL_RANDOM,,,,36.2,1.23,63.87,-27.26,13.73,-10.17,2.63,1.15,0.81,12.42,12.6,12.64,-21.98,-0.47,4.41,-8.0,0.25,True,-10.17,0.33,True,2022Q3
DGC,2022-11-14,CONTROL_RANDOM,,,,18.2,1.38,37.34,-9.59,30.64,-5.0,-3.94,-6.75,-7.81,22.92,9.82,4.86,5.41,-7.78,-12.77,-8.0,-11.88,True,-6.96,-10.84,True,2022Q4
DGC,2022-11-17,CONTROL_RANDOM,,,,21.4,1.43,41.41,-18.47,17.8,-12.0,-14.59,-15.03,-15.22,15.43,6.61,2.83,-3.02,-15.38,-20.68,-16.11,-13.88,True,-16.11,-13.88,True,2022Q4
DGC,2023-04-21,CONTROL_RANDOM,,,,54.6,1.21,38.92,-3.85,41.34,-5.0,-1.93,-1.48,-1.39,-2.52,-4.37,-4.76,40.18,27.98,25.44,40.18,25.44,False,40.18,25.44,False,2023Q2
DGC,2023-10-24,CONTROL_RANDOM,,,,42.2,1.18,67.28,-14.91,13.76,-6.66,-10.67,-4.64,-3.57,7.0,6.33,6.21,5.95,0.28,-0.72,-8.0,-3.13,True,-6.66,-1.8,True,2023Q4
DGC,2024-05-22,CONTROL_RANDOM,,,,67.7,1.32,97.03,-20.32,6.77,-5.85,-0.4,-0.46,-0.48,3.59,2.27,1.84,-15.14,-11.82,-10.74,-8.0,-6.85,True,-5.85,-4.71,True,2024Q2
DGC,2024-08-01,CONTROL_RANDOM,,,,16.5,1.4,80.33,-3.76,14.34,-5.0,2.5,1.85,1.58,9.42,3.81,1.57,7.98,4.19,2.67,7.98,2.67,False,7.98,2.67,False,2024Q3
DGC,2024-08-21,CONTROL_RANDOM,,,,62.3,1.41,87.21,-3.46,5.32,-10.95,-1.33,-0.87,-0.69,1.95,3.41,4.01,0.17,5.63,7.85,0.17,7.85,False,0.17,7.85,False,2024Q3
DGC,2024-09-05,CONTROL_RANDOM,,,,66.8,1.37,87.44,-5.9,5.04,-5.0,0.35,1.66,2.13,0.35,0.17,0.1,-0.55,0.85,1.36,-0.55,1.36,False,-5.0,0.57,True,2024Q3
DGC,2025-02-10,CONTROL_RANDOM,,,,43.9,1.11,85.45,-32.07,7.44,-5.0,-0.09,-1.1,-1.21,1.39,-3.91,-4.48,-14.69,-16.1,-16.25,-8.0,-11.63,True,-5.57,-9.2,True,2025Q1
DGC,2025-04-23,CONTROL_RANDOM,,,,43.6,1.15,72.67,-4.6,16.06,-12.0,1.97,-0.27,-0.62,0.32,-9.98,-11.57,11.79,-12.47,-16.23,11.79,-16.23,False,11.79,-16.23,False,2025Q2
DGC,2025-05-21,CONTROL_RANDOM,,,,40.2,1.14,70.6,-1.8,24.75,-5.0,0.68,-0.98,-1.21,9.56,7.13,6.79,19.12,-5.18,-8.63,19.12,-8.63,False,19.12,-8.63,False,2025Q2
DGC,2025-08-14,CONTROL_RANDOM,,,,51.8,1.1,84.34,-18.08,0.47,-5.73,-6.97,-6.2,-6.13,-5.83,-7.2,-7.34,-13.56,-9.67,-9.28,-8.0,-9.97,True,-5.73,-6.14,True,2025Q3
DGC,2025-09-19,CONTROL_RANDOM,,,,40.1,1.03,76.95,-10.21,6.3,-5.0,-2.99,-3.58,-3.6,-10.21,-8.99,-8.95,-4.02,-3.37,-3.35,-8.0,-6.74,True,-5.0,-5.31,True,2025Q3
DGC,2025-10-07,CONTROL_RANDOM,,,,23.0,0.8,74.33,-35.1,10.05,-5.0,1.51,-1.84,-1.17,1.51,4.22,3.68,-23.61,-28.52,-27.54,-13.99,-12.7,True,-5.0,-1.96,True,2025Q4
DGC,2026-01-23,CONTROL_RANDOM,,,,68.3,0.61,61.17,-34.62,11.12,-12.0,-8.81,-5.07,-6.54,2.04,3.68,3.04,-29.13,-29.08,-29.1,-8.26,-5.87,True,-13.27,-8.0,True,2026Q1
DGC,2026-03-06,CONTROL_RANDOM,,,,64.1,0.62,63.0,-40.98,7.89,-11.43,-2.76,0.91,-0.5,-30.27,-25.56,-27.37,-40.27,-44.47,-42.86,-8.0,-6.34,True,-15.79,-14.25,True,2026Q1
DGC,2026-04-10,CONTROL_RANDOM,,,,54.5,0.75,44.01,-15.52,7.93,-11.68,0.0,-5.67,-4.26,-4.32,-15.07,-12.39,-12.04,-17.92,-16.46,-8.0,-14.78,True,-11.68,-17.07,True,2026Q2
DGC,2026-05-21,CONTROL_RANDOM,,,,35.0,0.74,39.83,-25.38,10.09,-5.0,-3.24,-1.49,-1.95,0.73,4.54,3.53,-10.09,-1.25,-3.59,-8.0,-4.41,True,-5.0,-2.98,True,2026Q2
DGC,2026-06-24,CONTROL_RANDOM,,,,74.5,0.8,41.53,-28.44,0.0,-11.3,-3.59,-2.93,-3.06,-24.25,-14.7,-16.6,-13.8,-10.51,-11.16,-8.0,-6.7,True,-11.3,-8.12,True,2026Q2
VND,2019-01-03,WATCH,40.6,40.6,0.0,11.0,1.29,2.95,-6.78,14.92,-5.0,1.69,-1.75,-2.76,-0.68,-4.8,-6.01,4.41,-8.95,-12.88,4.41,-12.88,False,-5.0,-10.69,True,2019Q1
VND,2019-06-03,WATCH,44.2,44.2,40.0,25.7,1.1,2.89,-8.65,2.77,-5.0,1.04,-0.7,-0.88,-0.69,-2.42,-2.6,-8.65,-11.95,-12.29,-8.0,-11.64,True,-5.0,-10.31,True,2019Q2
VND,2019-09-06,WATCH,65.0,65.0,15.0,9.1,0.78,2.6,-3.46,7.31,-6.52,2.31,0.73,1.08,1.92,1.04,1.24,0.77,2.33,1.98,0.77,1.98,False,0.77,1.98,False,2019Q3
VND,2020-02-18,WATCH,41.8,41.8,40.0,29.3,0.7,2.63,-25.1,3.42,-5.92,-1.9,1.38,0.41,-6.46,12.83,7.11,-13.69,-4.04,-6.9,-10.27,2.24,True,-5.92,0.98,True,2020Q1
VND,2020-03-23,WATCH,68.0,68.0,10.0,23.9,0.73,2.09,-5.74,28.23,-5.0,2.39,3.0,2.84,0.96,-14.39,-10.32,19.14,-11.16,-3.11,19.14,-3.11,False,-5.26,-16.54,True,2020Q1
VND,2020-03-24,PANIC70_ANY,73.1,73.1,10.0,22.1,0.74,2.17,-9.22,23.5,-6.81,-3.23,-4.79,-4.39,-3.23,-18.78,-14.76,14.75,-15.34,-7.58,-8.76,-19.74,True,-6.81,-9.73,True,2020Q1
VND,2020-07-27,PANIC70_ANY,76.8,76.8,0.0,22.0,0.86,2.18,-2.29,47.25,-5.0,3.67,-1.52,-0.82,6.88,-4.23,-2.73,43.12,23.76,26.38,43.12,26.38,False,43.12,26.38,False,2020Q3
VND,2020-07-29,WATCH,54.5,54.5,0.0,27.4,0.88,2.22,-4.05,44.59,-5.89,1.35,-4.15,-3.47,5.86,-4.0,-2.79,41.44,20.71,23.27,41.44,23.27,False,41.44,23.27,False,2020Q3
VND,2021-01-27,WATCH,60.6,60.6,0.0,31.5,1.31,4.44,-6.76,81.08,-5.0,12.84,6.07,3.97,22.52,10.35,6.57,77.25,58.04,52.08,77.25,52.08,False,-5.0,-9.26,True,2021Q1
VND,2021-01-28,PANIC70_ANY,71.0,71.0,0.0,29.1,1.24,4.14,0.0,99.52,-5.0,24.88,12.0,8.87,30.43,13.37,9.23,99.52,73.35,67.0,99.52,67.0,False,99.52,67.0,False,2021Q1
VND,2022-01-17,WATCH,49.7,49.7,0.0,28.7,1.45,20.71,-9.22,40.13,-5.0,-3.67,-6.47,-7.72,12.89,8.43,6.44,14.73,18.52,20.21,-8.0,-12.05,True,-5.0,-5.04,True,2022Q1
VND,2022-05-06,WATCH,64.4,64.4,0.0,28.5,1.5,20.23,-41.23,2.67,-5.0,-12.21,-1.43,3.93,-4.65,-2.86,-1.97,-19.28,-13.02,-9.91,-8.0,0.51,True,-5.04,3.47,True,2022Q2
VND,2022-05-13,PANIC70_ANY,72.3,72.3,0.0,18.5,1.44,18.04,-34.09,15.13,-8.83,1.27,0.38,-0.01,-0.83,-2.4,-3.1,-1.72,-5.75,-7.54,-9.04,-9.74,True,-9.04,-9.74,True,2022Q2
VND,2022-06-14,WATCH,52.0,52.0,0.0,28.2,1.42,16.41,-27.54,13.65,-5.0,-17.06,-12.03,-9.92,-9.75,-5.1,-3.14,-0.49,-1.91,-2.51,-16.58,-14.97,True,-16.58,-14.97,True,2022Q2
VND,2022-06-15,PANIC70_ANY,85.0,85.0,0.0,23.4,1.44,15.97,-25.55,16.78,-5.56,-15.03,-11.9,-10.54,-3.26,0.42,2.02,0.75,-1.07,-1.87,-12.52,-7.05,True,-12.52,-7.05,True,2022Q2
VND,2022-09-14,WATCH,49.6,49.6,0.0,19.8,1.45,16.17,-54.85,0.25,-7.46,-5.94,-3.32,-2.16,-31.17,-15.43,-8.42,-24.24,-8.46,-1.44,-8.0,-3.14,True,-7.46,-2.6,True,2022Q3
VND,2022-10-12,WATCH,51.7,51.7,0.0,23.1,1.46,11.09,-34.17,22.0,-7.87,2.16,-0.07,-1.09,-29.85,-21.34,-17.43,3.25,1.69,0.98,-8.0,-1.07,True,-7.87,-0.94,True,2022Q4
VND,2022-10-25,PANIC70_ANY,85.0,85.0,0.0,18.1,1.44,9.28,-21.34,45.8,-5.23,4.31,2.06,1.08,-8.62,-3.15,-0.75,44.5,33.77,29.06,-8.0,-4.33,True,-5.23,-9.15,True,2022Q4
VND,2022-11-09,WATCH,65.0,65.0,20.0,25.0,1.53,8.12,-10.1,66.63,-7.69,9.36,9.92,10.22,50.86,43.09,38.94,38.05,29.79,25.38,-10.1,-4.79,True,-10.1,-4.79,True,2022Q4
VND,2023-09-26,WATCH,45.0,45.0,25.0,31.5,1.63,16.81,-22.37,9.28,-5.0,-3.09,-2.12,-1.51,-6.42,-3.08,-0.99,4.52,7.94,10.08,-9.52,-7.94,True,-5.0,-1.91,True,2023Q3
VND,2023-10-30,WATCH,58.9,58.9,15.0,26.4,1.73,13.85,-5.78,32.64,-5.0,5.78,2.46,0.04,20.22,15.45,11.98,27.44,15.26,6.38,27.44,6.38,False,27.44,6.38,False,2023Q4
VND,2024-04-15,WATCH,40.3,40.3,10.0,19.4,1.45,16.25,-10.83,10.09,-5.0,2.95,4.02,4.5,6.89,2.06,-0.11,-9.17,-14.19,-16.44,-8.0,-2.8,True,-6.4,-1.2,True,2024Q2
VND,2025-01-10,WATCH,40.0,40.0,0.0,19.3,1.5,10.69,-0.84,40.97,-5.0,5.33,3.47,2.53,15.43,11.68,9.8,32.18,32.09,32.04,32.18,32.04,False,32.18,32.04,False,2025Q1
VND,2025-04-09,WATCH,64.9,64.9,0.0,27.8,1.26,12.72,0.0,38.68,-8.56,14.07,9.69,8.56,12.19,1.27,-1.53,36.01,14.62,9.15,36.01,9.15,False,36.01,9.15,False,2025Q2
VND,2025-10-24,WATCH,41.3,41.3,0.0,18.8,1.4,20.02,-15.28,4.15,-6.09,-8.74,-4.06,-2.19,-8.74,-7.06,-6.39,-7.74,-18.88,-23.33,-8.0,-1.45,True,-6.09,0.46,True,2025Q4
VND,2026-03-10,WATCH,50.2,50.2,0.0,30.9,1.07,16.13,-13.83,13.14,-5.0,-2.67,-4.93,-5.09,3.35,-1.47,-1.79,4.46,-2.38,-2.84,-9.3,-3.9,True,-5.0,-6.48,True,2026Q1
VND,2026-07-27,WATCH,49.5,49.5,0.0,22.1,1.04,15.2,-14.14,14.14,-5.0,11.51,4.03,3.74,10.2,1.86,1.54,,,,-8.0,-15.99,True,-5.26,-15.89,True,2026Q3
VND,2020-04-07,ENTRY_V2_LOOSE,39.1,73.1,40.0,17.0,0.65,2.08,-5.29,28.85,-6.06,2.88,-2.14,-0.38,1.44,-8.52,-5.03,18.27,3.73,8.82,18.27,8.82,False,18.27,8.82,False,2020Q2
VND,2020-04-08,ENTRY_V2,43.1,73.1,60.0,16.1,0.65,2.08,-5.29,28.85,-6.11,6.25,2.31,3.69,7.21,-3.07,0.52,19.71,5.06,10.18,19.71,10.18,False,19.71,10.18,False,2020Q2
VND,2020-08-10,ENTRY_V2_LOOSE,6.6,76.8,45.0,32.8,0.87,2.26,-1.33,42.04,-7.71,-0.88,-0.75,-0.76,7.08,2.16,2.78,37.61,26.74,28.11,37.61,28.11,False,37.61,28.11,False,2020Q3
VND,2021-02-05,ENTRY_V2_LOOSE,8.2,75.8,55.0,36.7,1.27,5.21,-7.49,62.38,-12.0,3.07,-1.19,-2.36,9.6,4.5,3.09,57.01,45.86,42.8,57.01,42.8,False,57.01,42.8,False,2021Q1
VND,2021-02-17,ENTRY_V2,,75.8,85.0,47.0,1.21,5.5,-4.36,64.73,-12.0,-0.55,-1.27,-1.42,6.36,2.57,1.78,60.36,49.4,47.1,60.36,47.1,False,60.36,47.1,False,2021Q1
VND,2022-05-30,ENTRY_V2_LOOSE,,71.0,40.0,49.6,1.4,20.01,-40.58,3.8,-12.0,-4.4,-4.61,-4.69,-26.79,-21.31,-19.11,-9.0,-7.61,-7.05,-8.0,-8.3,True,-13.99,-7.64,True,2022Q2
VND,2022-06-29,ENTRY_V2_LOOSE,41.2,85.0,40.0,24.0,1.4,14.89,-10.21,25.25,-12.0,-4.84,-0.59,1.12,1.34,2.17,2.51,-6.18,-2.58,-1.13,-6.18,-1.13,False,-6.18,-1.13,False,2022Q2
VND,2022-11-02,ENTRY_V2_LOOSE,6.8,85.0,55.0,36.1,1.5,9.36,-22.01,44.55,-12.0,-16.88,-10.54,-7.35,11.11,8.65,7.42,29.17,22.67,19.4,-8.0,-2.62,True,-16.24,-11.82,True,2022Q4
VND,2019-01-02,CONTROL_RSI,39.4,39.4,,18.1,1.3,3.01,-8.64,12.62,-5.0,-2.33,-3.28,-3.57,-1.99,-4.34,-5.05,2.33,-8.59,-11.89,-8.0,-11.11,True,-6.31,-9.42,True,2019Q1
VND,2019-03-27,CONTROL_RSI,20.0,20.0,,33.3,1.23,3.06,-8.5,4.25,-5.47,0.65,-0.73,-1.04,-4.58,-5.21,-5.36,-4.58,-3.11,-2.77,-8.0,-6.05,True,-5.47,-4.07,True,2019Q1
VND,2019-04-25,CONTROL_RSI,18.2,18.2,,28.9,1.21,2.92,-5.48,5.48,-5.0,-0.68,1.54,2.01,1.37,1.51,1.53,-3.42,-5.02,-5.36,-3.42,-5.36,False,-5.0,-6.94,True,2019Q2
VND,2019-05-31,CONTROL_RSI,5.0,5.0,,33.3,1.09,2.89,-7.61,4.84,-5.0,0.35,-0.63,-0.72,1.04,-0.22,-0.34,-6.57,-9.65,-9.92,-6.57,-9.92,False,-5.0,-9.28,True,2019Q2
VND,2019-07-03,CONTROL_RSI,11.5,11.5,,34.4,0.9,2.85,-13.68,2.46,-5.0,0.35,-1.4,-1.22,-2.11,-5.81,-5.43,-3.51,-7.26,-6.87,-8.0,-9.57,True,-5.0,-5.26,True,2019Q3
VND,2019-08-05,CONTROL_RSI,0.0,0.0,,35.0,0.78,2.75,-10.55,5.45,-5.0,-0.36,-1.04,-0.89,-5.09,-6.9,-6.49,-6.55,-10.77,-9.82,-10.55,-11.66,True,-5.0,-6.48,True,2019Q3
VND,2019-09-03,CONTROL_RSI,26.7,26.7,,26.1,0.8,2.62,-6.11,6.49,-5.0,1.15,2.03,1.85,1.53,0.17,0.44,0.76,0.74,0.75,0.76,0.75,False,-6.11,-5.79,True,2019Q3
VND,2019-10-17,CONTROL_RSI,30.0,30.0,,21.4,0.65,2.59,-3.09,6.18,-5.0,-1.54,-2.01,-1.84,3.47,1.66,2.3,4.25,6.88,5.96,4.25,5.96,False,4.25,5.96,False,2019Q4
VND,2019-11-28,CONTROL_RSI,23.2,23.2,,27.3,0.58,2.61,-4.98,9.2,-5.0,0.38,1.16,0.83,4.21,5.0,4.67,-2.3,6.63,2.88,-2.3,2.88,False,-2.3,2.88,False,2019Q4
VND,2020-01-08,CONTROL_RSI,33.0,33.0,,25.0,0.54,2.66,-24.44,7.14,-5.0,2.26,0.77,1.45,0.38,2.64,1.6,-18.42,2.63,-7.1,-8.0,-1.02,True,-5.0,-3.27,True,2020Q1
VND,2020-02-19,CONTROL_RSI,18.2,18.2,,31.6,0.7,2.65,-25.66,2.64,-6.56,-2.26,1.51,0.38,-7.55,14.7,8.04,-12.83,-3.43,-6.24,-8.0,-0.63,True,-6.56,0.81,True,2020Q1
VND,2020-04-07,CONTROL_RSI,39.1,39.1,,17.0,0.65,2.08,-5.29,28.85,-6.06,2.88,-2.14,-0.38,1.44,-8.52,-5.03,18.27,3.73,8.82,18.27,8.82,False,18.27,8.82,False,2020Q2
VND,2020-07-24,CONTROL_RSI,18.4,18.4,,31.4,0.84,2.2,-3.18,45.91,-5.0,1.36,-1.22,-0.81,5.91,-3.48,-1.98,42.73,23.8,26.82,42.73,26.82,False,42.73,26.82,False,2020Q3
VND,2020-10-29,CONTROL_RSI,17.4,17.4,,32.7,1.16,2.95,-3.05,112.54,-5.13,4.75,3.35,3.13,21.02,11.85,10.4,85.76,59.76,55.64,85.76,55.64,False,85.76,55.64,False,2020Q4
VND,2021-02-03,CONTROL_RSI,34.7,34.7,,31.6,1.28,4.91,-1.83,72.3,-12.0,9.98,4.46,2.93,19.14,12.97,11.25,66.19,52.41,48.59,66.19,48.59,False,66.19,48.59,False,2021Q1
VND,2021-10-01,CONTROL_RSI,9.0,9.0,,32.4,1.74,15.61,-2.56,75.91,-5.0,6.6,2.16,-1.11,20.44,12.64,6.88,63.04,51.5,42.98,63.04,42.98,False,63.04,42.98,False,2021Q4
VND,2022-01-10,CONTROL_RSI,15.7,15.7,,30.9,1.45,25.13,-25.19,15.48,-5.0,-21.01,-16.7,-14.78,-10.98,-10.25,-9.93,10.15,11.91,12.7,-8.0,-7.26,True,-5.0,-4.26,True,2022Q1
VND,2022-03-31,CONTROL_RSI,8.9,8.9,,32.0,1.49,23.92,-50.29,21.32,-5.0,15.09,15.77,16.11,-1.63,7.98,12.73,-37.92,-19.55,-10.49,-8.0,7.09,True,-5.0,10.09,True,2022Q1
VND,2022-05-05,CONTROL_RSI,33.0,33.0,,30.7,1.48,21.88,-45.66,2.7,-5.35,-21.34,-10.04,-4.6,-10.92,-7.51,-5.86,-30.12,-20.58,-15.99,-15.04,-10.6,True,-15.04,-10.6,True,2022Q2
VND,2022-06-27,CONTROL_RSI,34.6,34.6,,28.8,1.41,14.73,-9.23,26.61,-12.0,1.09,2.84,3.56,-1.09,0.36,0.95,3.26,2.24,1.82,-8.0,-7.59,True,3.26,1.82,False,2022Q2
VND,2022-09-07,CONTROL_RSI,37.1,37.1,,25.7,1.43,16.33,-55.3,2.2,-5.0,-2.94,-2.51,-2.32,-24.98,-10.87,-4.77,-36.31,-19.15,-11.72,-8.0,-2.77,True,-6.37,-5.19,True,2022Q3
VND,2022-10-05,CONTROL_RSI,21.9,21.9,,31.5,1.44,13.09,-44.23,3.36,-8.75,-14.97,-10.06,-7.9,-26.97,-19.23,-15.83,-17.49,-8.81,-4.98,-14.97,-6.79,True,-14.97,-6.79,True,2022Q4
VND,2022-11-11,CONTROL_RSI,34.1,34.1,,30.3,1.54,7.3,0.0,85.34,-5.0,23.84,21.63,20.45,58.49,48.69,43.43,52.47,41.97,36.32,52.47,36.32,False,52.47,36.32,False,2022Q4
VND,2023-02-13,CONTROL_RSI,36.6,36.6,,27.0,1.62,10.97,-3.74,20.42,-7.07,10.57,7.03,4.84,2.19,2.67,2.96,15.68,13.6,12.31,15.68,12.31,False,15.68,12.31,False,2023Q1
VND,2023-04-24,CONTROL_RSI,20.8,20.8,,28.1,1.72,11.97,-4.01,36.42,-5.0,-1.34,-0.81,-0.42,6.68,4.97,3.75,25.73,12.34,2.75,25.73,2.75,False,25.73,2.75,False,2023Q2
VND,2023-07-10,CONTROL_RSI,20.4,20.4,,30.1,1.86,14.17,-1.41,44.6,-6.15,3.95,1.96,0.25,13.55,5.64,-1.15,10.44,13.68,16.45,10.44,16.45,False,10.44,16.45,False,2023Q3
VND,2023-10-02,CONTROL_RSI,32.2,32.2,,28.3,1.65,16.69,-21.81,10.07,-5.0,2.64,2.82,2.95,-21.81,-11.54,-4.83,4.79,6.85,8.2,-8.0,-1.88,True,-5.0,-0.39,True,2023Q4
VND,2023-11-02,CONTROL_RSI,6.2,6.2,,34.2,1.76,14.89,-2.15,23.37,-12.0,7.79,5.91,4.48,14.78,12.85,11.39,17.19,8.47,1.84,17.19,1.84,False,17.19,1.84,False,2023Q4
VND,2023-12-22,CONTROL_RSI,2.4,2.4,,34.2,1.73,17.21,-0.46,15.57,-5.0,3.02,0.54,-1.28,1.86,-4.77,-9.62,9.06,-7.05,-18.84,9.06,-18.84,False,9.06,-18.84,False,2023Q4
VND,2024-04-08,CONTROL_RSI,9.1,9.1,,33.7,1.51,17.33,-16.39,3.23,-5.0,-7.16,-4.22,-2.73,-3.92,-2.95,-2.45,-14.02,-16.51,-17.78,-8.0,-3.57,True,-5.0,-0.68,True,2024Q2
VND,2024-06-06,CONTROL_RSI,12.5,12.5,,30.8,1.21,16.4,-21.1,1.65,-5.0,-0.85,-0.14,0.0,-7.74,-7.28,-7.18,-13.9,-13.5,-13.42,-8.0,-7.37,True,-5.0,-4.13,True,2024Q2
VND,2024-07-04,CONTROL_RSI,10.2,10.2,,31.6,1.17,15.13,-14.47,1.78,-5.66,-0.93,-0.89,-0.88,-8.13,-4.65,-4.06,-3.77,-4.63,-4.77,-8.0,-7.38,True,-5.66,-4.52,True,2024Q3
VND,2024-08-01,CONTROL_RSI,25.8,25.8,,26.9,1.2,13.58,-4.71,8.91,-5.0,1.62,0.96,0.84,3.98,-1.63,-2.74,1.99,-1.8,-2.55,1.99,-2.55,False,1.99,-2.55,False,2024Q3
VND,2024-09-11,CONTROL_RSI,30.0,30.0,,23.9,1.29,13.61,-13.45,8.67,-5.0,1.1,0.08,-0.22,4.56,2.34,1.69,-4.11,-4.84,-5.05,-8.0,-6.15,True,-5.0,-0.91,True,2024Q3
VND,2024-10-25,CONTROL_RSI,2.9,2.9,,34.0,1.21,13.47,-21.31,4.23,-5.0,0.0,0.64,0.78,-2.75,-1.31,-1.0,-16.41,-15.87,-15.76,-8.0,-9.43,True,-5.0,-3.8,True,2024Q4
VND,2024-11-27,CONTROL_RSI,5.0,5.0,,33.3,1.29,13.19,-19.64,0.38,-5.0,-1.06,-2.76,-3.26,-7.51,-9.63,-10.25,-2.88,-7.61,-9.0,-8.0,-10.19,True,-5.0,-4.38,True,2024Q4
VND,2024-12-25,CONTROL_RSI,28.2,28.2,,25.6,1.43,12.34,-14.1,21.39,-5.0,-5.67,-4.02,-3.31,-8.35,-7.51,-7.16,19.85,16.58,15.17,-8.0,-4.71,True,-5.0,-2.64,True,2024Q4
VND,2025-04-08,CONTROL_RSI,37.4,37.4,,32.9,1.22,11.92,0.0,45.13,-5.0,20.13,7.4,4.65,18.96,-0.57,-4.78,42.28,11.69,5.08,42.28,5.08,False,42.28,5.08,False,2025Q2
VND,2025-09-22,CONTROL_RSI,35.9,35.9,,21.7,1.29,21.67,-21.74,10.57,-5.0,0.69,-0.93,-1.4,-5.58,-7.32,-7.81,-15.23,-17.92,-18.69,-8.0,-10.23,True,-5.0,-7.23,True,2025Q3
VND,2025-10-28,CONTROL_RSI,34.8,34.8,,22.8,1.38,20.26,-16.29,2.91,-7.21,-4.29,-2.45,-1.75,-9.82,-9.49,-9.37,-6.96,-17.93,-22.15,-8.0,-2.34,True,-7.21,-1.55,True,2025Q4
VND,2025-11-25,CONTROL_RSI,12.8,12.8,,31.9,1.38,17.88,-5.15,16.61,-5.0,3.3,-0.57,-2.05,10.91,3.98,1.31,1.62,-11.15,-16.07,1.62,-16.07,False,-5.0,-5.99,True,2025Q4
VND,2026-01-30,CONTROL_RSI,30.0,30.0,,24.2,1.19,17.98,-22.69,7.56,-5.0,-4.62,-0.82,-0.08,-8.62,0.77,2.6,-10.01,-14.67,-15.57,-8.62,2.6,True,-5.0,-0.41,True,2026Q1
VND,2026-03-12,CONTROL_RSI,21.6,21.6,,30.2,1.06,15.89,-12.52,14.85,-5.0,-6.1,-3.16,-3.0,2.45,-0.63,-0.8,9.19,2.95,2.6,-8.0,-1.38,True,-5.0,-5.09,True,2026Q1
VND,2026-04-29,CONTROL_RSI,30.0,30.0,,22.0,1.1,15.84,-3.09,20.58,-5.0,0.95,-0.38,-0.51,10.8,12.19,12.33,-3.09,7.69,8.75,-3.09,8.75,False,-3.09,8.75,False,2026Q2
VND,2026-07-24,CONTROL_RSI,7.9,7.9,,34.5,1.02,16.7,-21.86,3.89,-6.53,0.9,-3.12,-3.18,0.6,-4.95,-5.04,,,,-8.0,-14.02,True,-6.53,-14.59,True,2026Q3
VND,2026-09-14,CONTROL_RSI,17.1,17.1,,34.2,1.14,14.7,-11.22,4.08,-5.0,1.02,-0.19,-0.36,,,,,,,-8.0,-4.36,True,-5.0,-4.08,True,2026Q3
VND,2019-01-30,CONTROL_RANDOM,,,,51.2,1.27,2.95,-5.08,14.92,-8.15,7.12,3.55,2.57,12.54,4.44,2.22,-1.69,-5.14,-6.09,-1.69,-6.09,False,-1.69,-6.09,False,2019Q1
VND,2019-02-26,CONTROL_RANDOM,,,,84.8,1.28,3.3,-15.15,2.73,-7.27,-1.82,-2.27,-2.39,-6.67,-5.24,-4.84,-10.0,-8.18,-7.66,-8.0,-6.93,True,-7.27,-6.2,True,2019Q1
VND,2019-05-08,CONTROL_RANDOM,,,,29.3,1.07,2.9,-5.17,6.21,-5.0,3.45,0.79,0.62,-0.69,-0.45,-0.44,-3.79,-8.73,-9.05,-3.79,-9.05,False,-5.0,-9.62,True,2019Q2
VND,2019-05-17,CONTROL_RANDOM,,,,72.7,1.07,3.06,-11.76,0.65,-9.43,-2.29,-1.6,-1.55,-6.21,-2.65,-2.38,-9.8,-9.13,-9.08,-8.0,-6.97,True,-9.43,-10.14,True,2019Q2
VND,2019-07-17,CONTROL_RANDOM,,,,50.0,0.92,2.89,-14.88,0.35,-5.0,-2.42,-4.03,-3.9,-4.15,-4.17,-4.17,-9.0,-10.29,-10.18,-8.0,-7.78,True,-5.0,-6.12,True,2019Q3
VND,2019-08-26,CONTROL_RANDOM,,,,27.8,0.78,2.72,-9.56,2.57,-5.0,-4.04,-3.16,-3.36,-2.94,-3.04,-3.02,-2.57,-4.02,-3.7,-9.56,-8.59,True,-5.0,-4.39,True,2019Q3
VND,2019-11-07,CONTROL_RANDOM,,,,73.7,0.68,2.67,-5.62,6.74,-6.11,0.37,2.03,1.5,-1.87,4.3,2.33,-1.87,7.5,4.5,-1.87,4.5,False,-1.87,4.5,False,2019Q4
VND,2019-12-05,CONTROL_RANDOM,,,,20.0,0.57,2.59,-6.56,10.04,-5.0,4.63,4.24,4.41,4.25,4.93,4.63,-1.54,11.64,5.91,-1.54,5.91,False,-5.0,2.46,True,2019Q4
VND,2020-01-16,CONTROL_RANDOM,,,,50.0,0.58,2.73,-26.37,4.4,-5.38,1.83,5.89,4.19,-2.93,1.49,-0.37,-18.32,0.26,-7.55,-8.0,-3.67,True,-5.38,-2.57,True,2020Q1
VND,2020-04-15,CONTROL_RANDOM,,,,40.5,0.66,2.15,-8.37,24.65,-7.44,-2.33,-2.43,-2.39,5.58,-2.68,0.13,16.74,4.38,8.58,-8.0,-7.64,True,-7.91,-7.55,True,2020Q2
VND,2020-09-07,CONTROL_RANDOM,,,,67.7,0.95,2.41,-1.24,53.53,-6.12,3.73,3.21,3.24,25.31,22.61,22.75,53.53,40.38,41.03,53.53,41.03,False,53.53,41.03,False,2020Q3
VND,2020-09-30,CONTROL_RANDOM,,,,76.9,1.16,2.67,0.0,105.62,-8.92,12.73,11.78,11.62,10.49,9.5,9.35,98.5,81.21,78.44,98.5,78.44,False,98.5,78.44,False,2020Q3
VND,2020-10-12,CONTROL_RANDOM,,,,84.5,1.16,3.08,-7.47,100.32,-12.0,1.95,0.04,-0.26,9.42,6.7,6.27,90.91,67.55,63.86,90.91,63.86,False,90.91,63.86,False,2020Q4
VND,2020-12-14,CONTROL_RANDOM,,,,87.0,1.13,4.31,-3.94,45.48,-12.0,25.29,23.27,23.01,31.79,20.11,18.6,30.86,19.18,17.67,30.86,17.67,False,30.86,17.67,False,2020Q4
VND,2020-12-16,CONTROL_RANDOM,,,,87.9,1.08,4.44,-6.76,41.22,-12.0,19.37,18.53,18.46,40.32,27.51,26.52,36.04,23.24,22.25,36.04,22.25,False,36.04,22.25,False,2020Q4
VND,2021-01-25,CONTROL_RANDOM,,,,40.9,1.2,5.44,-23.9,44.3,-6.97,-16.91,-9.23,-7.72,4.6,2.74,2.37,40.99,33.14,31.59,-18.38,-3.89,True,-18.38,-3.89,True,2021Q1
VND,2022-01-18,CONTROL_RANDOM,,,,26.0,1.48,20.52,-8.38,41.42,-6.02,-2.49,-5.47,-6.91,15.35,10.23,7.76,23.64,28.39,30.7,-8.0,-12.22,True,-6.04,-10.26,True,2022Q1
VND,2022-06-06,CONTROL_RANDOM,,,,52.8,1.44,19.17,-37.98,6.05,-12.0,-12.73,-8.47,-6.61,-22.33,-14.25,-10.72,-9.39,-8.95,-8.75,-10.22,-4.1,True,-12.0,-5.88,True,2022Q2
VND,2022-08-22,CONTROL_RANDOM,,,,67.9,1.42,17.61,-58.55,5.91,-5.0,-1.36,-3.43,-4.3,-13.63,-10.54,-9.24,-49.57,-26.9,-17.41,-8.0,-6.84,True,-5.0,-3.84,True,2022Q3
VND,2022-11-11,CONTROL_RANDOM,,,,30.3,1.54,7.3,0.0,85.34,-5.0,23.84,21.63,20.45,58.49,48.69,43.43,52.47,41.97,36.32,52.47,36.32,False,52.47,36.32,False,2022Q4
VND,2022-11-23,CONTROL_RANDOM,,,,38.4,1.51,8.32,-2.88,62.62,-12.0,25.0,15.09,10.01,40.02,31.57,27.23,34.74,24.48,19.22,34.74,19.22,False,34.74,19.22,False,2022Q4
VND,2022-11-25,CONTROL_RANDOM,,,,57.9,1.52,9.36,-0.85,44.55,-12.0,27.03,15.39,9.3,11.54,10.97,10.68,14.96,10.36,7.96,14.96,7.96,False,14.96,7.96,False,2022Q4
VND,2023-03-08,CONTROL_RANDOM,,,,50.8,1.65,11.81,-5.42,30.82,-12.0,0.34,0.64,0.84,6.1,4.16,2.9,30.82,25.33,21.75,30.82,21.75,False,30.82,21.75,False,2023Q1
VND,2023-03-22,CONTROL_RANDOM,,,,59.9,1.64,11.73,-2.05,39.22,-6.68,4.09,1.76,0.28,1.36,0.02,-0.84,33.76,26.38,21.67,33.76,21.67,False,33.76,21.67,False,2023Q1
VND,2023-10-09,CONTROL_RANDOM,,,,37.1,1.72,17.57,-25.73,4.55,-12.0,-8.88,-6.96,-5.57,-16.62,-11.08,-7.09,1.82,1.77,1.74,-8.0,-4.7,True,-12.0,-5.95,True,2023Q4
VND,2023-10-20,CONTROL_RANDOM,,,,44.3,1.73,15.97,-18.28,15.03,-11.07,-13.27,-7.48,-3.23,6.26,6.52,6.72,9.27,4.16,0.41,-8.0,0.0,True,-11.07,-1.03,True,2023Q4
VND,2024-01-19,CONTROL_RANDOM,,,,37.8,1.68,17.73,-17.37,12.18,-5.0,-1.58,-0.69,-0.08,2.26,-0.94,-3.11,-11.05,-10.31,-9.8,-8.35,-12.51,True,-5.0,-9.3,True,2024Q1
VND,2024-03-12,CONTROL_RANDOM,,,,50.0,1.68,18.17,-19.37,9.47,-5.0,3.08,2.29,1.75,-3.08,-3.75,-4.21,-11.01,-13.74,-15.61,-8.0,-3.48,True,-5.0,-0.48,True,2024Q1
VND,2024-04-17,CONTROL_RANDOM,,,,16.5,1.45,15.21,-8.35,17.62,-5.0,8.68,6.25,5.16,12.1,4.81,1.53,-7.76,-15.19,-18.54,-8.0,-18.78,True,-5.0,-17.32,True,2024Q2
VND,2024-05-24,CONTROL_RANDOM,,,,36.4,1.29,16.09,-19.58,6.15,-5.0,2.8,1.49,1.11,-7.4,-6.66,-6.44,-15.35,-15.21,-15.16,-8.0,-9.89,True,-5.0,-6.92,True,2024Q2
VND,2024-09-18,CONTROL_RANDOM,,,,43.4,1.31,13.94,-15.49,6.1,-5.88,1.72,-0.12,-0.7,0.72,-0.74,-1.19,-10.47,-10.42,-10.4,-8.0,-2.73,True,-6.03,-0.9,True,2024Q3
VND,2024-12-26,CONTROL_RANDOM,,,,29.8,1.43,12.2,-13.11,22.79,-5.0,-7.7,-5.41,-4.43,-10.41,-8.64,-7.89,18.2,15.74,14.69,-8.0,-4.79,True,-5.0,-1.73,True,2024Q4
VND,2025-05-16,CONTROL_RANDOM,,,,52.1,1.18,14.37,-4.24,67.71,-6.56,3.27,0.26,-0.28,10.16,6.72,6.1,66.74,43.29,39.08,66.74,39.08,False,66.74,39.08,False,2025Q2
VND,2025-05-20,CONTROL_RANDOM,,,,58.5,1.19,14.32,-1.33,68.3,-6.27,6.28,5.38,5.21,8.59,7.31,7.07,61.87,40.68,36.73,61.87,36.73,False,61.87,36.73,False,2025Q2
VND,2025-06-17,CONTROL_RANDOM,,,,55.7,1.21,15.73,-2.67,68.98,-6.55,4.7,3.48,3.22,14.3,5.02,3.12,47.68,24.19,19.38,47.68,19.38,False,47.68,19.38,False,2025Q2
VND,2025-06-18,CONTROL_RANDOM,,,,57.4,1.21,15.5,-1.23,71.48,-5.13,7.55,6.11,5.82,16.0,5.33,3.13,54.26,29.11,23.93,54.26,23.93,False,54.26,23.93,False,2025Q2
VND,2025-07-22,CONTROL_RANDOM,,,,72.2,1.18,18.9,-1.27,40.63,-12.0,14.66,15.44,15.58,23.92,14.39,12.72,21.11,7.19,4.74,21.11,4.74,False,21.11,4.74,False,2025Q3
VND,2026-03-11,CONTROL_RANDOM,,,,36.3,1.05,16.38,-15.14,11.42,-5.59,-7.45,-6.43,-6.37,0.0,-1.17,-1.23,5.62,1.16,0.92,-8.0,-6.93,True,-6.23,-5.15,True,2026Q1
VND,2026-05-12,CONTROL_RANDOM,,,,46.5,1.05,15.94,-6.52,19.82,-5.0,0.31,0.08,0.07,8.85,14.35,14.62,6.34,13.27,13.6,6.34,13.6,False,-5.0,7.53,True,2026Q2
VND,2026-06-16,CONTROL_RANDOM,,,,59.3,0.95,18.35,-20.98,4.09,-11.28,-4.09,-8.57,-8.35,-5.99,-5.14,-5.19,-20.44,-19.93,-19.95,-8.0,-8.36,True,-11.28,-6.09,True,2026Q2
HSG,2019-01-04,WATCH,40.5,40.5,10.0,24.3,1.14,2.94,-2.04,63.95,-8.73,6.46,5.19,5.01,2.72,-1.28,-1.86,44.9,32.87,31.14,44.9,31.14,False,44.9,31.14,False,2019Q1
HSG,2019-04-17,WATCH,53.0,53.0,0.0,23.3,1.32,3.63,-4.41,20.66,-5.0,11.85,11.37,11.21,14.33,12.59,12.03,7.16,5.86,5.44,7.16,5.44,False,7.16,5.44,False,2019Q2
HSG,2020-03-09,WATCH,51.5,51.5,10.0,25.9,1.2,3.42,-35.09,66.08,-5.0,-7.6,0.76,2.43,-14.91,-6.83,-5.21,66.08,57.19,55.41,-8.19,-1.61,True,-8.19,-1.61,True,2020Q1
HSG,2020-03-12,PANIC70_ANY,73.7,73.7,0.0,11.0,1.26,2.91,-23.71,118.9,-5.0,2.06,5.58,6.48,-1.03,-5.14,-6.19,103.44,81.09,75.35,-8.0,5.05,True,-5.0,6.79,True,2020Q1
HSG,2020-07-24,WATCH,46.7,46.7,0.0,19.7,1.21,5.41,-5.91,62.85,-5.0,0.55,-2.03,-2.57,16.82,7.43,5.46,54.53,35.61,31.62,54.53,31.62,False,-5.0,-5.65,True,2020Q3
HSG,2021-02-01,WATCH,40.6,40.6,0.0,37.3,1.24,11.89,-3.11,67.37,-11.45,8.07,0.55,-1.28,27.5,15.45,12.5,65.35,45.59,40.77,65.35,40.77,False,65.35,40.77,False,2021Q1
HSG,2021-07-09,WATCH,46.7,46.7,0.0,24.2,1.2,20.44,-6.31,40.8,-5.0,-4.6,3.09,4.66,11.84,10.9,10.7,39.38,38.22,37.98,39.38,37.98,False,-5.0,1.6,True,2021Q3
HSG,2021-11-18,WATCH,50.1,50.1,0.0,21.0,1.4,23.45,-25.88,1.75,-5.0,-0.13,-1.71,-2.33,-9.3,-9.97,-10.24,-7.68,-10.47,-11.57,-8.0,-2.65,True,-5.0,-6.81,True,2021Q4
HSG,2022-01-24,WATCH,48.2,48.2,0.0,17.8,1.22,17.68,-11.88,44.97,-5.0,13.63,9.37,8.43,29.98,25.87,24.96,-3.68,2.29,3.62,-10.01,-1.66,True,-5.0,5.94,True,2022Q1
HSG,2022-04-08,WATCH,41.3,41.3,0.0,21.1,1.24,19.97,-59.29,1.65,-5.05,-10.62,-5.14,-3.83,-32.75,-16.01,-12.01,-48.97,-27.37,-22.21,-8.0,-3.39,True,-5.05,-0.44,True,2022Q2
HSG,2022-05-04,PANIC70_ANY,80.2,80.2,0.0,14.4,1.24,15.52,-47.62,1.93,-5.0,-13.47,-4.45,-2.32,-17.78,-12.42,-11.15,-35.44,-24.16,-21.5,-8.0,0.36,True,-5.0,3.36,True,2022Q2
HSG,2022-05-11,WATCH,65.0,65.0,20.0,23.9,1.14,14.2,-42.75,1.27,-9.29,-13.1,-9.32,-8.78,-7.46,-8.81,-9.01,-17.46,-14.66,-14.25,-12.89,-2.39,True,-12.89,-2.39,True,2022Q2
HSG,2022-06-15,WATCH,43.7,43.7,20.0,32.1,1.2,10.66,-23.73,25.42,-6.86,-16.23,-13.1,-12.47,-0.47,3.2,3.95,18.86,17.03,16.66,-13.79,-9.2,True,-13.79,-9.2,True,2022Q2
HSG,2022-09-26,WATCH,57.3,57.3,10.0,25.4,1.33,10.89,-55.56,0.64,-5.0,-15.24,-6.8,-4.06,-19.19,-3.92,1.05,-11.02,2.09,6.36,-8.0,-2.89,True,-5.0,0.11,True,2022Q3
HSG,2022-11-08,WATCH,50.0,50.0,20.0,30.0,1.48,6.81,-28.93,68.14,-5.0,-18.36,-14.22,-12.23,20.41,14.58,11.78,48.02,39.84,35.93,-8.66,-4.29,True,-8.66,-4.29,True,2022Q4
HSG,2023-10-18,WATCH,43.4,43.4,0.0,26.9,1.65,12.38,-5.33,36.19,-5.0,-2.34,1.96,4.77,27.06,25.01,23.67,27.63,22.93,19.87,27.63,19.87,False,27.63,19.87,False,2023Q4
HSG,2024-04-17,WATCH,45.7,45.7,0.0,17.1,1.38,14.38,-1.74,35.67,-5.0,0.83,-1.59,-2.51,14.05,6.76,4.01,23.16,15.72,12.92,23.16,12.92,False,23.16,12.92,False,2024Q2
HSG,2024-07-31,WATCH,47.9,47.9,0.0,24.8,1.29,16.29,-10.56,0.92,-5.0,-5.46,-1.78,-0.69,-4.6,-6.75,-7.37,-4.79,-4.8,-4.81,-8.0,-1.14,True,-5.0,1.86,True,2024Q3
HSG,2024-11-15,WATCH,43.7,43.7,0.0,14.8,1.45,13.75,-9.75,4.65,-5.0,1.89,0.54,-0.07,0.58,-3.15,-4.85,-6.25,-11.17,-13.4,-8.0,-13.37,True,-5.0,-6.45,True,2024Q4
HSG,2025-04-03,WATCH,45.8,45.8,0.0,28.0,1.24,11.61,-17.83,16.28,-5.0,-4.57,-11.65,-13.36,-2.24,-11.77,-14.07,13.26,-5.94,-10.58,-12.23,-5.27,True,-12.23,-5.27,True,2025Q2
HSG,2025-04-04,PANIC70_ANY,76.8,76.8,0.0,21.1,1.29,11.65,-18.11,15.88,-5.0,-7.55,-12.21,-13.57,-1.63,-9.66,-11.99,11.93,-6.3,-11.6,-8.0,-14.01,True,-6.61,-6.08,True,2025Q2
HSG,2025-10-24,WATCH,40.2,40.2,20.0,17.1,1.01,12.77,-8.77,6.89,-5.05,0.86,5.54,5.58,1.8,3.48,3.49,-1.8,-12.94,-13.02,-8.0,-5.01,True,-5.05,-2.11,True,2025Q4
HSG,2026-03-09,WATCH,52.3,52.3,0.0,28.0,0.82,10.77,-2.51,20.71,-5.0,3.53,0.78,1.27,3.9,3.12,3.26,11.42,0.94,2.81,11.42,2.81,False,11.42,2.81,False,2026Q1
HSG,2026-07-27,WATCH,43.4,43.4,10.0,23.6,0.84,9.7,0.0,14.95,-5.0,11.86,4.37,5.58,11.86,3.52,4.86,,,,2.99,-2.37,False,2.99,-2.37,False,2026Q3
HSG,2022-05-20,ENTRY_V2_LOOSE,43.5,78.1,50.0,26.7,1.18,12.81,-36.53,8.51,-12.0,6.01,2.21,1.53,-32.16,-26.85,-25.91,-0.86,-3.08,-3.47,-8.0,-10.07,True,-12.0,-10.46,True,2022Q2
HSG,2019-01-02,CONTROL_RSI,10.3,10.3,,33.0,1.14,2.95,-6.78,63.39,-8.6,7.8,6.84,6.7,3.73,1.38,1.05,45.42,34.51,32.96,45.42,32.96,False,45.42,32.96,False,2019Q1
HSG,2019-02-11,CONTROL_RSI,7.2,7.2,,32.6,1.2,3.02,0.0,59.6,-5.0,15.23,11.58,10.83,45.03,37.41,35.85,38.74,35.71,35.1,38.74,35.1,False,38.74,35.1,False,2019Q1
HSG,2019-04-19,CONTROL_RSI,26.3,26.3,,28.6,1.31,4.03,-8.68,8.68,-12.0,5.71,4.18,3.7,3.97,2.01,1.39,-3.47,-4.75,-5.15,-8.0,-10.02,True,-3.47,-5.15,False,2019Q2
HSG,2019-06-03,CONTROL_RSI,12.7,12.7,,30.8,1.57,4.0,-16.25,2.0,-5.0,0.25,-1.49,-2.49,-2.25,-3.98,-4.97,-12.5,-15.8,-17.69,-8.0,-13.5,True,-5.0,-4.58,True,2019Q2
HSG,2019-07-10,CONTROL_RSI,5.0,5.0,,33.3,1.3,3.74,-13.1,5.88,-5.0,4.01,4.1,4.13,-6.95,-6.78,-6.73,0.27,-0.82,-1.14,-8.0,-6.66,True,-5.0,-3.36,True,2019Q3
HSG,2019-08-07,CONTROL_RSI,34.6,34.6,,9.8,1.18,3.48,-6.61,10.63,-5.0,-1.44,-2.83,-3.08,-3.16,-4.0,-4.16,5.46,0.32,-0.6,5.46,-0.6,False,-5.0,-5.53,True,2019Q3
HSG,2019-09-12,CONTROL_RSI,16.5,16.5,,29.5,1.23,3.36,-2.68,25.89,-5.0,0.6,-0.87,-1.21,12.5,10.88,10.51,22.02,23.31,23.6,22.02,23.6,False,22.02,23.6,False,2019Q3
HSG,2019-12-27,CONTROL_RSI,9.0,9.0,,32.0,0.95,4.01,-44.64,15.71,-5.0,0.75,1.16,1.14,1.25,4.76,4.59,-42.14,-10.95,-12.45,-9.73,2.87,True,-9.73,2.87,True,2019Q4
HSG,2020-02-18,CONTROL_RSI,13.1,13.1,,30.6,1.17,4.16,-46.63,21.88,-7.34,-5.05,-1.76,-1.19,-24.52,-5.22,-1.87,21.88,31.53,33.2,-12.98,-1.46,True,-7.34,-1.74,True,2020Q1
HSG,2020-07-21,CONTROL_RSI,7.0,7.0,,32.7,1.21,6.11,-16.69,44.19,-5.22,-13.75,-5.41,-3.62,1.31,2.65,2.94,32.41,23.14,21.16,-8.0,-3.27,True,-5.4,-0.67,True,2020Q3
HSG,2020-10-16,CONTROL_RSI,7.7,7.7,,33.1,1.21,8.09,-3.96,67.49,-5.0,0.99,0.38,0.25,20.15,19.54,19.41,66.13,39.97,34.56,66.13,34.56,False,66.13,34.56,False,2020Q4
HSG,2021-03-26,CONTROL_RSI,3.8,3.8,,33.7,1.16,14.78,-1.08,73.0,-6.76,4.53,-1.14,-2.08,13.8,9.52,8.81,61.43,43.47,40.51,61.43,40.51,False,61.43,40.51,False,2021Q1
HSG,2021-07-08,CONTROL_RSI,37.1,37.1,,25.9,1.2,21.62,-11.42,33.12,-5.0,-3.24,2.24,3.32,3.56,5.98,6.45,30.39,31.85,32.13,-8.42,-1.71,True,-8.42,-1.71,True,2021Q3
HSG,2021-11-03,CONTROL_RSI,17.7,17.7,,30.0,1.36,26.51,-34.44,4.45,-5.0,-3.32,-4.57,-5.02,-12.45,-15.06,-16.01,-32.55,-34.95,-35.82,-8.0,-10.41,True,-5.0,-7.97,True,2021Q4
HSG,2021-12-02,CONTROL_RSI,13.5,13.5,,30.5,1.35,23.3,-25.41,10.0,-7.84,-12.75,-11.5,-11.07,-5.45,-6.55,-6.92,7.34,6.19,5.8,-9.23,-6.03,True,-9.23,-6.03,True,2021Q4
HSG,2022-01-19,CONTROL_RSI,28.6,28.6,,26.7,1.16,19.32,-12.78,32.66,-6.95,-7.61,-9.82,-10.17,8.39,4.5,3.88,-7.92,-3.77,-3.1,-8.0,-8.06,True,-6.95,-7.01,True,2022Q1
HSG,2022-03-25,CONTROL_RSI,12.8,12.8,,30.7,1.18,22.21,-63.39,2.12,-5.28,-5.45,-7.75,-8.16,-24.67,-14.67,-12.87,-59.79,-39.56,-35.92,-8.0,-8.14,True,-5.28,-5.42,True,2022Q1
HSG,2022-05-26,CONTROL_RSI,12.2,12.2,,32.6,1.19,12.9,-36.98,7.75,-12.0,0.93,-0.44,-0.7,-27.36,-20.67,-19.41,-6.82,-6.71,-6.69,-8.0,-9.94,True,-12.09,-8.33,True,2022Q2
HSG,2022-06-28,CONTROL_RSI,15.2,15.2,,33.1,1.24,9.69,-6.4,37.98,-12.0,4.23,9.08,10.25,0.31,1.73,2.07,18.16,18.57,18.67,18.16,18.67,False,18.16,18.67,False,2022Q2
HSG,2022-09-23,CONTROL_RSI,20.9,20.9,,29.2,1.31,11.03,-56.12,1.9,-5.0,-11.51,-3.09,-0.47,-25.29,-8.42,-3.17,-12.15,0.33,4.2,-8.0,-2.0,True,-5.0,1.67,True,2022Q3
HSG,2022-11-04,CONTROL_RSI,22.8,22.8,,32.6,1.48,7.71,-37.22,48.51,-5.0,-29.83,-24.91,-22.54,20.62,10.12,5.07,24.25,16.57,12.87,-11.67,-11.05,True,-11.67,-11.05,True,2022Q4
HSG,2023-04-21,CONTROL_RSI,5.3,5.3,,33.8,1.65,10.53,-3.32,24.5,-5.0,4.08,4.53,4.82,4.08,2.23,1.02,21.37,9.17,1.2,21.37,1.2,False,21.37,1.2,False,2023Q2
HSG,2023-06-01,CONTROL_RSI,1.4,1.4,,34.5,1.74,10.78,0.0,40.17,-5.0,8.53,6.38,4.79,11.13,7.81,5.36,25.6,16.46,9.68,25.6,9.68,False,25.6,9.68,False,2023Q2
HSG,2023-10-03,CONTROL_RSI,26.9,26.9,,33.2,1.58,13.11,-10.6,28.6,-5.0,9.46,5.46,3.16,-1.68,4.37,7.86,24.71,23.32,22.52,-8.0,-5.33,True,-5.0,-4.54,True,2023Q4
HSG,2023-10-31,CONTROL_RSI,20.0,20.0,,29.4,1.61,12.34,-0.57,37.52,-7.89,24.55,16.35,11.38,28.36,21.19,16.84,36.3,22.57,14.24,36.3,14.24,False,36.3,14.24,False,2023Q4
HSG,2024-02-22,CONTROL_RSI,12.9,12.9,,30.7,1.58,16.46,-14.16,9.05,-5.0,2.0,-0.27,-1.58,2.86,-1.33,-3.74,1.46,-2.67,-5.04,-8.0,-6.13,True,-5.0,-6.7,True,2024Q1
HSG,2024-04-15,CONTROL_RSI,20.0,20.0,,30.1,1.35,15.51,-8.9,25.79,-5.0,-5.29,-4.22,-3.84,5.74,0.9,-0.79,18.31,13.29,11.53,-8.0,-3.15,True,-7.29,-2.43,True,2024Q2
HSG,2024-07-22,CONTROL_RSI,22.2,22.2,,29.0,1.31,17.19,-15.24,3.03,-5.0,-0.47,0.46,0.75,-9.37,-10.63,-11.02,-9.6,-11.97,-12.71,-8.0,-4.89,True,-5.0,-4.46,True,2024Q3
HSG,2024-09-16,CONTROL_RSI,26.7,26.7,,26.1,1.43,14.57,-9.95,12.83,-5.0,3.36,0.38,-0.9,6.66,3.34,1.93,-2.54,-5.13,-6.23,-8.0,-11.17,True,-5.0,-2.53,True,2024Q3
HSG,2024-10-21,CONTROL_RSI,3.1,3.1,,34.0,1.43,15.17,-16.02,2.97,-5.0,1.98,3.42,4.03,-9.62,-3.76,-1.25,-13.51,-10.07,-8.6,-8.0,-1.12,True,-5.0,0.39,True,2024Q4
HSG,2024-11-18,CONTROL_RSI,34.9,34.9,,18.7,1.45,13.9,-10.72,3.53,-5.0,2.16,0.4,-0.39,-1.08,-4.44,-5.96,-6.98,-12.54,-15.05,-8.0,-9.78,True,-5.0,-10.57,True,2024Q4
HSG,2025-01-08,CONTROL_RSI,11.1,11.1,,31.3,1.41,13.49,-24.46,7.19,-5.0,-4.15,-3.5,-3.22,-7.78,-9.37,-10.02,-17.35,-15.1,-14.17,-8.0,-10.02,True,-5.0,-3.31,True,2025Q1
HSG,2025-02-13,CONTROL_RSI,5.0,5.0,,33.3,1.36,12.48,-23.56,15.87,-5.0,5.13,3.62,3.09,12.02,8.21,6.86,-1.68,-4.48,-5.47,-8.0,7.35,True,-6.97,0.12,True,2025Q1
HSG,2025-03-19,CONTROL_RSI,15.4,15.4,,30.6,1.48,13.23,-27.89,2.49,-5.0,0.3,0.53,0.64,-20.33,-12.22,-8.31,-1.74,-3.25,-3.97,-12.24,0.72,True,-5.82,5.0,True,2025Q1
HSG,2025-04-24,CONTROL_RSI,23.4,23.4,,32.2,1.18,10.69,-3.93,37.42,-12.0,4.68,2.79,2.45,18.33,8.99,7.33,36.01,12.78,8.67,36.01,8.67,False,36.01,8.67,False,2025Q2
HSG,2025-08-27,CONTROL_RSI,12.9,12.9,,31.3,1.07,14.19,-12.97,14.94,-5.0,8.39,11.65,11.87,3.24,4.01,4.06,-8.39,-7.71,-7.67,-8.0,-6.99,True,-5.0,-2.28,True,2025Q3
HSG,2025-10-02,CONTROL_RSI,30.8,30.8,,21.3,1.04,14.31,-18.31,2.94,-5.0,2.1,-3.73,-3.97,-9.99,-9.28,-9.25,-13.7,-18.44,-18.64,-8.0,-7.06,True,-5.0,-4.06,True,2025Q4
HSG,2025-10-30,CONTROL_RSI,32.0,32.0,,21.2,0.99,12.85,-9.34,6.23,-5.64,0.86,5.08,5.02,0.0,-1.28,-1.26,-4.82,-14.46,-14.32,-8.0,-6.61,True,-5.64,-4.3,True,2025Q4
HSG,2025-12-02,CONTROL_RSI,18.9,18.9,,28.7,0.92,12.77,-12.69,3.92,-5.0,-0.94,-0.54,-0.57,-5.17,-8.56,-8.3,-10.88,-13.31,-13.13,-8.0,-3.72,True,-5.0,-0.77,True,2025Q4
HSG,2026-02-09,CONTROL_RSI,0.0,0.0,,35.0,0.8,12.0,-12.5,7.67,-5.0,4.5,-1.87,-0.59,-7.08,-4.49,-5.01,0.83,-8.61,-6.72,-10.25,-5.56,True,-5.0,-7.84,True,2026Q1
HSG,2026-03-16,CONTROL_RSI,25.6,25.6,,27.3,0.84,11.15,-5.83,16.59,-6.79,-0.99,4.55,3.66,13.09,9.22,9.84,4.93,0.12,0.89,4.93,0.89,False,4.93,0.89,False,2026Q1
HSG,2026-06-11,CONTROL_RSI,15.0,15.0,,30.0,0.81,11.85,-18.14,4.22,-5.0,0.84,0.21,0.33,-4.22,-5.06,-4.9,-10.55,-11.32,-11.18,-8.0,-4.9,True,-5.0,-6.36,True,2026Q2
HSG,2026-07-09,CONTROL_RSI,5.0,5.0,,33.3,0.78,11.45,-15.28,2.62,-5.0,-1.31,1.56,0.94,-6.11,-2.19,-3.03,,,,-9.17,-4.49,True,-5.0,-0.87,True,2026Q3
HSG,2026-09-15,CONTROL_RSI,30.7,30.7,,25.0,0.79,10.15,-3.65,1.97,-5.0,-0.49,0.13,0.0,,,,,,,-1.58,0.79,False,-1.58,0.79,False,2026Q3
HSG,2019-05-29,CONTROL_RANDOM,,,,70.0,1.55,4.26,-21.36,0.7,-5.0,-8.45,-6.1,-4.8,-11.74,-8.86,-7.27,-15.02,-17.72,-19.22,-8.0,-4.35,True,-5.0,-1.07,True,2019Q2
HSG,2019-06-11,CONTROL_RANDOM,,,,39.7,1.49,3.96,-15.4,1.52,-5.0,-1.01,0.13,0.69,-5.56,-6.91,-7.59,-14.39,-16.08,-16.91,-8.0,-9.95,True,-5.0,-2.28,True,2019Q2
HSG,2019-06-14,CONTROL_RANDOM,,,,32.4,1.48,3.98,-17.34,0.5,-5.0,-1.26,-2.19,-2.63,-4.02,-5.97,-6.9,-16.83,-18.54,-19.36,-8.0,-10.97,True,-5.0,-3.32,True,2019Q2
HSG,2019-06-28,CONTROL_RANDOM,,,,31.1,1.34,3.81,-14.7,4.46,-5.0,0.26,-0.51,-0.77,-2.36,-6.43,-7.8,-12.34,-15.38,-16.41,-8.0,-8.79,True,-5.0,-6.98,True,2019Q2
HSG,2019-08-16,CONTROL_RANDOM,,,,14.9,1.17,3.39,-4.13,18.58,-5.0,2.95,3.07,3.09,-2.06,-3.36,-3.58,18.58,15.1,14.49,18.58,14.49,False,18.58,14.49,False,2019Q3
HSG,2019-10-11,CONTROL_RANDOM,,,,80.6,0.97,3.82,-10.73,14.92,-12.0,-10.21,-9.1,-9.13,-1.57,-3.8,-3.73,5.76,9.35,9.25,-8.38,-7.3,True,5.76,9.25,False,2019Q4
HSG,2020-01-13,CONTROL_RANDOM,,,,43.8,1.05,4.05,-45.19,14.57,-5.09,7.65,5.57,5.47,2.47,6.44,6.64,-18.52,1.05,2.03,-10.62,3.6,True,-5.09,3.81,True,2020Q1
HSG,2020-04-15,CONTROL_RANDOM,,,,70.6,1.24,3.31,-6.04,106.34,-12.0,9.97,9.87,9.84,53.17,44.91,42.96,91.84,79.48,76.57,91.84,76.57,False,91.84,76.57,False,2020Q2
HSG,2020-09-17,CONTROL_RANDOM,,,,70.5,1.29,7.2,0.0,55.14,-12.0,13.47,12.11,11.72,11.94,6.67,5.14,54.03,37.3,32.43,54.03,32.43,False,54.03,32.43,False,2020Q3
HSG,2020-09-24,CONTROL_RANDOM,,,,78.8,1.23,8.03,-3.24,46.08,-12.0,3.11,3.21,3.23,2.74,-2.8,-4.1,45.08,27.88,23.85,45.08,23.85,False,45.08,23.85,False,2020Q3
HSG,2021-02-23,CONTROL_RANDOM,,,,60.9,1.17,13.95,-2.51,52.04,-12.0,7.89,7.66,7.63,4.09,5.99,6.3,45.88,36.28,34.68,45.88,34.68,False,45.88,34.68,False,2021Q1
HSG,2021-03-01,CONTROL_RANDOM,,,,83.8,1.17,15.21,-8.09,46.15,-12.0,-0.33,2.53,3.02,-1.91,-1.09,-0.95,45.23,34.84,33.06,-8.0,-4.67,True,45.23,33.06,False,2021Q1
HSG,2021-03-26,CONTROL_RANDOM,,,,33.7,1.16,14.78,-1.08,73.0,-6.76,4.53,-1.14,-2.08,13.8,9.52,8.81,61.43,43.47,40.51,61.43,40.51,False,61.43,40.51,False,2021Q1
HSG,2021-04-09,CONTROL_RANDOM,,,,62.3,1.16,16.23,-5.61,57.55,-11.25,7.39,5.47,5.17,23.41,21.38,21.06,34.69,23.54,21.8,34.69,21.8,False,34.69,21.8,False,2021Q2
HSG,2021-08-20,CONTROL_RANDOM,,,,57.3,1.29,22.45,-2.9,34.61,-6.2,4.19,4.28,4.31,22.32,20.72,20.26,11.54,0.52,-2.66,11.54,-2.66,False,11.54,-2.66,False,2021Q3
HSG,2021-08-27,CONTROL_RANDOM,,,,47.0,1.3,22.68,-3.48,33.25,-5.51,12.87,11.32,10.86,19.22,17.24,16.66,-1.41,-14.79,-18.74,-1.41,-18.74,False,-1.41,-18.74,False,2021Q3
HSG,2022-01-06,CONTROL_RANDOM,,,,42.0,1.23,20.97,-17.12,22.22,-8.89,-0.38,2.1,2.67,4.24,6.36,6.84,-7.73,-4.33,-3.55,-8.0,-0.37,True,-8.89,-1.26,True,2022Q1
HSG,2022-04-05,CONTROL_RANDOM,,,,39.5,1.2,20.86,-61.03,3.64,-5.0,-6.23,-3.68,-3.17,-31.64,-15.68,-12.52,-52.25,-31.39,-27.26,-8.0,-5.34,True,-5.0,-2.73,True,2022Q2
HSG,2022-04-15,CONTROL_RANDOM,,,,19.3,1.19,19.44,-58.18,0.62,-5.0,-14.81,-4.91,-3.0,-35.13,-20.41,-17.57,-45.73,-26.41,-22.69,-8.8,-3.03,True,-8.8,-3.03,True,2022Q2
HSG,2022-07-06,CONTROL_RANDOM,,,,50.8,1.24,10.22,-7.14,30.82,-12.0,3.82,0.93,0.23,14.68,5.52,3.31,-4.5,0.94,2.26,-4.5,2.26,False,-4.5,2.26,False,2022Q3
HSG,2022-07-28,CONTROL_RANDOM,,,,38.3,1.24,10.1,-19.5,32.38,-8.37,19.6,16.44,15.68,24.55,18.93,17.58,-12.87,4.97,9.27,-8.0,5.92,True,-8.37,5.55,True,2022Q3
HSG,2022-11-01,CONTROL_RANDOM,,,,36.1,1.47,8.31,-41.76,37.79,-6.14,-20.46,-15.82,-13.62,-4.33,-5.77,-6.46,23.35,19.08,17.06,-8.0,0.32,True,-7.22,1.1,True,2022Q4
HSG,2022-11-08,CONTROL_RANDOM,,,,30.0,1.48,6.81,-28.93,68.14,-5.0,-18.36,-14.22,-12.23,20.41,14.58,11.78,48.02,39.84,35.93,-8.66,-4.29,True,-8.66,-4.29,True,2022Q4
HSG,2022-12-30,CONTROL_RANDOM,,,,45.7,1.59,8.24,0.0,45.02,-10.98,10.32,6.17,3.72,16.26,10.88,7.71,41.14,34.51,30.6,41.14,30.6,False,41.14,30.6,False,2022Q4
HSG,2023-02-16,CONTROL_RANDOM,,,,58.1,1.59,11.21,-9.81,7.85,-12.0,-4.1,-2.27,-1.19,2.14,3.45,4.22,-2.23,-2.37,-2.45,-8.0,-7.2,True,-2.23,-2.45,False,2023Q1
HSG,2023-05-12,CONTROL_RANDOM,,,,65.5,1.65,11.67,-9.43,20.39,-11.94,-2.14,-1.75,-1.5,0.0,-3.83,-6.31,18.59,3.09,-6.92,-8.0,-8.55,True,18.59,-6.92,False,2023Q2
HSG,2023-10-11,CONTROL_RANDOM,,,,32.5,1.61,14.49,-19.12,16.36,-12.0,-14.56,-8.74,-5.21,4.55,8.12,10.28,12.35,12.39,12.41,-8.0,-3.35,True,-12.0,-4.81,True,2023Q4
HSG,2023-10-17,CONTROL_RANDOM,,,,34.5,1.64,13.25,-11.55,27.25,-5.0,-2.19,-0.22,1.03,18.19,18.3,18.37,21.43,18.01,15.82,-8.0,1.96,True,-6.57,-4.28,True,2023Q4
HSG,2023-12-06,CONTROL_RANDOM,,,,59.8,1.58,16.57,-9.23,5.01,-12.0,-7.72,-6.08,-5.12,-1.75,-4.05,-5.4,-1.57,-12.08,-18.22,-8.0,-5.4,True,-1.57,-18.22,False,2023Q4
HSG,2024-02-07,CONTROL_RANDOM,,,,61.3,1.59,17.08,-17.27,5.09,-5.0,-3.86,-5.88,-7.07,-5.15,-10.24,-13.25,-7.26,-11.52,-14.05,-8.0,-13.36,True,-5.0,-6.18,True,2024Q1
HSG,2024-04-11,CONTROL_RANDOM,,,,46.3,1.37,16.75,-15.64,16.48,-5.0,-12.18,-6.42,-4.29,-4.06,-4.52,-4.69,10.87,9.22,8.61,-8.0,-2.87,True,-7.4,-2.28,True,2024Q2
HSG,2024-09-30,CONTROL_RANDOM,,,,70.6,1.42,16.14,-18.71,1.86,-10.79,-1.12,0.33,0.94,-4.15,-1.91,-0.98,-13.63,-11.28,-10.31,-8.0,-3.11,True,-10.79,-4.35,True,2024Q3
HSG,2025-01-21,CONTROL_RANDOM,,,,36.0,1.46,12.97,-26.45,11.49,-5.0,3.16,1.45,0.66,3.16,-1.22,-3.26,-19.97,-17.97,-17.05,-10.49,-6.08,True,-10.49,-6.08,True,2025Q1
HSG,2025-03-13,CONTROL_RANDOM,,,,65.6,1.44,14.09,-32.29,1.85,-5.0,-6.1,-5.8,-5.67,-21.36,-15.0,-12.19,-9.08,-8.87,-8.77,-8.0,-7.09,True,-5.0,-4.87,True,2025Q1
HSG,2025-06-24,CONTROL_RANDOM,,,,58.8,1.15,13.0,-2.69,25.46,-9.13,0.62,-0.52,-0.7,11.85,1.38,-0.24,14.23,-6.92,-10.19,14.23,-10.19,False,14.23,-10.19,False,2025Q2
HSG,2025-07-10,CONTROL_RANDOM,,,,73.1,1.13,13.69,-1.97,19.14,-8.84,0.88,-2.3,-2.73,9.57,0.35,-0.89,3.94,-12.19,-14.35,3.94,-14.35,False,3.94,-14.35,False,2025Q3
HSG,2025-09-08,CONTROL_RANDOM,,,,54.4,1.07,15.38,-19.7,6.05,-12.0,1.04,-2.11,-2.33,-7.48,-10.9,-11.13,-17.49,-22.86,-23.23,-8.0,-9.07,True,-12.0,-12.45,True,2025Q3
HSG,2025-09-25,CONTROL_RANDOM,,,,40.4,1.07,15.0,-22.07,1.8,-6.19,-7.47,-6.22,-6.13,-16.4,-17.39,-17.46,-18.47,-20.72,-20.88,-8.0,-6.06,True,-6.19,-4.85,True,2025Q3
HSG,2026-01-28,CONTROL_RANDOM,,,,55.6,0.79,12.54,-16.27,3.03,-5.76,-0.96,0.24,-0.01,-7.97,-8.22,-8.17,-0.72,-4.64,-3.82,-8.0,-8.62,True,-5.76,-6.38,True,2026Q1
HSG,2026-04-21,CONTROL_RANDOM,,,,68.3,0.79,12.38,-13.97,5.01,-8.87,0.97,-0.1,0.13,1.37,-1.43,-0.84,-13.97,-9.01,-10.06,-8.0,-8.39,True,-8.87,-9.26,True,2026Q2
NKG,2019-01-04,WATCH,42.4,42.4,10.0,10.0,0.89,3.28,-19.21,16.46,-5.36,-1.83,-3.1,-2.96,-12.8,-16.81,-16.37,8.23,-3.79,-2.47,-8.0,-10.06,True,-5.36,-6.5,True,2019Q1
NKG,2019-02-01,WATCH,53.8,53.8,0.0,7.8,0.92,2.83,-0.71,34.98,-7.65,23.32,18.49,18.88,21.2,13.83,14.43,1.77,-2.11,-1.8,1.77,-1.8,False,1.77,-1.8,False,2019Q1
NKG,2019-05-02,WATCH,54.6,54.6,0.0,20.9,1.22,2.99,-6.02,3.01,-5.0,-3.68,-1.2,-0.67,-3.68,-1.95,-1.58,-5.02,-6.71,-7.08,-5.02,-7.08,False,-5.0,-2.61,True,2019Q2
NKG,2020-02-12,WATCH,47.4,47.4,50.0,25.0,1.32,3.84,-46.88,9.38,-8.86,5.21,5.11,5.08,-21.35,-3.43,2.26,-16.93,-6.06,-2.6,-8.59,5.7,True,-14.84,-0.83,True,2020Q1
NKG,2020-03-11,WATCH,64.7,64.7,0.0,12.3,1.27,3.03,-32.67,30.69,-5.0,-7.92,-1.22,0.56,-20.13,-17.55,-16.86,29.04,13.44,9.3,-13.2,-7.95,True,-7.92,-3.01,True,2020Q1
NKG,2020-03-13,PANIC70_ANY,85.0,85.0,0.0,6.3,1.28,2.79,-26.88,43.73,-5.0,-13.62,-1.53,1.86,-8.24,-9.45,-9.79,35.13,20.74,16.71,-12.9,2.58,True,-5.0,3.2,True,2020Q1
NKG,2020-07-24,WATCH,53.8,53.8,0.0,19.0,1.04,2.84,-5.63,46.48,-5.0,6.34,3.76,3.66,13.38,3.99,3.66,45.07,26.15,25.47,45.07,25.47,False,45.07,25.47,False,2020Q3
NKG,2020-07-27,PANIC70_ANY,70.7,70.7,0.0,6.8,1.05,2.68,0.0,55.6,-5.0,12.69,7.49,7.25,20.15,9.04,8.52,50.75,31.39,30.48,50.75,30.48,False,50.75,30.48,False,2020Q3
NKG,2021-11-11,WATCH,40.5,40.5,0.0,26.1,1.43,26.97,-35.89,5.49,-5.0,-11.27,-10.59,-10.29,-21.73,-21.81,-21.84,-15.94,-16.6,-16.88,-8.0,-8.73,True,-5.0,-5.73,True,2021Q4
NKG,2022-01-21,WATCH,41.6,41.6,15.0,20.8,1.24,18.51,-6.59,61.59,-5.0,0.97,-0.71,-1.11,35.87,34.7,34.43,8.32,17.25,19.36,8.32,19.36,False,-5.0,-4.82,True,2022Q1
NKG,2022-04-18,WATCH,45.7,45.7,10.0,18.0,1.23,23.61,-53.2,1.23,-5.69,-15.08,-8.5,-6.99,-30.75,-17.23,-14.12,-41.51,-23.84,-19.79,-9.28,-3.66,True,-9.28,-3.66,True,2022Q2
NKG,2022-05-19,WATCH,42.0,42.0,20.0,26.7,1.24,16.24,-31.96,12.25,-12.0,8.93,5.32,4.44,-21.74,-19.85,-19.39,-5.17,-6.91,-7.34,-8.44,-7.39,True,-12.0,-9.31,True,2022Q2
NKG,2022-06-16,WATCH,62.5,62.5,0.0,25.8,1.24,12.89,-14.27,31.03,-5.0,-4.97,-2.9,-2.41,9.31,11.89,12.5,28.55,25.42,24.68,-13.19,-9.3,True,-13.19,-9.3,True,2022Q2
NKG,2022-09-29,WATCH,50.0,50.0,10.0,19.6,1.36,12.89,-62.14,1.63,-5.0,-17.07,-9.96,-7.39,-20.09,-12.22,-9.37,-31.89,-23.38,-20.31,-8.0,-3.48,True,-5.0,-0.48,True,2022Q3
NKG,2022-11-01,WATCH,66.9,66.9,0.0,21.6,1.43,9.14,-46.61,27.02,-5.0,-24.73,-20.09,-18.08,-14.77,-16.21,-16.84,9.3,5.03,3.19,-10.18,-2.09,True,-5.0,0.04,True,2022Q4
NKG,2022-11-18,PANIC70_ANY,74.6,74.6,35.0,24.7,1.5,6.47,-7.88,79.44,-12.0,15.46,11.95,10.2,54.4,47.53,44.12,67.54,56.15,50.51,67.54,50.51,False,67.54,50.51,False,2022Q4
NKG,2024-04-19,WATCH,40.6,40.6,0.0,27.1,1.32,15.93,-5.34,20.9,-5.0,0.94,-1.81,-2.7,13.81,5.59,2.93,12.05,4.39,1.91,12.05,1.91,False,12.05,1.91,False,2024Q2
NKG,2024-08-01,WATCH,54.0,54.0,0.0,17.4,1.42,14.87,-5.72,8.14,-5.0,1.21,0.55,0.28,3.83,-1.78,-4.13,-1.21,-5.0,-6.59,-1.21,-6.59,False,-5.0,-5.92,True,2024Q3
NKG,2024-08-05,PANIC70_ANY,72.4,72.4,0.0,20.7,1.44,14.66,-4.37,9.69,-5.0,0.48,-2.27,-3.49,0.0,-5.9,-8.51,-0.27,-5.86,-8.34,-0.27,-8.34,False,-0.27,-8.34,False,2024Q3
NKG,2025-04-03,WATCH,52.6,52.6,0.0,24.8,1.2,12.0,-16.25,6.83,-5.0,-6.83,-13.92,-15.3,-5.67,-15.2,-17.05,3.42,-15.79,-19.53,-13.25,-6.55,True,-13.25,-6.55,True,2025Q2
NKG,2025-04-11,PANIC70_ANY,81.9,81.9,20.0,23.2,1.11,11.41,-11.92,13.5,-11.18,-5.61,-3.35,-3.09,2.37,-3.96,-4.68,11.57,-5.49,-7.41,-8.0,-6.4,True,-11.18,-7.76,True,2025Q2
NKG,2026-03-23,WATCH,43.4,43.4,0.0,22.0,0.89,12.09,-1.9,15.38,-5.65,4.14,1.18,1.51,9.02,-3.72,-2.26,0.91,-11.28,-9.88,0.91,-9.88,False,0.91,-9.88,False,2026Q1
NKG,2026-07-20,PANIC70_ANY,72.1,72.1,0.0,18.0,0.86,10.0,-8.8,14.0,-5.0,6.5,9.55,9.11,6.0,6.08,6.07,,,,-8.0,-8.21,True,-5.0,-7.34,True,2026Q3
NKG,2026-07-21,WATCH,60.4,60.4,0.0,19.6,0.85,10.5,-13.14,8.57,-6.56,3.81,5.23,5.03,0.48,0.63,0.61,,,,-8.29,-11.04,True,-6.56,-8.82,True,2026Q3
NKG,2020-04-01,ENTRY_V2_LOOSE,65.0,78.1,45.0,18.7,1.1,2.19,-1.37,83.11,-10.71,10.5,0.32,-0.7,39.27,28.19,27.07,51.6,31.66,29.64,51.6,29.64,False,51.6,29.64,False,2020Q2
NKG,2020-04-09,ENTRY_V2,0.0,76.0,90.0,38.2,1.11,2.49,-6.43,61.04,-12.0,7.23,3.21,2.75,28.11,18.07,16.91,39.36,25.61,24.03,39.36,24.03,False,39.36,24.03,False,2020Q2
NKG,2020-08-05,ENTRY_V2,,70.7,65.0,43.6,1.06,3.2,-3.44,30.31,-12.0,-1.56,-3.6,-3.73,7.5,-0.08,-0.57,19.37,8.94,8.27,19.37,8.27,False,19.37,8.27,False,2020Q3
NKG,2022-11-24,ENTRY_V2_LOOSE,12.7,74.6,40.0,33.9,1.51,6.72,-1.49,72.77,-12.0,32.29,19.39,12.84,30.65,23.99,20.61,49.7,42.95,39.51,49.7,39.51,False,49.7,39.51,False,2022Q4
NKG,2022-11-28,ENTRY_V2,,74.6,65.0,50.6,1.52,7.58,-5.15,53.17,-12.0,16.75,12.81,10.77,15.44,15.86,16.08,41.03,37.89,36.26,41.03,36.26,False,41.03,36.26,False,2022Q4
NKG,2024-08-16,ENTRY_V2_LOOSE,13.1,72.4,40.0,31.0,1.46,14.73,-2.85,9.16,-7.03,5.3,3.65,2.89,1.9,1.46,1.26,-0.27,0.79,1.28,-0.27,1.28,False,-0.27,1.28,False,2024Q3
NKG,2025-04-23,ENTRY_V2_LOOSE,36.3,81.9,40.0,27.4,1.13,11.05,-3.35,21.36,-11.89,0.0,-2.24,-2.53,7.78,-2.51,-3.87,18.91,-5.35,-8.56,18.91,-8.56,False,18.91,-8.56,False,2025Q2
NKG,2026-07-28,ENTRY_V2_LOOSE,38.4,72.1,40.0,21.6,0.83,10.65,-14.37,7.04,-8.03,4.23,-1.35,-0.41,3.76,-4.48,-3.1,,,,-8.0,-12.57,True,-8.03,-12.6,True,2026Q3
NKG,2026-08-03,ENTRY_V2,,72.1,80.0,40.7,0.87,11.2,-18.57,1.79,-12.0,0.0,-0.48,-0.41,-4.02,-9.01,-8.34,,,,-8.0,-9.48,True,-12.0,-12.5,True,2026Q3
NKG,2019-01-02,CONTROL_RSI,31.0,31.0,,23.5,0.87,3.54,-25.14,7.91,-5.0,-7.91,-8.87,-8.74,-19.77,-22.12,-21.82,4.52,-6.4,-4.99,-8.0,-9.27,True,-7.34,-7.33,True,2019Q1
NKG,2019-01-30,CONTROL_RSI,34.3,34.3,,9.8,0.91,2.86,-7.34,33.57,-5.0,22.38,18.81,19.12,22.03,13.92,14.63,-0.35,-3.8,-3.5,-0.35,-3.5,False,-0.35,-3.5,False,2019Q1
NKG,2019-03-15,CONTROL_RSI,19.7,19.7,,28.6,1.03,3.34,-15.87,12.87,-5.0,-2.1,1.3,1.39,0.3,2.98,3.06,-14.37,-9.34,-9.2,-8.0,-3.72,True,-5.0,-1.72,True,2019Q1
NKG,2019-04-24,CONTROL_RSI,32.8,32.8,,25.3,0.99,3.16,-11.08,0.0,-5.9,-10.13,-8.2,-8.22,-8.86,-8.42,-8.42,-10.13,-11.47,-11.46,-8.0,-6.09,True,-6.96,-7.18,True,2019Q2
NKG,2019-07-18,CONTROL_RSI,1.2,1.2,,34.6,1.08,2.88,-10.42,9.03,-5.0,-1.39,-2.95,-3.07,2.78,2.59,2.57,-6.25,-7.83,-7.95,-8.0,-9.01,True,-5.0,-4.13,True,2019Q3
NKG,2019-09-04,CONTROL_RSI,11.4,11.4,,32.1,0.94,2.84,-9.15,5.63,-5.0,-5.28,-4.9,-4.92,-5.63,-6.92,-6.85,-0.35,0.61,0.56,-8.0,-9.05,True,-5.0,-4.08,True,2019Q3
NKG,2019-10-02,CONTROL_RSI,0.7,0.7,,34.8,0.82,2.64,-0.76,25.38,-5.0,2.65,2.48,2.51,6.82,5.48,5.72,19.32,22.06,21.57,19.32,21.57,False,19.32,21.57,False,2019Q4
NKG,2019-11-26,CONTROL_RSI,12.7,12.7,,30.8,0.67,2.83,-0.71,64.31,-5.0,2.12,3.46,3.02,10.6,12.45,11.84,39.93,48.16,45.48,39.93,45.48,False,39.93,45.48,False,2019Q4
NKG,2020-02-11,CONTROL_RSI,31.9,31.9,,30.9,1.31,3.74,-45.45,12.3,-6.55,1.07,2.34,2.74,-13.37,0.38,4.67,-17.38,-5.43,-1.71,-12.57,1.83,True,-12.57,1.83,True,2020Q1
NKG,2020-03-10,CONTROL_RSI,27.5,27.5,,34.5,1.22,3.43,-40.52,13.41,-6.68,-18.66,-7.29,-4.81,-28.57,-18.71,-16.55,12.83,6.14,4.68,-18.08,-6.26,True,-18.08,-6.26,True,2020Q1
NKG,2020-06-29,CONTROL_RSI,26.3,26.3,,26.2,1.09,3.62,-25.97,5.52,-6.9,-4.14,-7.33,-7.62,-17.68,-14.89,-14.63,2.76,-6.29,-7.11,-8.0,-11.22,True,-6.91,-7.64,True,2020Q2
NKG,2020-08-03,CONTROL_RSI,26.0,26.0,,32.4,1.06,3.02,0.0,38.08,-12.0,4.64,2.18,2.03,16.23,7.86,7.36,30.46,18.53,17.83,30.46,17.83,False,30.46,17.83,False,2020Q3
NKG,2021-07-19,CONTROL_RSI,34.3,34.3,,31.5,1.28,14.53,-2.34,95.04,-5.0,3.58,0.89,0.14,35.58,25.97,23.26,93.26,81.33,77.97,93.26,77.97,False,93.26,77.97,False,2021Q3
NKG,2021-11-09,CONTROL_RSI,10.4,10.4,,32.3,1.42,28.83,-40.03,0.0,-5.32,-8.5,-9.48,-9.9,-25.11,-24.52,-24.27,-24.42,-27.52,-28.83,-8.0,-9.4,True,-6.45,-7.61,True,2021Q4
NKG,2021-12-07,CONTROL_RSI,32.3,32.3,,28.4,1.33,22.56,-23.36,32.31,-8.05,2.79,0.81,0.15,-6.56,-12.21,-14.1,29.3,27.07,26.32,-8.0,-8.94,True,-8.05,-8.99,True,2021Q4
NKG,2022-01-18,CONTROL_RSI,15.9,15.9,,33.2,1.24,18.8,-8.03,59.1,-5.0,-5.16,-8.14,-8.86,24.52,19.4,18.17,16.38,21.14,22.29,-8.0,-8.09,True,-5.0,-5.09,True,2022Q1
NKG,2022-04-12,CONTROL_RSI,38.6,38.6,,26.9,1.21,23.84,-53.65,5.62,-5.0,-9.19,-4.06,-3.01,-34.06,-15.1,-11.21,-43.54,-23.8,-19.74,-8.0,-3.62,True,-5.0,-0.62,True,2022Q2
NKG,2022-05-18,CONTROL_RSI,27.0,27.0,,31.9,1.25,16.06,-31.2,13.51,-12.0,6.79,2.06,0.87,-15.13,-17.22,-17.75,-9.15,-12.52,-13.37,-8.0,-9.96,True,-12.0,-12.27,True,2022Q2
NKG,2022-06-24,CONTROL_RSI,34.7,34.7,,30.1,1.26,12.32,-2.84,37.66,-12.0,7.47,6.93,6.79,6.33,6.38,6.4,19.89,18.08,17.61,19.89,17.61,False,19.89,17.61,False,2022Q2
NKG,2022-09-26,CONTROL_RSI,26.7,26.7,,33.8,1.36,14.27,-65.8,0.49,-5.0,-17.59,-9.15,-6.09,-24.6,-9.33,-3.78,-27.33,-14.22,-9.46,-8.0,-2.05,True,-5.0,0.95,True,2022Q3
NKG,2022-10-31,CONTROL_RSI,39.6,39.6,,33.7,1.44,9.81,-50.25,18.35,-5.53,-24.57,-19.43,-17.2,-21.71,-21.46,-21.35,6.83,2.85,1.12,-8.0,-2.78,True,-5.53,-3.46,True,2022Q4
NKG,2023-02-13,CONTROL_RSI,23.4,23.4,,28.2,1.54,9.67,-0.41,25.23,-8.92,12.1,8.55,6.63,13.13,13.61,13.87,12.82,10.74,9.62,12.82,9.62,False,12.82,9.62,False,2023Q1
NKG,2023-04-10,CONTROL_RSI,10.4,10.4,,33.1,1.6,10.2,-4.22,28.14,-5.0,3.43,4.24,4.73,6.96,6.65,6.47,27.75,20.75,16.57,27.75,16.57,False,27.75,16.57,False,2023Q2
NKG,2023-10-03,CONTROL_RSI,34.7,34.7,,30.5,1.66,12.61,-3.65,40.36,-5.0,15.15,11.15,8.51,0.56,6.61,10.61,35.37,33.98,33.06,35.37,33.06,False,35.37,33.06,False,2023Q4
NKG,2023-10-31,CONTROL_RSI,28.9,28.9,,26.9,1.66,12.46,-1.93,46.63,-5.24,17.34,9.13,3.74,30.18,23.0,18.3,43.26,29.52,20.5,43.26,20.5,False,43.26,20.5,False,2023Q4
NKG,2024-02-21,CONTROL_RSI,2.7,2.7,,34.1,1.55,17.03,-11.45,11.22,-5.0,-0.41,-2.27,-3.29,5.4,1.62,-0.45,3.52,0.51,-1.13,-8.0,-1.09,True,-6.46,0.45,True,2024Q1
NKG,2024-04-16,CONTROL_RSI,8.6,8.6,,33.1,1.3,16.85,-10.5,14.3,-5.45,-7.54,-6.19,-5.78,5.04,0.49,-0.88,6.77,1.88,0.41,-8.0,-3.31,True,-5.46,-2.13,True,2024Q2
NKG,2024-06-28,CONTROL_RSI,26.9,26.9,,28.1,1.37,16.71,-16.1,10.41,-5.0,7.0,4.01,2.91,0.0,-0.02,-0.03,-8.02,-11.32,-12.54,-8.0,-5.87,True,-5.0,-4.14,True,2024Q2
NKG,2024-07-26,CONTROL_RSI,6.3,6.3,,32.9,1.39,16.71,-16.1,1.5,-7.08,-13.94,-9.16,-7.28,-7.18,-9.77,-10.79,-13.35,-15.2,-15.94,-8.0,-5.68,True,-7.08,-4.76,True,2024Q3
NKG,2024-09-16,CONTROL_RSI,9.6,9.6,,31.8,1.54,14.59,-13.57,9.73,-5.0,2.4,-0.58,-2.19,4.39,1.07,-0.71,-4.59,-7.18,-8.57,-8.0,-3.68,True,-5.0,-2.34,True,2024Q3
NKG,2024-10-16,CONTROL_RSI,5.0,5.0,,33.3,1.5,14.98,-18.36,3.07,-5.0,-3.34,-1.37,-0.38,-6.14,-2.18,-0.19,-17.49,-13.42,-11.37,-8.0,-0.49,True,-5.0,0.95,True,2024Q4
NKG,2024-11-15,CONTROL_RSI,21.7,21.7,,31.9,1.5,13.53,-10.94,4.95,-5.0,1.26,-0.09,-0.76,-2.14,-5.88,-7.73,-6.58,-11.49,-13.93,-8.0,-11.52,True,-5.0,-11.05,True,2024Q4
NKG,2024-12-17,CONTROL_RSI,11.1,11.1,,33.8,1.48,12.96,-7.02,15.74,-5.0,4.86,3.95,3.51,-2.47,-0.87,-0.1,8.41,3.55,1.21,8.41,1.21,False,-5.0,-3.17,True,2024Q4
NKG,2025-01-15,CONTROL_RSI,1.7,1.7,,34.4,1.44,12.73,-18.22,17.83,-6.69,-3.61,-5.05,-5.68,1.41,-2.71,-4.52,-13.98,-12.16,-11.36,-12.18,0.44,True,-12.18,0.44,True,2025Q1
NKG,2025-03-31,CONTROL_RSI,20.2,20.2,,28.3,1.39,13.64,-26.32,4.62,-5.0,-23.68,-7.02,-0.53,-17.67,-12.11,-9.95,-12.02,-16.82,-18.69,-12.02,-1.19,True,-5.0,3.8,True,2025Q1
NKG,2025-10-01,CONTROL_RSI,3.8,3.8,,33.7,0.92,16.18,-19.65,2.29,-6.72,-0.25,-3.15,-2.91,-10.38,-10.47,-10.47,-16.01,-20.49,-20.13,-8.0,-7.75,True,-6.72,-4.98,True,2025Q4
NKG,2025-10-30,CONTROL_RSI,8.4,8.4,,32.2,0.92,14.45,-10.38,11.07,-5.23,5.05,9.28,8.95,1.94,0.66,0.76,-6.57,-16.21,-15.46,-8.0,-6.75,True,-5.23,-3.97,True,2025Q4
NKG,2025-12-02,CONTROL_RSI,18.3,18.3,,28.9,0.91,14.36,-9.82,4.46,-5.0,-1.25,-0.85,-0.89,-5.99,-9.38,-9.06,-8.22,-10.65,-10.42,-8.0,-3.81,True,-5.0,-0.85,True,2025Q4
NKG,2026-03-09,CONTROL_RSI,28.8,28.8,,34.5,0.9,12.36,-5.5,12.86,-5.0,3.32,0.57,0.85,-0.32,-1.11,-1.02,0.0,-10.48,-9.39,0.0,-9.39,False,-5.0,-1.05,True,2026Q1
NKG,2026-05-07,CONTROL_RSI,22.1,22.1,,27.6,0.86,12.95,-22.78,0.39,-5.0,-3.09,-3.64,-3.56,-4.56,-0.78,-1.32,-15.44,-6.27,-7.59,-8.0,-6.52,True,-5.0,-5.09,True,2026Q2
NKG,2026-06-11,CONTROL_RSI,20.0,20.0,,28.3,0.84,12.18,-17.9,4.68,-5.0,0.16,-0.47,-0.37,-1.89,-2.73,-2.6,-11.74,-12.52,-12.39,-8.0,-6.81,True,-5.0,-4.42,True,2026Q2
NKG,2026-07-17,CONTROL_RSI,30.2,30.2,,25.7,0.82,10.8,-15.56,5.56,-5.0,-3.7,2.69,1.55,0.0,3.11,2.56,,,,-8.15,-9.4,True,-5.0,-0.28,True,2026Q3
NKG,2026-08-19,CONTROL_RSI,5.0,5.0,,33.3,0.84,10.55,-13.55,6.64,-5.0,4.27,-1.27,-0.41,-6.07,-10.75,-10.03,,,,-8.0,-9.92,True,-5.0,-7.56,True,2026Q3
NKG,2026-09-21,CONTROL_RSI,31.1,31.1,,11.9,0.75,9.9,-7.88,1.52,-5.0,-4.04,-2.86,-3.16,,,,,,,-4.75,-3.08,False,-6.06,-5.18,True,2026Q3
NKG,2019-01-23,CONTROL_RANDOM,,,,10.4,0.91,2.99,-11.37,27.76,-5.0,-5.02,-5.25,-5.23,19.73,13.47,14.03,5.35,-2.47,-1.77,-11.37,-11.38,True,-5.0,-5.21,True,2019Q1
NKG,2019-06-28,CONTROL_RANDOM,,,,55.4,1.2,2.95,-10.17,6.44,-5.62,-1.36,-2.13,-2.29,-3.73,-7.8,-8.63,-9.15,-12.2,-12.82,-8.0,-9.42,True,-5.62,-9.02,True,2019Q2
NKG,2019-08-14,CONTROL_RANDOM,,,,85.2,0.89,3.07,-15.96,2.28,-9.2,0.65,-3.44,-3.01,-12.38,-15.42,-15.1,-3.58,-10.31,-9.6,-8.0,-9.83,True,-9.2,-10.7,True,2019Q3
NKG,2019-11-04,CONTROL_RANDOM,,,,72.4,0.61,2.82,-1.06,64.89,-5.26,5.67,6.11,5.94,2.13,8.91,6.28,28.72,38.19,34.53,28.72,34.53,False,28.72,34.53,False,2019Q4
NKG,2020-04-07,CONTROL_RANDOM,,,,34.3,1.11,2.39,-3.77,67.78,-12.0,9.62,4.6,4.02,29.71,19.75,18.61,40.59,26.05,24.38,40.59,24.38,False,40.59,24.38,False,2020Q2
NKG,2020-07-08,CONTROL_RANDOM,,,,36.9,1.07,3.42,-21.64,17.25,-5.79,-2.05,-3.1,-3.18,-6.43,-3.25,-3.02,12.28,7.41,7.06,-8.0,-3.24,True,-5.79,-1.03,True,2020Q3
NKG,2020-09-18,CONTROL_RANDOM,,,,73.1,1.07,3.76,-1.86,83.24,-9.82,5.85,4.97,4.91,7.18,2.85,2.55,80.05,62.41,61.18,80.05,61.18,False,80.05,61.18,False,2020Q3
NKG,2020-12-07,CONTROL_RANDOM,,,,72.8,1.13,6.51,-2.76,65.59,-12.0,2.92,0.46,0.15,15.98,4.98,3.6,57.14,43.54,41.83,57.14,41.83,False,57.14,41.83,False,2020Q4
NKG,2021-05-27,CONTROL_RANDOM,,,,57.8,1.13,15.0,-5.4,36.07,-8.72,10.6,5.53,4.88,5.07,-1.23,-2.04,25.13,23.48,23.27,25.13,23.27,False,25.13,23.27,False,2021Q2
NKG,2021-06-11,CONTROL_RANDOM,,,,55.4,1.16,15.43,-8.04,55.09,-9.93,1.36,-0.11,-0.34,-5.83,-1.66,-1.0,53.6,55.01,55.23,-8.0,-1.19,True,53.6,55.23,False,2021Q2
NKG,2021-06-21,CONTROL_RANDOM,,,,47.4,1.19,15.76,-9.96,61.55,-11.87,6.79,4.67,4.27,-4.19,3.6,5.1,57.8,60.34,60.83,-8.0,-0.8,True,57.8,60.83,False,2021Q2
NKG,2021-06-24,CONTROL_RANDOM,,,,37.2,1.2,15.33,-7.44,72.08,-9.03,13.83,11.07,10.51,-2.48,5.72,7.37,69.08,72.14,72.76,69.08,72.76,False,69.08,72.76,False,2021Q2
NKG,2021-07-09,CONTROL_RANDOM,,,,49.8,1.25,15.14,-6.27,82.89,-5.0,-4.23,3.47,5.39,24.17,23.23,22.99,81.7,80.54,80.25,81.7,80.25,False,-5.0,1.86,True,2021Q3
NKG,2021-10-01,CONTROL_RANDOM,,,,63.6,1.45,25.92,-24.5,24.19,-11.64,7.25,2.82,0.84,17.13,9.33,5.85,-19.14,-30.67,-35.82,-8.0,-20.73,True,-11.64,-20.17,True,2021Q4
NKG,2021-12-07,CONTROL_RANDOM,,,,28.4,1.33,22.56,-23.36,32.31,-8.05,2.79,0.81,0.15,-6.56,-12.21,-14.1,29.3,27.07,26.32,-8.0,-8.94,True,-8.05,-8.99,True,2021Q4
NKG,2022-04-18,CONTROL_RANDOM,,,,18.0,1.23,23.61,-53.2,1.23,-5.69,-15.08,-8.5,-6.99,-30.75,-17.23,-14.12,-41.51,-23.84,-19.79,-9.28,-3.66,True,-9.28,-3.66,True,2022Q2
NKG,2022-04-28,CONTROL_RANDOM,,,,20.5,1.23,20.74,-46.72,2.99,-12.0,-11.81,-7.84,-6.93,-17.74,-13.71,-12.78,-40.26,-28.23,-25.49,-9.21,-7.58,True,-17.45,-12.57,True,2022Q2
NKG,2022-05-26,CONTROL_RANDOM,,,,37.2,1.25,17.09,-35.34,6.67,-12.0,-1.4,-2.78,-3.12,-28.32,-21.62,-19.95,-11.53,-11.42,-11.39,-8.0,-10.04,True,-12.0,-14.04,True,2022Q2
NKG,2022-10-26,CONTROL_RANDOM,,,,40.0,1.41,10.45,-53.3,8.42,-8.4,-12.54,-15.05,-16.08,-37.03,-32.3,-30.36,6.7,-5.59,-10.63,-8.13,-12.83,True,-8.4,-13.92,True,2022Q4
NKG,2022-11-14,CONTROL_RANDOM,,,,13.9,1.44,5.47,-10.79,112.25,-5.0,19.2,16.38,15.14,68.37,55.27,49.48,82.63,69.45,63.62,82.63,63.62,False,82.63,63.62,False,2022Q4
NKG,2022-12-16,CONTROL_RANDOM,,,,71.6,1.52,10.27,-22.1,17.92,-12.0,-20.35,-13.83,-10.41,6.91,3.65,1.94,8.96,11.0,12.07,-8.0,-3.47,True,-12.0,-7.14,True,2022Q4
NKG,2022-12-20,CONTROL_RANDOM,,,,71.9,1.49,10.55,-24.17,14.79,-12.0,-17.06,-15.35,-14.52,4.08,-3.16,-6.68,6.73,5.59,5.04,-11.09,-9.22,True,-12.0,-10.13,True,2022Q4
NKG,2023-02-27,CONTROL_RANDOM,,,,58.8,1.54,10.27,-4.87,17.92,-8.92,13.83,12.84,12.31,10.71,8.13,6.73,1.36,-2.14,-4.04,1.36,-4.04,False,1.36,-4.04,False,2023Q1
NKG,2023-04-11,CONTROL_RANDOM,,,,41.7,1.61,10.55,-7.39,26.82,-5.21,-1.71,0.41,1.68,0.66,1.21,1.55,26.16,18.94,14.56,26.16,14.56,False,-5.21,-0.91,True,2023Q2
NKG,2023-05-24,CONTROL_RANDOM,,,,56.4,1.59,10.41,-0.67,40.44,-5.0,4.42,2.88,1.97,20.37,14.41,10.89,36.02,19.88,10.36,36.02,10.36,False,36.02,10.36,False,2023Q2
NKG,2023-10-23,CONTROL_RANDOM,,,,49.6,1.69,13.14,-7.53,35.84,-9.64,-5.71,0.43,4.68,19.63,18.26,17.31,33.94,27.82,23.57,33.94,23.57,False,33.94,23.57,False,2023Q4
NKG,2024-01-23,CONTROL_RANDOM,,,,60.5,1.55,17.74,-14.99,6.76,-9.77,-3.38,-2.42,-1.9,-3.61,-10.33,-14.01,-12.18,-14.68,-16.05,-8.0,-16.95,True,-10.2,-10.11,True,2024Q1
NKG,2024-03-19,CONTROL_RANDOM,,,,59.4,1.44,17.85,-15.52,7.9,-10.63,3.14,-0.02,-1.4,-8.74,-4.66,-2.88,5.55,2.68,1.42,-8.0,-4.75,True,-10.76,-2.8,True,2024Q1
NKG,2024-10-09,CONTROL_RANDOM,,,,61.7,1.59,15.76,-19.99,0.19,-5.0,-4.76,-4.52,-4.38,-4.76,-2.44,-1.08,-17.2,-14.48,-12.88,-8.0,-5.57,True,-5.0,-3.75,True,2024Q4
NKG,2024-11-19,CONTROL_RANDOM,,,,30.9,1.49,13.38,-9.94,6.13,-5.0,3.21,0.04,-1.53,-2.09,-7.27,-9.81,-3.51,-10.93,-14.58,-8.0,-13.36,True,-5.0,-12.91,True,2024Q4
NKG,2025-03-20,CONTROL_RANDOM,,,,43.9,1.4,14.0,-28.21,2.57,-5.0,-2.29,-1.79,-1.59,-23.07,-14.24,-10.71,-14.64,-16.76,-17.61,-8.0,1.96,True,-5.86,4.1,True,2025Q1
NKG,2025-06-17,CONTROL_RANDOM,,,,56.7,1.1,12.14,-3.79,52.8,-5.81,0.33,-0.9,-1.02,6.34,-2.94,-3.84,46.79,23.3,21.02,46.79,21.02,False,46.79,21.02,False,2025Q2
NKG,2025-09-24,CONTROL_RANDOM,,,,53.1,1.01,16.82,-22.71,2.97,-8.89,-7.55,-7.05,-7.04,-14.09,-15.65,-15.67,-19.2,-20.16,-20.17,-8.0,-8.04,True,-8.89,-7.96,True,2025Q3
NKG,2025-10-29,CONTROL_RANDOM,,,,35.8,0.92,14.77,-12.32,8.67,-7.28,3.11,5.85,5.63,0.61,0.88,0.85,-8.6,-17.77,-17.03,-8.0,-5.72,True,-7.28,-5.0,True,2025Q4
NKG,2025-12-11,CONTROL_RANDOM,,,,32.6,0.89,14.09,-12.92,6.46,-5.0,-3.19,-3.29,-3.28,0.0,-11.76,-10.47,-9.37,-9.81,-9.76,-8.0,-13.94,True,-5.0,-3.77,True,2025Q4
NKG,2026-02-05,CONTROL_RANDOM,,,,38.1,0.85,13.73,-14.93,9.25,-5.0,-1.02,-4.15,-3.69,-7.94,-3.84,-4.44,-7.65,-14.97,-13.9,-10.63,-5.04,True,-10.63,-5.04,True,2026Q1
NKG,2026-04-14,CONTROL_RANDOM,,,,74.7,0.89,13.86,-16.67,0.65,-12.0,-4.91,-8.82,-8.39,-10.17,-18.04,-17.17,-15.58,-16.32,-16.24,-8.0,-13.17,True,-12.0,-18.26,True,2026Q2
NKG,2026-04-20,CONTROL_RANDOM,,,,64.5,0.87,13.64,-18.62,1.32,-12.0,-4.33,-4.45,-4.43,-7.33,-8.7,-8.52,-18.26,-14.78,-15.23,-8.36,-10.67,True,-12.0,-14.88,True,2026Q2
NKG,2026-06-15,CONTROL_RANDOM,,,,38.6,0.81,12.36,-19.09,3.16,-5.0,-3.32,-6.66,-6.03,-4.53,-4.42,-4.44,-17.48,-16.74,-16.88,-8.0,-7.05,True,-5.0,-8.11,True,2026Q2
NKG,2026-06-22,CONTROL_RANDOM,,,,43.0,0.79,12.15,-18.6,1.23,-5.0,-1.23,-0.6,-0.73,-13.58,-6.03,-7.61,-18.6,-15.6,-16.22,-8.0,-4.43,True,-5.35,-2.59,True,2026Q2
VIC,2019-11-21,WATCH,50.0,50.0,0.0,14.8,1.14,51.51,-10.7,0.87,-5.0,-0.17,2.04,2.35,-0.08,3.58,4.1,-7.42,1.59,2.86,-8.0,-1.34,True,-5.0,1.35,True,2019Q4
VIC,2020-02-07,WATCH,50.0,50.0,35.0,13.3,0.62,50.22,-39.82,1.08,-5.0,-4.42,-4.46,-4.45,-13.54,-2.96,-6.97,-15.03,-0.28,-5.88,-8.4,-8.03,True,-5.0,-5.03,True,2020Q1
VIC,2020-03-09,WATCH,51.1,51.1,35.0,31.2,0.81,41.33,-26.88,8.49,-5.0,-4.84,3.52,1.89,1.09,9.18,7.6,2.15,-6.74,-5.01,-8.0,-2.85,True,-7.52,-2.38,True,2020Q1
VIC,2020-03-12,PANIC70_ANY,91.9,91.9,15.0,1.0,0.82,38.22,-20.93,17.32,-5.0,-4.06,-0.54,-1.16,11.64,7.54,8.27,11.17,-11.18,-7.21,-9.29,-1.57,True,-9.29,-1.57,True,2020Q1
VIC,2020-06-12,WATCH,50.7,50.7,0.0,18.8,0.99,41.33,-14.08,4.62,-5.0,4.21,3.78,3.78,-1.81,-1.95,-1.95,-2.69,-5.29,-5.26,-8.0,-3.63,True,-5.0,-0.63,True,2020Q2
VIC,2020-07-27,WATCH,60.5,60.5,15.0,26.2,1.02,37.78,-6.01,15.4,-5.0,3.52,-1.67,-1.8,7.04,-4.07,-4.34,14.45,-4.91,-5.38,14.45,-5.38,False,14.45,-5.38,False,2020Q3
VIC,2021-01-28,WATCH,65.0,65.0,0.0,19.0,1.09,41.11,0.0,57.75,-5.0,16.22,3.35,2.16,14.94,-2.13,-3.71,44.54,18.69,16.3,44.54,16.3,False,44.54,16.3,False,2021Q1
VIC,2021-07-12,WATCH,40.4,40.4,0.0,21.0,1.01,46.27,-10.09,12.38,-5.0,-1.06,0.72,0.73,8.54,3.44,3.41,-4.04,-9.42,-9.45,-8.0,-11.38,True,-5.0,-8.84,True,2021Q3
VIC,2021-09-16,WATCH,53.5,53.5,0.0,24.6,0.95,44.0,-5.45,24.55,-5.0,-1.14,-1.53,-1.51,5.23,1.75,1.94,17.16,8.42,8.89,17.16,8.89,False,-5.0,-3.53,True,2021Q3
VIC,2022-02-07,WATCH,51.3,51.3,0.0,17.3,0.81,45.65,-20.37,1.1,-5.0,-8.32,-8.09,-8.13,-14.68,-13.17,-13.46,-12.6,-1.43,-3.57,-8.0,-8.57,True,-6.13,-6.7,True,2022Q1
VIC,2022-09-29,WATCH,50.8,50.8,0.0,15.5,0.64,26.65,-6.75,39.77,-5.0,12.95,20.06,17.49,4.5,12.38,9.54,3.38,11.88,8.82,3.38,8.82,False,-5.0,2.66,True,2022Q3
VIC,2022-11-08,WATCH,44.6,44.6,15.0,13.9,0.64,26.65,-2.44,39.77,-9.17,13.32,17.46,15.97,33.58,27.75,29.85,1.69,-6.49,-3.54,1.69,-3.54,False,1.69,-3.54,False,2022Q4
VIC,2022-12-20,WATCH,43.1,43.1,0.0,26.0,0.82,28.3,-10.25,5.12,-5.64,-5.48,-3.77,-4.08,1.41,-5.82,-4.48,-6.71,-7.85,-7.64,-8.0,-8.42,True,-5.64,-1.84,True,2022Q4
VIC,2023-09-07,WATCH,51.4,51.4,25.0,10.6,1.21,30.25,-36.03,1.49,-5.0,-11.4,-10.2,-9.96,-24.03,-14.88,-13.0,-30.41,-19.13,-16.82,-8.0,-6.21,True,-5.0,-3.21,True,2023Q3
VIC,2023-10-26,WATCH,47.9,47.9,45.0,29.4,1.28,20.82,-7.06,9.75,-5.0,-0.1,-1.74,-2.2,-0.67,-4.09,-5.05,3.99,-7.67,-10.96,3.99,-10.96,False,-5.0,-2.61,True,2023Q4
VIC,2024-04-19,WATCH,54.4,54.4,0.0,16.3,0.94,21.32,-5.82,12.8,-5.0,4.13,1.37,1.54,6.85,-1.37,-0.88,-4.92,-12.58,-12.13,-4.92,-12.13,False,-5.0,-12.93,True,2024Q2
VIC,2025-06-20,WATCH,52.5,52.5,25.0,22.0,1.04,43.05,-1.16,67.13,-7.55,11.03,8.74,8.66,30.08,19.69,19.32,66.2,41.99,41.12,66.2,41.12,False,66.2,41.12,False,2025Q2
VIC,2026-01-28,WATCH,51.5,51.5,0.0,25.0,1.19,138.9,-14.4,64.0,-5.0,-6.34,-5.14,-4.91,18.65,18.4,18.36,58.03,54.11,53.36,-9.79,-10.4,True,-5.0,-5.16,True,2026Q1
VIC,2026-02-04,PANIC70_ANY,70.9,70.9,0.0,23.5,1.25,119.0,-0.08,94.12,-5.0,33.61,32.22,31.87,21.85,26.29,27.41,86.55,80.3,78.72,86.55,78.72,False,86.55,78.72,False,2026Q1
VIC,2026-03-20,WATCH,55.7,55.7,25.0,24.2,1.39,135.6,-9.44,71.09,-5.0,-4.5,-6.49,-7.27,40.86,28.16,23.17,51.47,39.18,34.36,51.47,34.36,False,-5.6,-8.0,True,2026Q1
VIC,2026-07-22,WATCH,41.1,41.1,25.0,24.4,1.55,201.0,-3.18,31.84,-5.0,9.45,4.64,2.0,0.5,-3.69,-5.99,,,,15.42,6.63,False,15.42,6.63,False,2026Q3
VIC,2020-03-25,ENTRY_V2_LOOSE,80.9,91.9,55.0,15.0,0.95,34.49,-2.58,30.01,-12.0,17.25,15.39,15.49,19.83,7.11,7.77,21.4,-4.61,-3.25,21.4,-3.25,False,21.4,-3.25,False,2020Q1
VIC,2020-04-03,ENTRY_V2,,83.2,85.0,48.6,1.03,40.89,-3.25,9.66,-12.0,4.35,-2.57,-2.75,3.25,-6.01,-6.26,-1.1,-18.87,-19.35,-1.1,-19.35,False,-1.1,-19.35,False,2020Q2
VIC,2026-02-11,ENTRY_V2_LOOSE,,70.9,40.0,43.3,1.26,154.8,-20.67,49.87,-12.0,9.11,5.2,4.2,-6.33,-0.26,1.3,45.41,39.67,38.2,-8.0,1.19,True,-12.0,-0.8,True,2026Q1
VIC,2026-02-12,ENTRY_V2,,70.9,65.0,46.1,1.28,161.9,-24.15,43.3,-12.0,6.24,2.81,1.84,-16.62,-7.25,-4.59,40.02,34.79,33.3,-8.0,3.67,True,-12.0,-2.02,True,2026Q1
VIC,2019-02-01,CONTROL_RSI,26.5,26.5,,32.8,0.8,45.25,-0.6,20.33,-5.0,11.67,6.84,7.79,16.2,8.82,10.28,10.7,6.82,7.58,10.7,7.58,False,10.7,7.58,False,2019Q1
VIC,2019-03-27,CONTROL_RSI,0.5,0.5,,34.8,0.93,50.62,-7.8,4.41,-5.0,1.07,-0.32,-0.22,-0.18,-0.81,-0.77,2.65,4.12,4.01,2.65,4.01,False,-5.0,-5.36,True,2019Q1
VIC,2019-09-12,CONTROL_RSI,20.0,20.0,,28.3,1.11,54.27,-6.8,2.12,-5.0,-2.21,-3.68,-3.83,-3.35,-4.97,-5.14,-5.09,-3.8,-3.67,-5.09,-3.67,False,-5.0,-6.34,True,2019Q3
VIC,2019-10-10,CONTROL_RSI,10.7,10.7,,31.4,1.03,52.22,-3.31,4.27,-5.0,-0.42,-0.49,-0.49,2.57,-0.87,-0.98,-2.55,0.77,0.88,-2.55,0.88,False,-2.55,0.88,False,2019Q4
VIC,2019-11-22,CONTROL_RSI,30.0,30.0,,23.4,1.11,51.65,-10.94,0.08,-5.0,-1.05,0.85,1.06,-0.45,1.44,1.65,-7.92,-0.95,-0.17,-8.0,-3.11,True,-5.0,-0.41,True,2019Q4
VIC,2019-12-25,CONTROL_RSI,20.6,20.6,,28.1,1.06,51.25,-41.03,0.33,-5.0,0.0,-0.47,-0.49,-0.45,2.05,2.2,-24.72,2.82,4.41,-8.0,-5.15,True,-5.0,-2.15,True,2019Q4
VIC,2020-02-06,CONTROL_RSI,30.3,30.3,,25.7,0.62,50.67,-40.36,0.36,-5.0,-3.51,-3.39,-3.44,-7.89,-2.87,-4.77,-16.68,-0.05,-6.34,-8.0,-7.29,True,-5.0,-4.75,True,2020Q1
VIC,2020-04-24,CONTROL_RSI,5.5,5.5,,33.2,1.03,42.22,-6.3,5.26,-7.68,0.0,-1.03,-1.05,2.01,-8.68,-8.96,-5.47,-15.86,-16.13,-5.47,-16.13,False,-5.47,-16.13,False,2020Q2
VIC,2020-06-10,CONTROL_RSI,6.3,6.3,,32.9,0.99,42.49,-16.43,1.77,-5.0,-4.82,0.2,0.16,-4.82,-2.16,-2.17,-1.67,-1.79,-1.79,-8.0,-0.13,True,-5.0,2.5,True,2020Q2
VIC,2020-07-09,CONTROL_RSI,19.8,19.8,,28.4,1.02,40.44,-12.19,5.74,-5.0,0.57,0.76,0.76,-3.83,-0.14,-0.08,2.55,-2.14,-2.22,-8.0,2.29,True,-5.0,0.18,True,2020Q3
VIC,2021-01-26,CONTROL_RSI,12.7,12.7,,31.6,1.18,45.11,-8.87,43.76,-5.0,5.92,6.91,7.09,5.32,-0.43,-1.48,29.06,18.64,16.74,-8.87,-1.93,True,-8.87,-1.93,True,2021Q1
VIC,2021-03-09,CONTROL_RSI,6.1,6.1,,33.7,1.1,46.45,-2.3,39.61,-5.93,0.17,-1.74,-1.93,22.2,15.45,14.77,17.7,0.95,-0.73,17.7,-0.73,False,17.7,-0.73,False,2021Q1
VIC,2021-05-06,CONTROL_RSI,9.0,9.0,,32.0,1.05,58.67,-25.0,1.06,-5.49,-5.08,-6.76,-6.84,-8.33,-18.66,-19.2,-18.78,-23.97,-24.24,-8.0,-8.61,True,-5.49,-7.25,True,2021Q2
VIC,2021-06-03,CONTROL_RSI,6.5,6.5,,32.8,1.02,52.67,-16.46,6.74,-5.0,-0.42,0.7,0.73,-0.85,-4.75,-4.83,-10.01,-6.07,-5.98,-8.0,-6.51,True,-5.0,-4.08,True,2021Q2
VIC,2021-07-05,CONTROL_RSI,29.7,29.7,,25.1,1.02,51.11,-18.61,1.74,-5.0,-10.43,-2.38,-2.21,-0.43,5.15,5.26,-13.91,-9.02,-8.92,-8.0,0.31,True,-5.0,-0.37,True,2021Q3
VIC,2021-08-24,CONTROL_RSI,15.7,15.7,,34.8,0.93,47.7,-12.79,3.25,-5.0,-1.36,-4.13,-3.92,-8.81,-12.84,-12.54,-0.63,-12.46,-11.57,-8.0,-11.84,True,-5.0,-8.36,True,2021Q3
VIC,2021-09-23,CONTROL_RSI,30.0,30.0,,23.5,0.92,43.55,-4.48,25.83,-5.0,0.69,2.01,1.9,5.4,2.7,2.92,17.11,7.72,8.48,17.11,8.48,False,17.11,8.48,False,2021Q3
VIC,2021-12-20,CONTROL_RSI,16.7,16.7,,34.4,0.86,49.5,-22.22,7.47,-5.0,-0.61,-1.76,-1.6,-3.23,-0.89,-1.22,-17.78,-19.47,-19.24,-8.0,-9.38,True,-5.0,-2.99,True,2021Q4
VIC,2022-01-24,CONTROL_RSI,12.0,12.0,,31.7,0.87,47.5,-23.47,2.84,-5.0,-8.11,-12.36,-11.8,-16.63,-20.73,-20.2,-17.89,-11.93,-12.71,-8.0,-11.7,True,-5.0,-8.7,True,2022Q1
VIC,2022-03-01,CONTROL_RSI,9.3,9.3,,33.0,0.74,39.6,-8.21,4.92,-5.0,-1.52,0.19,-0.25,2.4,2.99,2.84,-0.88,12.82,9.28,-8.0,1.32,True,-5.0,4.32,True,2022Q1
VIC,2022-04-22,CONTROL_RSI,5.0,5.0,,33.3,0.67,38.9,-14.91,3.47,-5.0,2.44,4.55,3.86,-0.13,7.81,5.21,-12.34,0.99,-3.38,-8.0,3.13,True,-5.0,5.02,True,2022Q2
VIC,2022-05-30,CONTROL_RSI,0.2,0.2,,34.9,0.64,39.0,-17.95,1.92,-5.0,0.0,-0.21,-0.13,-5.64,-0.17,-2.16,-16.67,-15.28,-15.79,-8.0,-1.14,True,-5.0,0.74,True,2022Q2
VIC,2022-06-27,CONTROL_RSI,30.0,30.0,,13.8,0.59,36.5,-19.59,1.1,-5.0,-0.96,0.8,0.08,-9.45,-8.01,-8.6,-13.29,-14.31,-13.89,-8.0,-6.23,True,-5.0,-2.4,True,2022Q2
VIC,2022-07-25,CONTROL_RSI,8.6,8.6,,32.1,0.59,33.05,-19.82,4.84,-5.0,0.76,-3.65,-1.84,-1.66,-8.53,-5.7,-11.35,-0.35,-4.87,-8.0,-9.26,True,-5.0,-7.67,True,2022Q3
VIC,2022-09-06,CONTROL_RSI,0.1,0.1,,35.0,0.61,31.65,-21.48,10.9,-5.0,0.16,2.81,1.79,-5.21,8.15,3.0,9.95,27.7,20.86,-8.0,-1.68,True,-5.0,-2.11,True,2022Q3
VIC,2022-10-04,CONTROL_RSI,27.7,27.7,,29.2,0.62,28.75,-13.57,29.57,-9.73,4.35,9.59,7.59,-3.65,2.66,0.25,-6.96,0.04,-2.62,-8.0,-1.99,True,-9.73,-3.1,True,2022Q4
VIC,2022-11-01,CONTROL_RSI,22.8,22.8,,31.5,0.63,27.65,-10.13,34.72,-7.5,-2.89,1.74,0.03,25.86,24.42,24.95,0.9,-3.36,-1.78,-8.0,-4.84,True,-7.5,-4.34,True,2022Q4
VIC,2022-12-19,CONTROL_RSI,38.7,38.7,,27.0,0.81,28.25,-10.09,5.31,-5.0,-5.49,-2.47,-3.03,0.35,-5.68,-4.56,-6.55,-7.0,-6.92,-8.0,-8.22,True,-5.0,-1.02,True,2022Q4
VIC,2023-02-14,CONTROL_RSI,15.3,15.3,,31.7,0.83,26.35,-4.55,11.57,-5.37,0.57,-1.08,-0.81,2.47,0.05,0.46,3.23,0.47,0.93,3.23,0.93,False,3.23,0.93,False,2023Q1
VIC,2023-04-21,CONTROL_RSI,30.0,30.0,,1.8,0.93,26.35,-5.12,4.17,-5.0,-2.66,-2.21,-2.24,-0.19,-2.04,-1.91,-1.33,-13.53,-12.63,-1.33,-12.63,False,-5.0,-13.23,True,2023Q2
VIC,2023-06-02,CONTROL_RSI,21.7,21.7,,27.8,0.88,26.05,-4.03,47.02,-5.0,2.5,1.06,1.23,-1.92,-4.22,-3.95,24.18,14.96,16.06,24.18,16.06,False,24.18,16.06,False,2023Q2
VIC,2023-06-30,CONTROL_RSI,21.7,21.7,,27.8,0.87,25.75,-14.49,48.74,-5.0,-1.17,-3.25,-2.98,6.99,-1.66,-0.54,-12.23,-14.75,-14.42,-8.0,-10.14,True,-5.0,-7.14,True,2023Q2
VIC,2023-08-31,CONTROL_RSI,36.0,36.0,,29.2,1.19,31.25,-38.08,2.24,-5.95,-3.52,-4.66,-4.87,-28.8,-19.6,-17.87,-32.16,-21.12,-19.05,-8.0,-7.27,True,-5.95,-5.21,True,2023Q3
VIC,2023-10-04,CONTROL_RSI,35.8,35.8,,27.0,1.36,23.1,-16.23,2.38,-7.47,0.65,-1.15,-1.79,-10.3,-5.37,-3.6,-3.81,-3.6,-3.53,-8.0,-4.65,True,-7.47,-4.12,True,2023Q4
VIC,2023-11-01,CONTROL_RSI,35.6,35.6,,16.5,1.25,20.25,-2.12,12.84,-6.45,12.1,5.87,4.3,3.11,-1.23,-2.33,5.68,-6.44,-9.51,5.68,-9.51,False,5.68,-9.51,False,2023Q4
VIC,2023-11-29,CONTROL_RSI,11.3,11.3,,31.2,1.21,21.25,-1.74,16.14,-5.77,0.71,-1.09,-1.46,4.56,2.1,1.58,6.45,-7.76,-10.75,6.45,-10.75,False,6.45,-10.75,False,2023Q4
VIC,2024-01-18,CONTROL_RSI,8.3,8.3,,32.2,1.18,21.68,-3.83,13.84,-5.0,-1.29,-1.65,-1.71,4.24,0.79,0.15,-3.14,-4.73,-5.03,-3.14,-5.03,False,-3.14,-5.03,False,2024Q1
VIC,2024-03-11,CONTROL_RSI,37.9,37.9,,24.3,1.15,22.18,-7.57,9.78,-5.0,5.95,5.38,5.3,7.53,5.31,4.98,-2.07,-6.55,-7.21,-2.07,-7.21,False,-5.0,-0.8,True,2024Q1
VIC,2024-04-17,CONTROL_RSI,30.0,30.0,,24.6,0.9,21.8,-7.89,10.32,-5.0,1.93,-0.5,-0.27,4.36,-2.93,-2.23,-6.88,-14.32,-13.6,-6.88,-13.6,False,-5.0,-4.73,True,2024Q2
VIC,2024-05-30,CONTROL_RSI,2.6,2.6,,34.1,0.83,21.75,-7.68,2.9,-5.0,0.0,-1.51,-1.26,-5.29,-3.47,-3.78,-4.46,-5.8,-5.57,-4.46,-5.57,False,-5.0,-5.9,True,2024Q2
VIC,2024-06-27,CONTROL_RSI,30.0,30.0,,14.3,0.83,20.55,-2.29,12.17,-5.0,0.73,-1.08,-0.77,1.22,2.66,2.41,3.55,2.23,2.45,3.55,2.45,False,3.55,2.45,False,2024Q2
VIC,2024-09-18,CONTROL_RSI,13.9,13.9,,30.4,0.72,21.4,-7.01,3.5,-5.0,-0.47,-2.31,-1.8,-2.9,-4.35,-3.94,-4.44,-4.38,-4.4,-4.44,-4.4,False,-5.0,-5.22,True,2024Q3
VIC,2024-11-12,CONTROL_RSI,30.0,30.0,,23.3,0.68,20.42,-2.79,4.9,-5.0,-1.18,0.95,0.26,1.13,-0.96,-0.28,-1.47,-3.67,-2.96,-1.47,-2.96,False,-1.47,-2.96,False,2024Q4
VIC,2024-12-26,CONTROL_RSI,30.0,30.0,,22.7,0.66,20.35,-2.46,45.45,-5.0,-0.49,1.8,1.01,-1.62,0.14,-0.46,42.51,40.05,40.9,42.51,40.9,False,42.51,40.9,False,2024Q4
VIC,2025-02-05,CONTROL_RSI,28.0,28.0,,25.7,0.75,20.18,-1.29,84.34,-5.0,-0.3,-0.04,-0.11,4.96,1.45,2.33,81.86,83.69,83.23,81.86,83.23,False,81.86,83.23,False,2025Q1
VIC,2025-06-12,CONTROL_RSI,26.0,26.0,,32.6,1.04,42.85,-4.78,63.24,-5.0,1.28,-1.48,-1.59,26.02,15.0,14.55,50.76,26.07,25.05,50.76,25.05,False,50.76,25.05,False,2025Q2
VIC,2026-01-27,CONTROL_RSI,27.3,27.3,,28.2,1.15,151.0,-21.26,50.86,-5.0,-19.47,-16.95,-16.56,3.05,4.1,4.27,40.4,39.51,39.37,-8.0,-7.46,True,-6.95,-6.41,True,2026Q1
VIC,2026-03-18,CONTROL_RSI,14.7,14.7,,30.7,1.36,146.6,-16.23,58.25,-7.03,-11.32,-8.02,-6.83,29.13,22.13,19.61,32.33,26.03,23.76,-8.0,0.76,True,-7.5,1.26,True,2026Q1
VIC,2026-05-27,CONTROL_RSI,1.3,1.3,,34.6,1.53,209.1,-11.67,15.73,-5.0,-4.26,-2.22,-1.12,7.6,7.96,8.15,-3.4,3.85,7.72,-8.0,-3.84,True,-5.0,-0.84,True,2026Q2
VIC,2026-07-14,CONTROL_RSI,4.4,4.4,,33.5,1.57,218.4,-10.9,21.34,-5.0,-7.46,0.14,4.5,-1.33,-0.62,-0.22,,,,-8.0,1.28,True,-5.0,6.96,True,2026Q3
VIC,2026-08-18,CONTROL_RSI,11.3,11.3,,31.6,1.45,200.0,-0.4,32.5,-5.0,15.0,9.84,7.55,17.5,13.59,11.86,,,,16.0,13.74,False,16.0,13.74,False,2026Q3
VIC,2026-09-24,CONTROL_RSI,29.0,29.0,,25.3,1.61,228.2,-5.78,4.51,-5.0,-1.84,0.17,1.4,,,,,,,1.67,2.96,False,-5.0,-1.76,True,2026Q3
VIC,2019-05-29,CONTROL_RANDOM,,,,63.5,0.99,51.2,-1.91,9.8,-5.0,0.61,2.96,2.92,-0.25,2.62,2.58,9.47,6.77,6.81,9.47,6.81,False,9.47,6.81,False,2019Q2
VIC,2019-06-11,CONTROL_RANDOM,,,,47.3,1.03,52.0,-2.83,8.12,-5.0,-0.94,0.19,0.23,-0.17,-1.53,-1.58,4.27,2.58,2.53,4.27,2.53,False,4.27,2.53,False,2019Q2
VIC,2019-06-14,CONTROL_RANDOM,,,,53.1,1.04,51.51,-1.9,9.14,-5.0,0.43,-0.5,-0.54,-1.46,-3.4,-3.48,5.26,3.55,3.49,5.26,3.49,False,5.26,3.49,False,2019Q2
VIC,2019-06-28,CONTROL_RANDOM,,,,42.2,1.11,51.87,-2.49,8.39,-5.0,-0.6,-1.37,-1.46,6.59,2.52,2.07,2.91,-0.14,-0.47,2.91,-0.47,False,2.91,-0.47,False,2019Q2
VIC,2019-08-16,CONTROL_RANDOM,,,,45.5,1.08,54.45,-5.31,3.25,-6.93,1.87,1.99,2.0,0.24,-1.05,-1.16,-2.53,-6.02,-6.31,-2.53,-6.31,False,-2.53,-6.31,False,2019Q3
VIC,2019-10-11,CONTROL_RANDOM,,,,43.3,1.04,52.67,-4.14,3.38,-5.0,-1.35,-0.24,-0.2,0.34,-1.88,-1.97,-3.21,0.38,0.51,-3.21,0.51,False,-3.21,0.51,False,2019Q4
VIC,2020-01-13,CONTROL_RANDOM,,,,37.0,0.95,51.16,-40.93,0.0,-5.0,-0.18,-2.26,-2.15,-9.21,-5.24,-5.44,-16.59,2.97,1.98,-8.0,-4.91,True,-5.0,-1.91,True,2020Q1
VIC,2020-04-15,CONTROL_RANDOM,,,,74.6,1.04,42.67,-7.29,4.15,-12.0,-3.14,-3.24,-3.25,0.52,-7.75,-8.04,-4.9,-17.26,-17.7,-4.9,-17.7,False,-4.9,-17.7,False,2020Q2
VIC,2020-09-17,CONTROL_RANDOM,,,,59.3,0.96,42.22,-4.22,15.28,-7.24,-2.32,-3.68,-3.63,2.75,-2.52,-2.32,12.43,-4.29,-3.66,12.43,-3.66,False,12.43,-3.66,False,2020Q3
VIC,2020-09-24,CONTROL_RANDOM,,,,46.6,0.87,42.0,-3.71,15.88,-6.05,-0.52,-0.43,-0.44,10.05,4.51,5.24,10.79,-6.42,-4.15,10.79,-4.15,False,10.79,-4.15,False,2020Q3
VIC,2021-02-23,CONTROL_RANDOM,,,,61.2,1.13,49.51,-10.24,30.98,-11.45,-4.04,-4.26,-4.29,-3.13,-1.23,-0.99,9.61,0.02,-1.19,-8.0,-5.88,True,9.61,-1.19,False,2021Q1
VIC,2021-03-01,CONTROL_RANDOM,,,,54.8,1.11,48.22,-7.84,34.49,-8.29,-3.86,-1.0,-0.68,7.84,8.66,8.75,10.43,0.04,-1.12,10.43,-1.12,False,10.43,-1.12,False,2021Q1
VIC,2021-03-26,CONTROL_RANDOM,,,,69.5,1.07,50.0,-0.44,29.7,-9.05,10.5,4.82,4.44,17.42,13.14,12.85,4.44,-13.52,-14.72,4.44,-14.72,False,4.44,-14.72,False,2021Q1
VIC,2021-04-09,CONTROL_RANDOM,,,,85.4,1.09,55.47,-11.86,16.91,-11.78,15.38,13.45,13.29,1.35,-0.69,-0.86,-11.07,-22.22,-23.18,-8.0,-18.36,True,-11.78,-25.1,True,2021Q2
VIC,2021-08-20,CONTROL_RANDOM,,,,54.5,0.92,48.75,-14.67,0.21,-5.0,-3.49,-3.39,-3.4,-11.69,-13.29,-13.17,-1.23,-12.24,-11.38,-8.0,-9.14,True,-5.0,-3.88,True,2021Q3
VIC,2021-08-27,CONTROL_RANDOM,,,,37.4,0.92,47.5,-12.42,3.68,-5.29,-3.16,-4.71,-4.59,-8.74,-10.72,-10.57,-0.95,-14.32,-13.31,-8.0,-10.78,True,-5.29,-7.59,True,2021Q3
VIC,2022-01-06,CONTROL_RANDOM,,,,57.6,0.96,53.2,-27.63,0.0,-12.0,-7.05,-4.57,-4.67,-23.21,-21.1,-21.19,-23.21,-19.82,-19.96,-8.0,-2.92,True,-12.0,-6.3,True,2022Q1
VIC,2022-04-05,CONTROL_RANDOM,,,,75.0,0.73,40.25,-10.56,2.36,-5.0,1.49,4.04,3.36,-1.74,14.22,9.96,-9.69,11.17,5.6,-8.0,1.69,True,-5.0,4.69,True,2022Q2
VIC,2022-04-15,CONTROL_RANDOM,,,,48.6,0.7,40.0,-17.25,0.63,-5.0,-4.75,5.15,2.22,-2.5,12.23,7.86,-13.12,6.2,0.47,-8.0,-1.03,True,-5.0,1.97,True,2022Q2
VIC,2022-07-06,CONTROL_RANDOM,,,,5.8,0.58,34.0,-22.06,3.97,-5.0,2.21,-0.68,0.52,-2.35,-11.51,-7.69,-18.38,-12.94,-15.21,-8.0,-12.78,True,-5.0,-7.91,True,2022Q3
VIC,2022-07-28,CONTROL_RANDOM,,,,33.0,0.61,33.9,-21.98,2.21,-5.0,-3.54,-6.7,-5.48,-4.13,-9.75,-7.58,-17.26,0.58,-6.3,-8.0,-9.34,True,-5.16,-8.02,True,2022Q3
VIC,2022-11-01,CONTROL_RANDOM,,,,31.5,0.63,27.65,-10.13,34.72,-7.5,-2.89,1.74,0.03,25.86,24.42,24.95,0.9,-3.36,-1.78,-8.0,-4.84,True,-7.5,-4.34,True,2022Q4
VIC,2022-11-08,CONTROL_RANDOM,,,,13.9,0.64,26.65,-2.44,39.77,-9.17,13.32,17.46,15.97,33.58,27.75,29.85,1.69,-6.49,-3.54,1.69,-3.54,False,1.69,-3.54,False,2022Q4
VIC,2022-12-30,CONTROL_RANDOM,,,,9.6,0.8,26.9,-5.58,10.59,-5.28,1.3,-2.85,-2.01,2.23,-3.15,-2.06,5.58,-1.05,0.29,5.58,0.29,False,-5.28,-7.43,True,2022Q4
VIC,2023-02-16,CONTROL_RANDOM,,,,15.5,0.83,26.7,-5.81,10.11,-6.68,-0.94,0.9,0.59,-0.37,0.93,0.71,-0.37,-0.51,-0.49,-0.37,-0.49,False,-0.37,-0.49,False,2023Q1
VIC,2023-05-12,CONTROL_RANDOM,,,,43.7,0.98,27.45,-8.93,17.12,-9.12,-5.1,-4.71,-4.72,-2.73,-6.57,-6.5,16.39,0.89,1.17,-8.0,-12.7,True,16.39,1.17,False,2023Q2
VIC,2023-10-11,CONTROL_RANDOM,,,,28.8,1.34,23.0,-15.87,2.83,-6.71,-6.09,-0.26,1.74,-1.3,2.26,3.49,-4.13,-4.09,-4.08,-8.0,-1.98,True,-6.71,-0.69,True,2023Q4
VIC,2023-10-17,CONTROL_RANDOM,,,,45.0,1.35,22.02,-12.13,3.77,-5.0,1.5,3.46,4.15,3.09,3.2,3.24,-0.91,-4.33,-5.53,-8.0,-0.42,True,-5.0,3.2,True,2023Q4
VIC,2023-12-06,CONTROL_RANDOM,,,,36.0,1.2,21.4,-2.34,15.33,-6.4,2.34,3.98,4.31,3.04,0.73,0.26,4.67,-5.84,-7.98,4.67,-7.98,False,4.67,-7.98,False,2023Q4
VIC,2024-02-07,CONTROL_RANDOM,,,,23.3,1.07,21.25,-3.53,16.14,-5.0,12.0,9.99,9.84,8.14,3.06,2.68,9.08,4.82,4.5,9.08,4.5,False,9.08,4.5,False,2024Q1
VIC,2024-04-11,CONTROL_RANDOM,,,,83.5,0.9,24.18,-16.96,0.7,-5.0,-13.15,-7.39,-7.98,-3.31,-3.77,-3.72,-15.01,-16.66,-16.49,-9.84,-3.58,True,-5.0,-1.64,True,2024Q2
VIC,2024-09-30,CONTROL_RANDOM,,,,37.0,0.73,21.02,-5.33,5.38,-5.0,-2.71,-1.26,-1.66,-1.62,0.62,0.02,-3.43,-1.08,-1.71,-3.43,-1.71,False,-5.0,-2.16,True,2024Q3
VIC,2025-01-21,CONTROL_RANDOM,,,,46.8,0.69,20.25,-1.63,83.7,-5.0,-1.14,-2.85,-2.32,1.23,-3.15,-1.8,54.81,56.81,56.2,54.81,56.2,False,54.81,56.2,False,2025Q1
VIC,2025-03-13,CONTROL_RANDOM,,,,98.9,0.77,25.9,-5.02,92.66,-12.0,2.32,2.62,2.55,34.36,40.73,39.26,67.57,67.78,67.73,67.57,67.73,False,67.57,67.73,False,2025Q1
VIC,2025-06-24,CONTROL_RANDOM,,,,46.0,1.05,48.0,-5.21,59.58,-12.0,-0.62,-1.76,-1.82,19.79,9.33,8.81,59.58,38.43,37.39,59.58,37.39,False,59.58,37.39,False,2025Q2
VIC,2025-07-10,CONTROL_RANDOM,,,,81.1,1.06,52.25,-0.57,78.76,-12.0,13.88,10.69,10.5,11.96,2.74,2.16,72.25,56.11,55.1,72.25,55.1,False,72.25,55.1,False,2025Q3
VIC,2025-09-08,CONTROL_RANDOM,,,,61.5,1.03,62.5,-0.72,122.88,-5.0,8.0,4.85,4.74,44.0,40.58,40.46,120.0,114.63,114.45,120.0,114.45,False,120.0,114.45,False,2025Q3
VIC,2025-09-25,CONTROL_RANDOM,,,,84.5,1.02,79.0,-1.27,106.71,-12.0,11.71,12.96,12.99,38.61,37.62,37.6,87.97,85.72,85.67,87.97,85.67,False,87.97,85.67,False,2025Q3
VIC,2026-01-28,CONTROL_RANDOM,,,,25.0,1.19,138.9,-14.4,64.0,-5.0,-6.34,-5.14,-4.91,18.65,18.4,18.36,58.03,54.11,53.36,-9.79,-10.4,True,-5.0,-5.16,True,2026Q1
VIC,2026-04-21,CONTROL_RANDOM,,,,89.9,1.47,193.6,-4.6,25.0,-12.0,9.5,8.44,7.94,13.02,10.21,8.89,13.64,18.6,20.93,13.64,20.93,False,13.64,20.93,False,2026Q2
VRE,2019-01-03,WATCH,40.6,40.6,0.0,17.7,1.15,25.8,-2.91,45.27,-5.0,8.72,5.28,4.78,5.43,1.3,0.7,30.16,16.8,14.85,30.16,14.85,False,30.16,14.85,False,2019Q1
VRE,2019-09-26,WATCH,46.7,46.7,20.0,26.1,1.2,31.68,-4.89,9.28,-5.0,-2.75,-2.28,-2.18,-0.76,-1.19,-1.28,0.44,4.05,4.79,0.44,4.79,False,0.44,4.79,False,2019Q3
VRE,2020-01-30,WATCH,41.7,41.7,0.0,27.3,1.25,29.89,-45.4,4.22,-5.0,3.41,5.37,5.87,-7.9,0.17,2.22,-24.05,-4.38,0.63,-8.0,2.12,True,-5.0,-1.01,True,2020Q1
VRE,2020-03-09,WATCH,60.6,60.6,15.0,15.9,1.21,24.43,-33.2,14.04,-5.0,-12.65,-4.29,-2.51,-11.05,-2.97,-1.25,12.48,3.59,1.7,-10.85,-3.09,True,-10.85,-3.09,True,2020Q1
VRE,2020-03-11,PANIC70_ANY,77.0,77.0,15.0,3.5,1.17,23.37,-30.17,19.43,-5.0,-9.5,-2.8,-1.69,-1.63,0.96,1.39,15.32,-0.28,-2.88,-8.0,-3.16,True,-5.0,-0.47,True,2020Q1
VRE,2021-01-29,PANIC70_ANY,74.1,74.1,25.0,24.0,0.98,30.91,-10.32,14.98,-9.71,-3.46,-5.98,-5.92,7.64,-2.93,-2.68,-2.52,-20.88,-20.44,-2.52,-20.44,False,-2.52,-20.44,False,2021Q1
VRE,2021-02-02,WATCH,43.5,43.5,0.0,33.5,1.04,31.0,-6.23,14.65,-12.0,5.16,-1.37,-1.67,6.39,-1.47,-1.82,-1.1,-17.2,-17.92,-1.1,-17.92,False,-1.1,-17.92,False,2021Q1
VRE,2021-07-12,WATCH,46.6,46.6,0.0,24.7,1.07,26.17,-7.37,12.38,-5.71,-1.45,0.32,0.46,4.62,-0.48,-0.86,8.14,2.76,2.36,8.14,2.36,False,-5.71,-3.81,True,2021Q3
VRE,2022-10-11,WATCH,64.4,64.4,0.0,24.1,1.09,21.54,-4.04,41.92,-5.0,13.0,7.63,7.15,13.88,15.92,16.1,30.92,25.98,25.53,30.92,25.53,False,30.92,25.53,False,2022Q4
VRE,2022-12-26,WATCH,42.6,42.6,10.0,26.0,1.2,24.14,-0.99,22.04,-5.0,14.42,8.3,7.09,12.01,2.9,1.08,17.03,9.9,8.48,17.03,8.48,False,17.03,8.48,False,2022Q4
VRE,2023-09-26,WATCH,40.6,40.6,0.0,18.7,1.14,25.21,-17.26,5.75,-5.0,3.45,4.42,4.56,1.35,4.69,5.16,-11.9,-8.48,-8.0,-8.0,-0.09,True,-5.0,3.43,True,2023Q3
VRE,2023-10-26,WATCH,55.0,55.0,20.0,25.1,1.11,23.76,-12.21,0.59,-5.0,-0.8,-2.44,-2.63,-8.12,-11.54,-11.93,-2.86,-14.51,-15.85,-8.0,-4.72,True,-5.3,-2.02,True,2023Q4
VRE,2024-04-15,WATCH,42.1,42.1,10.0,18.1,1.18,21.63,-11.37,5.83,-5.0,0.69,1.76,1.95,2.03,-2.8,-3.67,-9.15,-14.17,-15.07,-8.0,-14.16,True,-5.0,-0.76,True,2024Q2
VRE,2024-08-05,WATCH,48.2,48.2,0.0,13.9,1.14,16.42,-1.77,21.44,-5.0,2.62,-0.13,-0.52,15.9,9.99,9.15,4.99,-0.6,-1.4,4.99,-1.4,False,4.99,-1.4,False,2024Q3
VRE,2025-10-30,WATCH,42.7,42.7,25.0,34.0,1.17,32.93,-19.5,15.85,-5.28,-8.05,-3.82,-3.09,0.46,-0.83,-1.05,-9.38,-19.02,-20.7,-8.05,-6.81,True,-8.05,-6.81,True,2025Q4
VRE,2025-12-12,WATCH,50.9,50.9,0.0,16.3,1.38,26.51,-14.37,43.91,-5.0,20.22,13.83,11.41,15.84,0.74,-4.97,-4.9,-9.03,-10.6,-10.94,-11.52,True,-5.0,-19.01,True,2025Q4
VRE,2026-01-28,WATCH,43.8,43.8,15.0,22.4,1.48,28.83,-21.26,19.25,-6.36,-3.5,-2.31,-1.74,-9.54,-9.78,-9.9,17.93,14.01,12.15,-8.0,-6.96,True,-6.36,-5.32,True,2026Q1
VRE,2026-03-09,WATCH,41.0,41.0,10.0,32.1,1.53,24.14,-5.97,50.04,-5.0,5.84,3.09,1.64,3.23,2.45,2.04,24.81,14.34,8.81,24.81,8.81,False,24.81,8.81,False,2026Q1
VRE,2026-06-17,WATCH,43.9,43.9,0.0,23.5,1.35,27.91,-25.12,8.67,-6.49,2.44,0.2,-0.58,-10.25,-9.25,-8.9,-7.92,-7.3,-7.09,-8.0,-6.38,True,-6.49,-4.87,True,2026Q2
VRE,2026-07-15,WATCH,41.5,41.5,0.0,13.2,1.33,24.8,-15.73,12.7,-5.0,-11.29,-7.16,-5.79,-0.81,-0.42,-0.29,,,,-8.0,-0.18,True,-5.0,-2.82,True,2026Q3
VRE,2020-03-25,ENTRY_V2_LOOSE,86.7,96.3,55.0,9.9,1.19,17.87,-2.74,56.18,-12.0,5.37,3.51,3.15,29.71,16.99,14.52,47.01,21.0,15.95,47.01,15.95,False,47.01,15.95,False,2020Q1
VRE,2020-04-06,ENTRY_V2,21.7,96.3,65.0,38.1,1.18,20.76,-1.83,34.44,-12.0,21.87,18.86,18.33,15.37,8.44,7.22,21.87,8.79,6.49,21.87,6.49,False,21.87,6.49,False,2020Q2
VRE,2021-02-17,ENTRY_V2_LOOSE,,80.0,45.0,41.8,1.08,32.74,-11.51,8.55,-12.0,-0.43,-1.15,-1.2,3.24,-0.55,-0.85,-11.51,-19.78,-20.43,-8.0,-13.47,True,-11.51,-20.43,False,2021Q1
VRE,2021-02-18,ENTRY_V2,,80.0,65.0,44.4,1.09,33.22,-15.68,6.98,-12.0,-3.49,-4.17,-4.22,-1.14,-4.02,-4.27,-14.66,-23.43,-24.19,-8.0,-8.15,True,-12.0,-20.61,True,2021Q1
VRE,2019-01-02,CONTROL_RSI,34.9,34.9,,24.5,1.12,27.16,-7.77,38.0,-5.02,1.73,0.77,0.65,0.85,-1.5,-1.79,22.61,11.69,10.33,22.61,10.33,False,22.61,10.33,False,2019Q1
VRE,2019-02-11,CONTROL_RSI,10.7,10.7,,31.4,1.18,27.86,-1.33,34.53,-8.5,6.39,2.74,2.08,23.58,15.96,14.58,21.21,18.19,17.64,21.21,17.64,False,21.21,17.64,False,2019Q1
VRE,2019-04-22,CONTROL_RSI,29.5,29.5,,25.2,1.37,31.75,-0.13,13.76,-5.0,6.65,5.68,5.32,6.46,5.92,5.72,13.76,11.95,11.27,13.76,11.27,False,13.76,11.27,False,2019Q2
VRE,2019-06-06,CONTROL_RSI,7.6,7.6,,32.5,1.48,33.42,-3.62,9.66,-5.0,0.87,0.66,0.56,3.32,0.83,-0.35,-0.45,-3.86,-5.48,-0.45,-5.48,False,-0.45,-5.48,False,2019Q2
VRE,2019-08-13,CONTROL_RSI,10.6,10.6,,31.7,1.44,34.09,-11.62,2.85,-5.0,1.7,-0.19,-1.02,-3.81,-3.83,-3.84,-0.26,-5.2,-7.35,-8.0,-10.25,True,-5.0,-6.68,True,2019Q3
VRE,2019-09-11,CONTROL_RSI,30.0,30.0,,19.7,1.37,33.03,-8.78,4.81,-5.0,-0.3,-2.84,-3.79,-5.27,-6.81,-7.38,0.88,1.82,2.17,-8.0,-10.83,True,-5.0,-7.65,True,2019Q3
VRE,2019-10-09,CONTROL_RSI,20.6,20.6,,28.1,1.23,31.0,-1.71,11.68,-5.0,-0.77,-0.88,-0.9,9.68,6.12,5.3,7.81,10.2,10.75,7.81,10.75,False,7.81,10.75,False,2019Q4
VRE,2019-11-25,CONTROL_RSI,30.2,30.2,,21.9,1.22,32.64,-17.31,4.6,-5.0,0.61,2.96,3.48,-2.67,-0.88,-0.48,-14.19,-5.95,-4.14,-8.0,-5.9,True,-5.0,-1.85,True,2019Q4
VRE,2019-12-27,CONTROL_RSI,1.0,1.0,,34.7,1.21,32.45,-49.71,3.11,-6.44,1.05,1.46,1.55,-12.94,-9.43,-8.68,-42.99,-11.8,-5.12,-8.0,-7.58,True,-6.44,-6.02,True,2019Q4
VRE,2020-02-06,CONTROL_RSI,34.3,34.3,,32.4,1.29,29.99,-45.58,3.87,-11.77,2.23,2.36,2.39,-8.2,-3.18,-1.71,-19.51,-2.88,1.97,-8.2,-0.44,True,-13.84,0.36,True,2020Q1
VRE,2020-03-05,CONTROL_RSI,30.0,30.0,,18.6,1.28,27.72,-41.13,0.0,-5.0,-15.69,-1.39,2.55,-27.34,-10.22,-5.51,-2.09,-1.22,-0.97,-11.87,-4.49,True,-11.87,-4.49,True,2020Q1
VRE,2020-06-29,CONTROL_RSI,3.8,3.8,,34.7,1.24,24.77,-3.31,13.65,-5.0,7.02,3.83,3.07,6.06,8.85,9.52,13.44,4.39,2.22,13.44,2.22,False,13.44,2.22,False,2020Q2
VRE,2020-10-05,CONTROL_RSI,7.7,7.7,,32.4,1.19,26.46,-8.58,16.06,-5.0,-0.72,-2.0,-2.24,-6.73,-8.61,-8.97,15.53,-4.22,-8.02,-8.0,-8.13,True,-5.0,-5.38,True,2020Q4
VRE,2020-11-02,CONTROL_RSI,7.0,7.0,,33.4,1.19,24.82,-0.77,49.03,-5.0,3.91,2.29,1.98,9.91,2.21,0.76,34.05,16.92,13.68,34.05,13.68,False,34.05,13.68,False,2020Q4
VRE,2021-01-28,CONTROL_RSI,39.4,39.4,,34.9,1.01,28.83,-3.85,23.27,-5.0,9.54,-3.34,-3.51,15.75,-1.32,-1.54,5.86,-19.99,-20.32,5.86,-20.32,False,5.86,-20.32,False,2021Q1
VRE,2021-03-25,CONTROL_RSI,5.0,5.0,,33.3,1.08,31.39,-11.37,13.22,-5.0,4.14,-1.17,-1.61,-4.17,-8.74,-9.12,-3.09,-21.51,-23.04,-8.0,-17.3,True,-5.0,-10.31,True,2021Q1
VRE,2021-04-26,CONTROL_RSI,25.0,25.0,,29.7,1.11,30.08,-19.41,8.21,-5.0,0.17,-2.86,-3.19,-1.26,-8.66,-9.46,-9.44,-16.02,-16.73,-8.0,-20.18,True,-5.0,-9.44,True,2021Q2
VRE,2021-07-05,CONTROL_RSI,34.3,34.3,,16.8,1.11,29.36,-17.44,1.63,-5.0,-8.38,-0.33,0.59,-6.91,-1.34,-0.7,-4.29,0.6,1.16,-8.0,1.07,True,-5.0,0.05,True,2021Q3
VRE,2021-08-23,CONTROL_RSI,25.7,25.7,,27.3,1.07,25.06,-0.2,25.26,-5.0,5.23,2.72,2.53,11.37,7.22,6.92,19.87,6.71,5.75,19.87,5.75,False,19.87,5.75,False,2021Q3
VRE,2021-12-03,CONTROL_RSI,8.9,8.9,,34.1,1.0,27.14,-0.7,31.65,-5.0,8.36,6.09,6.08,10.83,5.13,5.11,15.66,13.55,13.55,15.66,13.55,False,15.66,13.55,False,2021Q4
VRE,2022-03-02,CONTROL_RSI,10.1,10.1,,31.6,1.4,31.87,-23.94,4.99,-5.0,-3.01,-2.11,-1.75,1.38,1.4,1.41,-8.63,4.76,10.17,-8.0,3.51,True,-5.0,-0.65,True,2022Q1
VRE,2022-04-12,CONTROL_RSI,4.9,4.9,,33.4,1.34,30.18,-19.68,3.68,-5.0,-1.92,3.2,4.94,-19.05,-0.09,6.33,-13.59,6.16,12.85,-8.0,0.19,True,-5.0,3.19,True,2022Q2
VRE,2022-05-13,CONTROL_RSI,37.9,37.9,,31.9,1.3,24.63,-1.38,21.15,-5.0,7.23,6.34,6.07,13.72,12.15,11.69,12.55,8.51,7.32,12.55,7.32,False,12.55,7.32,False,2022Q2
VRE,2022-06-20,CONTROL_RSI,1.9,1.9,,34.4,1.17,26.66,-8.89,7.76,-5.0,4.5,0.65,-0.01,-5.81,-6.27,-6.35,4.5,-1.7,-2.77,-8.0,-6.23,True,-5.0,-2.66,True,2022Q2
VRE,2022-07-18,CONTROL_RSI,25.1,25.1,,26.6,1.15,24.92,-14.73,15.69,-5.0,0.96,0.2,0.09,13.56,5.18,3.94,-0.8,9.84,11.41,-8.0,8.58,True,-5.0,11.58,True,2022Q3
VRE,2022-09-05,CONTROL_RSI,22.6,22.6,,27.5,1.11,26.66,-22.47,10.5,-5.0,2.7,5.14,5.4,-3.26,12.48,14.21,10.5,29.84,31.96,-8.0,13.13,True,-5.0,11.75,True,2022Q3
VRE,2022-10-06,CONTROL_RSI,24.1,24.1,,28.9,1.08,25.3,-18.3,20.83,-5.06,-3.79,-3.79,-3.79,-0.75,5.35,5.84,0.4,5.56,5.97,-8.0,-2.33,True,-5.06,0.61,True,2022Q4
VRE,2022-12-20,CONTROL_RSI,21.6,21.6,,31.0,1.22,25.26,-6.14,16.63,-5.0,2.85,4.56,4.95,13.38,6.15,4.52,12.03,10.9,10.64,12.03,10.64,False,-5.0,0.7,True,2022Q4
VRE,2023-02-16,CONTROL_RSI,0.1,0.1,,35.0,1.23,27.33,-9.7,10.43,-5.0,-6.37,-4.53,-4.11,4.24,5.55,5.86,-1.39,-1.53,-1.56,-8.0,-3.61,True,-5.0,-4.38,True,2023Q1
VRE,2023-04-13,CONTROL_RSI,6.7,6.7,,32.8,1.24,27.67,-7.66,1.23,-5.0,-2.6,-0.33,0.23,-2.6,-1.97,-1.81,-1.92,-10.07,-12.05,-1.92,-12.05,False,-5.0,-1.92,True,2023Q2
VRE,2023-05-31,CONTROL_RSI,27.4,27.4,,27.9,1.21,26.17,-2.37,18.11,-5.0,-0.73,-3.05,-3.55,-0.34,-4.91,-5.87,7.22,-3.29,-5.51,7.22,-5.51,False,7.22,-5.51,False,2023Q2
VRE,2023-09-19,CONTROL_RSI,8.6,8.6,,32.5,1.15,26.66,-21.76,2.51,-5.0,-5.44,-0.59,0.15,-4.01,5.0,6.36,-16.69,-8.57,-7.34,-8.0,-2.28,True,-5.0,2.09,True,2023Q3
VRE,2023-11-02,CONTROL_RSI,37.7,37.7,,26.7,1.07,22.7,-6.39,5.29,-10.59,1.89,0.01,-0.12,-3.0,-4.92,-5.06,-0.88,-9.61,-10.24,-0.88,-10.24,False,-0.88,-10.24,False,2023Q4
VRE,2023-11-30,CONTROL_RSI,13.7,13.7,,30.5,1.08,21.88,-4.66,23.17,-5.0,3.06,0.76,0.58,2.83,0.04,-0.18,19.2,4.44,3.28,19.2,3.28,False,19.2,3.28,False,2023Q4
VRE,2024-02-05,CONTROL_RSI,16.0,16.0,,33.3,1.06,21.1,-3.65,31.61,-5.0,16.73,13.28,13.07,15.36,10.65,10.37,1.85,-2.45,-2.71,1.85,-2.71,False,1.85,-2.71,False,2024Q1
VRE,2024-04-05,CONTROL_RSI,30.0,30.0,,22.4,1.09,23.95,-19.96,0.21,-5.0,-9.27,-6.18,-5.89,-9.27,-8.42,-8.34,-16.12,-18.32,-18.53,-8.0,-4.62,True,-5.0,-1.62,True,2024Q2
VRE,2024-05-24,CONTROL_RSI,8.6,8.6,,34.4,1.25,21.54,-25.12,2.23,-5.0,0.0,-1.31,-1.63,-10.54,-9.8,-9.62,-17.97,-17.82,-17.78,-8.0,-9.86,True,-5.0,-6.12,True,2024Q2
VRE,2024-06-21,CONTROL_RSI,35.5,35.5,,16.2,1.22,19.22,-16.08,10.56,-5.0,9.78,11.86,12.32,0.73,2.8,3.26,-3.75,-2.47,-2.19,-8.0,-2.83,True,-5.25,-1.81,True,2024Q2
VRE,2024-07-19,CONTROL_RSI,30.0,30.0,,23.3,1.17,19.22,-16.08,3.75,-5.0,-4.79,-3.61,-3.42,-8.06,-8.08,-8.08,-6.04,-7.47,-7.71,-8.0,-4.81,True,-5.25,-3.74,True,2024Q3
VRE,2024-10-07,CONTROL_RSI,8.2,8.2,,32.3,1.11,17.67,-7.64,7.13,-5.0,2.77,2.06,1.98,-3.0,-0.94,-0.71,-6.28,-5.87,-5.83,-6.28,-5.83,False,-5.0,-2.25,True,2024Q4
VRE,2024-11-04,CONTROL_RSI,29.7,29.7,,25.1,1.02,17.0,-8.53,5.94,-5.0,2.24,2.24,2.24,0.53,0.13,0.12,-4.29,-6.28,-6.33,-8.0,-6.7,True,-5.0,-3.82,True,2024Q4
VRE,2024-12-04,CONTROL_RSI,18.9,18.9,,30.1,1.0,16.8,-7.44,6.37,-5.0,-0.54,-2.59,-2.6,-1.13,-2.16,-2.16,4.64,-2.14,-2.16,4.64,-2.16,False,-5.0,-4.5,True,2024Q4
VRE,2025-01-14,CONTROL_RSI,30.9,30.9,,24.4,1.09,15.65,-0.64,30.22,-5.0,0.58,-0.17,-0.24,6.13,1.65,1.27,25.88,27.18,27.29,25.88,27.29,False,25.88,27.29,False,2025Q1
VRE,2025-06-17,CONTROL_RSI,2.1,2.1,,34.7,0.9,23.71,-3.04,29.31,-5.0,0.42,-0.81,-0.69,17.33,8.05,8.96,25.26,1.78,4.08,25.26,4.08,False,25.26,4.08,False,2025Q2
VRE,2025-09-17,CONTROL_RSI,6.3,6.3,,32.9,0.89,29.02,-7.31,50.41,-5.0,-2.17,-1.59,-1.65,44.45,39.02,39.6,-1.83,-3.2,-3.05,-1.83,-3.05,False,-5.0,-2.79,True,2025Q3
VRE,2025-11-12,CONTROL_RSI,23.2,23.2,,32.0,1.3,31.58,-17.13,20.8,-12.0,-2.12,-3.55,-3.98,-9.78,-13.84,-15.07,-13.74,-21.23,-23.48,-8.0,-14.88,True,-12.0,-13.14,True,2025Q4
VRE,2025-12-15,CONTROL_RSI,30.0,30.0,,29.1,1.37,28.2,-19.5,35.28,-8.45,17.3,9.73,6.9,7.7,-5.5,-10.44,-10.78,-13.92,-15.09,-8.0,-21.82,True,-8.45,-22.28,True,2025Q4
VRE,2026-01-26,CONTROL_RSI,33.8,33.8,,24.0,1.43,29.94,-24.18,5.81,-6.65,-8.38,-6.73,-6.01,-15.0,-13.33,-12.6,4.21,3.66,3.42,-8.0,-5.09,True,-6.65,-3.73,True,2026Q1
VRE,2026-03-11,CONTROL_RSI,25.3,25.3,,33.9,1.53,23.95,-1.21,51.23,-7.88,5.05,6.07,6.61,11.32,10.15,9.53,17.33,12.88,10.52,17.33,10.52,False,17.33,10.52,False,2026Q1
VRE,2026-05-26,CONTROL_RSI,4.7,4.7,,34.9,1.35,31.39,-33.42,0.92,-6.34,-7.55,-3.8,-2.48,-6.79,-6.16,-5.94,-23.22,-14.59,-11.55,-8.0,-2.93,True,-6.34,-1.27,True,2026Q2
VRE,2026-07-10,CONTROL_RSI,32.4,32.4,,20.6,1.34,26.4,-20.83,5.87,-5.0,-11.93,-7.23,-5.66,-3.22,-0.34,0.63,,,,-8.0,-1.72,True,-5.0,-1.54,True,2026Q3
VRE,2026-09-24,CONTROL_RSI,21.9,21.9,,28.4,1.51,24.1,-4.36,2.9,-5.0,-2.07,-0.06,0.96,,,,,,,-1.24,-0.03,False,-1.24,-0.03,False,2026Q3
VRE,2019-01-15,CONTROL_RANDOM,,,,58.1,1.19,29.08,-11.14,28.89,-12.0,-6.12,-5.76,-5.69,3.54,-2.96,-4.22,9.35,3.76,2.68,-8.0,-7.57,True,9.35,2.68,False,2019Q1
VRE,2019-01-30,CONTROL_RANDOM,,,,48.5,1.2,27.67,-6.61,35.45,-5.0,6.79,3.22,2.52,18.65,10.54,8.95,19.01,15.56,14.88,19.01,14.88,False,19.01,14.88,False,2019Q1
VRE,2019-02-15,CONTROL_RANDOM,,,,69.3,1.2,28.99,0.0,29.29,-12.0,9.69,5.55,4.73,22.97,17.0,15.82,19.94,17.67,17.22,19.94,17.22,False,19.94,17.22,False,2019Q1
VRE,2019-05-23,CONTROL_RANDOM,,,,52.4,1.44,34.04,-5.38,7.67,-5.14,-1.26,0.43,1.18,-2.67,-0.91,-0.13,-0.26,-0.63,-0.79,-0.26,-0.79,False,-5.14,-0.35,True,2019Q2
VRE,2019-10-03,CONTROL_RANDOM,,,,25.1,1.22,31.0,-2.81,11.68,-5.0,0.77,0.96,1.0,9.19,6.99,6.5,4.06,7.1,7.78,4.06,7.78,False,4.06,7.78,False,2019Q4
VRE,2019-10-16,CONTROL_RANDOM,,,,40.0,1.2,30.71,-0.78,12.73,-5.0,2.83,2.98,3.01,10.06,8.33,7.97,6.77,9.44,9.98,6.77,9.98,False,6.77,9.98,False,2019Q4
VRE,2020-01-13,CONTROL_RANDOM,,,,56.2,1.29,32.69,-50.08,0.46,-5.0,-3.67,-5.75,-6.36,-9.73,-5.76,-4.6,-22.88,-3.32,2.41,-8.0,-7.11,True,-5.0,-6.66,True,2020Q1
VRE,2020-01-22,CONTROL_RANDOM,,,,36.9,1.21,30.91,-47.2,0.78,-5.0,-3.3,0.45,1.23,-9.38,-1.52,0.1,-25.01,-4.65,-0.47,-12.52,-6.71,True,-12.52,-6.71,True,2020Q1
VRE,2020-04-27,CONTROL_RANDOM,,,,57.1,1.23,22.7,-5.11,22.95,-5.84,5.51,2.5,1.81,14.45,3.06,0.42,20.4,9.61,7.11,20.4,7.11,False,20.4,7.11,False,2020Q2
VRE,2020-05-18,CONTROL_RANDOM,,,,54.4,1.21,24.14,-1.57,15.62,-7.6,6.01,4.01,3.6,7.04,6.57,6.48,5.22,6.28,6.5,5.22,6.5,False,5.22,6.5,False,2020Q2
VRE,2020-05-28,CONTROL_RANDOM,,,,60.2,1.23,25.98,-7.81,7.43,-12.0,5.77,2.92,2.26,-2.62,-1.5,-1.25,-1.5,-0.71,-0.53,-1.5,-0.53,False,-1.5,-0.53,False,2020Q2
VRE,2020-10-08,CONTROL_RANDOM,,,,39.3,1.2,26.7,-9.4,17.38,-5.23,-0.52,-3.11,-3.63,-7.42,-9.46,-9.87,14.49,-7.36,-11.75,-8.0,-7.95,True,-5.23,-5.43,True,2020Q4
VRE,2021-03-04,CONTROL_RANDOM,,,,58.2,1.09,33.03,-15.77,7.6,-5.59,1.3,-0.19,-0.33,-1.03,-6.21,-6.68,-11.99,-27.16,-28.54,-8.0,-7.81,True,-5.59,-5.41,True,2021Q1
VRE,2021-04-09,CONTROL_RANDOM,,,,52.9,1.09,33.8,-17.69,5.15,-9.3,-2.99,-4.91,-5.09,-11.72,-13.75,-13.94,-14.56,-25.71,-26.73,-8.0,-6.14,True,-9.3,-7.45,True,2021Q2
VRE,2021-05-13,CONTROL_RANDOM,,,,31.8,1.12,30.04,-19.31,8.36,-5.0,-2.43,-3.81,-3.97,1.26,-5.47,-6.26,-10.15,-16.08,-16.77,-8.0,-15.12,True,-5.0,-4.65,True,2021Q2
VRE,2022-02-24,CONTROL_RANDOM,,,,44.5,1.41,33.22,-27.03,0.72,-6.62,-1.87,-2.57,-2.85,-4.94,-5.18,-5.28,-14.39,0.76,6.91,-8.0,-6.01,True,-6.62,-4.63,True,2022Q1
VRE,2022-03-03,CONTROL_RANDOM,,,,37.2,1.39,31.53,-23.12,6.12,-5.0,-2.44,0.11,1.1,4.31,3.55,3.26,-7.96,5.69,10.99,-8.0,4.43,True,-5.0,0.42,True,2022Q1
VRE,2022-03-23,CONTROL_RANDOM,,,,51.3,1.36,31.73,-23.61,5.45,-6.93,1.83,2.61,2.89,-5.96,2.33,5.35,-14.78,7.26,15.27,-8.0,4.12,True,-6.93,3.88,True,2022Q1
VRE,2022-08-23,CONTROL_RANDOM,,,,46.7,1.1,27.91,-25.94,3.3,-5.0,-4.16,-4.54,-4.58,-1.36,4.31,4.89,-4.48,19.53,22.0,-8.31,3.1,True,-5.0,-5.16,True,2022Q3
VRE,2022-09-23,CONTROL_RANDOM,,,,58.1,1.09,26.95,-23.3,13.43,-5.0,-6.46,1.97,2.71,-19.89,-3.01,-1.53,-2.15,10.32,11.41,-8.0,1.92,True,-5.05,-1.12,True,2022Q3
VRE,2023-03-23,CONTROL_RANDOM,,,,74.4,1.22,28.25,-9.56,6.83,-9.72,1.03,-0.65,-1.03,-4.6,-4.2,-4.11,-8.39,-15.2,-16.74,-8.0,-7.26,True,-8.39,-16.74,False,2023Q1
VRE,2023-05-05,CONTROL_RANDOM,,,,31.7,1.21,26.51,-3.62,8.94,-5.0,3.47,1.34,0.88,-1.28,-6.49,-7.6,8.03,-9.16,-12.81,8.03,-12.81,False,8.03,-12.81,False,2023Q2
VRE,2023-05-10,CONTROL_RANDOM,,,,44.1,1.25,27.04,-5.51,8.21,-5.19,0.37,-0.34,-0.52,-3.92,-7.74,-8.69,1.44,-12.72,-16.22,1.44,-16.22,False,-5.19,-11.69,True,2023Q2
VRE,2023-08-11,CONTROL_RANDOM,,,,65.2,0.98,29.55,-29.41,4.6,-8.82,-3.59,1.05,0.96,-5.21,-5.31,-5.31,-22.54,-12.54,-12.73,-8.0,-3.51,True,-8.82,-6.81,True,2023Q3
VRE,2023-08-17,CONTROL_RANDOM,,,,60.0,0.89,29.17,-28.49,1.82,-7.25,-4.97,-1.41,-1.82,-8.6,-7.34,-7.48,-20.53,-10.98,-12.06,-8.0,-6.9,True,-7.25,-6.15,True,2023Q3
VRE,2023-10-16,CONTROL_RANDOM,,,,57.6,1.12,25.74,-18.96,3.57,-5.0,-0.19,3.25,3.68,-9.95,-6.84,-6.45,-12.59,-14.0,-14.18,-8.0,0.32,True,-5.0,3.82,True,2023Q4
VRE,2023-12-29,CONTROL_RANDOM,,,,43.4,1.09,22.7,-8.11,22.33,-5.0,-0.66,-2.61,-2.79,-0.44,-4.25,-4.6,8.72,-4.53,-5.76,-8.0,-13.01,True,-5.0,-8.48,True,2023Q4
VRE,2024-06-19,CONTROL_RANDOM,,,,36.2,1.22,19.9,-18.94,6.78,-5.0,-1.01,0.77,1.16,-2.21,-1.64,-1.51,-8.29,-4.97,-4.24,-8.0,-4.64,True,-5.0,-1.22,True,2024Q2
VRE,2024-08-21,CONTROL_RANDOM,,,,56.8,1.04,18.25,-7.12,9.26,-10.23,1.86,2.32,2.34,0.55,2.01,2.07,-4.22,1.24,1.45,-4.22,1.45,False,-4.22,1.45,False,2024Q3
VRE,2024-09-16,CONTROL_RANDOM,,,,42.7,1.09,18.35,-9.48,3.92,-5.0,0.27,-2.71,-2.98,-1.04,-4.35,-4.65,-7.63,-10.22,-10.45,-8.0,-8.04,True,-5.0,-6.64,True,2024Q3
VRE,2024-10-01,CONTROL_RANDOM,,,,54.4,1.1,18.59,-12.21,1.83,-5.0,-3.87,-3.27,-3.21,-5.43,-3.03,-2.78,-10.11,-8.9,-8.78,-8.0,-5.03,True,-5.0,-3.37,True,2024Q4
VRE,2024-11-14,CONTROL_RANDOM,,,,47.9,1.02,17.53,-11.29,1.94,-5.0,-0.29,-0.18,-0.18,-4.39,-7.09,-7.16,-9.36,-12.88,-12.97,-8.0,-8.09,True,-5.0,-5.92,True,2024Q4
VRE,2024-12-09,CONTROL_RANDOM,,,,45.5,1.03,17.09,-9.01,4.56,-5.0,-3.1,-2.11,-2.09,-4.21,-2.39,-2.34,3.39,-1.32,-1.45,-8.0,-4.36,True,-5.0,-2.8,True,2024Q4
VRE,2025-02-17,CONTROL_RANDOM,,,,47.1,1.07,15.94,-0.31,55.08,-5.0,4.52,2.23,2.06,11.79,7.33,7.0,49.94,48.19,48.06,49.94,48.06,False,49.94,48.06,False,2025Q1
VRE,2025-03-28,CONTROL_RANDOM,,,,70.3,1.04,18.64,-14.48,43.51,-7.55,-9.33,4.42,4.96,22.53,29.17,29.43,28.49,24.08,23.9,-9.6,-1.47,True,-9.6,-1.47,True,2025Q1
VRE,2025-04-16,CONTROL_RANDOM,,,,53.0,0.91,19.56,-4.7,43.66,-12.0,12.58,10.77,10.93,27.4,17.96,18.81,39.01,17.45,19.4,39.01,19.4,False,39.01,19.4,False,2025Q2
VRE,2025-05-28,CONTROL_RANDOM,,,,64.2,0.91,25.88,-11.17,17.19,-12.0,0.77,1.11,1.08,-8.58,-9.99,-9.87,13.45,-11.9,-9.7,-8.0,-5.88,True,13.45,-9.7,False,2025Q2
VRE,2025-08-26,CONTROL_RANDOM,,,,62.0,0.91,30.18,-10.87,44.63,-10.25,-3.05,-2.36,-2.42,-5.93,-4.87,-4.96,3.05,4.45,4.33,-8.0,-5.61,True,-10.25,-9.11,True,2025Q3
VRE,2025-10-15,CONTROL_RANDOM,,,,85.7,1.06,40.76,-34.96,3.19,-12.0,-6.65,-2.26,-1.98,-24.29,-16.75,-16.26,-22.74,-29.14,-29.55,-8.0,-0.27,True,-12.0,-5.9,True,2025Q4
VRE,2026-01-26,CONTROL_RANDOM,,,,24.0,1.43,29.94,-24.18,5.81,-6.65,-8.38,-6.73,-6.01,-15.0,-13.33,-12.6,4.21,3.66,3.42,-8.0,-5.09,True,-6.65,-3.73,True,2026Q1
VNM,2020-01-31,WATCH,47.2,47.2,0.0,27.9,1.12,59.98,-17.54,8.87,-5.0,7.4,5.86,5.67,2.97,6.48,6.9,-0.98,15.31,17.3,-8.37,14.96,True,-5.42,4.26,True,2020Q1
VNM,2020-02-03,PANIC70_ANY,74.4,74.4,0.0,23.4,1.13,64.95,-23.85,0.54,-9.28,-2.46,-3.03,-3.1,-4.19,-0.01,0.52,-9.92,7.33,9.52,-9.01,2.38,True,-9.28,2.11,True,2020Q1
VNM,2020-03-09,WATCH,49.1,49.1,20.0,32.3,1.06,56.73,-12.82,24.17,-5.0,0.0,8.36,8.85,3.14,11.22,11.69,24.17,15.27,14.76,-8.0,11.14,True,-5.0,6.43,True,2020Q1
VNM,2020-07-27,WATCH,68.4,68.4,0.0,17.9,0.92,62.26,0.0,31.99,-5.0,7.02,1.83,2.22,12.8,1.69,2.53,24.73,5.37,6.83,24.73,6.83,False,24.73,6.83,False,2020Q3
VNM,2021-01-28,PANIC70_ANY,76.7,76.7,0.0,24.6,0.85,70.71,-4.7,14.58,-5.0,14.17,1.29,3.24,7.28,-9.78,-7.2,-4.17,-30.03,-26.12,-4.17,-26.12,False,-4.17,-26.12,False,2021Q1
VNM,2021-01-29,WATCH,44.9,44.9,35.0,30.8,0.9,75.86,-13.01,6.8,-8.44,2.24,-0.27,-0.02,-0.76,-11.33,-10.28,-13.01,-31.37,-29.54,-8.0,-22.74,True,-8.44,-23.17,True,2021Q1
VNM,2021-05-06,WATCH,41.2,41.2,0.0,24.8,0.9,65.55,-4.44,6.48,-5.0,0.56,-1.11,-0.95,0.56,-9.76,-8.74,-2.04,-7.23,-6.72,-2.04,-6.72,False,-2.04,-6.72,False,2021Q2
VNM,2022-05-12,WATCH,46.6,46.6,0.0,23.1,0.67,51.67,-3.72,15.37,-5.0,1.65,1.19,1.34,3.74,-0.24,1.09,12.12,10.68,11.16,12.12,11.16,False,12.12,11.16,False,2022Q2
VNM,2023-05-04,WATCH,43.8,43.8,0.0,25.0,0.57,55.72,-4.5,13.28,-5.0,1.47,-1.1,0.0,-3.93,-8.81,-6.71,12.83,-3.28,3.65,12.83,3.65,False,12.83,3.65,False,2023Q2
VNM,2023-06-08,WATCH,45.1,45.1,0.0,23.7,0.66,53.29,-0.15,26.8,-5.0,0.75,-0.35,0.03,8.07,4.9,5.99,26.16,14.2,18.32,26.16,18.32,False,26.16,18.32,False,2023Q2
VNM,2023-10-26,WATCH,55.1,55.1,0.0,23.1,0.73,56.49,-1.49,7.12,-5.0,4.0,2.36,2.8,1.49,-1.93,-1.02,2.23,-9.42,-6.31,2.23,-6.31,False,2.23,-6.31,False,2023Q4
VNM,2025-04-03,WATCH,59.8,59.8,0.0,17.4,0.86,48.24,-4.81,12.54,-5.0,5.37,-1.71,-0.76,6.28,-3.25,-1.96,10.24,-8.96,-6.37,10.24,-6.37,False,10.24,-6.37,False,2025Q2
VNM,2025-04-08,PANIC70_ANY,90.8,90.8,0.0,19.7,0.88,45.92,0.0,18.23,-5.0,8.93,-3.8,-2.29,14.0,-5.52,-3.21,16.62,-13.98,-10.35,16.62,-10.35,False,16.62,-10.35,False,2025Q2
VNM,2026-03-03,WATCH,46.2,46.2,0.0,26.6,0.69,61.39,-8.36,2.83,-5.0,-0.64,3.53,2.25,-3.31,2.27,0.55,-6.78,-9.05,-8.35,-8.0,-2.22,True,-6.94,-1.16,True,2026Q1
VNM,2026-05-13,WATCH,40.5,40.5,0.0,24.9,0.67,57.42,-4.91,6.93,-5.0,-0.51,-0.51,-0.51,-0.17,5.0,3.29,2.75,9.71,7.41,2.75,7.41,False,2.75,7.41,False,2026Q2
VNM,2026-06-30,WATCH,48.5,48.5,0.0,25.5,0.66,55.0,-0.73,17.09,-5.0,1.27,1.61,1.49,9.09,17.44,14.6,9.64,13.9,12.45,9.64,12.45,False,9.64,12.45,False,2026Q2
VNM,2020-02-17,ENTRY_V2_LOOSE,42.7,75.3,55.0,24.3,1.07,63.71,-22.37,6.67,-5.76,0.17,2.83,3.02,-10.96,9.24,10.72,2.78,14.28,15.12,-8.0,3.37,True,-7.24,4.14,True,2020Q1
VNM,2021-02-03,ENTRY_V2_LOOSE,,76.7,40.0,45.5,0.9,80.8,-21.51,0.27,-12.0,-0.64,-6.16,-5.6,-6.29,-12.47,-11.84,-16.87,-29.72,-28.42,-8.0,-11.96,True,-12.0,-22.15,True,2021Q1
VNM,2021-02-05,ENTRY_V2,,76.7,60.0,45.1,0.9,80.65,-21.36,0.1,-12.0,-1.82,-6.08,-5.64,-6.66,-11.76,-11.24,-17.35,-29.32,-28.09,-8.0,-10.78,True,-12.0,-22.63,True,2021Q1
VNM,2025-04-22,ENTRY_V2_LOOSE,15.0,90.8,40.0,38.7,0.92,50.74,-1.06,11.57,-11.68,0.18,-1.83,-1.67,1.54,-8.08,-7.31,9.38,-12.78,-11.01,9.38,-11.01,False,9.38,-11.01,False,2025Q2
VNM,2019-01-02,CONTROL_RSI,10.6,10.6,,31.5,0.83,70.63,-2.42,23.06,-5.0,6.22,5.26,5.42,8.86,6.52,6.92,11.28,0.37,2.26,11.28,2.26,False,11.28,2.26,False,2019Q1
VNM,2019-03-13,CONTROL_RSI,11.7,11.7,,31.2,0.92,79.17,-8.93,0.66,-5.0,-2.16,0.28,0.08,-2.44,-0.41,-0.57,-8.85,-3.67,-4.09,-8.0,-4.5,True,-5.75,-2.05,True,2019Q1
VNM,2019-04-22,CONTROL_RSI,35.1,35.1,,16.3,0.96,72.96,-4.03,7.43,-5.0,2.28,1.31,1.35,1.88,1.34,1.36,0.25,-1.57,-1.5,0.25,-1.5,False,0.25,-1.5,False,2019Q2
VNM,2019-06-03,CONTROL_RSI,6.6,6.6,,32.9,1.06,73.19,-7.64,1.74,-5.0,-1.18,-2.91,-3.02,-1.49,-3.22,-3.32,-6.3,-9.59,-9.79,-6.3,-9.79,False,-5.0,-7.13,True,2019Q2
VNM,2019-08-06,CONTROL_RSI,18.6,18.6,,28.8,0.93,69.28,-2.42,14.61,-5.0,-1.26,-1.43,-1.42,1.49,0.49,0.56,9.95,6.67,6.9,9.95,6.9,False,9.95,6.9,False,2019Q3
VNM,2019-11-13,CONTROL_RSI,13.9,13.9,,30.8,0.78,73.83,-19.15,0.31,-5.0,-3.17,-0.61,-1.16,-5.4,-0.9,-1.87,-14.67,-7.13,-8.77,-8.0,-2.03,True,-5.0,-0.79,True,2019Q4
VNM,2019-12-13,CONTROL_RSI,1.8,1.8,,34.4,0.93,69.43,-19.14,3.76,-5.0,-0.42,0.26,0.22,0.27,0.17,0.18,-18.29,4.51,2.92,-13.61,-9.96,True,-5.0,-2.17,True,2019Q4
VNM,2020-02-10,CONTROL_RSI,19.4,19.4,,33.2,1.07,64.42,-23.22,0.36,-8.96,-3.21,-2.91,-2.89,-6.71,3.31,4.02,-3.68,8.89,9.78,-8.26,2.7,True,-8.96,2.0,True,2020Q1
VNM,2020-03-17,CONTROL_RSI,39.3,39.3,,31.9,0.9,56.85,-13.0,30.98,-5.0,-4.36,3.28,2.55,3.22,-1.24,-0.81,16.43,5.05,6.13,-8.0,1.78,True,-7.48,-2.92,True,2020Q1
VNM,2020-06-29,CONTROL_RSI,22.6,22.6,,27.5,0.92,67.65,-8.5,15.23,-5.0,2.66,-0.53,-0.29,-2.73,0.06,-0.16,14.34,5.28,5.97,-8.0,-2.31,True,-5.22,0.47,True,2020Q2
VNM,2020-07-29,CONTROL_RSI,24.8,24.8,,33.0,0.95,64.66,-1.39,27.1,-5.53,6.29,0.79,1.08,8.52,-1.34,-0.82,24.16,3.43,4.51,24.16,4.51,False,24.16,4.51,False,2020Q3
VNM,2020-10-20,CONTROL_RSI,7.7,7.7,,32.4,1.03,77.73,-1.31,11.05,-5.0,0.85,3.61,3.68,2.71,-0.07,-0.14,7.17,-18.2,-18.87,7.17,-18.87,False,7.17,-18.87,False,2020Q4
VNM,2020-12-30,CONTROL_RSI,1.9,1.9,,34.4,0.95,79.55,-11.11,8.51,-5.0,3.7,-2.63,-2.29,-4.81,-1.02,-1.22,-4.92,-16.41,-15.8,-8.0,-1.59,True,-5.0,-4.91,True,2020Q4
VNM,2021-03-02,CONTROL_RSI,1.5,1.5,,34.8,0.89,77.19,-17.84,0.67,-5.0,-3.54,-2.3,-2.44,-6.1,-6.67,-6.6,-13.64,-25.74,-24.37,-8.0,-12.04,True,-5.0,-3.28,True,2021Q1
VNM,2021-03-31,CONTROL_RSI,9.9,9.9,,31.7,0.9,72.55,-12.58,6.09,-5.0,1.42,-1.95,-1.63,-7.0,-10.99,-10.61,-6.46,-24.5,-22.79,-8.0,-12.24,True,-5.0,-7.65,True,2021Q1
VNM,2021-04-29,CONTROL_RSI,16.4,16.4,,30.3,0.9,68.43,-8.46,2.0,-5.0,-1.84,-4.62,-4.33,-3.23,-12.7,-11.72,-4.65,-9.14,-8.67,-8.0,-13.45,True,-5.0,-6.45,True,2021Q2
VNM,2021-07-06,CONTROL_RSI,8.0,8.0,,32.3,0.89,64.88,-3.45,8.05,-5.0,-2.3,3.23,2.64,0.11,1.59,1.43,4.99,6.46,6.31,4.99,6.31,False,4.99,6.31,False,2021Q3
VNM,2021-08-31,CONTROL_RSI,18.0,18.0,,29.0,0.69,65.18,-1.07,7.55,-5.0,0.68,-0.36,-0.04,4.51,4.25,4.33,2.78,-9.36,-5.57,2.78,-5.57,False,2.78,-5.57,False,2021Q3
VNM,2021-11-18,CONTROL_RSI,3.9,3.9,,33.7,0.59,66.76,-8.61,0.9,-5.0,0.34,-1.23,-0.59,-2.62,-3.3,-3.02,-6.43,-9.22,-8.08,-8.0,-8.39,True,-5.0,-3.78,True,2021Q4
VNM,2021-12-29,CONTROL_RSI,5.0,5.0,,33.3,0.64,64.71,-12.52,2.58,-5.0,-0.12,-2.64,-1.72,-0.96,-0.15,-0.45,-2.63,-4.34,-3.71,-8.0,-8.35,True,-5.0,-4.51,True,2021Q4
VNM,2022-02-23,CONTROL_RSI,18.5,18.5,,28.8,0.59,61.7,-18.49,3.37,-5.0,-1.99,-1.75,-1.85,-5.49,-4.8,-5.09,-13.87,4.38,-3.19,-8.0,-7.01,True,-5.0,-3.64,True,2022Q1
VNM,2022-04-21,CONTROL_RSI,30.8,30.8,,22.4,0.62,58.38,-14.78,2.11,-5.0,-1.97,-1.14,-1.45,-8.98,1.54,-2.43,-0.5,14.01,8.54,-8.0,-5.79,True,-5.0,-3.33,True,2022Q2
VNM,2022-05-23,CONTROL_RSI,24.9,24.9,,28.2,0.7,51.44,-3.29,15.88,-5.0,7.5,1.45,3.25,10.5,14.3,13.17,11.39,6.81,8.18,11.39,8.18,False,11.39,8.18,False,2022Q2
VNM,2022-09-26,CONTROL_RSI,4.0,4.0,,34.7,0.78,59.45,-10.73,14.9,-5.0,-4.83,3.61,1.74,2.02,17.29,13.9,5.63,18.75,15.84,-8.0,1.36,True,-5.0,1.57,True,2022Q3
VNM,2022-12-15,CONTROL_RSI,9.9,9.9,,31.7,0.63,62.0,-3.05,7.31,-5.0,-0.16,2.54,1.54,4.03,2.31,2.95,-2.66,-0.23,-1.13,-2.66,-1.13,False,-2.66,-1.13,False,2022Q4
VNM,2023-02-01,CONTROL_RSI,1.9,1.9,,34.4,0.61,62.87,-10.21,0.25,-5.0,-3.1,-1.65,-2.21,-1.16,2.74,1.23,-10.21,-6.5,-7.93,-8.0,-5.91,True,-5.0,-4.13,True,2023Q1
VNM,2023-03-21,CONTROL_RSI,5.0,5.0,,33.3,0.61,60.6,-12.19,1.2,-5.0,0.4,-1.58,-0.8,-3.48,-4.75,-4.25,-11.8,-18.51,-15.87,-8.0,-8.28,True,-5.0,-5.41,True,2023Q1
VNM,2023-04-18,CONTROL_RSI,1.4,1.4,,34.5,0.58,59.38,-10.39,0.96,-5.0,-2.88,-1.27,-1.94,-6.7,-7.91,-7.41,-1.09,-11.99,-7.46,-8.0,-8.44,True,-5.0,-4.05,True,2023Q2
VNM,2023-05-23,CONTROL_RSI,15.0,15.0,,33.3,0.64,54.5,-2.37,16.84,-5.0,-1.49,-2.05,-1.85,-1.17,-5.79,-4.12,12.57,-3.72,2.16,12.57,2.16,False,12.57,2.16,False,2023Q2
VNM,2023-09-25,CONTROL_RSI,16.7,16.7,,29.5,0.68,65.13,-15.08,0.52,-5.0,-4.64,-1.78,-2.69,-9.41,-5.5,-6.74,-13.66,-8.92,-10.43,-8.0,-4.26,True,-5.16,-3.84,True,2023Q3
VNM,2023-10-24,CONTROL_RSI,1.4,1.4,,34.5,0.73,59.0,-6.25,2.56,-5.0,0.15,6.19,4.56,-1.27,-1.94,-1.76,-3.41,-9.07,-7.55,-3.41,-7.55,False,-5.0,-1.97,True,2023Q4
VNM,2023-11-24,CONTROL_RSI,3.6,3.6,,33.8,0.71,57.33,-2.93,7.22,-5.0,0.73,-1.54,-0.89,-0.59,-2.61,-2.03,6.19,-6.76,-3.06,6.19,-3.06,False,6.19,-3.06,False,2023Q4
VNM,2024-01-25,CONTROL_RSI,3.6,3.6,,33.8,0.71,56.65,-4.75,9.71,-5.0,0.6,0.68,0.65,6.73,-0.51,1.61,-1.11,-4.77,-3.7,-1.11,-3.7,False,-1.11,-3.7,False,2024Q1
VNM,2024-03-18,CONTROL_RSI,11.0,11.0,,32.6,0.77,58.67,-8.03,1.02,-5.0,-1.16,-4.02,-3.37,-6.56,-4.09,-4.65,-3.65,-5.91,-5.39,-8.0,-6.09,True,-5.0,-3.15,True,2024Q1
VNM,2024-04-15,CONTROL_RSI,18.6,18.6,,28.8,0.75,55.59,-2.93,6.62,-5.0,-1.39,-0.32,-0.58,2.3,-2.53,-1.33,2.0,-3.02,-1.77,2.0,-1.77,False,2.0,-1.77,False,2024Q2
VNM,2024-06-25,CONTROL_RSI,23.2,23.2,,27.3,0.73,56.36,-1.06,15.81,-5.0,0.6,-0.82,-0.44,-0.3,1.33,0.89,10.49,9.45,9.72,10.49,9.72,False,10.49,9.72,False,2024Q2
VNM,2024-07-25,CONTROL_RSI,14.6,14.6,,30.1,0.69,56.02,0.0,16.51,-5.0,9.32,9.21,9.24,14.51,10.46,11.72,6.48,3.67,4.55,6.48,4.55,False,6.48,4.55,False,2024Q3
VNM,2024-09-16,CONTROL_RSI,10.0,10.0,,31.7,0.75,61.67,-9.6,2.77,-5.0,1.04,-1.95,-1.2,-3.99,-7.3,-6.47,-8.16,-10.74,-10.1,-8.0,-6.7,True,-5.0,-6.48,True,2024Q3
VNM,2024-10-14,CONTROL_RSI,9.6,9.6,,31.8,0.82,59.56,-8.21,2.69,-5.0,0.15,1.54,1.29,-3.43,-0.09,-0.7,-7.45,-4.6,-5.12,-8.0,-5.67,True,-5.0,-0.61,True,2024Q4
VNM,2024-11-11,CONTROL_RSI,16.7,16.7,,29.4,0.79,57.79,-7.25,0.76,-5.0,-3.37,0.35,-0.43,-1.99,-3.61,-3.27,-5.71,-6.92,-6.66,-5.71,-6.66,False,-5.0,-4.95,True,2024Q4
VNM,2025-01-06,CONTROL_RSI,18.3,18.3,,28.9,0.8,55.92,-17.88,2.24,-5.0,-1.59,0.02,-0.3,-3.52,-5.06,-4.76,-16.93,-4.54,-6.99,-8.0,-6.76,True,-5.0,-3.76,True,2025Q1
VNM,2025-03-14,CONTROL_RSI,3.1,3.1,,34.0,0.71,55.74,-17.62,1.6,-5.0,-1.6,-1.57,-1.58,-9.78,-2.05,-4.3,-7.91,-6.77,-7.11,-8.0,-2.63,True,-5.0,0.37,True,2025Q1
VNM,2025-05-30,CONTROL_RSI,14.0,14.0,,30.3,0.9,50.78,-0.73,16.94,-5.0,0.73,2.24,2.1,5.65,2.24,2.57,6.91,-14.38,-12.33,6.91,-12.33,False,6.91,-12.33,False,2025Q2
VNM,2025-08-13,CONTROL_RSI,6.4,6.4,,33.7,0.86,56.7,-6.07,7.99,-5.0,-1.96,-5.95,-5.37,2.93,-0.87,-0.32,-2.66,-0.04,-0.42,-2.66,-0.42,False,-5.0,-5.7,True,2025Q3
VNM,2025-10-07,CONTROL_RSI,3.2,3.2,,33.9,0.64,57.62,-7.57,10.74,-5.0,2.08,-1.26,-0.05,-2.53,0.18,-0.8,2.85,-2.06,-0.29,2.85,-0.29,False,-5.0,-2.57,True,2025Q4
VNM,2026-01-07,CONTROL_RSI,14.7,14.7,,30.1,0.71,59.16,-4.9,23.58,-5.0,16.21,17.06,16.81,13.1,18.32,16.79,1.15,8.81,6.56,1.15,6.56,False,1.15,6.56,False,2026Q1
VNM,2026-03-02,CONTROL_RSI,6.0,6.0,,34.0,0.67,64.49,-12.76,1.05,-5.0,-6.76,2.81,-0.35,-9.16,0.53,-2.67,-11.12,-11.61,-11.45,-11.41,-4.13,True,-5.0,-3.35,True,2026Q1
VNM,2026-04-29,CONTROL_RSI,1.4,1.4,,34.5,0.67,59.16,-7.71,1.59,-5.0,-0.81,-2.14,-1.7,-3.26,-1.87,-2.33,-2.13,8.65,5.07,-2.13,5.07,False,-5.0,-2.14,True,2026Q2
VNM,2026-06-03,CONTROL_RSI,9.1,9.1,,32.0,0.66,56.74,-3.77,13.5,-5.0,1.02,2.31,1.87,-2.19,-4.62,-3.79,10.15,9.63,9.81,10.15,9.81,False,10.15,9.81,False,2026Q2
VNM,2026-07-01,CONTROL_RSI,23.2,23.2,,27.3,0.67,55.3,-1.27,16.46,-5.0,0.72,2.28,1.76,10.67,17.37,15.12,9.04,13.97,12.32,9.04,12.32,False,9.04,12.32,False,2026Q3
VNM,2026-09-11,CONTROL_RSI,10.8,10.8,,31.4,0.48,59.7,-4.36,2.68,-5.0,1.01,0.61,0.82,,,,,,,-2.18,-1.28,False,-2.18,-1.28,False,2026Q3
VNM,2019-01-03,CONTROL_RANDOM,,,,31.1,0.82,69.77,-1.22,24.58,-5.0,9.4,5.96,6.57,10.2,6.08,6.81,11.28,-2.08,0.27,11.28,0.27,False,11.28,0.27,False,2019Q1
VNM,2019-02-11,CONTROL_RANDOM,,,,59.6,0.86,78.6,-8.18,10.59,-5.0,3.33,-0.32,0.2,0.73,-6.9,-5.81,-2.96,-5.99,-5.56,-8.0,-11.47,True,-5.06,-8.33,True,2019Q1
VNM,2019-12-10,CONTROL_RANDOM,,,,33.3,0.9,68.97,-17.75,4.45,-5.0,0.75,1.74,1.64,1.62,1.67,1.66,-13.54,6.38,4.3,-13.03,-10.01,True,-5.0,-2.76,True,2019Q4
VNM,2019-12-30,CONTROL_RANDOM,,,,47.4,0.93,70.33,-29.67,2.43,-5.0,-0.17,1.56,1.44,-10.42,-6.3,-6.59,-21.02,8.55,6.49,-8.0,-5.2,True,-5.0,-2.2,True,2019Q4
VNM,2020-01-02,CONTROL_RANDOM,,,,49.0,0.94,69.85,-29.19,3.14,-5.0,0.6,0.62,0.62,-6.77,-3.88,-4.07,-18.61,5.33,3.82,-8.0,-4.9,True,-5.0,-1.9,True,2020Q1
VNM,2020-03-19,CONTROL_RANDOM,,,,20.8,0.95,52.6,-5.97,41.56,-5.0,5.72,10.18,9.94,12.36,3.24,3.74,29.89,12.61,13.55,29.89,13.55,False,-5.97,3.03,True,2020Q1
VNM,2020-04-10,CONTROL_RANDOM,,,,66.3,0.91,58.86,-3.82,26.5,-12.0,0.41,-3.78,-3.41,14.15,4.82,5.65,17.48,4.18,5.36,17.48,5.36,False,17.48,5.36,False,2020Q2
VNM,2020-06-30,CONTROL_RANDOM,,,,32.1,0.92,67.47,-8.26,15.53,-5.0,2.49,-1.96,-1.61,-5.94,-1.49,-1.84,12.95,3.18,3.94,-8.0,-3.27,True,-5.0,-0.27,True,2020Q2
VNM,2020-10-28,CONTROL_RANDOM,,,,52.5,1.01,77.73,-1.13,11.05,-5.0,2.16,0.07,0.05,3.19,-6.33,-6.45,3.0,-24.03,-24.37,3.0,-24.37,False,3.0,-24.37,False,2020Q4
VNM,2020-10-30,CONTROL_RANDOM,,,,54.4,1.01,78.09,-0.96,10.54,-5.0,1.69,-1.11,-1.14,1.13,-7.19,-7.3,0.64,-22.04,-22.34,0.64,-22.34,False,0.64,-22.34,False,2020Q4
VNM,2020-12-10,CONTROL_RANDOM,,,,54.5,0.97,81.74,-13.49,5.6,-5.06,-1.43,-4.75,-4.65,4.44,-10.24,-9.83,-7.9,-22.55,-22.14,-9.9,-9.03,True,-5.06,-14.74,True,2020Q4
VNM,2021-04-29,CONTROL_RANDOM,,,,30.3,0.9,68.43,-8.46,2.0,-5.0,-1.84,-4.62,-4.33,-3.23,-12.7,-11.72,-4.65,-9.14,-8.67,-8.0,-13.45,True,-5.0,-6.45,True,2021Q2
VNM,2021-05-14,CONTROL_RANDOM,,,,33.3,0.94,65.92,-4.98,5.89,-5.27,1.9,-0.1,0.02,4.64,-2.37,-1.92,-0.79,-7.65,-7.22,-0.79,-7.22,False,-0.79,-7.22,False,2021Q2
VNM,2021-09-30,CONTROL_RANDOM,,,,64.5,0.67,67.74,-5.37,2.47,-5.0,0.34,-1.95,-1.19,1.58,-6.04,-3.52,-3.69,-13.75,-10.42,-3.69,-10.42,False,-5.0,-10.73,True,2021Q3
VNM,2021-11-30,CONTROL_RANDOM,,,,35.1,0.66,66.76,-10.13,0.67,-5.0,-2.28,-0.55,-1.13,-3.19,-3.69,-3.52,-9.42,-11.22,-10.61,-8.0,-8.05,True,-5.0,-3.26,True,2021Q4
VNM,2021-12-13,CONTROL_RANDOM,,,,50.5,0.66,65.54,-11.75,1.28,-5.0,-1.04,-1.21,-1.15,-2.21,-4.54,-3.75,-9.03,-7.89,-8.28,-8.0,-8.62,True,-5.26,-5.41,True,2021Q4
VNM,2022-05-18,CONTROL_RANDOM,,,,32.3,0.7,53.6,-7.18,11.21,-7.66,2.59,-2.13,-0.71,-2.15,-4.24,-3.61,5.86,2.49,3.51,5.86,3.51,False,5.86,3.51,False,2022Q2
VNM,2022-06-14,CONTROL_RANDOM,,,,24.6,0.76,50.98,-2.41,23.66,-5.0,6.81,11.84,10.63,13.48,18.13,17.01,18.81,17.39,17.73,18.81,17.73,False,18.81,17.73,False,2022Q2
VNM,2022-06-15,CONTROL_RANDOM,,,,22.6,0.76,50.21,-0.16,25.55,-5.0,8.6,11.73,10.99,15.06,18.73,17.86,19.68,17.85,18.28,19.68,18.28,False,19.68,18.28,False,2022Q2
VNM,2022-07-06,CONTROL_RANDOM,,,,63.2,0.73,56.42,-0.99,11.73,-6.09,2.39,-0.5,0.3,3.67,-5.49,-2.98,0.43,5.87,4.38,0.43,4.38,False,0.43,4.38,False,2022Q3
VNM,2022-08-05,CONTROL_RANDOM,,,,56.5,0.77,57.85,-8.26,13.79,-5.0,-1.37,-3.11,-2.71,4.43,5.16,4.99,8.0,26.3,22.16,-8.0,5.37,True,-5.0,8.37,True,2022Q3
VNM,2022-10-05,CONTROL_RANDOM,,,,38.4,0.76,56.9,-6.73,20.05,-5.0,3.5,8.41,7.24,12.2,19.93,18.08,9.93,18.62,16.54,9.93,16.54,False,-5.0,-0.68,True,2022Q4
VNM,2022-11-11,CONTROL_RANDOM,,,,62.8,0.71,62.24,-5.38,9.75,-5.0,-0.13,-2.33,-1.69,0.64,-9.16,-6.3,-2.51,-13.01,-9.94,-2.51,-9.94,False,-5.0,-5.22,True,2022Q4
VNM,2022-12-28,CONTROL_RANDOM,,,,38.2,0.61,62.87,-4.39,5.82,-5.0,3.1,-0.38,0.98,-1.81,-7.83,-5.47,-3.88,-8.66,-6.79,-3.88,-6.79,False,-3.88,-6.79,False,2022Q4
VNM,2023-05-09,CONTROL_RANDOM,,,,41.4,0.6,57.51,-7.48,10.73,-5.0,-2.54,-3.0,-2.81,-6.5,-11.61,-9.58,7.49,-8.12,-1.9,7.49,-1.9,False,-5.0,-5.58,True,2023Q2
VNM,2023-07-26,CONTROL_RANDOM,,,,80.9,0.77,60.92,-3.41,11.87,-5.0,0.02,-0.75,-0.58,2.92,3.95,3.71,-3.28,5.72,3.63,-3.28,3.63,False,-3.28,3.63,False,2023Q3
VNM,2023-08-15,CONTROL_RANDOM,,,,51.0,0.79,61.1,-9.48,11.54,-5.0,0.97,6.4,5.24,9.21,10.23,10.01,-4.39,6.77,4.39,-8.0,3.71,True,-5.0,3.77,True,2023Q3
VNM,2023-10-02,CONTROL_RANDOM,,,,25.2,0.7,62.61,-11.66,2.28,-5.0,-0.26,-0.07,-0.12,-8.85,1.42,-1.68,-8.85,-6.79,-7.41,-8.18,-2.67,True,-5.0,-2.7,True,2023Q4
VNM,2023-11-06,CONTROL_RANDOM,,,,38.4,0.72,59.17,-5.95,2.26,-7.84,-2.26,-4.39,-3.8,-3.4,-6.09,-5.35,-4.26,-11.4,-9.43,-4.26,-9.43,False,-4.26,-9.43,False,2023Q4
VNM,2023-11-23,CONTROL_RANDOM,,,,42.7,0.72,57.58,-3.35,6.76,-5.0,-0.3,-1.32,-1.03,-1.46,-2.57,-2.25,4.27,-7.94,-4.48,4.27,-4.48,False,4.27,-4.48,False,2023Q4
VNM,2024-05-02,CONTROL_RANDOM,,,,36.6,0.71,56.19,-0.77,5.48,-5.0,1.37,-0.44,0.08,-0.3,-3.51,-2.59,0.3,-1.3,-0.84,0.3,-0.84,False,0.3,-0.84,False,2024Q2
VNM,2024-06-27,CONTROL_RANDOM,,,,25.5,0.73,56.1,-0.61,16.35,-5.0,2.6,0.8,1.29,0.46,1.9,1.51,11.07,9.74,10.1,11.07,10.1,False,11.07,10.1,False,2024Q2
VNM,2024-08-08,CONTROL_RANDOM,,,,71.7,0.77,62.36,-7.18,4.67,-11.4,1.36,-1.68,-0.99,2.87,-0.42,0.33,-6.91,-9.42,-8.85,-6.91,-8.85,False,-6.91,-8.85,False,2024Q3
VNM,2024-08-09,CONTROL_RANDOM,,,,72.5,0.76,62.78,-7.81,3.97,-11.32,3.7,0.79,1.48,1.78,-0.44,0.09,-7.1,-9.99,-9.3,-7.1,-9.3,False,-7.1,-9.3,False,2024Q3
VNM,2024-11-29,CONTROL_RANDOM,,,,43.5,0.77,57.26,-6.39,0.93,-5.0,-0.79,-2.23,-1.9,-1.24,-2.54,-2.24,-0.94,-5.42,-4.4,-0.94,-4.4,False,-5.0,-4.83,True,2024Q4
VNM,2025-03-28,CONTROL_RANDOM,,,,25.1,0.76,54.31,-15.45,1.33,-5.0,-10.37,3.39,0.15,-5.27,1.37,-0.19,-1.57,-5.98,-4.94,-11.18,-5.19,True,-5.0,-0.13,True,2025Q1
VNM,2025-07-01,CONTROL_RANDOM,,,,66.6,0.9,53.28,-0.53,14.92,-5.0,4.5,0.58,0.96,9.2,-0.27,0.64,6.06,-14.52,-12.55,6.06,-12.55,False,6.06,-12.55,False,2025Q3
VNM,2025-08-21,CONTROL_RANDOM,,,,50.7,0.84,55.31,-3.71,10.81,-5.0,0.83,0.73,0.74,3.02,5.71,5.29,6.27,7.49,7.3,6.27,7.3,False,6.27,7.3,False,2025Q3
VNM,2025-09-03,CONTROL_RANDOM,,,,48.3,0.83,57.07,-6.68,7.57,-6.16,-0.81,0.96,0.67,-0.81,1.26,0.91,5.19,5.38,5.35,5.19,5.35,False,-6.16,-3.64,True,2025Q3
VNM,2026-02-23,CONTROL_RANDOM,,,,60.1,0.67,68.36,-17.7,3.96,-5.0,-10.2,-7.56,-8.42,-13.31,-0.03,-4.35,-15.73,-16.53,-16.27,-8.0,-6.22,True,-5.24,-4.65,True,2026Q1
SAB,2019-11-21,WATCH,51.4,51.4,0.0,4.9,0.8,86.34,-27.24,0.41,-5.41,-7.76,-5.55,-5.99,-4.45,-0.79,-1.53,-25.99,-16.99,-18.8,-8.0,-5.45,True,-5.41,-4.13,True,2019Q4
SAB,2020-02-04,PANIC70_ANY,73.6,73.6,0.0,29.4,0.96,71.54,-44.06,0.0,-5.0,-5.91,-6.23,-6.21,-15.19,-10.34,-10.52,-22.23,-3.79,-4.48,-8.43,-7.73,True,-5.42,-6.04,True,2020Q1
SAB,2020-02-07,WATCH,58.6,58.6,0.0,15.5,0.95,70.13,-42.93,0.0,-6.77,-4.79,-4.83,-4.83,-20.5,-9.92,-10.42,-13.49,1.26,0.57,-8.0,-7.34,True,-6.77,-6.11,True,2020Q1
SAB,2020-03-09,WATCH,59.6,59.6,20.0,24.1,0.89,55.75,-28.22,21.83,-5.0,-9.15,-0.79,-1.69,-11.14,-3.05,-3.93,15.25,6.35,7.31,-8.0,-3.11,True,-5.0,-0.11,True,2020Q1
SAB,2020-03-13,PANIC70_ANY,76.6,76.6,0.0,16.0,0.88,50.97,-21.48,33.25,-5.52,-17.46,-5.37,-6.81,1.0,-0.2,-0.06,24.66,10.28,11.98,-8.08,-4.32,True,-8.08,-4.32,True,2020Q1
SAB,2020-07-29,WATCH,57.0,57.0,25.0,17.9,1.02,61.38,-2.92,14.63,-5.0,6.73,1.23,1.11,7.02,-2.84,-3.04,8.67,-12.06,-12.49,8.67,-12.49,False,8.67,-12.49,False,2020Q3
SAB,2021-01-28,WATCH,64.9,64.9,0.0,23.3,0.82,61.66,-5.06,13.23,-5.0,7.01,-5.87,-3.52,4.65,-12.41,-9.29,-4.88,-30.73,-26.01,-4.88,-26.01,False,-5.0,-26.13,True,2021Q1
SAB,2021-01-29,PANIC70_ANY,92.2,92.2,0.0,12.2,0.71,62.75,-9.91,11.27,-8.61,0.57,-1.94,-1.22,1.96,-8.61,-5.58,-9.1,-27.46,-22.19,-8.0,-21.09,True,-8.61,-21.7,True,2021Q1
SAB,2021-05-06,WATCH,43.8,43.8,0.0,13.8,0.68,57.0,-3.79,10.53,-5.0,-0.63,-2.31,-1.78,-1.4,-11.73,-8.46,1.98,-3.2,-1.56,1.98,-1.56,False,1.98,-1.56,False,2021Q2
SAB,2021-08-19,WATCH,41.7,41.7,20.0,23.3,0.54,54.0,-5.35,18.43,-5.0,0.56,5.04,2.96,6.98,9.53,8.35,15.52,8.86,11.94,15.52,11.94,False,-5.0,-2.03,True,2021Q3
SAB,2021-11-30,WATCH,57.1,57.1,0.0,6.5,0.63,57.77,-8.38,10.4,-5.0,-3.24,-1.51,-2.15,-6.15,-6.64,-6.46,8.08,6.29,6.95,-8.0,-8.05,True,-5.0,-5.06,True,2021Q4
SAB,2023-04-12,WATCH,45.0,45.0,0.0,2.8,0.51,65.36,-11.7,1.93,-5.0,-0.58,1.45,0.45,-4.96,-4.49,-4.72,-11.7,-19.25,-15.55,-8.0,-7.7,True,-5.0,-4.81,True,2023Q2
SAB,2023-09-29,WATCH,51.5,51.5,20.0,21.1,0.52,56.4,-25.11,0.0,-5.0,-6.13,-4.6,-5.34,-17.06,-7.3,-12.01,-15.43,-12.19,-13.75,-8.0,-3.54,True,-5.0,-3.82,True,2023Q3
SAB,2023-10-31,WATCH,57.4,57.4,20.0,25.7,0.72,43.86,-3.69,17.19,-5.0,14.2,6.0,8.33,16.14,8.97,11.01,5.65,-8.08,-4.19,5.65,-4.19,False,5.65,-4.19,False,2023Q4
SAB,2024-01-26,WATCH,51.8,51.8,0.0,19.9,0.89,45.15,-9.24,8.73,-5.0,-0.51,-1.26,-1.18,1.75,-5.4,-4.64,-1.04,-4.76,-4.37,-8.0,-7.82,True,-5.0,-7.92,True,2024Q1
SAB,2025-02-17,WATCH,45.5,45.5,0.0,23.3,0.63,43.13,-18.78,4.71,-5.0,2.55,0.27,1.1,0.0,-4.47,-2.83,-2.74,-4.48,-3.84,-8.0,-5.8,True,-5.47,-3.27,True,2025Q1
SAB,2025-04-03,WATCH,49.7,49.7,0.0,6.8,0.82,36.0,-2.69,20.28,-5.0,16.06,8.97,10.21,13.83,4.3,5.97,15.28,-3.93,-0.56,15.28,-0.56,False,15.28,-0.56,False,2025Q2
SAB,2025-04-04,PANIC70_ANY,81.9,81.9,0.0,4.9,0.87,36.59,-4.26,18.34,-5.0,12.35,7.69,8.31,13.04,5.01,6.07,13.8,-4.43,-2.01,13.8,-2.01,False,13.8,-2.01,False,2025Q2
SAB,2026-03-09,PANIC70_ANY,76.9,76.9,0.0,14.3,0.74,40.79,-3.55,13.31,-5.0,1.72,-1.03,-0.31,1.03,0.25,0.45,9.63,-0.84,1.93,9.63,1.93,False,9.63,1.93,False,2026Q1
SAB,2020-02-13,ENTRY_V2_LOOSE,56.1,82.2,40.0,16.7,0.9,69.24,-42.2,0.06,-5.7,-6.37,-5.71,-5.78,-25.35,-6.45,-8.32,-10.83,0.35,-0.75,-8.23,-7.22,True,-5.7,-4.61,True,2020Q1
SAB,2020-04-06,ENTRY_V2_LOOSE,4.5,97.1,45.0,36.8,0.95,49.54,-4.36,37.1,-12.0,3.92,0.9,1.05,22.47,15.54,15.88,20.93,7.86,8.5,20.93,8.5,False,20.93,8.5,False,2020Q2
SAB,2020-04-07,ENTRY_V2,,97.1,60.0,46.8,0.96,49.54,-1.45,37.1,-12.0,10.86,5.83,6.03,24.63,14.67,15.06,26.81,12.27,12.85,26.81,12.85,False,26.81,12.85,False,2020Q2
SAB,2021-02-17,ENTRY_V2_LOOSE,,92.2,55.0,40.8,0.68,65.83,-16.69,6.06,-12.0,3.31,2.59,2.83,0.3,-3.48,-2.26,-14.46,-22.72,-20.04,-8.0,-11.43,True,-12.0,-17.46,True,2021Q1
SAB,2021-02-18,ENTRY_V2,,92.2,65.0,49.1,0.69,69.28,-20.84,0.78,-12.0,-1.57,-2.25,-2.04,-5.01,-7.89,-7.01,-19.0,-27.77,-25.09,-8.0,-8.47,True,-12.0,-17.98,True,2021Q1
SAB,2025-04-11,ENTRY_V2_LOOSE,,81.9,55.0,45.7,0.76,41.78,-9.07,3.85,-12.0,-4.83,-2.57,-3.1,1.63,-4.7,-3.21,3.3,-13.75,-9.74,-8.0,-5.65,True,3.3,-9.74,False,2025Q2
SAB,2025-04-23,ENTRY_V2,,73.1,75.0,48.1,0.79,41.36,-3.77,6.09,-10.21,-2.35,-4.58,-4.1,0.92,-9.37,-7.17,3.7,-20.57,-15.37,3.7,-15.37,False,3.7,-15.37,False,2025Q2
SAB,2026-03-19,ENTRY_V2_LOOSE,13.2,76.9,50.0,30.6,0.74,41.49,-5.18,12.41,-5.71,-0.43,1.09,0.69,2.6,-4.38,-2.54,10.05,3.72,5.39,10.05,5.39,False,10.05,5.39,False,2026Q1
SAB,2019-01-18,CONTROL_RSI,8.7,8.7,,34.1,0.39,83.11,-2.61,8.77,-5.0,-1.77,-2.53,-2.07,4.48,-5.38,0.59,1.4,-5.54,-1.34,1.4,-1.34,False,1.4,-1.34,False,2019Q1
SAB,2019-04-02,CONTROL_RSI,9.0,9.0,,32.0,0.47,87.11,-7.08,14.64,-5.0,-0.64,-0.36,-0.51,-2.82,-0.06,-1.53,10.7,13.01,11.78,10.7,11.78,False,-5.0,-3.93,True,2019Q2
SAB,2019-09-04,CONTROL_RSI,16.5,16.5,,32.7,0.7,92.86,-12.72,3.6,-5.0,-0.87,-0.49,-0.6,-0.57,-1.86,-1.48,-12.72,-11.75,-12.04,-8.54,-9.07,True,-5.0,-5.56,True,2019Q3
SAB,2019-10-09,CONTROL_RSI,4.7,4.7,,33.9,0.7,89.97,-12.26,2.81,-5.77,-0.9,-1.0,-0.97,1.83,-1.73,-0.65,-12.03,-9.63,-10.36,-8.0,-9.49,True,-5.77,-7.26,True,2019Q4
SAB,2019-11-15,CONTROL_RSI,20.8,20.8,,28.1,0.71,89.19,-28.36,0.75,-8.31,-7.94,-4.6,-5.58,-7.94,-3.13,-4.54,-28.36,-20.23,-22.62,-8.0,-5.65,True,-8.31,-5.99,True,2019Q4
SAB,2019-12-27,CONTROL_RSI,30.0,30.0,,24.8,0.66,81.93,-51.15,1.51,-5.0,-3.65,-3.23,-3.37,-12.68,-9.17,-10.36,-46.11,-14.92,-25.46,-8.81,-7.01,True,-5.0,-4.77,True,2019Q4
SAB,2020-02-03,CONTROL_RSI,36.6,36.6,,32.8,0.97,73.62,-45.64,0.0,-7.09,-7.13,-7.7,-7.68,-17.11,-12.94,-13.07,-20.52,-3.28,-3.82,-8.0,-8.95,True,-7.13,-8.08,True,2020Q1
SAB,2020-03-02,CONTROL_RSI,34.7,34.7,,28.9,0.96,61.92,-35.37,9.69,-7.55,-9.96,-3.5,-3.77,-28.7,-2.69,-3.77,2.26,5.71,5.57,-11.3,-4.89,True,-11.3,-4.89,True,2020Q1
SAB,2020-04-01,CONTROL_RSI,24.1,24.1,,33.6,0.94,46.49,-3.48,46.1,-12.0,8.86,-1.32,-0.73,17.14,6.06,6.7,21.23,1.29,2.44,21.23,2.44,False,21.23,2.44,False,2020Q2
SAB,2020-06-15,CONTROL_RSI,1.7,1.7,,35.0,1.01,60.49,-7.42,28.19,-5.0,-2.68,-4.96,-4.98,15.72,13.45,13.44,12.75,7.98,7.94,12.75,7.94,False,-5.0,-6.29,True,2020Q2
SAB,2020-08-03,CONTROL_RSI,39.6,39.6,,21.1,1.02,60.67,0.0,15.97,-5.0,5.62,3.16,3.13,12.41,4.04,3.92,9.16,-2.77,-2.95,9.16,-2.95,False,9.16,-2.95,False,2020Q3
SAB,2020-09-23,CONTROL_RSI,13.5,13.5,,30.5,1.06,68.2,-7.36,11.14,-5.0,-2.89,-3.28,-3.3,-2.62,-6.95,-7.19,5.29,-10.22,-11.08,5.29,-11.08,False,-5.0,-7.68,True,2020Q3
SAB,2020-10-29,CONTROL_RSI,11.7,11.7,,31.1,0.91,66.77,-5.38,14.62,-5.0,-1.02,-2.41,-2.28,4.03,-5.14,-4.28,5.38,-20.63,-18.2,5.38,-18.2,False,5.38,-18.2,False,2020Q4
SAB,2020-12-31,CONTROL_RSI,14.2,14.2,,30.8,0.9,72.0,-18.54,6.29,-5.0,1.9,-4.48,-3.83,-12.85,-5.82,-6.54,-8.85,-19.83,-18.7,-8.0,-6.66,True,-5.0,-6.39,True,2020Q4
SAB,2021-02-03,CONTROL_RSI,28.0,28.0,,29.7,0.65,64.92,-15.53,7.55,-11.78,7.55,2.03,3.96,-0.88,-7.06,-4.9,-14.28,-27.13,-22.64,-8.0,-15.55,True,-11.78,-19.83,True,2021Q1
SAB,2021-03-10,CONTROL_RSI,30.0,30.0,,12.6,0.7,64.35,-14.78,7.38,-5.0,2.61,-0.03,0.76,-1.13,-6.67,-5.02,-10.91,-23.71,-19.9,-8.0,-12.33,True,-5.0,-10.43,True,2021Q1
SAB,2021-04-20,CONTROL_RSI,30.0,30.0,,18.3,0.69,62.16,-11.78,1.35,-5.0,-1.71,0.27,-0.35,-9.48,-12.14,-11.3,-9.12,-7.48,-7.99,-8.0,-7.25,True,-5.0,-3.8,True,2021Q2
SAB,2021-05-21,CONTROL_RSI,30.6,30.6,,18.3,0.66,55.39,-0.79,13.74,-5.0,2.64,-0.51,0.57,12.22,5.61,7.88,0.07,-6.41,-4.19,0.07,-4.19,False,0.07,-4.19,False,2021Q2
SAB,2021-07-08,CONTROL_RSI,16.6,16.6,,29.5,0.61,59.6,-14.24,3.67,-5.0,-3.07,2.41,0.29,-4.78,-2.36,-3.3,-1.54,-0.09,-0.65,-8.0,-7.48,True,-5.0,0.86,True,2021Q3
SAB,2021-08-17,CONTROL_RSI,36.4,36.4,,30.1,0.53,53.31,-4.13,19.96,-5.0,0.96,4.88,3.05,10.43,11.2,10.84,17.97,9.88,13.67,17.97,13.67,False,17.97,13.67,False,2021Q3
SAB,2021-10-01,CONTROL_RSI,9.0,9.0,,32.0,0.54,56.42,-5.26,13.35,-5.0,5.64,1.2,3.25,4.98,-2.82,0.79,-4.15,-15.68,-10.35,-4.15,-10.35,False,-5.07,-10.79,True,2021Q4
SAB,2021-11-23,CONTROL_RSI,12.3,12.3,,30.9,0.59,61.43,-13.84,3.83,-5.0,-6.85,-8.33,-7.73,-12.14,-13.1,-12.71,2.31,0.18,1.05,-8.0,-8.6,True,-5.0,-5.86,True,2021Q4
SAB,2021-12-21,CONTROL_RSI,24.5,24.5,,26.8,0.64,54.48,-2.85,17.07,-5.0,-0.48,-0.96,-0.79,1.98,2.89,2.57,8.24,6.92,7.39,8.24,7.39,False,8.24,7.39,False,2021Q4
SAB,2022-01-24,CONTROL_RSI,29.6,29.6,,25.1,0.75,53.67,-1.38,26.31,-5.0,6.82,2.56,3.63,15.93,11.83,12.85,17.66,23.63,22.14,17.66,22.14,False,17.66,22.14,False,2022Q1
SAB,2022-03-07,CONTROL_RSI,36.6,36.6,,23.9,0.58,57.29,-1.83,18.33,-5.0,-1.31,1.02,0.03,8.41,6.22,7.15,1.24,14.64,8.96,1.24,8.96,False,1.24,8.96,False,2022Q1
SAB,2022-05-25,CONTROL_RSI,10.9,10.9,,33.3,0.71,57.55,-3.25,28.5,-5.0,-0.64,-1.81,-1.47,-0.4,6.27,4.31,25.65,25.66,25.66,25.65,25.66,False,25.65,25.66,False,2022Q2
SAB,2022-09-28,CONTROL_RSI,9.6,9.6,,31.8,0.71,69.36,-9.8,9.37,-6.98,0.1,7.24,5.13,1.24,12.4,9.11,-4.18,7.44,4.01,-9.8,-0.58,True,-9.8,-0.58,True,2022Q3
SAB,2022-12-02,CONTROL_RSI,19.7,19.7,,28.6,0.5,66.18,-4.4,13.99,-7.21,0.68,6.08,3.39,-3.19,1.13,-1.02,7.63,12.5,10.08,7.63,10.08,False,7.63,10.08,False,2022Q4
SAB,2022-12-30,CONTROL_RSI,5.4,5.4,,33.2,0.5,64.87,-1.7,16.29,-5.0,2.91,-1.24,0.82,11.75,6.36,9.04,4.58,-2.05,1.24,4.58,1.24,False,4.58,1.24,False,2022Q4
SAB,2023-04-03,CONTROL_RSI,29.9,29.9,,25.0,0.52,69.05,-14.48,0.23,-5.0,-3.42,-2.32,-2.85,-8.66,-4.86,-6.69,-14.42,-18.01,-16.28,-8.05,-6.73,True,-5.0,-4.43,True,2023Q2
SAB,2023-05-12,CONTROL_RSI,15.6,15.6,,29.8,0.51,62.77,-8.06,0.54,-5.0,-2.44,-2.05,-2.24,-0.72,-4.55,-2.69,-1.32,-16.82,-9.3,-8.0,-11.55,True,-5.0,-4.51,True,2023Q2
SAB,2023-06-30,CONTROL_RSI,30.0,30.0,,24.4,0.6,59.25,-4.03,14.28,-5.0,-2.41,-4.5,-3.67,1.81,-6.84,-3.41,-3.78,-6.29,-5.3,-3.78,-5.3,False,-3.78,-5.3,False,2023Q2
SAB,2023-08-21,CONTROL_RSI,15.7,15.7,,29.8,0.41,58.75,-28.1,15.25,-5.0,3.52,1.79,2.82,4.77,2.33,3.78,-15.91,-10.98,-13.92,-8.32,-6.43,True,-5.0,-3.92,True,2023Q3
SAB,2023-09-28,CONTROL_RSI,30.2,30.2,,32.7,0.52,56.17,-24.8,0.41,-5.0,-4.66,-2.14,-3.36,-13.57,-5.18,-9.23,-15.76,-11.03,-13.32,-8.0,-3.44,True,-5.0,-3.7,True,2023Q3
SAB,2023-10-27,CONTROL_RSI,25.9,25.9,,33.9,0.65,48.55,-13.0,5.87,-5.0,4.92,1.54,2.71,1.89,-1.33,-0.22,-2.12,-13.84,-9.79,-9.66,-8.77,True,-9.66,-8.77,True,2023Q4
SAB,2023-12-18,CONTROL_RSI,10.5,10.5,,31.5,0.86,47.63,-7.68,3.86,-5.0,1.28,-1.56,-1.16,-0.06,-6.59,-5.68,-5.86,-21.33,-19.15,-5.86,-19.15,False,-5.0,-11.65,True,2023Q4
SAB,2024-01-24,CONTROL_RSI,10.4,10.4,,31.5,0.9,47.52,-13.76,3.3,-5.0,-4.65,-4.6,-4.61,-2.99,-9.73,-9.02,-9.79,-12.85,-12.53,-8.0,-13.85,True,-5.0,-5.46,True,2024Q1
SAB,2024-03-26,CONTROL_RSI,30.0,30.0,,16.7,1.0,44.92,-8.77,21.75,-5.0,-1.76,-0.6,-0.6,-4.56,1.76,1.79,6.3,8.62,8.63,-8.0,0.7,True,-5.0,0.52,True,2024Q1
SAB,2024-04-24,CONTROL_RSI,0.1,0.1,,35.0,0.92,42.24,0.0,29.47,-5.0,7.65,4.13,4.43,13.8,7.54,8.07,5.52,3.4,3.58,5.52,3.58,False,5.52,3.58,False,2024Q2
SAB,2024-06-25,CONTROL_RSI,35.5,35.5,,26.0,0.79,47.75,-11.27,2.49,-5.0,1.49,0.07,0.36,-6.83,-5.2,-5.54,-2.05,-3.09,-2.87,-8.0,-8.61,True,-5.0,-6.4,True,2024Q2
SAB,2024-07-23,CONTROL_RSI,26.9,26.9,,26.0,0.8,44.73,-5.28,7.11,-5.0,0.92,-1.21,-0.79,4.56,-0.22,0.72,4.56,-0.33,0.63,4.56,0.63,False,-5.0,-2.55,True,2024Q3
SAB,2024-09-10,CONTROL_RSI,30.0,30.0,,22.3,0.89,45.38,-1.78,5.58,-5.0,0.73,-0.12,-0.03,1.26,-0.94,-0.7,3.06,4.17,4.04,3.06,4.04,False,3.06,4.04,False,2024Q3
SAB,2024-10-30,CONTROL_RSI,30.0,30.0,,19.6,1.0,45.06,-1.09,5.77,-5.0,0.53,0.57,0.57,0.36,1.79,1.79,0.78,0.39,0.39,0.78,0.39,False,0.78,0.39,False,2024Q4
SAB,2025-01-06,CONTROL_RSI,5.6,5.6,,33.8,0.84,45.33,-22.72,3.15,-5.0,1.48,3.09,2.83,-3.9,-5.45,-5.2,-17.87,-5.47,-7.49,-8.0,-13.15,True,-5.0,-6.58,True,2025Q1
SAB,2025-02-10,CONTROL_RSI,9.7,9.7,,31.8,0.65,43.98,-20.35,2.68,-5.0,-1.73,-2.73,-2.38,-1.73,-7.03,-5.17,-5.09,-6.5,-6.01,-8.0,-6.17,True,-5.0,-8.11,True,2025Q1
SAB,2025-03-18,CONTROL_RSI,6.0,6.0,,34.3,0.6,43.3,-19.1,0.0,-5.0,-3.39,-3.07,-3.2,-8.38,0.12,-3.29,-2.63,-3.93,-3.41,-8.0,-3.48,True,-5.84,-1.32,True,2025Q1
SAB,2025-08-15,CONTROL_RSI,8.1,8.1,,32.3,0.78,42.67,-7.48,1.27,-5.0,-4.1,-2.62,-2.95,-0.54,-2.53,-2.09,-1.27,-0.87,-0.96,-1.27,-0.96,False,-5.0,-6.11,True,2025Q3
SAB,2025-10-06,CONTROL_RSI,11.9,11.9,,31.0,0.66,41.68,-5.28,19.05,-5.0,-2.26,-5.61,-4.47,-0.43,2.62,1.58,6.79,3.09,4.35,6.79,4.35,False,-5.0,-2.39,True,2025Q4
SAB,2025-12-26,CONTROL_RSI,30.9,30.9,,29.7,0.61,43.79,-10.16,21.99,-5.0,-0.62,-8.01,-5.14,4.59,0.58,2.14,-4.93,-3.18,-3.86,-8.0,-5.16,True,-6.53,-3.69,True,2025Q4
SAB,2026-03-02,CONTROL_RSI,30.0,30.0,,21.8,0.65,43.97,-10.53,5.12,-5.0,-4.78,4.8,1.45,-5.73,3.96,0.58,-0.09,-0.59,-0.41,-8.0,-0.93,True,-6.91,0.16,True,2026Q1
SAB,2026-07-06,CONTROL_RSI,9.8,9.8,,31.7,0.78,44.11,-4.56,7.01,-5.0,-0.73,1.12,0.73,2.24,5.69,4.95,-3.76,1.83,0.63,-3.76,0.63,False,-3.76,0.63,False,2026Q3
SAB,2026-09-10,CONTROL_RSI,1.8,1.8,,34.4,0.62,44.6,-5.49,2.02,-5.0,-0.67,-0.43,-0.52,,,,,,,-4.6,-2.52,False,-5.0,-2.93,True,2026Q3
SAB,2019-03-01,CONTROL_RANDOM,,,,64.2,0.47,84.09,-3.75,11.25,-5.0,2.09,1.98,2.04,4.04,3.53,3.8,11.25,13.65,12.38,11.25,12.38,False,11.25,12.38,False,2019Q1
SAB,2019-03-26,CONTROL_RANDOM,,,,59.4,0.47,87.88,-7.9,13.04,-7.69,-1.56,-2.36,-1.93,-4.71,-4.45,-4.59,12.36,14.05,13.15,12.36,13.15,False,-7.69,-7.0,True,2019Q1
SAB,2019-08-05,CONTROL_RANDOM,,,,42.0,0.74,96.95,-12.4,3.0,-5.0,0.11,-0.57,-0.39,-4.77,-6.57,-6.1,-5.13,-9.35,-8.25,-8.0,-10.1,True,-5.0,-6.21,True,2019Q3
SAB,2019-12-10,CONTROL_RANDOM,,,,30.5,0.78,82.81,-38.4,0.6,-5.0,-0.85,0.14,-0.08,-3.41,-3.36,-3.37,-37.31,-17.4,-21.87,-9.78,-7.85,True,-5.11,-4.72,True,2019Q4
SAB,2019-12-18,CONTROL_RANDOM,,,,58.9,0.68,82.32,-47.63,1.03,-5.0,-0.09,-0.92,-0.66,0.39,-2.59,-1.65,-45.06,-19.72,-27.73,-9.24,-8.24,True,-5.0,-5.69,True,2019Q4
SAB,2020-02-11,CONTROL_RANDOM,,,,13.9,0.91,69.03,-42.03,0.36,-5.31,-7.43,-6.16,-6.28,-20.96,-7.21,-8.5,-9.98,1.97,0.84,-8.0,-6.85,True,-5.31,-4.08,True,2020Q1
SAB,2020-08-24,CONTROL_RANDOM,,,,67.6,1.01,65.69,-3.82,7.11,-5.0,3.82,1.43,1.4,3.82,-0.95,-1.01,0.33,-11.45,-11.59,0.33,-11.59,False,0.33,-11.59,False,2020Q3
SAB,2020-08-31,CONTROL_RANDOM,,,,69.8,1.04,69.64,-9.28,1.03,-8.53,-2.07,-2.88,-2.91,-5.51,-8.13,-8.23,-0.93,-14.29,-14.82,-8.0,-14.07,True,-8.53,-14.61,True,2020Q3
SAB,2020-10-13,CONTROL_RANDOM,,,,40.4,1.0,66.05,-4.35,14.76,-5.0,0.92,0.16,0.16,-1.2,-3.38,-3.38,8.61,-15.49,-15.46,8.61,-15.46,False,8.61,-15.46,False,2020Q4
SAB,2020-10-30,CONTROL_RANDOM,,,,39.3,0.91,66.16,-4.5,15.67,-5.0,-0.33,-3.13,-2.87,4.99,-3.33,-2.54,4.16,-18.52,-16.38,4.16,-16.38,False,4.16,-16.38,False,2020Q4
SAB,2021-04-08,CONTROL_RANDOM,,,,36.4,0.68,63.91,-14.19,1.55,-5.0,-3.25,-3.84,-3.65,-13.21,-16.26,-15.29,-7.04,-19.79,-15.74,-8.0,-9.38,True,-5.0,-4.13,True,2021Q2
SAB,2021-06-03,CONTROL_RANDOM,,,,48.4,0.66,56.93,-10.22,10.66,-5.0,5.39,6.51,6.13,8.66,4.77,6.08,-4.62,-0.68,-2.01,-8.0,-6.18,True,-5.0,-4.81,True,2021Q2
SAB,2021-07-28,CONTROL_RANDOM,,,,30.6,0.57,56.53,-9.59,9.3,-5.0,0.71,-4.65,-2.34,-4.53,-6.41,-5.6,1.34,-7.14,-3.48,-8.0,-8.97,True,-5.0,-8.83,True,2021Q3
SAB,2021-12-27,CONTROL_RANDOM,,,,18.8,0.67,54.66,-3.17,16.68,-5.0,6.55,4.29,5.03,-2.63,-2.14,-2.3,7.96,7.85,7.88,7.96,7.88,False,7.96,7.88,False,2021Q4
SAB,2022-03-09,CONTROL_RANDOM,,,,21.5,0.58,57.92,-2.9,17.04,-5.0,-0.64,0.96,0.29,7.42,6.26,6.75,3.16,16.21,10.75,3.16,10.75,False,3.16,10.75,False,2022Q1
SAB,2022-04-05,CONTROL_RANDOM,,,,82.9,0.6,62.03,-10.24,9.29,-8.8,0.55,3.1,2.08,-3.55,12.41,6.01,-7.53,13.33,4.96,-9.03,-2.32,True,-9.03,-2.32,True,2022Q2
SAB,2022-06-10,CONTROL_RANDOM,,,,63.0,0.68,57.92,-3.87,27.68,-5.0,-1.93,3.72,1.92,0.07,7.73,5.29,21.29,21.92,21.72,21.29,21.72,False,21.29,21.72,False,2022Q2
SAB,2022-06-15,CONTROL_RANDOM,,,,47.7,0.68,56.99,-2.3,29.76,-5.0,0.58,3.7,2.71,1.58,5.25,4.09,27.86,26.04,26.62,27.86,26.62,False,27.86,26.62,False,2022Q2
SAB,2022-10-21,CONTROL_RANDOM,,,,65.9,0.59,73.24,-14.58,3.58,-8.84,-5.45,-6.1,-5.84,-6.83,-0.89,-3.3,-3.21,-9.77,-7.11,-8.0,-8.11,True,-8.84,-5.82,True,2022Q4
SAB,2023-03-31,CONTROL_RANDOM,,,,43.3,0.51,70.12,-15.76,0.27,-5.0,-4.02,-3.15,-3.58,-9.46,-6.28,-7.83,-15.5,-20.22,-17.92,-8.0,-7.5,True,-5.32,-5.07,True,2023Q1
SAB,2023-04-07,CONTROL_RANDOM,,,,14.8,0.52,67.68,-12.81,0.0,-5.0,-7.65,-5.79,-6.69,-7.37,-5.81,-6.57,-12.81,-17.69,-15.33,-8.0,-7.67,True,-5.0,-4.54,True,2023Q2
SAB,2023-04-13,CONTROL_RANDOM,,,,2.6,0.51,64.6,-10.67,3.13,-5.0,0.59,2.87,1.75,-4.13,-3.5,-3.81,-10.08,-18.23,-14.24,-8.0,-7.83,True,-5.0,-4.99,True,2023Q2
SAB,2023-04-20,CONTROL_RANDOM,,,,24.8,0.47,65.74,-12.21,1.34,-5.84,-0.29,-0.2,-0.25,-8.12,-9.24,-8.65,-10.59,-22.29,-16.1,-8.0,-8.71,True,-5.84,-6.3,True,2023Q2
SAB,2023-08-21,CONTROL_RANDOM,,,,29.8,0.41,58.75,-28.1,15.25,-5.0,3.52,1.79,2.82,4.77,2.33,3.78,-15.91,-10.98,-13.92,-8.32,-6.43,True,-5.0,-3.92,True,2023Q3
SAB,2023-09-25,CONTROL_RANDOM,,,,41.6,0.52,58.48,-27.77,0.79,-5.0,-7.51,-4.65,-6.01,-9.08,-5.17,-7.03,-18.16,-13.41,-15.67,-8.0,-6.99,True,-5.0,-3.51,True,2023Q3
SAB,2023-10-02,CONTROL_RANDOM,,,,20.3,0.52,56.32,-25.0,0.0,-5.0,-6.0,-5.81,-5.9,-22.53,-12.26,-17.22,-14.35,-12.29,-13.28,-8.0,-3.92,True,-5.0,-3.56,True,2023Q4
SAB,2023-12-18,CONTROL_RANDOM,,,,31.5,0.86,47.63,-7.68,3.86,-5.0,1.28,-1.56,-1.16,-0.06,-6.59,-5.68,-5.86,-21.33,-19.15,-5.86,-19.15,False,-5.0,-11.65,True,2023Q4
SAB,2024-03-15,CONTROL_RANDOM,,,,56.9,1.0,45.78,-10.48,19.46,-5.0,-1.88,-2.02,-2.02,-5.33,-1.42,-1.43,9.13,8.04,8.04,-8.0,-4.03,True,-5.0,-4.74,True,2024Q1
SAB,2024-04-05,CONTROL_RANDOM,,,,42.9,1.01,44.29,-7.47,23.48,-5.0,-2.14,0.94,0.99,2.48,3.33,3.35,6.71,4.5,4.47,6.71,4.47,False,-5.0,-1.79,True,2024Q2
SAB,2024-06-13,CONTROL_RANDOM,,,,71.3,0.8,51.06,-17.02,0.47,-11.63,-5.09,-3.45,-3.78,-10.63,-8.9,-9.24,-11.75,-8.06,-8.79,-8.0,-5.12,True,-11.63,-9.5,True,2024Q2
SAB,2024-08-20,CONTROL_RANDOM,,,,62.3,0.87,47.26,-5.18,1.38,-10.45,-1.04,-1.75,-1.66,-1.04,-1.01,-1.02,-4.32,-0.09,-0.63,-4.32,-0.63,False,-4.32,-0.63,False,2024Q3
SAB,2024-12-11,CONTROL_RANDOM,,,,73.4,0.85,46.93,-8.44,0.92,-5.0,-1.21,0.06,-0.13,-3.6,-0.42,-0.91,-7.18,-11.53,-10.87,-8.0,-8.12,True,-5.0,-3.81,True,2024Q4
SAB,2025-07-18,CONTROL_RANDOM,,,,67.1,0.79,43.12,-6.05,4.06,-5.0,2.6,-0.64,0.03,-1.88,-10.35,-8.59,-5.84,-22.37,-18.94,-5.84,-18.94,False,-5.0,-10.54,True,2025Q3
SAB,2025-08-28,CONTROL_RANDOM,,,,34.1,0.76,42.0,-6.0,2.88,-5.0,-1.07,2.05,1.3,-3.43,-1.75,-2.15,-1.07,0.69,0.26,-1.07,0.26,False,-5.0,-2.59,True,2025Q3
SAB,2025-12-11,CONTROL_RANDOM,,,,67.8,0.59,46.66,-14.87,14.49,-12.0,-4.41,-4.51,-4.47,0.66,-11.09,-6.29,-11.08,-11.52,-11.34,-8.0,-11.95,True,-12.28,-10.55,True,2025Q4
SAB,2026-02-03,CONTROL_RANDOM,,,,43.9,0.62,49.03,-19.76,1.71,-9.98,-7.08,-6.14,-6.5,-14.52,-9.81,-11.62,-9.18,-13.68,-11.95,-8.0,-5.97,True,-10.22,-11.31,True,2026Q1
SAB,2026-02-04,CONTROL_RANDOM,,,,46.0,0.62,48.84,-19.45,0.0,-9.44,-6.51,-7.91,-7.38,-16.2,-11.75,-13.43,-9.97,-16.23,-13.87,-8.0,-6.78,True,-9.87,-11.85,True,2026Q1
SAB,2026-04-16,CONTROL_RANDOM,,,,63.7,0.76,43.04,-2.63,8.36,-5.57,2.16,1.02,1.29,3.69,-0.72,0.35,0.09,2.83,2.17,0.09,2.17,False,0.09,2.17,False,2026Q2
SAB,2026-05-07,CONTROL_RANDOM,,,,56.7,0.81,43.41,-3.02,7.44,-5.0,4.63,4.08,4.19,3.02,6.8,6.08,0.32,9.5,7.76,0.32,7.76,False,0.32,7.76,False,2026Q2
SAB,2026-06-19,CONTROL_RANDOM,,,,59.4,0.75,45.0,-6.44,4.89,-5.0,-0.2,-1.7,-1.32,-1.67,2.93,1.77,-1.56,-1.3,-1.36,-1.56,-1.36,False,-5.0,0.24,True,2026Q2
MSN,2019-07-18,WATCH,55.4,55.4,0.0,25.7,1.04,61.5,-4.21,6.98,-5.0,6.46,4.9,4.83,1.32,1.12,1.12,0.8,-0.78,-0.85,0.8,-0.85,False,0.8,-0.85,False,2019Q3
MSN,2019-12-03,WATCH,67.0,67.0,0.0,16.1,1.21,51.87,-27.3,0.15,-5.0,-13.11,-14.08,-14.29,-11.09,-12.57,-12.89,-20.59,-14.37,-13.06,-8.0,-8.99,True,-5.0,-6.72,True,2019Q4
MSN,2019-12-04,PANIC70_ANY,73.9,73.9,15.0,9.5,1.13,50.58,-25.44,1.92,-5.68,-6.41,-6.32,-6.31,-8.01,-7.61,-7.56,-12.97,-4.97,-3.94,-8.0,-6.99,True,-5.68,-4.67,True,2019Q4
MSN,2020-01-30,WATCH,54.0,54.0,0.0,16.8,1.1,40.54,-7.38,24.77,-5.0,-0.39,1.57,1.77,-2.2,5.87,6.71,16.77,36.45,38.51,16.77,38.51,False,-5.0,-2.58,True,2020Q1
MSN,2020-06-15,WATCH,40.3,40.3,0.0,19.7,0.77,46.45,-14.81,3.66,-5.23,1.74,-0.53,-0.01,-2.43,-4.7,-4.18,-4.18,-8.94,-7.84,-8.0,-6.22,True,-5.23,-3.46,True,2020Q2
MSN,2020-07-24,WATCH,42.4,42.4,0.0,18.9,0.78,39.57,0.0,71.17,-5.0,7.56,4.97,5.53,9.6,0.22,2.24,71.17,52.24,56.31,71.17,56.31,False,71.17,56.31,False,2020Q3
MSN,2020-07-27,PANIC70_ANY,73.4,73.4,0.0,15.6,0.8,40.46,-2.0,69.8,-5.0,8.01,2.82,3.87,7.19,-3.92,-1.65,67.4,48.04,51.98,67.4,51.98,False,67.4,51.98,False,2020Q3
MSN,2021-02-01,WATCH,55.2,55.2,20.0,30.1,0.96,67.15,-2.44,35.96,-5.0,8.16,0.64,0.96,5.73,-6.32,-5.81,15.85,-3.91,-3.08,15.85,-3.08,False,15.85,-3.08,False,2021Q1
MSN,2022-01-11,WATCH,46.5,46.5,10.0,20.6,1.07,120.36,-7.83,13.4,-5.0,1.37,4.48,4.71,8.66,8.46,8.44,3.67,4.81,4.9,3.67,4.9,False,-5.0,-2.38,True,2022Q1
MSN,2022-03-11,WATCH,42.6,42.6,0.0,24.0,1.06,117.63,-27.68,9.71,-5.0,1.97,-0.47,-0.61,5.82,6.1,6.12,0.0,10.38,10.98,-8.0,7.97,True,-5.0,3.55,True,2022Q1
MSN,2022-05-12,WATCH,48.1,48.1,0.0,25.4,0.96,102.35,-16.88,17.84,-5.0,4.55,4.09,4.11,13.48,9.51,9.65,2.1,0.67,0.72,-14.65,-14.13,True,-14.65,-14.13,True,2022Q2
MSN,2022-09-29,WATCH,40.5,40.5,0.0,8.3,1.07,98.2,-29.63,12.02,-5.0,-17.01,-9.9,-9.4,-14.56,-6.69,-6.14,-3.26,5.25,5.84,-8.0,-4.1,True,-5.19,-1.64,True,2022Q3
MSN,2022-10-11,PANIC70_ANY,75.8,75.8,15.0,2.6,1.1,81.4,-15.11,35.14,-10.91,-1.72,-7.08,-7.59,6.88,8.92,9.11,22.24,17.29,16.82,-8.0,-9.49,True,-10.91,-8.74,True,2022Q4
MSN,2023-02-27,WATCH,48.1,48.1,0.0,20.7,1.04,82.0,-14.63,4.63,-5.0,-4.51,-5.49,-5.54,-5.37,-7.95,-8.06,-12.2,-15.7,-15.85,-8.0,-7.94,True,-5.0,-4.7,True,2023Q1
MSN,2023-09-25,WATCH,48.7,48.7,0.0,23.3,1.26,70.3,-20.34,11.95,-5.0,5.26,8.12,8.84,-4.84,-0.92,0.08,-11.52,-6.77,-5.56,-8.0,2.41,True,-5.0,1.88,True,2023Q3
MSN,2023-10-26,WATCH,58.3,58.3,0.0,23.2,1.24,62.0,-9.68,11.77,-5.0,3.06,1.42,1.03,-0.32,-3.74,-4.57,9.19,-2.46,-5.28,-8.0,-4.34,True,-5.0,-1.34,True,2023Q4
MSN,2024-04-16,WATCH,40.1,40.1,0.0,21.1,1.24,66.4,-2.86,20.93,-5.0,2.56,3.91,4.23,14.16,9.6,8.52,11.45,6.56,5.4,11.45,5.4,False,11.45,5.4,False,2024Q2
MSN,2025-04-03,WATCH,64.6,64.6,0.0,13.0,1.06,57.2,-12.06,35.31,-5.0,4.9,-2.19,-2.61,10.14,0.61,0.04,30.24,11.04,9.9,-12.06,-6.12,True,-12.06,-6.12,True,2025Q2
MSN,2025-04-04,PANIC70_ANY,83.6,83.6,0.0,10.7,1.09,55.1,-8.71,40.47,-5.0,6.17,1.51,1.09,13.97,5.95,5.21,35.39,17.16,15.49,35.39,15.49,False,35.39,15.49,False,2025Q2
MSN,2026-03-09,WATCH,60.3,60.3,0.0,24.7,0.9,69.0,-4.2,19.57,-5.0,9.28,6.53,6.79,8.84,8.06,8.13,5.94,-4.53,-3.52,5.94,-3.52,False,5.94,-3.52,False,2026Q1
MSN,2026-07-07,WATCH,50.0,50.0,0.0,18.0,0.87,68.4,-9.8,6.73,-5.0,-0.58,2.95,2.48,-1.75,2.09,1.58,4.24,9.34,8.66,-8.0,-1.05,True,-5.0,-0.12,True,2026Q3
MSN,2019-12-25,ENTRY_V2_LOOSE,17.9,74.1,40.0,35.5,1.13,44.51,-15.64,5.64,-10.98,4.54,4.07,4.01,-8.92,-6.42,-6.1,-10.38,17.16,20.67,-8.0,-7.87,True,-15.1,-11.28,True,2019Q4
MSN,2020-08-03,ENTRY_V2_LOOSE,0.0,73.4,45.0,38.2,0.81,43.05,-2.25,67.29,-9.59,2.62,0.17,0.64,2.62,-5.74,-4.13,61.65,49.72,52.02,61.65,52.02,False,61.65,52.02,False,2020Q3
MSN,2020-08-04,ENTRY_V2,,73.4,65.0,44.6,0.81,43.29,-2.8,66.37,-10.14,1.32,-1.03,-0.58,3.56,-5.68,-3.93,57.01,45.95,48.04,57.01,48.04,False,57.01,48.04,False,2020Q3
MSN,2022-10-18,ENTRY_V2_LOOSE,56.5,77.3,45.0,17.7,1.08,82.5,-16.24,33.33,-12.0,-5.45,1.28,1.81,10.18,21.65,22.56,13.09,13.91,13.97,-8.0,-3.41,True,-12.0,-4.0,True,2022Q4
MSN,2025-04-18,ENTRY_V2_LOOSE,19.7,85.2,45.0,34.1,1.14,58.0,-6.72,35.17,-12.0,7.76,7.23,7.16,10.34,2.69,1.58,31.38,9.29,6.1,31.38,6.1,False,31.38,6.1,False,2025Q2
MSN,2025-04-22,ENTRY_V2,15.0,85.2,60.0,38.1,1.13,59.7,-2.35,35.68,-12.0,4.69,2.68,2.41,6.87,-2.75,-4.03,29.82,7.65,4.69,29.82,4.69,False,29.82,4.69,False,2025Q2
MSN,2019-01-02,CONTROL_RSI,26.5,26.5,,26.2,1.24,63.85,-4.31,16.6,-5.0,1.64,0.69,0.45,-1.52,-3.86,-4.43,11.28,0.36,-2.29,11.28,-2.29,False,11.28,-2.29,False,2019Q1
MSN,2019-03-15,CONTROL_RSI,30.1,30.1,,20.9,1.16,70.0,-5.09,5.89,-5.0,-4.97,-1.58,-1.04,1.5,4.18,4.62,-2.66,2.37,3.18,-2.66,3.18,False,-5.0,-1.06,True,2019Q1
MSN,2019-06-10,CONTROL_RSI,14.5,14.5,,30.2,1.0,70.16,-16.03,0.11,-5.0,-5.42,-3.5,-3.51,-2.88,-3.57,-3.56,-13.5,-15.08,-15.07,-8.0,-8.04,True,-5.0,-3.1,True,2019Q2
MSN,2019-07-16,CONTROL_RSI,7.2,7.2,,32.6,1.02,65.3,-9.79,0.75,-5.0,0.0,-0.71,-0.72,-6.31,-5.03,-5.0,-4.58,-5.18,-5.19,-8.0,-6.38,True,-5.82,-5.91,True,2019Q3
MSN,2019-08-13,CONTROL_RSI,30.0,30.0,,20.7,1.02,61.9,-3.65,5.9,-5.79,0.66,-1.23,-1.27,0.4,0.38,0.38,0.0,-4.93,-5.04,0.0,-5.04,False,0.0,-5.04,False,2019Q3
MSN,2019-10-08,CONTROL_RSI,20.0,20.0,,28.3,1.1,62.23,-34.73,2.33,-5.0,1.17,0.5,0.43,-1.17,-4.93,-5.3,-25.89,-23.75,-23.53,-8.0,-6.88,True,-5.08,-5.09,True,2019Q4
MSN,2019-11-21,CONTROL_RSI,19.4,19.4,,28.5,1.14,58.75,-35.81,0.41,-5.0,-3.59,-1.38,-1.06,-24.24,-20.58,-20.06,-29.62,-20.61,-19.33,-8.0,-3.48,True,-5.0,-2.43,True,2019Q4
MSN,2019-12-24,CONTROL_RSI,36.4,36.4,,30.9,1.12,44.34,-15.31,6.04,-10.66,4.01,3.13,3.03,-8.57,-8.72,-8.73,-10.58,16.97,20.18,-8.0,-8.16,True,-14.77,-11.27,True,2019Q4
MSN,2020-01-22,CONTROL_RSI,19.5,19.5,,28.5,0.99,42.08,-10.77,20.2,-5.0,-4.04,-0.29,-0.32,-4.42,3.45,3.37,14.42,34.78,34.59,-10.19,-5.42,True,-10.19,-5.42,True,2020Q1
MSN,2020-03-26,CONTROL_RSI,33.2,33.2,,6.4,0.63,39.41,-1.04,35.12,-7.06,14.77,8.38,10.73,20.12,8.83,12.98,17.46,-6.68,2.19,17.46,2.19,False,17.46,2.19,False,2020Q1
MSN,2020-06-11,CONTROL_RSI,20.6,20.6,,30.3,0.76,46.12,-14.2,4.4,-5.0,0.0,-3.17,-2.42,-0.17,-3.66,-2.83,-4.21,-9.72,-8.4,-8.0,-6.85,True,-5.0,-3.87,True,2020Q2
MSN,2020-07-22,CONTROL_RSI,17.5,17.5,,29.2,0.78,43.86,-9.78,52.94,-5.0,-8.12,-1.82,-3.23,-4.06,-3.27,-3.45,47.61,37.27,39.58,-9.78,-3.45,True,-9.78,-3.45,True,2020Q3
MSN,2020-11-27,CONTROL_RSI,30.0,30.0,,19.8,1.05,66.44,-1.96,21.03,-5.0,4.74,2.95,2.86,1.57,-6.29,-6.67,12.04,-5.23,-6.06,12.04,-6.06,False,12.04,-6.06,False,2020Q4
MSN,2020-12-25,CONTROL_RSI,30.0,30.0,,24.6,1.0,67.97,-3.62,18.3,-5.0,7.59,4.1,4.1,15.05,11.24,11.23,6.62,-1.79,-1.79,6.62,-1.79,False,6.62,-1.79,False,2020Q4
MSN,2021-01-29,CONTROL_RSI,36.8,36.8,,33.9,0.94,70.34,-6.87,29.8,-8.96,-0.34,-2.86,-2.69,1.75,-8.82,-8.14,11.29,-7.07,-5.88,11.29,-5.88,False,11.29,-5.88,False,2021Q1
MSN,2021-03-09,CONTROL_RSI,3.3,3.3,,33.9,0.98,71.0,-3.46,33.21,-7.86,1.49,-0.42,-0.39,8.18,1.44,1.54,20.52,3.77,4.04,20.52,4.04,False,20.52,4.04,False,2021Q1
MSN,2021-06-09,CONTROL_RSI,14.1,14.1,,30.3,1.02,85.16,-0.96,37.22,-5.0,-0.96,-2.99,-3.03,16.18,13.05,12.99,27.14,26.13,26.11,27.14,26.11,False,27.14,26.11,False,2021Q2
MSN,2021-08-23,CONTROL_RSI,6.6,6.6,,32.8,1.02,104.89,0.0,22.13,-5.0,6.3,3.79,3.74,14.17,10.02,9.94,16.53,3.37,3.12,16.53,3.12,False,16.53,3.12,False,2021Q3
MSN,2022-01-19,CONTROL_RSI,38.4,38.4,,15.9,0.97,124.08,-10.6,10.0,-10.78,-5.34,-7.54,-7.48,6.33,2.45,2.57,-1.35,2.8,2.68,-8.0,-8.49,True,-1.35,2.68,False,2022Q1
MSN,2022-03-09,CONTROL_RSI,1.0,1.0,,34.7,1.05,128.8,-33.95,1.67,-5.0,-11.37,-9.77,-9.68,-3.02,-4.18,-4.24,-9.13,3.92,4.63,-8.67,-5.91,True,-8.67,-5.91,True,2022Q1
MSN,2022-04-25,CONTROL_RSI,2.0,2.0,,34.9,1.0,115.85,-26.57,6.34,-5.0,1.97,-3.89,-3.87,-6.94,-5.63,-5.63,-8.93,-2.17,-2.19,-8.0,-4.39,True,-5.0,-5.63,True,2022Q2
MSN,2022-07-07,CONTROL_RSI,10.3,10.3,,31.8,1.17,103.5,-12.66,13.04,-5.63,-2.22,-2.62,-2.69,0.97,-5.69,-6.81,-12.56,-4.35,-2.97,-8.0,0.76,True,-6.28,2.48,True,2022Q3
MSN,2022-09-23,CONTROL_RSI,11.6,11.6,,31.1,1.07,107.2,-35.54,2.61,-5.0,-12.31,-3.89,-3.3,-32.09,-15.21,-14.04,-11.38,1.09,1.96,-8.4,-3.5,True,-5.0,0.44,True,2022Q3
MSN,2022-10-26,CONTROL_RSI,10.5,10.5,,34.8,1.12,78.7,-2.16,39.77,-12.0,8.51,6.0,5.69,13.09,17.82,18.41,31.77,19.47,17.95,31.77,17.95,False,31.77,17.95,False,2022Q4
MSN,2022-12-22,CONTROL_RSI,17.2,17.2,,29.3,1.01,92.5,-19.57,14.59,-5.0,0.54,2.16,2.17,10.27,2.56,2.51,-17.08,-19.87,-19.89,-8.0,-9.56,True,-5.0,-7.95,True,2022Q4
MSN,2023-02-14,CONTROL_RSI,5.0,5.0,,33.3,1.02,92.0,-23.37,3.04,-5.0,-1.09,-2.74,-2.77,-7.93,-10.35,-10.4,-19.46,-22.21,-22.27,-8.8,-7.23,True,-5.0,-6.63,True,2023Q1
MSN,2023-03-30,CONTROL_RSI,5.7,5.7,,33.1,1.05,79.2,-11.62,1.64,-5.15,-2.02,-2.94,-2.98,-7.7,-6.68,-6.62,-2.78,-10.17,-10.56,-8.0,-5.5,True,-5.15,-3.3,True,2023Q1
MSN,2023-04-27,CONTROL_RSI,17.4,17.4,,29.8,1.0,72.7,-3.71,17.19,-5.0,1.24,-0.21,-0.22,-0.96,-4.03,-4.05,16.37,1.25,1.18,16.37,1.18,False,16.37,1.18,False,2023Q2
MSN,2023-06-01,CONTROL_RSI,1.4,1.4,,34.5,0.97,72.0,-0.28,24.17,-5.0,6.25,4.1,4.17,4.44,1.12,1.23,10.69,1.55,1.84,10.69,1.84,False,10.69,1.84,False,2023Q2
MSN,2023-06-30,CONTROL_RSI,1.2,1.2,,34.6,1.17,75.2,-6.52,18.88,-5.0,3.59,1.51,1.14,16.09,7.44,5.93,1.06,-1.45,-1.89,1.06,-1.89,False,-5.0,-7.88,True,2023Q2
MSN,2023-08-18,CONTROL_RSI,25.9,25.9,,29.6,1.05,78.3,-28.48,7.15,-5.0,3.07,0.97,0.86,1.79,-2.38,-2.6,-15.96,-11.33,-11.09,-8.0,-5.87,True,-5.0,-2.87,True,2023Q3
MSN,2023-09-22,CONTROL_RSI,14.0,14.0,,30.8,1.16,75.0,-25.33,4.93,-5.0,3.2,6.17,6.65,-12.0,-3.85,-2.52,-16.13,-7.84,-6.49,-8.0,0.52,True,-5.0,1.06,True,2023Q3
MSN,2023-10-20,CONTROL_RSI,30.3,30.3,,24.4,1.2,68.0,-17.65,1.91,-5.0,-14.71,-8.91,-7.73,-6.47,-6.21,-6.16,-1.32,-6.43,-7.47,-8.0,-2.44,True,-5.0,0.56,True,2023Q4
MSN,2024-02-15,CONTROL_RSI,14.6,14.6,,30.1,1.24,65.1,-0.92,25.35,-5.0,2.46,1.87,1.72,20.58,15.7,14.5,11.21,5.91,4.62,11.21,4.62,False,11.21,4.62,False,2024Q1
MSN,2024-03-27,CONTROL_RSI,12.1,12.1,,34.5,1.23,76.9,-16.12,4.42,-5.65,-4.55,-2.63,-2.2,-12.61,-6.16,-4.68,-3.77,-1.31,-0.75,-8.0,-0.74,True,-5.65,-2.05,True,2024Q1
MSN,2024-06-24,CONTROL_RSI,3.3,3.3,,33.9,1.19,74.2,-5.53,7.28,-5.0,2.83,1.71,1.51,-4.31,-2.4,-2.05,0.27,-0.96,-1.19,0.27,-1.19,False,-5.0,-6.76,True,2024Q2
MSN,2024-07-22,CONTROL_RSI,25.7,25.7,,26.4,1.16,72.4,-3.18,13.67,-5.0,3.04,3.97,4.11,7.18,5.92,5.72,11.88,9.51,9.13,11.88,9.13,False,11.88,9.13,False,2024Q3
MSN,2024-09-13,CONTROL_RSI,15.6,15.6,,29.8,1.1,74.2,-6.87,10.92,-5.0,0.27,-1.13,-1.27,8.22,5.4,5.1,-1.35,-3.17,-3.36,-1.35,-3.36,False,-5.0,-2.01,True,2024Q3
MSN,2024-10-31,CONTROL_RSI,26.1,26.1,,26.3,1.1,76.1,-16.29,0.39,-5.0,-4.99,-4.21,-4.14,-3.81,-2.87,-2.77,-10.64,-9.9,-9.83,-8.0,-4.06,True,-5.0,-4.14,True,2024Q4
MSN,2024-12-19,CONTROL_RSI,15.0,15.0,,30.0,1.08,70.5,-9.65,1.99,-5.0,-0.14,-1.7,-1.83,-7.09,-6.61,-6.57,-2.84,-8.79,-9.28,-8.0,-6.28,True,-5.0,-4.25,True,2024Q4
MSN,2025-01-17,CONTROL_RSI,6.5,6.5,,32.8,1.13,66.0,-23.79,8.94,-5.0,3.03,2.79,2.76,2.42,-1.94,-2.52,-11.06,-6.83,-6.27,-13.33,-9.77,True,-5.0,-3.17,True,2025Q1
MSN,2025-04-02,CONTROL_RSI,26.7,26.7,,26.1,1.13,63.0,-20.16,22.86,-5.0,-9.37,-5.4,-4.89,-3.33,-1.57,-1.33,19.37,10.59,9.44,-12.54,-0.09,True,-12.54,-0.09,True,2025Q2
MSN,2025-10-02,CONTROL_RSI,9.0,9.0,,32.0,1.12,81.2,-10.1,15.76,-5.0,3.57,-2.25,-2.96,-1.97,-1.26,-1.17,-7.27,-12.01,-12.59,-8.0,-8.04,True,-5.0,-5.82,True,2025Q4
MSN,2025-11-05,CONTROL_RSI,13.5,13.5,,30.8,1.04,80.1,-8.86,6.74,-9.34,-1.37,0.15,0.22,-0.25,-5.11,-5.32,4.62,-4.42,-4.82,-8.0,-7.38,True,4.62,-4.82,False,2025Q4
MSN,2025-12-12,CONTROL_RSI,6.4,6.4,,35.0,1.03,73.2,-9.7,16.8,-5.0,3.83,-2.56,-2.77,10.11,-4.99,-5.47,2.87,-1.26,-1.39,-8.0,-9.93,True,-6.83,-7.26,True,2025Q4
MSN,2026-02-25,CONTROL_RSI,2.5,2.5,,34.2,0.89,80.7,-18.09,2.23,-7.46,-6.69,-3.85,-4.18,-10.66,0.98,-0.35,-4.58,-5.81,-5.67,-8.0,-5.95,True,-7.46,-5.41,True,2026Q1
MSN,2026-05-27,CONTROL_RSI,14.7,14.7,,30.1,0.86,76.6,-19.45,0.39,-5.0,-3.39,-1.35,-1.64,-6.66,-6.3,-6.35,-11.1,-3.85,-4.87,-8.0,-6.8,True,-5.0,-2.67,True,2026Q2
MSN,2026-07-06,CONTROL_RSI,34.4,34.4,,23.4,0.87,70.4,-12.36,3.69,-5.0,-2.84,-0.99,-1.23,-2.84,0.61,0.16,0.43,6.02,5.29,-8.0,-3.41,True,-5.0,-3.1,True,2026Q3
MSN,2026-09-15,CONTROL_RSI,9.5,9.5,,31.8,0.81,67.4,-1.04,8.31,-5.0,3.56,4.18,4.06,,,,,,,6.82,9.22,False,6.82,9.22,False,2026Q3
MSN,2019-01-31,CONTROL_RANDOM,,,,35.6,1.21,63.12,-0.65,17.95,-5.0,8.59,4.32,3.41,15.13,7.1,5.38,12.44,8.6,7.78,12.44,7.78,False,12.44,7.78,False,2019Q1
MSN,2019-02-12,CONTROL_RANDOM,,,,53.5,1.22,66.6,-0.24,11.79,-6.75,4.49,0.97,0.21,8.14,0.91,-0.67,5.11,2.15,1.5,5.11,1.5,False,5.11,1.5,False,2019Q1
MSN,2019-02-28,CONTROL_RANDOM,,,,74.6,1.22,72.02,-7.75,2.92,-6.24,0.9,-0.56,-0.88,-5.28,-6.28,-6.5,-3.93,-3.75,-3.71,-3.93,-3.71,False,-6.75,-6.63,True,2019Q1
MSN,2019-03-07,CONTROL_RANDOM,,,,69.3,1.19,72.1,-7.85,2.8,-5.0,-2.91,-4.56,-4.87,-0.9,-1.04,-1.07,-4.38,-0.37,0.41,-4.38,0.41,False,-5.0,-6.74,True,2019Q1
MSN,2019-07-23,CONTROL_RANDOM,,,,33.5,1.06,64.66,-8.89,1.75,-7.23,0.12,0.26,0.27,-3.63,-3.77,-3.78,-3.63,-3.31,-3.29,-8.0,-6.1,True,-7.23,-4.33,True,2019Q3
MSN,2019-09-06,CONTROL_RANDOM,,,,35.0,1.1,59.64,-6.92,9.91,-5.0,5.57,3.99,3.84,3.79,2.91,2.83,-6.37,-4.81,-4.66,-6.37,-4.66,False,-5.0,-5.37,True,2019Q3
MSN,2019-09-25,CONTROL_RANDOM,,,,68.2,1.06,63.77,-30.97,1.4,-5.0,-1.02,-1.4,-1.42,-4.06,-4.56,-4.58,-29.45,-25.76,-25.56,-8.0,-7.91,True,-5.0,-4.45,True,2019Q3
MSN,2020-03-05,CONTROL_RANDOM,,,,55.9,0.95,41.11,-8.66,29.53,-7.63,-1.87,12.43,11.79,10.02,27.14,26.37,25.98,26.86,26.82,-8.0,4.86,True,-7.63,5.23,True,2020Q1
MSN,2020-07-21,CONTROL_RANDOM,,,,45.2,0.77,44.26,-10.6,51.56,-5.0,-9.78,-1.44,-3.37,-3.64,-2.29,-2.6,48.28,39.02,41.15,-10.6,-3.68,True,-5.0,-2.0,True,2020Q3
MSN,2020-10-26,CONTROL_RANDOM,,,,96.6,1.06,71.21,-9.66,12.81,-12.0,-4.55,-2.93,-2.84,-6.81,-11.54,-11.81,4.54,-14.8,-15.89,-8.0,-4.48,True,4.54,-15.89,False,2020Q4
MSN,2020-12-04,CONTROL_RANDOM,,,,57.7,1.07,70.0,-6.41,14.87,-8.77,-2.31,-6.19,-6.46,4.47,-6.09,-6.82,1.43,-12.01,-12.94,1.43,-12.94,False,1.43,-12.94,False,2020Q4
MSN,2021-01-08,CONTROL_RANDOM,,,,81.3,0.98,76.32,-14.16,5.36,-12.0,2.03,0.72,0.75,-8.15,-0.22,-0.41,-1.4,-7.86,-7.7,-8.48,4.18,True,-13.63,-3.68,True,2021Q1
MSN,2021-05-19,CONTROL_RANDOM,,,,67.7,1.04,89.26,-5.51,30.92,-12.0,0.92,-2.16,-2.27,-5.51,-13.05,-13.31,23.99,16.99,16.75,23.99,16.75,False,23.99,16.75,False,2021Q2
MSN,2021-06-18,CONTROL_RANDOM,,,,42.4,1.06,87.21,-1.41,37.22,-5.0,2.26,-0.09,-0.23,13.07,22.54,23.13,37.22,39.24,39.37,37.22,39.37,False,37.22,39.37,False,2021Q2
MSN,2021-08-06,CONTROL_RANDOM,,,,72.5,1.0,110.67,-5.22,13.81,-12.0,-0.37,-2.57,-2.57,-4.48,-3.9,-3.9,8.58,0.92,0.92,8.58,0.92,False,8.58,0.92,False,2021Q3
MSN,2021-08-26,CONTROL_RANDOM,,,,49.3,1.02,109.1,-3.41,18.7,-5.48,-1.74,-4.88,-4.95,2.95,0.02,-0.05,18.47,5.98,5.69,18.47,5.69,False,18.47,5.69,False,2021Q3
MSN,2021-11-08,CONTROL_RANDOM,,,,67.6,0.92,126.28,-10.32,14.63,-10.62,-0.59,-0.51,-0.52,-0.66,0.76,0.65,-3.97,-6.54,-6.34,-8.0,-7.07,True,-3.97,-6.34,False,2021Q4
MSN,2021-12-14,CONTROL_RANDOM,,,,50.0,0.92,129.05,-14.04,12.17,-8.38,8.97,8.86,8.87,-7.18,-8.54,-8.43,-11.54,-10.54,-10.62,-8.0,-9.25,True,-8.38,-9.63,True,2021Q4
MSN,2022-02-28,CONTROL_RANDOM,,,,65.2,1.07,129.87,-34.5,3.7,-5.89,1.15,2.5,2.6,-8.28,-8.53,-8.55,-15.92,-1.96,-0.92,-8.0,-6.03,True,-5.89,-3.92,True,2022Q1
MSN,2022-07-07,CONTROL_RANDOM,,,,31.8,1.17,103.5,-12.66,13.04,-5.63,-2.22,-2.62,-2.69,0.97,-5.69,-6.81,-12.56,-4.35,-2.97,-8.0,0.76,True,-6.28,2.48,True,2022Q3
MSN,2022-08-03,CONTROL_RANDOM,,,,69.6,1.12,110.0,-37.18,6.36,-8.03,-2.91,-2.88,-2.87,5.0,3.02,2.78,-22.27,-4.34,-2.25,-8.0,3.27,True,-8.03,3.24,True,2022Q3
MSN,2022-12-20,CONTROL_RANDOM,,,,36.4,1.02,94.7,-21.44,11.93,-5.17,-1.8,-0.08,-0.05,7.71,0.48,0.34,-16.58,-17.72,-17.74,-8.0,-10.0,True,-5.17,-7.33,True,2022Q4
MSN,2023-10-09,CONTROL_RANDOM,,,,38.1,1.19,74.0,-24.32,0.41,-6.86,-4.05,-2.13,-1.77,-16.22,-10.68,-9.63,-6.89,-6.94,-6.95,-8.0,-3.82,True,-6.86,-2.67,True,2023Q4
MSN,2023-10-31,CONTROL_RANDOM,,,,16.7,1.19,58.2,-2.06,19.07,-6.09,9.62,1.42,-0.15,8.08,0.9,-0.46,14.78,1.04,-1.58,14.78,-1.58,False,14.78,-1.58,False,2023Q4
MSN,2023-11-01,CONTROL_RANDOM,,,,21.7,1.2,60.5,-1.16,14.55,-9.75,3.8,-2.42,-3.64,0.0,-4.34,-5.19,8.76,-3.36,-5.72,8.76,-5.72,False,8.76,-5.72,False,2023Q4
MSN,2023-12-08,CONTROL_RANDOM,,,,57.6,1.21,66.8,-7.49,21.41,-11.71,-5.84,-2.64,-1.97,-1.05,-3.77,-4.34,17.81,7.43,5.23,17.81,5.23,False,17.81,5.23,False,2023Q4
MSN,2024-04-26,CONTROL_RANDOM,,,,36.3,1.21,67.8,-1.03,18.44,-6.43,5.31,2.3,1.66,13.86,9.39,8.45,4.72,2.98,2.62,4.72,2.62,False,4.72,2.62,False,2024Q2
MSN,2024-05-15,CONTROL_RANDOM,,,,67.8,1.19,72.9,-3.84,10.15,-9.36,3.98,2.67,2.42,7.82,4.89,4.33,2.19,6.64,7.49,2.19,7.49,False,2.19,7.49,False,2024Q2
MSN,2024-06-06,CONTROL_RANDOM,,,,58.8,1.21,78.5,-10.7,2.29,-8.67,-0.64,0.07,0.22,-2.29,-1.83,-1.73,-2.55,-2.15,-2.06,-8.0,-6.08,True,-8.67,-6.75,True,2024Q2
MSN,2024-07-10,CONTROL_RANDOM,,,,56.9,1.18,77.2,-9.2,3.11,-5.53,-7.77,-6.48,-6.25,-3.5,2.92,4.06,-3.11,-1.47,-1.17,-8.0,-5.95,True,-5.53,-3.48,True,2024Q3
MSN,2024-08-30,CONTROL_RANDOM,,,,56.2,1.08,75.3,-8.23,9.3,-5.0,-0.27,1.16,1.28,0.93,-0.36,-0.47,-3.45,-1.14,-0.95,-8.0,-3.33,True,-5.0,-3.21,True,2024Q3
MSN,2024-09-06,CONTROL_RANDOM,,,,54.5,1.08,75.8,-8.84,8.58,-5.0,-3.83,-1.42,-1.23,-1.32,-1.33,-1.33,-4.22,-2.76,-2.64,-8.0,-3.52,True,-5.0,-3.34,True,2024Q3
MSN,2025-03-12,CONTROL_RANDOM,,,,55.9,1.16,68.7,-26.78,4.66,-5.0,-0.44,0.44,0.59,-16.89,-8.41,-7.02,-5.68,-4.15,-3.89,-8.3,0.93,True,-8.3,0.93,True,2025Q1
MSN,2025-03-20,CONTROL_RANDOM,,,,53.9,1.13,68.6,-26.68,3.06,-5.0,-0.15,0.35,0.41,-15.31,-6.47,-5.34,-1.6,-3.72,-3.99,-8.16,-0.14,True,-8.16,-0.14,True,2025Q1
MSN,2025-08-04,CONTROL_RANDOM,,,,48.4,1.13,74.0,-0.68,27.03,-6.08,12.97,9.03,8.53,14.59,4.96,3.75,7.16,-0.75,-1.74,7.16,-1.74,False,7.16,-1.74,False,2025Q3
MSN,2025-10-06,CONTROL_RANDOM,,,,35.2,1.09,83.3,-12.36,12.85,-5.79,-0.96,-4.32,-4.62,-3.96,-0.91,-0.64,-7.68,-11.38,-11.72,-8.0,-5.41,True,-5.79,-3.2,True,2025Q4
MSN,2025-10-10,CONTROL_RANDOM,,,,61.0,1.05,83.6,-12.68,12.44,-5.99,-2.03,3.82,4.12,-9.09,-0.02,0.45,-6.22,-13.32,-13.68,-8.0,-3.48,True,-5.99,-1.47,True,2025Q4
MSN,2026-04-22,CONTROL_RANDOM,,,,65.6,0.88,79.2,-18.56,4.04,-5.0,-3.28,-3.63,-3.59,-2.78,-3.63,-3.52,-18.06,-10.68,-11.59,-8.0,-5.69,True,-5.0,-7.11,True,2026Q2
MSN,2026-04-23,CONTROL_RANDOM,,,,65.6,0.88,79.0,-19.62,4.3,-5.0,-0.76,-1.72,-1.6,-3.16,-3.23,-3.22,-19.11,-8.19,-9.53,-8.0,-5.46,True,-5.0,-6.87,True,2026Q2
MSN,2026-05-08,CONTROL_RANDOM,,,,63.2,0.87,80.8,-23.64,0.0,-7.11,-5.32,-5.79,-5.73,-12.38,-5.69,-6.57,-15.59,-7.46,-8.53,-8.0,-4.63,True,-7.11,-6.85,True,2026Q2
GAS,2020-01-31,WATCH,60.8,60.8,0.0,14.9,1.09,51.19,-36.59,5.06,-5.0,2.13,0.59,0.45,-7.05,-3.54,-3.23,-26.12,-9.82,-8.35,-8.0,-5.84,True,-5.0,-6.11,True,2020Q1
GAS,2020-02-28,WATCH,55.3,55.3,20.0,17.7,1.1,45.53,-28.71,9.66,-5.0,-4.63,0.25,0.74,-27.78,-3.18,-0.71,-2.24,-0.3,-0.11,-11.25,-6.12,True,-11.25,-6.12,True,2020Q1
GAS,2020-03-10,PANIC70_ANY,89.5,89.5,20.0,16.9,1.08,42.46,-23.55,12.76,-6.84,-17.73,-6.37,-5.5,-4.97,4.89,5.65,12.06,5.37,4.86,-21.55,-11.12,True,-21.55,-11.12,True,2020Q1
GAS,2020-03-30,WATCH,50.0,50.0,45.0,31.3,1.06,34.75,-6.42,37.78,-9.67,8.66,-3.03,-3.71,9.87,-4.97,-5.84,25.12,-2.09,-3.68,25.12,-3.68,False,25.12,-3.68,False,2020Q1
GAS,2021-01-27,WATCH,46.7,46.7,15.0,16.5,1.05,46.75,-2.03,29.73,-5.0,9.45,2.69,2.38,22.84,10.67,10.12,12.58,-6.67,-7.54,12.58,-7.54,False,12.58,-7.54,False,2021Q1
GAS,2021-01-28,PANIC70_ANY,72.1,72.1,0.0,13.0,1.04,46.44,-1.38,30.6,-5.0,10.47,-2.41,-2.88,25.84,8.78,8.15,16.32,-9.53,-10.48,16.32,-10.48,False,16.32,-10.48,False,2021Q1
GAS,2021-04-12,WATCH,49.6,49.6,25.0,24.7,0.99,55.34,-8.89,14.82,-5.0,0.47,0.01,0.01,-3.99,-4.3,-4.3,7.99,1.28,1.35,-8.0,-4.65,True,-5.0,-1.34,True,2021Q2
GAS,2021-11-22,WATCH,47.5,47.5,0.0,23.4,1.15,66.8,-11.21,17.56,-5.0,-4.1,-6.26,-6.58,-8.29,-10.47,-10.8,14.15,9.65,8.97,-8.0,-5.32,True,-5.0,-4.69,True,2021Q4
GAS,2022-07-06,WATCH,65.0,65.0,0.0,24.8,1.09,63.0,-1.6,27.51,-5.0,4.98,2.09,1.85,15.83,6.67,5.89,13.7,19.14,19.61,13.7,19.61,False,13.7,19.61,False,2022Q3
GAS,2023-04-04,WATCH,47.6,47.6,0.0,24.4,0.7,68.89,-10.99,0.0,-5.0,-3.02,-2.13,-2.4,-9.52,-7.15,-7.86,-8.65,-12.96,-11.66,-8.0,-5.56,True,-5.0,-3.36,True,2023Q2
GAS,2023-10-26,WATCH,58.0,58.0,0.0,27.7,0.8,63.68,-3.0,5.5,-5.0,3.39,1.75,2.07,1.3,-2.11,-1.44,-0.27,-11.92,-9.64,-0.27,-9.64,False,-0.27,-9.64,False,2023Q4
GAS,2025-04-03,WATCH,62.7,62.7,0.0,24.0,0.8,53.24,-12.72,26.47,-5.0,1.71,-5.37,-3.99,5.5,-4.03,-2.17,13.75,-5.45,-1.71,-12.72,-8.2,True,-12.72,-8.2,True,2025Q2
GAS,2025-04-04,PANIC70_ANY,86.6,86.6,0.0,14.3,0.86,51.23,-9.29,31.43,-5.0,3.92,-0.73,-0.08,9.1,1.07,2.19,18.56,0.34,2.88,18.56,2.88,False,18.56,2.88,False,2025Q2
GAS,2025-10-15,WATCH,40.8,40.8,0.0,20.3,0.62,57.14,-4.76,74.33,-5.0,1.7,6.09,4.4,6.98,14.52,11.63,64.96,58.57,61.02,64.96,61.02,False,64.96,61.02,False,2025Q4
GAS,2026-03-23,WATCH,65.0,65.0,0.0,21.8,0.76,79.69,-10.98,16.46,-8.89,-4.52,-7.48,-6.76,-4.03,-16.76,-13.67,-0.98,-13.17,-10.2,-8.0,-19.61,True,-8.89,-20.5,True,2026Q1
GAS,2026-07-21,WATCH,51.3,51.3,20.0,28.3,0.75,66.08,-5.3,36.77,-5.0,-0.14,1.29,0.93,23.09,23.25,23.21,,,,20.01,18.72,False,20.01,18.72,False,2026Q3
GAS,2020-03-20,ENTRY_V2_LOOSE,76.1,92.7,40.0,18.9,1.03,33.25,-2.38,44.0,-5.0,-1.11,3.57,3.72,16.84,6.47,6.13,30.77,7.67,6.92,30.77,6.92,False,30.77,6.92,False,2020Q1
GAS,2020-04-06,ENTRY_V2,,76.1,80.0,55.8,1.09,38.48,-4.83,24.43,-12.0,4.86,1.85,1.57,7.54,0.61,-0.01,10.34,-2.73,-3.92,10.34,-3.92,False,10.34,-3.92,False,2020Q2
GAS,2021-02-17,ENTRY_V2,,72.1,85.0,49.1,1.03,55.91,-9.37,8.48,-12.0,0.79,0.07,0.05,3.74,-0.05,-0.16,-7.33,-15.59,-15.83,-8.0,-13.57,True,-7.33,-15.83,False,2021Q1
GAS,2021-02-19,ENTRY_V2_LOOSE,,71.8,45.0,55.9,1.04,55.6,-8.87,9.08,-12.0,4.42,3.35,3.31,2.84,1.06,1.0,-8.18,-17.1,-17.43,-8.0,-12.08,True,-8.18,-17.43,False,2021Q1
GAS,2019-01-02,CONTROL_RSI,18.2,18.2,,29.7,1.54,49.93,-4.75,23.81,-6.32,5.55,4.59,4.07,1.5,-0.84,-2.11,19.45,8.53,2.63,19.45,2.63,False,19.45,2.63,False,2019Q1
GAS,2019-01-30,CONTROL_RSI,8.4,8.4,,32.2,1.52,51.6,-1.78,31.09,-5.0,3.47,-0.1,-1.96,15.21,7.11,2.9,24.36,20.91,19.12,24.36,19.12,False,24.36,19.12,False,2019Q1
GAS,2019-06-03,CONTROL_RSI,20.4,20.4,,31.0,1.33,59.7,-3.85,10.94,-5.0,2.56,0.82,0.25,2.46,0.73,0.17,0.49,-2.81,-3.89,0.49,-3.89,False,0.49,-3.89,False,2019Q2
GAS,2019-08-06,CONTROL_RSI,9.8,9.8,,31.7,1.31,60.58,-4.08,6.87,-5.0,-1.95,-2.13,-2.18,-0.08,-1.08,-1.39,2.89,-0.38,-1.41,2.89,-1.41,False,2.89,-1.41,False,2019Q3
GAS,2019-09-11,CONTROL_RSI,24.6,24.6,,26.8,1.44,59.62,-2.52,10.11,-5.0,4.86,2.32,1.22,2.13,0.59,-0.08,-1.01,-0.07,0.34,-1.01,0.34,False,-1.01,0.34,False,2019Q3
GAS,2019-10-17,CONTROL_RSI,6.0,6.0,,33.0,1.53,61.31,-8.16,7.08,-5.0,0.69,0.22,-0.02,6.08,4.27,3.3,-6.38,-3.74,-2.34,-8.0,-3.21,True,-5.0,0.05,True,2019Q4
GAS,2019-11-25,CONTROL_RSI,0.4,0.4,,34.9,1.32,62.52,-23.32,0.0,-5.0,-6.37,-4.02,-3.27,-7.23,-5.44,-4.87,-23.03,-14.8,-12.18,-8.0,-5.93,True,-5.0,-2.7,True,2019Q4
GAS,2019-12-24,CONTROL_RSI,1.9,1.9,,34.4,1.18,58.24,-44.27,2.37,-5.0,-2.18,-3.07,-3.23,-4.86,-5.01,-5.03,-39.3,-11.75,-6.7,-8.0,-5.34,True,-5.89,-6.06,True,2019Q4
GAS,2020-02-06,CONTROL_RSI,33.0,33.0,,27.3,1.18,51.73,-37.25,3.96,-7.7,3.03,3.16,3.18,-9.76,-4.74,-3.81,-20.12,-3.5,-0.45,-8.0,-2.94,True,-7.7,-2.63,True,2020Q1
GAS,2020-03-05,CONTROL_RSI,32.5,32.5,,22.6,1.12,46.98,-30.91,0.38,-5.22,-26.93,-12.62,-10.93,-19.24,-2.12,-0.09,0.0,0.88,0.98,-13.98,-7.51,True,-13.98,-7.51,True,2020Q1
GAS,2020-06-26,CONTROL_RSI,17.8,17.8,,29.1,1.12,43.36,-7.77,11.02,-5.0,0.55,-1.21,-1.41,-6.76,0.46,1.31,4.75,-2.33,-3.17,4.75,-3.17,False,-6.46,1.61,True,2020Q2
GAS,2020-07-27,CONTROL_RSI,37.5,37.5,,33.6,1.13,41.7,-4.1,16.5,-5.0,3.17,-2.03,-2.72,11.8,0.69,-0.79,9.54,-9.82,-12.39,9.54,-12.39,False,9.54,-12.39,False,2020Q3
GAS,2020-09-22,CONTROL_RSI,14.3,14.3,,30.2,1.24,45.8,-4.28,20.83,-5.0,-1.64,-1.22,-1.12,-0.26,-3.57,-4.36,18.36,0.98,-3.19,18.36,-3.19,False,18.36,-3.19,False,2020Q3
GAS,2020-10-28,CONTROL_RSI,5.0,5.0,,33.3,1.15,45.3,-3.22,32.08,-5.0,-0.29,-2.38,-2.69,16.18,6.67,5.25,20.77,-6.25,-10.26,20.77,-10.26,False,20.77,-10.26,False,2020Q4
GAS,2021-01-25,CONTROL_RSI,4.1,4.1,,34.8,1.03,53.57,-14.5,13.22,-6.97,-9.78,-2.1,-1.85,7.32,5.46,5.4,-3.42,-8.96,-9.15,-12.73,-0.22,True,-12.73,-0.22,True,2021Q1
GAS,2021-03-26,CONTROL_RSI,27.2,27.2,,30.9,1.01,57.05,-11.62,7.08,-6.16,-1.0,-6.68,-6.75,-9.75,-14.03,-14.08,6.08,-11.88,-12.1,-8.0,-11.99,True,-6.16,-12.99,True,2021Q1
GAS,2021-04-26,CONTROL_RSI,34.4,34.4,,21.6,1.01,51.49,-2.08,23.4,-5.0,4.18,1.15,1.11,-1.73,-9.12,-9.21,13.15,6.57,6.49,13.15,6.49,False,13.15,6.49,False,2021Q2
GAS,2021-08-20,CONTROL_RSI,21.7,21.7,,33.3,0.97,57.02,-2.84,46.76,-5.0,0.0,0.1,0.09,1.03,-0.56,-0.51,34.18,23.17,23.52,34.18,23.52,False,34.18,23.52,False,2021Q3
GAS,2021-11-18,CONTROL_RSI,11.3,11.3,,31.2,1.11,74.16,-20.02,5.1,-5.0,-10.37,-11.95,-12.12,-13.0,-13.68,-13.75,1.77,-1.02,-1.33,-9.92,-9.46,True,-9.92,-9.46,True,2021Q4
GAS,2022-03-25,CONTROL_RSI,5.4,5.4,,33.2,1.19,72.21,-15.16,20.94,-10.13,1.44,-0.86,-1.3,-1.62,8.38,10.29,5.41,25.65,29.51,-8.0,0.89,True,-10.13,1.78,True,2022Q1
GAS,2022-05-16,CONTROL_RSI,27.7,27.7,,31.2,1.06,61.91,-1.05,41.06,-5.0,11.37,5.44,5.09,32.64,26.98,26.65,21.11,12.99,12.52,21.11,12.52,False,21.11,12.52,False,2022Q2
GAS,2022-07-05,CONTROL_RSI,17.0,17.0,,33.6,1.06,66.68,-7.03,20.47,-5.0,-3.31,-3.89,-3.92,12.45,5.38,4.94,10.44,13.45,13.64,10.44,13.64,False,10.44,13.64,False,2022Q3
GAS,2022-09-19,CONTROL_RSI,9.9,9.9,,32.2,1.1,73.64,-7.82,9.08,-5.0,1.36,5.12,5.48,0.91,13.15,14.36,-4.01,9.58,10.91,-4.01,10.91,False,-5.0,1.2,True,2022Q3
GAS,2022-12-07,CONTROL_RSI,4.0,4.0,,34.2,0.88,72.37,-6.38,2.58,-6.09,-1.67,-1.68,-1.68,-3.15,-2.79,-2.84,-1.02,-0.81,-0.84,-1.02,-0.84,False,-6.09,-3.39,True,2022Q4
GAS,2023-03-29,CONTROL_RSI,12.6,12.6,,30.8,0.72,68.95,-11.07,0.88,-5.0,-1.45,-2.35,-2.1,-10.49,-8.44,-9.02,-6.5,-13.38,-11.42,-8.0,-6.66,True,-5.0,-4.49,True,2023Q1
GAS,2023-04-26,CONTROL_RSI,30.4,30.4,,18.7,0.75,62.66,-2.14,7.37,-5.0,0.54,-0.65,-0.35,-0.75,-4.27,-3.39,5.55,-9.28,-5.56,5.55,-5.56,False,5.55,-5.56,False,2023Q2
GAS,2023-08-18,CONTROL_RSI,24.3,24.3,,28.2,0.74,66.01,-4.79,17.59,-5.0,4.67,2.57,3.1,14.54,10.37,11.44,1.01,5.65,4.46,1.01,4.46,False,1.01,4.46,False,2023Q3
GAS,2023-10-05,CONTROL_RSI,23.3,23.3,,30.7,0.72,70.01,-11.77,4.87,-5.0,2.01,-1.53,-0.52,-5.96,-2.51,-3.49,-10.23,-11.55,-11.17,-8.0,-4.17,True,-7.5,-3.67,True,2023Q4
GAS,2023-11-03,CONTROL_RSI,10.7,10.7,,31.4,0.81,65.84,-6.18,2.04,-5.92,-0.12,-1.77,-1.46,-0.12,-3.66,-3.0,-3.4,-12.41,-10.72,-3.4,-10.72,False,-5.92,-6.98,True,2023Q4
GAS,2023-12-21,CONTROL_RSI,5.0,5.0,,33.3,0.83,62.35,-0.8,10.68,-5.0,0.8,-1.63,-1.22,1.86,-5.37,-4.13,7.35,-7.59,-5.03,7.35,-5.03,False,7.35,-5.03,False,2023Q4
GAS,2024-04-15,CONTROL_RSI,21.8,21.8,,29.1,0.97,63.43,-4.19,10.89,-5.0,-2.1,-1.03,-1.06,-0.27,-5.1,-4.95,2.76,-2.26,-2.1,2.76,-2.1,False,2.76,-2.1,False,2024Q2
GAS,2024-06-14,CONTROL_RSI,5.0,5.0,,33.3,0.87,65.76,-3.66,8.99,-5.0,-3.16,-0.98,-1.27,-0.88,-0.71,-0.73,5.82,8.07,7.77,5.82,7.77,False,5.82,7.77,False,2024Q2
GAS,2024-07-22,CONTROL_RSI,5.3,5.3,,33.2,0.85,64.18,-1.04,11.67,-5.0,0.12,1.05,0.92,9.6,8.34,8.52,1.92,-0.45,-0.11,1.92,-0.11,False,1.92,-0.11,False,2024Q3
GAS,2024-09-13,CONTROL_RSI,9.3,9.3,,31.9,0.82,67.69,-8.78,0.81,-5.0,-1.34,-2.74,-2.49,-1.48,-4.3,-3.79,-6.35,-8.18,-7.85,-8.0,-7.68,True,-5.0,-5.25,True,2024Q3
GAS,2024-10-16,CONTROL_RSI,15.1,15.1,,30.0,0.82,65.86,-7.5,0.43,-5.0,-1.38,0.59,0.23,-4.16,-0.2,-0.92,-7.36,-3.3,-4.04,-7.36,-4.04,False,-5.0,-2.66,True,2024Q4
GAS,2024-11-13,CONTROL_RSI,33.1,33.1,,24.0,0.75,63.3,-4.33,2.02,-5.0,-1.44,-0.19,-0.5,-1.01,-2.9,-2.44,-2.16,-4.76,-4.12,-2.16,-4.12,False,-2.16,-4.12,False,2024Q4
GAS,2024-12-16,CONTROL_RSI,19.3,19.3,,28.6,0.72,62.29,-2.78,2.65,-5.0,0.16,0.52,0.42,-1.89,0.38,-0.25,1.04,-3.68,-2.38,1.04,-2.38,False,1.04,-2.38,False,2024Q4
GAS,2025-01-14,CONTROL_RSI,18.1,18.1,,29.0,0.71,61.47,-24.4,4.02,-5.0,-0.59,-1.33,-1.12,2.23,-2.25,-0.97,-13.54,-12.23,-12.61,-13.39,-12.08,True,-5.5,-5.3,True,2025Q1
GAS,2025-03-11,CONTROL_RSI,0.2,0.2,,34.9,0.58,62.02,-25.07,3.1,-5.0,1.48,2.46,2.04,-19.91,-7.26,-12.62,-7.22,-5.62,-6.3,-14.16,-8.69,True,-6.34,-1.69,True,2025Q1
GAS,2025-04-15,CONTROL_RSI,24.9,24.9,,33.8,1.04,53.24,-6.71,26.47,-12.0,-1.2,-0.04,0.01,4.3,-1.49,-1.71,17.19,-2.82,-3.56,17.19,-3.56,False,17.19,-3.56,False,2025Q2
GAS,2025-07-11,CONTROL_RSI,18.6,18.6,,28.8,1.05,62.66,-6.94,4.39,-5.0,-1.45,-2.38,-2.43,2.78,-5.75,-6.16,-5.55,-20.94,-21.69,-5.55,-21.69,False,-5.0,-16.62,True,2025Q3
GAS,2025-08-29,CONTROL_RSI,1.3,1.3,,34.6,0.94,62.39,-12.77,1.55,-5.0,-3.59,-1.28,-1.41,-5.61,-4.6,-4.65,-3.43,-3.33,-3.33,-8.0,-12.26,True,-5.0,-3.85,True,2025Q3
GAS,2025-10-02,CONTROL_RSI,0.9,0.9,,34.7,0.74,58.5,-6.97,17.78,-5.0,1.16,-4.66,-3.17,2.32,3.04,2.85,17.11,12.36,13.58,17.11,13.58,False,-5.0,-4.33,True,2025Q4
GAS,2026-03-20,CONTROL_RSI,35.7,35.7,,29.8,0.76,76.29,-7.01,21.65,-5.0,2.92,0.93,1.42,0.89,-11.81,-8.73,4.19,-8.1,-5.11,4.19,-5.11,False,-5.0,-16.42,True,2026Q1
GAS,2026-06-23,CONTROL_RSI,13.5,13.5,,31.6,0.8,75.99,-17.65,18.94,-5.0,-0.25,0.07,0.0,-17.65,-6.72,-8.95,13.3,17.23,16.43,-8.0,-1.94,True,-5.0,-3.74,True,2026Q2
GAS,2026-07-23,CONTROL_RSI,14.6,14.6,,33.9,0.82,65.11,-1.34,38.81,-6.18,2.4,-0.73,-0.16,24.64,19.59,20.5,,,,21.79,18.1,False,21.79,18.1,False,2026Q3
GAS,2019-01-31,CONTROL_RANDOM,,,,32.6,1.52,50.96,-0.55,32.73,-5.0,6.46,2.19,-0.02,14.38,6.35,2.2,23.16,19.31,17.33,23.16,17.33,False,23.16,17.33,False,2019Q1
GAS,2019-03-25,CONTROL_RANDOM,,,,39.3,1.39,58.28,-3.02,16.06,-5.0,2.02,0.4,-0.23,13.33,12.63,12.35,5.56,6.3,6.59,5.56,6.59,False,5.56,6.59,False,2019Q1
GAS,2019-04-24,CONTROL_RANDOM,,,,76.5,1.33,66.05,-13.1,2.06,-8.74,-3.29,-1.36,-0.72,-3.83,-3.39,-3.24,-4.54,-5.89,-6.33,-8.81,-4.73,True,-8.81,-4.73,True,2019Q2
GAS,2019-07-18,CONTROL_RANDOM,,,,78.8,1.3,63.29,-8.18,4.65,-5.84,0.46,-1.1,-1.57,-6.15,-6.34,-6.4,-2.94,-4.52,-5.0,-8.0,-8.17,True,-5.86,-4.06,True,2019Q3
GAS,2019-07-22,CONTROL_RANDOM,,,,56.6,1.29,62.11,-6.44,6.63,-5.0,3.32,2.84,2.71,-2.37,-2.7,-2.8,-1.87,-3.2,-3.58,-1.87,-3.58,False,-5.0,-2.8,True,2019Q3
GAS,2020-01-20,CONTROL_RANDOM,,,,38.4,1.0,56.25,-42.29,2.15,-5.0,-12.2,-7.11,-7.1,-11.13,-4.06,-4.04,-32.02,-10.57,-10.5,-9.0,-3.8,True,-5.0,-0.67,True,2020Q1
GAS,2020-02-17,CONTROL_RANDOM,,,,34.1,1.15,52.4,-38.05,1.15,-9.06,-4.6,-1.95,-1.56,-31.26,-11.07,-8.1,-18.51,-7.01,-5.32,-8.0,-3.27,True,-9.06,-4.63,True,2020Q1
GAS,2020-05-08,CONTROL_RANDOM,,,,56.3,1.12,42.16,-5.15,13.57,-12.0,5.0,2.71,2.44,12.86,2.88,1.71,0.69,1.13,1.18,0.69,1.18,False,0.69,1.18,False,2020Q2
GAS,2020-10-28,CONTROL_RANDOM,,,,33.3,1.15,45.3,-3.22,32.08,-5.0,-0.29,-2.38,-2.69,16.18,6.67,5.25,20.77,-6.25,-10.26,20.77,-10.26,False,20.77,-10.26,False,2020Q4
GAS,2021-03-04,CONTROL_RANDOM,,,,71.6,1.02,58.31,-13.53,4.01,-7.28,-1.3,-2.8,-2.83,-2.16,-7.34,-7.46,-5.3,-20.47,-20.83,-8.0,-15.42,True,-7.28,-15.35,True,2021Q1
GAS,2021-06-30,CONTROL_RANDOM,,,,74.7,0.99,60.94,-9.09,5.76,-7.76,-0.54,2.11,2.1,-4.28,4.11,4.07,-3.76,2.41,2.38,-8.0,-3.96,True,-7.76,-3.72,True,2021Q2
GAS,2021-07-13,CONTROL_RANDOM,,,,50.7,1.04,59.63,-7.09,24.48,-8.63,-4.48,-2.42,-2.34,4.38,-0.27,-0.44,22.84,17.05,16.83,22.84,16.83,False,22.84,16.83,False,2021Q3
GAS,2021-08-16,CONTROL_RANDOM,,,,66.9,0.98,61.39,-9.76,36.31,-5.0,-8.7,-3.43,-3.55,-1.69,0.14,0.09,26.32,19.66,19.81,-8.0,-2.86,True,-5.0,-2.04,True,2021Q3
GAS,2021-10-06,CONTROL_RANDOM,,,,82.9,1.05,72.34,-18.01,15.68,-12.0,0.28,-1.85,-1.97,5.5,-0.77,-1.1,-12.61,-21.64,-22.12,-8.0,-14.52,True,-12.07,-21.49,True,2021Q4
GAS,2021-11-23,CONTROL_RANDOM,,,,29.5,1.15,69.54,-14.71,14.8,-6.99,-7.69,-9.17,-9.39,-10.79,-11.74,-11.89,11.52,9.39,9.07,-8.53,-10.19,True,-8.53,-10.19,True,2021Q4
GAS,2022-02-14,CONTROL_RANDOM,,,,65.1,1.13,75.6,-15.44,8.45,-12.0,0.42,-1.58,-1.84,-6.9,-5.47,-5.28,-13.8,5.96,8.55,-8.0,-5.88,True,-12.0,-10.37,True,2022Q1
GAS,2022-07-12,CONTROL_RANDOM,,,,37.6,1.06,64.94,-1.65,23.7,-6.99,6.17,4.41,4.31,14.32,7.24,6.83,5.14,16.86,17.55,5.14,17.55,False,5.14,17.55,False,2022Q3
GAS,2022-07-29,CONTROL_RANDOM,,,,73.5,1.1,71.97,-5.68,11.62,-11.89,3.25,-0.69,-1.08,9.3,4.19,3.69,0.46,18.3,20.05,0.46,20.05,False,0.46,20.05,False,2022Q3
GAS,2022-11-21,CONTROL_RANDOM,,,,52.2,0.88,74.38,-8.91,3.41,-7.19,0.81,-7.41,-6.46,-5.67,-12.94,-12.1,-3.7,-14.23,-13.01,-8.0,-14.38,True,-7.19,-13.57,True,2022Q4
GAS,2023-01-16,CONTROL_RANDOM,,,,51.5,0.77,68.95,-6.11,7.38,-5.0,3.21,-0.51,0.35,5.15,4.14,4.37,-6.02,-4.49,-4.85,-6.02,-4.85,False,-5.0,-3.74,True,2023Q1
GAS,2023-02-15,CONTROL_RANDOM,,,,58.7,0.76,71.23,-13.91,3.38,-5.0,-0.56,-0.8,-0.74,-1.7,-1.34,-1.43,-13.15,-14.56,-14.21,-8.0,-8.19,True,-5.0,-6.33,True,2023Q1
GAS,2023-02-27,CONTROL_RANDOM,,,,42.6,0.76,70.29,-12.76,3.34,-5.0,-0.47,-1.45,-1.21,-1.24,-3.82,-3.19,-10.76,-14.26,-13.41,-8.0,-9.56,True,-5.0,-7.77,True,2023Q1
GAS,2023-03-02,CONTROL_RANDOM,,,,46.0,0.75,70.9,-13.51,2.45,-5.0,1.03,-0.41,-0.04,-3.7,-6.25,-5.6,-12.37,-15.94,-15.04,-8.0,-9.13,True,-5.0,-6.96,True,2023Q1
GAS,2023-03-10,CONTROL_RANDOM,,,,42.4,0.75,71.63,-14.39,1.41,-5.01,-3.74,-1.46,-2.04,-7.01,-8.77,-8.32,-12.52,-17.72,-16.39,-8.0,-8.42,True,-5.01,-6.71,True,2023Q1
GAS,2023-10-12,CONTROL_RANDOM,,,,33.8,0.7,70.84,-12.8,3.29,-5.0,-2.23,1.0,0.04,-7.52,-3.74,-4.87,-9.75,-11.08,-10.68,-8.58,-3.09,True,-5.0,-2.73,True,2023Q4
GAS,2024-04-12,CONTROL_RANDOM,,,,45.5,0.97,66.51,-8.63,5.76,-5.0,-7.13,0.46,0.2,-5.26,-5.19,-5.19,-2.38,-2.9,-2.89,-8.0,-3.11,True,-5.0,1.15,True,2024Q2
GAS,2024-07-30,CONTROL_RANDOM,,,,32.2,0.84,64.43,-1.29,11.24,-5.0,2.58,5.11,4.7,8.27,5.55,5.99,0.67,0.24,0.31,0.67,0.31,False,0.67,0.31,False,2024Q3
GAS,2024-08-30,CONTROL_RANDOM,,,,54.5,0.82,69.09,-10.62,2.89,-5.0,0.72,2.15,1.89,-3.47,-4.77,-4.53,-8.25,-5.94,-6.36,-8.0,-6.35,True,-5.0,-5.97,True,2024Q3
GAS,2024-12-04,CONTROL_RANDOM,,,,46.5,0.75,62.84,-3.63,1.75,-5.0,-0.29,-2.34,-1.83,-1.02,-2.05,-1.79,-1.3,-8.09,-6.39,-1.3,-6.39,False,-1.3,-6.39,False,2024Q4
GAS,2024-12-11,CONTROL_RANDOM,,,,55.7,0.72,62.94,-3.78,1.16,-5.0,-0.44,0.83,0.48,-3.07,0.11,-0.77,-1.6,-5.96,-4.76,-1.6,-4.76,False,-1.6,-4.76,False,2024Q4
GAS,2025-01-09,CONTROL_RANDOM,,,,19.8,0.71,61.29,-24.18,4.32,-5.0,-0.29,-0.57,-0.49,1.04,-1.4,-0.69,-11.65,-11.31,-11.41,-13.13,-11.13,True,-5.22,-4.32,True,2025Q1
GAS,2025-06-24,CONTROL_RANDOM,,,,60.3,1.04,62.94,-5.35,3.92,-10.92,-3.5,-4.63,-4.68,0.29,-10.18,-10.65,-3.5,-24.65,-25.59,-3.5,-25.59,False,-3.5,-25.59,False,2025Q2
GAS,2025-06-30,CONTROL_RANDOM,,,,61.3,1.05,61.75,-3.84,5.93,-5.0,0.29,-2.42,-2.54,0.73,-7.64,-8.02,-2.59,-23.49,-24.43,-2.59,-24.43,False,-2.59,-24.43,False,2025Q2
GAS,2025-07-14,CONTROL_RANDOM,,,,44.3,1.05,62.39,-6.54,4.84,-5.0,-0.45,-2.87,-3.0,3.37,-5.75,-6.22,-5.15,-21.61,-22.45,-5.15,-22.45,False,-5.0,-18.4,True,2025Q3
GAS,2025-08-08,CONTROL_RANDOM,,,,69.6,0.99,64.31,-15.38,1.71,-5.48,-0.44,-3.29,-3.26,-6.47,-9.75,-9.73,-4.8,-8.82,-8.79,-8.0,-12.41,True,-5.48,-8.37,True,2025Q3
GAS,2025-10-30,CONTROL_RANDOM,,,,44.4,0.61,58.11,0.0,92.82,-7.54,5.2,9.42,7.77,6.02,4.74,5.24,92.82,83.19,86.96,92.82,86.96,False,92.82,86.96,False,2025Q4
GAS,2025-11-13,CONTROL_RANDOM,,,,63.2,0.56,61.13,-3.5,95.22,-6.27,-1.6,-3.29,-2.55,-2.55,-3.75,-3.22,71.21,63.43,66.84,71.21,66.84,False,71.21,66.84,False,2025Q4
GAS,2026-04-20,CONTROL_RANDOM,,,,52.6,0.78,77.06,-7.94,20.44,-5.98,-5.16,-5.29,-5.26,7.07,5.71,6.0,-3.91,-0.43,-1.18,-3.91,-1.18,False,-5.98,-6.99,True,2026Q2
GAS,2026-07-02,CONTROL_RANDOM,,,,22.1,0.83,75.22,-16.8,20.15,-5.0,-2.84,-0.77,-1.12,-11.37,-4.33,-5.52,9.01,14.29,13.4,-8.0,-1.92,True,-5.0,-4.16,True,2026Q3
GAS,2026-07-07,CONTROL_RANDOM,,,,23.3,0.77,72.69,-13.91,24.34,-5.0,3.74,7.28,6.46,-5.75,-1.91,-2.79,8.68,13.78,12.61,-8.0,-3.13,True,-5.0,-0.13,True,2026Q3
PLX,2019-10-04,WATCH,50.0,50.0,15.0,15.3,1.0,44.85,-6.38,4.64,-5.0,1.03,0.61,0.61,2.74,-0.59,-0.6,-3.46,-0.99,-0.98,-3.46,-0.98,False,-5.0,-2.04,True,2019Q4
PLX,2020-02-03,WATCH,63.7,63.7,0.0,25.1,0.96,40.05,-31.66,3.87,-6.04,1.95,1.38,1.41,-2.9,1.28,1.1,-18.05,-0.8,-1.53,-10.71,-1.03,True,-10.71,-1.03,True,2020Q1
PLX,2020-03-09,WATCH,55.2,55.2,10.0,19.6,1.01,33.29,-17.78,16.58,-5.0,-8.59,-0.23,-0.14,-6.07,2.02,2.11,14.99,6.09,6.0,-8.0,-2.46,True,-7.09,-1.55,True,2020Q1
PLX,2020-03-11,PANIC70_ANY,72.3,72.3,0.0,10.9,1.06,30.93,-11.51,26.64,-5.0,0.26,6.96,7.35,7.31,9.89,10.04,25.35,9.75,8.83,-9.25,-5.14,True,-9.25,-5.14,True,2020Q1
PLX,2020-07-27,WATCH,50.9,50.9,15.0,23.6,1.04,34.45,-3.08,26.73,-5.0,5.2,0.0,-0.19,19.16,8.05,7.63,17.82,-1.54,-2.27,17.82,-2.27,False,17.82,-2.27,False,2020Q3
PLX,2020-10-14,WATCH,43.5,43.5,25.0,18.6,1.03,41.42,-9.51,15.64,-5.0,-0.99,-1.48,-1.49,-2.61,-4.09,-4.13,12.63,-10.9,-11.59,-8.0,-8.72,True,-5.21,-2.36,True,2020Q4
PLX,2021-01-28,PANIC70_ANY,70.1,70.1,0.0,20.4,1.02,37.77,0.0,30.98,-5.0,14.72,1.84,1.53,27.48,10.42,10.01,11.86,-13.99,-14.62,11.86,-14.62,False,11.86,-14.62,False,2021Q1
PLX,2021-01-29,WATCH,63.5,63.5,15.0,23.9,1.03,40.68,-1.84,21.61,-9.32,6.12,3.61,3.53,19.17,8.61,8.29,3.66,-14.69,-15.25,3.66,-15.25,False,3.66,-15.25,False,2021Q1
PLX,2021-04-27,WATCH,42.3,42.3,0.0,9.0,0.9,40.51,-0.2,21.92,-5.0,3.9,2.13,2.31,12.29,4.08,4.88,5.01,1.03,1.42,5.01,1.42,False,5.01,1.42,False,2021Q2
PLX,2021-07-19,WATCH,51.8,51.8,35.0,25.5,0.9,41.36,-2.06,13.52,-5.0,3.07,0.38,0.65,5.73,-3.89,-2.95,10.44,-1.48,-0.32,10.44,-0.32,False,10.44,-0.32,False,2021Q3
PLX,2022-04-25,WATCH,47.4,47.4,0.0,8.7,1.0,38.14,-17.67,9.99,-5.0,5.77,-0.09,-0.11,-5.45,-4.14,-4.14,-5.9,0.86,0.89,-10.46,-11.1,True,-5.0,-3.77,True,2022Q2
PLX,2022-09-27,WATCH,40.6,40.6,0.0,8.2,1.12,29.54,-31.35,2.71,-5.0,-5.31,-0.63,-0.06,-20.38,-6.12,-4.4,-11.78,0.27,1.73,-8.0,-0.22,True,-5.0,-2.44,True,2022Q3
PLX,2022-10-25,WATCH,44.4,44.4,20.0,28.1,1.06,23.52,-13.78,43.88,-5.0,5.57,3.32,3.18,0.09,5.55,5.9,42.73,32.0,31.31,-13.78,-7.63,True,-5.0,4.44,True,2022Q4
PLX,2023-10-05,WATCH,43.0,43.0,0.0,24.1,1.0,31.38,-10.33,8.29,-5.0,5.13,1.59,1.6,-5.16,-1.71,-1.72,-1.15,-2.47,-2.46,-8.0,-0.21,True,-5.0,0.35,True,2023Q4
PLX,2025-04-03,WATCH,61.0,61.0,0.0,19.4,0.9,32.51,-11.07,24.27,-5.0,0.12,-6.96,-6.23,2.58,-6.94,-5.96,9.87,-9.33,-7.35,-11.07,-6.04,True,-11.07,-6.04,True,2025Q2
PLX,2025-04-04,PANIC70_ANY,81.1,81.1,0.0,14.8,0.93,31.25,-7.49,29.28,-5.0,0.45,-4.21,-3.9,5.06,-2.97,-2.44,15.07,-3.16,-1.94,15.07,-1.94,False,-5.0,-6.91,True,2025Q2
PLX,2026-03-20,WATCH,43.9,43.9,0.0,27.9,0.77,39.68,-11.79,14.34,-5.0,0.73,-1.26,-0.81,-4.01,-16.71,-13.84,-5.12,-17.41,-14.64,-8.0,-19.68,True,-5.0,-7.13,True,2026Q1
PLX,2020-04-01,ENTRY_V2,,98.1,65.0,56.7,1.12,32.74,-5.47,19.64,-12.0,1.37,-8.8,-9.99,0.49,-10.59,-11.88,10.69,-9.25,-11.57,10.69,-11.57,False,10.69,-11.57,False,2020Q2
PLX,2020-04-03,ENTRY_V2_LOOSE,,98.1,45.0,64.1,1.11,33.23,-6.86,17.88,-12.0,-1.11,-8.03,-8.76,2.83,-6.44,-7.41,10.53,-7.24,-9.11,10.53,-9.11,False,10.53,-9.11,False,2020Q2
PLX,2021-02-05,ENTRY_V2,7.3,70.1,70.0,39.6,0.99,43.83,-7.96,12.87,-12.0,8.33,4.07,4.12,8.15,3.04,3.1,2.28,-9.69,-9.56,2.28,-9.56,False,2.28,-9.56,False,2021Q1
PLX,2025-04-17,ENTRY_V2_LOOSE,34.6,81.1,40.0,31.4,1.05,31.99,-8.16,26.29,-11.93,0.0,-0.07,-0.07,3.06,-4.64,-5.04,12.41,-7.71,-8.73,-8.0,-5.33,True,12.41,-8.73,False,2025Q2
PLX,2019-01-02,CONTROL_RSI,24.9,24.9,,27.5,1.31,40.43,-3.51,16.35,-5.0,1.29,0.33,0.04,-0.92,-3.26,-3.98,11.75,0.83,-2.5,11.75,-2.5,False,11.75,-2.5,False,2019Q1
PLX,2019-03-26,CONTROL_RSI,17.0,17.0,,29.3,1.25,43.77,-1.53,15.17,-5.0,3.22,2.42,2.22,4.41,4.67,4.74,9.34,11.04,11.47,9.34,11.47,False,9.34,11.47,False,2019Q1
PLX,2019-06-12,CONTROL_RSI,0.5,0.5,,34.8,1.28,47.4,-2.93,8.48,-5.0,3.59,2.75,2.52,5.38,2.5,1.71,-1.14,-3.54,-4.2,-1.14,-4.2,False,-1.14,-4.2,False,2019Q2
PLX,2019-08-06,CONTROL_RSI,6.0,6.0,,33.0,1.14,47.4,-7.17,3.76,-5.0,1.79,1.61,1.59,-0.49,-1.48,-1.62,-3.27,-6.54,-7.01,-3.27,-7.01,False,-5.0,-7.41,True,2019Q3
PLX,2019-09-06,CONTROL_RSI,11.5,11.5,,31.2,1.08,46.86,-6.44,4.29,-5.0,3.29,1.71,1.58,-3.97,-4.85,-4.92,-6.44,-4.88,-4.75,-6.44,-4.75,False,-5.0,-6.43,True,2019Q3
PLX,2019-10-07,CONTROL_RSI,30.0,30.0,,17.9,1.0,45.0,-6.69,4.29,-5.0,0.69,-0.27,-0.27,2.58,-1.56,-1.58,-3.78,-1.48,-1.47,-3.78,-1.47,False,-5.0,-2.62,True,2019Q4
PLX,2019-12-02,CONTROL_RSI,16.3,16.3,,29.6,0.87,43.84,-13.05,2.46,-5.0,-1.94,-2.24,-2.2,-1.23,-1.61,-1.56,-11.29,-4.19,-5.07,-12.61,-9.94,True,-5.0,-3.1,True,2019Q4
PLX,2020-01-31,CONTROL_RSI,38.0,38.0,,28.2,0.92,38.31,-28.56,8.59,-5.0,4.15,2.61,2.73,2.53,6.04,5.76,-15.61,0.69,-0.63,-13.1,-5.17,True,-6.66,1.48,True,2020Q1
PLX,2020-03-03,CONTROL_RSI,6.2,6.2,,32.9,0.97,38.89,-29.62,1.0,-5.0,-18.69,-10.08,-10.35,-18.54,4.85,4.1,-3.03,-2.0,-2.03,-8.05,-2.34,True,-8.05,-2.34,True,2020Q1
PLX,2020-06-15,CONTROL_RSI,21.2,21.2,,33.2,1.08,35.92,-7.04,21.55,-5.0,4.87,2.59,2.42,5.21,2.94,2.77,17.62,12.86,12.5,17.62,12.5,False,-5.0,2.35,True,2020Q2
PLX,2020-07-28,CONTROL_RSI,16.2,16.2,,34.6,1.04,35.02,-4.65,24.67,-5.0,3.37,-2.01,-2.2,19.53,9.67,9.32,17.1,-2.38,-3.06,17.1,-3.06,False,17.1,-3.06,False,2020Q3
PLX,2020-10-13,CONTROL_RSI,30.0,30.0,,17.7,1.03,40.97,-8.52,14.89,-5.0,-0.93,-1.69,-1.72,-1.03,-3.21,-3.28,12.64,-11.46,-12.26,-8.0,-10.22,True,-5.0,-7.22,True,2020Q4
PLX,2021-01-27,CONTROL_RSI,25.1,25.1,,30.1,1.03,40.43,-6.58,22.36,-5.0,5.32,-1.45,-1.63,18.67,6.5,6.17,1.95,-17.29,-17.81,1.95,-17.81,False,1.95,-17.81,False,2021Q1
PLX,2021-03-19,CONTROL_RSI,3.7,3.7,,33.8,0.93,46.74,-13.69,3.02,-5.0,-1.26,0.77,0.62,-6.76,-11.8,-11.44,0.71,-12.62,-11.66,-8.0,-10.15,True,-5.0,-2.07,True,2021Q1
PLX,2021-04-16,CONTROL_RSI,21.0,21.0,,28.1,0.91,43.83,-7.96,12.69,-5.0,-7.96,-6.05,-6.21,3.03,0.25,0.49,-1.57,-5.62,-5.28,-1.57,-5.28,False,-5.0,-2.96,True,2021Q2
PLX,2021-06-10,CONTROL_RSI,16.7,16.7,,29.4,0.91,44.0,-7.93,12.25,-5.0,6.59,2.75,3.09,-2.16,-3.69,-3.56,-2.93,-4.07,-3.97,-2.93,-3.97,False,-5.0,-2.91,True,2021Q2
PLX,2021-07-09,CONTROL_RSI,34.9,34.9,,25.0,0.93,43.31,-6.47,6.65,-5.0,-4.11,3.58,3.01,3.51,2.57,2.64,5.47,4.31,4.4,5.47,4.4,False,-5.0,2.12,True,2021Q3
PLX,2021-08-23,CONTROL_RSI,8.7,8.7,,32.9,0.88,41.53,-1.04,27.33,-5.0,1.42,-1.09,-0.79,2.43,-1.72,-1.21,24.49,11.33,12.92,24.49,12.92,False,24.49,12.92,False,2021Q3
PLX,2021-12-01,CONTROL_RSI,16.9,16.9,,34.1,0.94,46.02,-5.89,21.36,-5.0,-0.37,0.79,0.72,-0.56,-0.62,-0.61,12.52,11.16,11.24,12.52,11.24,False,-5.0,-0.46,True,2021Q4
PLX,2022-03-14,CONTROL_RSI,13.7,13.7,,34.5,0.94,46.87,-33.01,3.8,-5.0,2.71,-1.36,-1.12,-1.09,-3.32,-3.19,-18.63,-7.49,-8.16,-8.0,-4.08,True,-5.0,-2.5,True,2022Q1
PLX,2022-04-12,CONTROL_RSI,3.6,3.6,,33.8,0.92,46.44,-32.39,1.66,-5.0,-6.37,-1.25,-1.65,-31.85,-12.89,-14.38,-28.19,-8.44,-10.0,-8.0,-2.37,True,-5.0,-1.65,True,2022Q2
PLX,2022-05-18,CONTROL_RSI,15.4,15.4,,32.4,1.01,34.07,-4.99,19.14,-10.34,5.84,1.11,1.08,4.61,2.52,2.5,4.11,0.74,0.72,4.11,0.72,False,4.11,0.72,False,2022Q2
PLX,2022-06-21,CONTROL_RSI,29.1,29.1,,33.5,1.04,34.24,-5.46,9.9,-6.97,1.49,-1.73,-1.87,6.05,4.86,4.8,-3.1,-7.66,-7.87,-3.1,-7.87,False,-3.1,-7.87,False,2022Q2
PLX,2022-09-07,CONTROL_RSI,23.1,23.1,,27.9,1.11,34.07,-40.48,2.0,-5.0,-2.23,-1.8,-1.75,-19.9,-5.79,-4.22,-19.61,-2.44,-0.53,-8.45,-1.64,True,-5.0,-0.95,True,2022Q3
PLX,2022-10-10,CONTROL_RSI,28.7,28.7,,27.3,1.07,28.52,-28.89,9.19,-8.91,-1.19,-3.82,-4.01,-12.48,-7.2,-6.82,9.19,8.23,8.16,-8.0,-2.81,True,-8.91,-3.71,True,2022Q4
PLX,2022-11-07,CONTROL_RSI,29.5,29.5,,26.3,1.04,24.32,-16.61,45.31,-7.02,-10.44,-5.34,-5.12,9.7,0.57,0.17,35.12,23.53,23.03,-8.0,-2.67,True,-7.02,-4.86,True,2022Q4
PLX,2023-03-13,CONTROL_RSI,10.2,10.2,,31.6,0.95,33.66,-9.45,3.54,-7.22,-8.91,-7.3,-7.39,-3.03,-4.95,-4.85,-0.27,-5.82,-5.53,-8.0,-7.62,True,-7.22,-6.84,True,2023Q1
PLX,2023-04-25,CONTROL_RSI,5.0,5.0,,33.3,0.93,32.47,-0.95,14.41,-5.0,2.83,0.96,1.09,3.11,-0.85,-0.57,9.64,-5.51,-4.42,9.64,-4.42,False,9.64,-4.42,False,2023Q2
PLX,2023-06-23,CONTROL_RSI,29.7,29.7,,25.1,0.89,33.13,-1.6,12.53,-5.0,0.39,0.8,0.75,7.46,2.09,2.69,7.73,-0.77,0.18,7.73,0.18,False,7.73,0.18,False,2023Q2
PLX,2023-07-28,CONTROL_RSI,14.1,14.1,,31.2,0.93,35.6,-13.26,4.72,-5.0,0.51,-1.28,-1.16,-5.34,-3.87,-3.97,-10.73,-1.06,-1.71,-8.0,-5.01,True,-5.0,-1.82,True,2023Q3
PLX,2023-08-25,CONTROL_RSI,30.8,30.8,,22.8,0.99,33.13,-15.06,10.14,-5.0,4.8,0.09,0.12,-0.81,2.18,2.15,-7.61,-1.25,-1.3,-8.0,3.17,True,-5.0,1.3,True,2023Q3
PLX,2023-09-27,CONTROL_RSI,9.4,9.4,,32.5,0.95,33.31,-15.52,2.28,-5.0,-7.15,-3.69,-3.87,-11.2,-2.68,-3.11,-8.23,-3.78,-4.0,-8.0,0.09,True,-5.13,-3.07,True,2023Q3
PLX,2023-10-27,CONTROL_RSI,20.7,20.7,,29.6,1.06,29.67,-5.16,9.84,-5.0,0.74,-2.64,-2.83,1.82,-1.41,-1.59,5.59,-6.12,-6.78,5.59,-6.78,False,-5.0,-3.56,True,2023Q4
PLX,2023-12-19,CONTROL_RSI,16.0,16.0,,29.7,1.06,30.57,-0.75,13.8,-5.0,1.31,-0.87,-0.99,1.47,-4.99,-5.36,13.08,-3.15,-4.09,13.08,-4.09,False,13.08,-4.09,False,2023Q4
PLX,2024-01-31,CONTROL_RSI,7.3,7.3,,32.6,1.05,31.02,0.0,17.09,-5.0,2.29,-1.13,-1.28,8.67,-0.42,-0.83,15.93,8.38,8.04,15.93,8.04,False,15.93,8.04,False,2024Q1
PLX,2024-04-10,CONTROL_RSI,18.4,18.4,,29.2,1.05,32.81,-5.33,33.95,-5.0,-5.06,0.94,1.25,8.75,8.39,8.37,32.52,29.64,29.49,32.52,29.49,False,-5.0,1.31,True,2024Q2
PLX,2024-09-05,CONTROL_RSI,11.7,11.7,,31.4,1.0,42.64,-18.18,3.19,-5.0,0.33,1.63,1.63,-1.2,-1.38,-1.38,-12.38,-10.98,-10.98,-8.0,-8.89,True,-5.0,-6.02,True,2024Q3
PLX,2024-10-10,CONTROL_RSI,1.5,1.5,,34.5,1.04,41.94,-16.81,0.57,-5.0,-5.67,-5.5,-5.5,-10.8,-8.08,-7.96,-14.59,-11.38,-11.25,-8.0,-5.34,True,-5.0,-4.47,True,2024Q4
PLX,2024-11-07,CONTROL_RSI,14.6,14.6,,30.1,1.11,37.88,-8.03,0.87,-5.0,-5.31,-1.8,-1.42,-0.24,-0.82,-0.88,-0.37,-0.4,-0.41,-8.0,-6.96,True,-5.0,-1.11,True,2024Q4
PLX,2024-12-24,CONTROL_RSI,21.7,21.7,,27.8,0.97,35.92,-3.01,15.87,-5.0,-0.78,-1.39,-1.37,2.98,3.17,3.16,6.49,1.59,1.75,6.49,1.75,False,6.49,1.75,False,2024Q4
PLX,2025-03-17,CONTROL_RSI,1.6,1.6,,34.5,0.71,38.86,-25.6,0.85,-5.0,-1.57,-0.95,-1.13,-20.66,-10.97,-13.77,0.13,0.28,0.24,-8.18,-2.32,True,-5.0,-3.23,True,2025Q1
PLX,2025-04-17,CONTROL_RSI,34.6,34.6,,31.4,1.05,31.99,-8.16,26.29,-11.93,0.0,-0.07,-0.07,3.06,-4.64,-5.04,12.41,-7.71,-8.73,-8.0,-5.33,True,12.41,-8.73,False,2025Q2
PLX,2025-07-04,CONTROL_RSI,16.5,16.5,,29.5,1.08,35.96,-8.73,6.7,-5.0,0.67,-4.86,-5.3,-1.75,-11.43,-12.18,-8.31,-27.82,-29.33,-8.0,-28.76,True,-5.0,-23.87,True,2025Q3
PLX,2025-08-01,CONTROL_RSI,17.4,17.4,,29.2,1.04,35.04,-10.45,9.5,-5.0,4.57,-2.36,-2.63,0.71,-11.87,-12.36,-4.94,-17.82,-18.32,-8.0,-18.6,True,-5.0,-16.71,True,2025Q3
PLX,2025-08-29,CONTROL_RSI,2.5,2.5,,34.2,0.99,35.14,-10.7,2.19,-5.0,-2.73,-0.42,-0.45,-6.18,-5.16,-5.17,-7.0,-6.9,-6.9,-8.0,-5.87,True,-5.0,-3.8,True,2025Q3
PLX,2025-09-30,CONTROL_RSI,9.7,9.7,,31.8,0.93,33.02,-4.97,6.12,-5.0,-0.73,-2.7,-2.57,0.88,-0.38,-0.29,2.76,-4.32,-3.86,2.76,-3.86,False,2.76,-3.86,False,2025Q3
PLX,2025-11-25,CONTROL_RSI,20.1,20.1,,28.3,0.66,32.39,-0.74,93.15,-5.0,3.12,-0.75,0.55,4.75,-2.17,0.16,72.28,59.5,63.8,72.28,63.8,False,72.28,63.8,False,2025Q4
PLX,2026-03-17,CONTROL_RSI,27.0,27.0,,34.3,0.72,43.64,-19.8,7.95,-5.45,-8.64,-5.14,-6.12,-11.96,-16.75,-15.41,-14.83,-19.54,-18.22,-9.07,-3.76,True,-9.07,-3.76,True,2026Q1
PLX,2026-04-29,CONTROL_RSI,21.6,21.6,,33.5,0.82,37.17,-17.14,22.06,-7.68,-4.41,-5.74,-5.51,3.23,4.62,4.38,-14.8,-4.02,-5.92,-8.0,-6.8,True,-7.68,-6.48,True,2026Q2
PLX,2026-06-24,CONTROL_RSI,30.0,30.0,,15.9,0.85,36.44,-15.48,8.4,-5.0,-1.45,-0.8,-0.9,-11.53,-1.98,-3.45,0.16,3.45,2.95,-8.0,-6.41,True,-5.0,-3.41,True,2026Q2
PLX,2026-07-22,CONTROL_RSI,33.3,33.3,,26.2,0.78,31.86,-3.33,23.98,-5.55,2.57,-2.24,-1.17,19.9,15.71,16.64,,,,13.62,9.2,False,13.62,9.2,False,2026Q3
PLX,2026-09-10,CONTROL_RSI,30.0,30.0,,22.5,0.9,36.0,-4.17,9.72,-5.0,3.89,4.13,4.11,,,,,,,0.56,3.58,False,0.56,3.58,False,2026Q3
PLX,2019-03-15,CONTROL_RANDOM,,,,64.2,1.27,46.37,-8.0,8.71,-7.3,-7.05,-3.66,-2.76,-2.24,0.44,1.15,2.39,7.42,8.76,-8.0,-3.71,True,-7.3,-3.01,True,2019Q1
PLX,2019-04-03,CONTROL_RANDOM,,,,47.1,1.26,45.18,-1.64,11.58,-6.84,0.0,0.15,0.19,0.18,3.85,4.82,9.54,12.28,13.01,9.54,13.01,False,9.54,13.01,False,2019Q2
PLX,2019-06-28,CONTROL_RANDOM,,,,35.1,1.2,47.94,-3.38,7.26,-5.0,3.07,2.29,2.13,4.36,0.29,-0.53,-1.77,-4.82,-5.44,-1.77,-5.44,False,-1.77,-5.44,False,2019Q2
PLX,2019-08-09,CONTROL_RANDOM,,,,39.3,1.12,48.09,-8.5,2.27,-5.0,0.64,0.07,-0.01,-0.31,0.21,0.28,-4.01,-9.03,-9.65,-8.0,-9.38,True,-5.0,-6.4,True,2019Q3
PLX,2019-08-28,CONTROL_RANDOM,,,,40.7,1.07,47.32,-7.02,3.28,-5.0,-0.97,-0.55,-0.53,-1.14,-3.15,-3.29,-4.56,-4.52,-4.52,-4.56,-4.52,False,-5.0,-6.03,True,2019Q3
PLX,2019-09-06,CONTROL_RANDOM,,,,31.2,1.08,46.86,-6.44,4.29,-5.0,3.29,1.71,1.58,-3.97,-4.85,-4.92,-6.44,-4.88,-4.75,-6.44,-4.75,False,-5.0,-6.43,True,2019Q3
PLX,2020-01-03,CONTROL_RANDOM,,,,63.9,0.83,44.85,-38.97,0.0,-5.32,-3.63,-3.95,-3.9,-11.04,-7.71,-8.29,-29.45,-7.01,-10.93,-8.0,-5.76,True,-5.32,-5.73,True,2020Q1
PLX,2020-01-21,CONTROL_RANDOM,,,,57.0,0.88,44.0,-37.8,1.39,-5.0,-9.5,-3.36,-4.11,-11.95,-2.78,-3.91,-24.66,-3.11,-5.76,-12.93,-7.74,True,-5.0,-0.56,True,2020Q1
PLX,2020-03-26,CONTROL_RANDOM,,,,31.9,1.1,30.16,-5.21,29.87,-12.0,8.29,1.91,1.28,8.55,-2.74,-3.85,23.94,-0.2,-2.58,23.94,-2.58,False,23.94,-2.58,False,2020Q1
PLX,2020-03-30,CONTROL_RANDOM,,,,37.5,1.08,29.32,-1.4,33.59,-9.9,6.65,-5.04,-6.01,11.94,-2.9,-4.14,27.22,0.01,-2.26,27.22,-2.26,False,27.22,-2.26,False,2020Q1
PLX,2020-06-30,CONTROL_RANDOM,,,,35.1,1.05,36.32,-8.07,20.21,-5.0,4.27,-0.18,-0.4,-6.83,-2.38,-2.16,18.17,8.4,7.91,-8.0,-4.29,True,-5.0,0.39,True,2020Q2
PLX,2020-08-13,CONTROL_RANDOM,,,,55.1,1.04,37.63,-0.66,16.02,-12.0,0.74,0.69,0.68,9.86,5.14,4.95,6.99,-4.45,-4.93,6.99,-4.93,False,6.99,-4.93,False,2020Q3
PLX,2020-09-23,CONTROL_RANDOM,,,,46.5,1.0,42.92,-12.67,6.38,-6.12,-1.75,-2.14,-2.14,-4.45,-8.77,-8.76,1.16,-14.35,-14.29,-8.0,-9.15,True,-6.12,-7.27,True,2020Q3
PLX,2020-11-30,CONTROL_RANDOM,,,,65.8,0.95,41.51,-9.01,19.18,-5.0,1.4,-2.7,-2.49,9.4,-1.81,-1.22,16.98,-3.07,-2.01,-9.01,-15.52,True,-5.0,-8.38,True,2020Q4
PLX,2021-03-01,CONTROL_RANDOM,,,,92.7,0.93,49.39,-18.32,0.16,-12.0,-4.88,-2.02,-2.21,-6.72,-5.9,-5.96,-7.9,-18.29,-17.61,-8.0,-5.35,True,-12.0,-15.32,True,2021Q1
PLX,2021-03-22,CONTROL_RANDOM,,,,34.2,0.93,46.49,-13.23,3.57,-5.0,-0.9,-0.57,-0.6,-5.55,-12.1,-11.63,0.88,-14.87,-13.74,-8.0,-10.93,True,-5.0,-2.81,True,2021Q1
PLX,2021-03-29,CONTROL_RANDOM,,,,43.6,0.91,46.15,-12.59,7.02,-5.95,0.37,-4.75,-4.3,-10.05,-14.29,-13.92,3.75,-14.09,-12.54,-8.0,-11.73,True,-5.95,-10.52,True,2021Q1
PLX,2021-11-16,CONTROL_RANDOM,,,,64.0,0.91,49.66,-12.79,6.48,-11.79,-2.72,-4.25,-4.11,-6.83,-7.44,-7.39,2.4,-0.44,-0.18,-8.0,-6.56,True,-11.79,-8.51,True,2021Q4
PLX,2022-02-24,CONTROL_RANDOM,,,,79.7,0.92,53.48,-41.29,1.74,-10.33,-3.18,-3.88,-3.82,-11.26,-11.5,-11.48,-34.39,-19.24,-20.48,-8.0,-6.26,True,-10.33,-7.34,True,2022Q1
PLX,2022-03-24,CONTROL_RANDOM,,,,33.6,0.94,47.46,-33.84,2.51,-5.0,-1.6,-2.69,-2.62,-16.79,-4.18,-4.9,-29.46,-7.4,-8.66,-8.0,-2.11,True,-5.0,-0.75,True,2022Q1
PLX,2023-01-05,CONTROL_RANDOM,,,,72.6,0.96,31.36,-2.81,16.07,-12.0,4.37,3.93,3.94,7.91,7.93,7.93,6.22,4.87,4.93,6.22,4.93,False,6.22,4.93,False,2023Q1
PLX,2023-05-09,CONTROL_RANDOM,,,,69.6,0.93,33.48,-2.36,11.35,-5.0,-1.05,-1.5,-1.47,2.66,-2.45,-2.1,8.06,-7.55,-6.48,8.06,-6.48,False,8.06,-6.48,False,2023Q2
PLX,2023-05-15,CONTROL_RANDOM,,,,72.8,0.83,33.35,-1.98,11.78,-5.0,-0.66,-0.41,-0.45,0.81,-4.24,-3.38,8.34,-7.92,-5.17,8.34,-5.17,False,8.34,-5.17,False,2023Q2
PLX,2023-07-07,CONTROL_RANDOM,,,,81.1,0.86,35.96,-12.12,3.67,-9.92,0.61,-2.06,-1.7,-0.5,-9.15,-7.97,-9.37,-8.15,-8.32,-8.0,-10.67,True,-9.92,-10.77,True,2023Q3
PLX,2023-08-30,CONTROL_RANDOM,,,,29.2,1.0,33.92,-17.04,7.58,-5.0,3.8,3.18,3.18,-0.62,4.38,4.38,-10.94,-0.42,-0.41,-8.0,0.4,True,-6.84,0.35,True,2023Q3
PLX,2023-09-06,CONTROL_RANDOM,,,,41.6,1.0,34.81,-19.16,4.83,-7.37,1.52,3.53,3.52,-11.15,-0.34,-0.38,-9.37,3.03,2.98,-9.22,0.37,True,-9.22,0.37,True,2023Q3
PLX,2024-02-23,CONTROL_RANDOM,,,,55.9,1.03,31.42,-1.15,26.07,-5.0,2.86,-1.13,-1.24,7.0,2.47,2.35,21.9,17.86,17.75,21.9,17.75,False,21.9,17.75,False,2024Q1
PLX,2024-08-07,CONTROL_RANDOM,,,,51.1,1.02,44.6,-16.43,8.27,-8.08,2.62,1.66,1.64,-2.71,-7.33,-7.42,-16.43,-19.15,-19.2,-8.0,-13.83,True,-8.08,-13.92,True,2024Q3
PLX,2024-08-15,CONTROL_RANDOM,,,,55.4,1.01,45.87,-20.38,5.28,-10.4,-0.22,-4.86,-4.91,-8.35,-10.85,-10.87,-19.77,-21.12,-21.13,-8.0,-9.93,True,-10.4,-14.75,True,2024Q3
PLX,2024-08-22,CONTROL_RANDOM,,,,57.5,0.99,45.4,-23.15,2.36,-5.0,0.0,-0.05,-0.05,-7.0,-6.52,-6.52,-21.19,-15.11,-15.14,-8.0,-6.12,True,-5.0,-3.84,True,2024Q3
PLX,2024-08-28,CONTROL_RANDOM,,,,63.7,1.0,46.33,-24.69,0.0,-5.0,-6.35,-5.31,-5.31,-10.27,-10.81,-10.81,-20.57,-16.95,-16.96,-8.0,-7.0,True,-5.0,-4.59,True,2024Q3
PLX,2024-09-09,CONTROL_RANDOM,,,,24.2,1.01,43.81,-20.36,0.11,-5.0,-4.04,-3.18,-3.18,-4.79,-4.96,-4.96,-14.72,-13.15,-13.13,-8.0,-8.89,True,-5.0,-4.13,True,2024Q3
PLX,2024-12-11,CONTROL_RANDOM,,,,61.5,1.0,37.22,-6.39,11.82,-5.0,-1.13,0.15,0.14,-4.38,-1.2,-1.21,3.9,-0.45,-0.45,3.9,-0.45,False,-5.0,-4.68,True,2024Q4
PLX,2025-01-03,CONTROL_RANDOM,,,,46.9,0.97,35.92,-13.53,15.87,-5.0,1.17,2.69,2.65,5.07,4.39,4.41,-13.53,-3.81,-4.07,-9.49,-6.07,True,-9.49,-6.07,True,2025Q1
PLX,2025-01-21,CONTROL_RANDOM,,,,71.1,0.9,37.27,-22.43,11.67,-7.47,0.0,-1.71,-1.54,8.4,4.02,4.45,-15.67,-13.67,-13.87,-12.77,-10.06,True,-12.77,-10.06,True,2025Q1
PLX,2025-05-26,CONTROL_RANDOM,,,,55.8,1.07,32.55,-0.98,24.12,-5.53,2.3,1.62,1.57,12.84,10.7,10.56,13.73,-9.89,-11.47,13.73,-11.47,False,13.73,-11.47,False,2025Q2
PLX,2025-06-24,CONTROL_RANDOM,,,,61.8,1.07,36.69,-8.31,4.58,-9.96,-2.78,-3.92,-3.99,-1.99,-12.45,-13.18,-6.98,-28.13,-29.59,-8.0,-30.54,True,-6.98,-29.59,False,2025Q2
PLX,2025-12-03,CONTROL_RANDOM,,,,51.3,0.65,33.6,-4.32,102.26,-5.0,-1.16,0.94,0.21,4.29,1.23,2.3,65.77,70.53,68.87,65.77,68.87,False,65.77,68.87,False,2025Q4
PLX,2026-01-06,CONTROL_RANDOM,,,,79.0,0.69,38.04,-2.29,78.65,-12.0,23.08,19.69,20.73,52.26,54.49,53.8,2.79,6.92,5.64,2.79,5.64,False,2.79,5.64,False,2026Q1
PLX,2026-03-04,CONTROL_RANDOM,,,,74.1,0.58,67.0,-47.76,0.15,-12.0,-25.07,-18.12,-21.01,-41.79,-34.03,-37.26,-44.01,-43.42,-43.67,-8.0,-2.13,True,-12.0,-6.13,True,2026Q1
POW,2019-08-06,WATCH,43.0,43.0,0.0,26.2,0.98,10.64,-10.34,2.26,-5.0,-4.42,-4.6,-4.59,-4.79,-5.79,-5.76,-3.29,-6.56,-6.48,-8.0,-8.31,True,-5.0,-4.96,True,2019Q3
POW,2020-01-08,WATCH,62.4,62.4,0.0,21.4,1.09,8.55,-36.84,4.68,-5.0,1.4,-0.09,-0.23,-2.69,-0.42,-0.21,-21.4,-0.35,1.63,-8.65,-5.02,True,-8.65,-5.02,True,2020Q1
POW,2020-03-11,WATCH,64.8,64.8,0.0,22.2,1.21,6.7,-19.4,31.79,-5.0,-0.3,6.4,7.82,0.3,2.88,3.43,30.0,14.4,11.1,-11.64,6.86,True,-5.0,12.36,True,2020Q1
POW,2020-03-12,PANIC70_ANY,74.3,74.3,0.0,19.3,1.22,6.17,-12.48,48.3,-5.0,8.1,11.62,12.38,12.48,8.38,7.49,43.76,21.41,16.6,-8.0,4.12,True,-7.94,4.17,True,2020Q1
POW,2020-07-24,WATCH,50.9,50.9,20.0,23.0,1.06,6.86,-0.44,26.38,-5.0,6.27,3.69,3.53,16.03,6.65,6.07,17.2,-1.72,-2.9,17.2,-2.9,False,17.2,-2.9,False,2020Q3
POW,2021-01-28,WATCH,54.5,54.5,25.0,31.5,1.12,9.06,0.0,30.13,-5.0,13.91,1.03,-0.56,20.64,3.58,1.48,13.91,-11.95,-15.13,13.91,-15.13,False,13.91,-15.13,False,2021Q1
POW,2021-01-29,PANIC70_ANY,75.5,75.5,0.0,21.9,1.07,9.63,-4.98,22.43,-9.16,2.6,0.08,-0.11,19.42,8.85,8.07,3.84,-14.51,-15.88,3.84,-15.88,False,3.84,-15.88,False,2021Q1
POW,2021-07-12,WATCH,52.4,52.4,0.0,2.0,1.1,8.29,-2.17,30.64,-5.0,0.97,2.74,2.92,10.37,5.27,4.76,26.18,20.8,20.26,26.18,20.26,False,26.18,20.26,False,2021Q3
POW,2022-01-18,WATCH,45.7,45.7,0.0,35.2,1.24,12.89,-19.55,21.49,-5.47,4.5,1.52,0.8,16.37,11.25,10.02,-14.74,-9.98,-8.83,-8.0,-5.22,True,-5.47,-7.19,True,2022Q1
POW,2022-03-14,WATCH,41.0,41.0,0.0,21.3,1.43,12.98,-27.12,9.86,-5.0,5.08,1.01,-0.72,0.0,-2.23,-3.18,-4.47,6.66,11.39,-8.0,-6.78,True,-5.0,-6.35,True,2022Q1
POW,2022-04-19,WATCH,50.0,50.0,0.0,19.9,1.49,11.16,-15.23,21.42,-5.0,-4.12,-0.71,0.96,-5.2,6.28,11.9,-3.76,12.1,19.86,-11.11,-4.71,True,-5.0,4.64,True,2022Q2
POW,2022-10-03,WATCH,51.9,51.9,25.0,19.3,1.24,9.75,-24.51,3.38,-5.0,-13.13,-4.96,-3.02,-12.31,-6.65,-5.31,-9.74,-1.42,0.55,-8.0,-1.24,True,-5.03,1.73,True,2022Q4
POW,2022-10-11,PANIC70_ANY,70.3,70.3,0.0,22.3,1.27,8.51,-13.51,16.1,-5.0,6.82,1.45,0.01,5.41,7.44,7.99,14.1,9.16,7.83,-13.51,-5.54,True,-5.0,-2.48,True,2022Q4
POW,2023-10-05,WATCH,40.9,40.9,0.0,18.5,1.11,9.05,-3.65,10.5,-5.0,4.09,0.55,0.17,1.33,4.77,5.14,2.76,1.44,1.31,2.76,1.31,False,2.76,1.31,False,2023Q4
POW,2025-04-08,PANIC70_ANY,78.9,78.9,0.0,20.0,1.07,8.2,0.0,41.1,-5.0,20.0,7.27,6.4,30.49,10.96,9.62,35.61,5.02,2.92,35.61,2.92,False,35.61,2.92,False,2025Q2
POW,2025-04-10,WATCH,68.1,68.1,0.0,27.9,1.08,9.34,-2.68,23.88,-12.0,6.21,3.41,3.17,14.13,3.69,2.8,19.91,-0.78,-2.54,19.91,-2.54,False,19.91,-2.54,False,2025Q2
POW,2020-04-08,ENTRY_V2,,77.4,100.0,47.2,1.13,7.1,-5.63,28.87,-12.0,-0.56,-4.51,-5.01,12.68,2.39,1.07,10.99,-3.67,-5.55,10.99,-5.55,False,10.99,-5.55,False,2020Q2
POW,2021-02-05,ENTRY_V2_LOOSE,23.9,77.9,40.0,31.2,1.07,10.28,-5.93,14.69,-12.0,2.04,-2.21,-2.53,8.37,3.26,2.89,-3.5,-15.47,-16.35,-3.5,-16.35,False,-3.5,-16.35,False,2021Q1
POW,2022-10-17,ENTRY_V2_LOOSE,12.2,70.7,55.0,33.8,1.25,9.34,-21.2,7.92,-12.0,-11.78,-5.41,-3.81,-15.2,-0.78,2.82,3.1,4.03,4.26,-8.0,-2.63,True,-12.0,-2.68,True,2022Q4
POW,2025-04-14,ENTRY_V2_LOOSE,,80.0,45.0,40.9,1.12,9.71,-3.81,19.16,-12.0,0.82,3.7,4.05,9.78,4.21,3.54,14.52,-3.74,-5.93,14.52,-5.93,False,14.52,-5.93,False,2025Q2
POW,2025-04-23,ENTRY_V2,,80.0,60.0,42.2,1.09,9.92,-2.52,19.15,-12.0,1.61,-0.62,-0.83,12.5,2.21,1.24,16.23,-8.03,-10.32,16.23,-10.32,False,16.23,-10.32,False,2025Q2
POW,2019-03-21,CONTROL_RSI,19.4,19.4,,29.4,1.06,12.06,-13.02,7.21,-5.0,-1.0,-0.57,-0.55,-6.88,-4.95,-4.82,1.33,3.94,4.11,-8.0,-5.98,True,-5.0,-2.56,True,2019Q1
POW,2019-04-19,CONTROL_RSI,37.2,37.2,,25.6,1.1,11.12,-5.67,16.28,-5.0,3.87,2.34,2.19,9.89,7.93,7.74,1.71,0.44,0.31,1.71,0.31,False,-5.0,-3.09,True,2019Q2
POW,2019-06-25,CONTROL_RSI,1.3,1.3,,34.6,1.05,11.71,-18.53,2.31,-5.0,-0.68,-1.83,-1.89,-5.38,-9.48,-9.7,-14.52,-19.53,-19.8,-9.82,-11.5,True,-5.0,-8.64,True,2019Q2
POW,2019-07-23,CONTROL_RSI,10.0,10.0,,31.7,1.0,11.35,-15.95,0.0,-5.0,-2.03,-1.89,-1.89,-7.58,-7.72,-7.71,-8.28,-7.96,-7.96,-8.0,-5.38,True,-6.96,-4.11,True,2019Q3
POW,2019-08-20,CONTROL_RSI,30.0,30.0,,18.6,0.99,10.25,-6.93,7.32,-5.0,-0.78,-0.06,-0.07,-2.34,-3.64,-3.62,3.02,0.19,0.22,3.02,0.22,False,-5.0,-3.59,True,2019Q3
POW,2019-11-22,CONTROL_RSI,12.7,12.7,,30.8,0.84,10.53,-29.06,0.66,-5.0,-5.7,-3.8,-4.11,-7.12,-5.24,-5.54,-25.55,-18.57,-19.7,-8.0,-6.55,True,-5.0,-3.41,True,2019Q4
POW,2019-12-27,CONTROL_RSI,39.1,39.1,,28.9,0.93,9.22,-41.43,2.6,-5.0,-3.8,-3.38,-3.41,-18.76,-15.25,-15.5,-39.37,-8.18,-10.36,-8.0,-6.66,True,-5.0,-3.66,True,2019Q4
POW,2020-02-06,CONTROL_RSI,10.8,10.8,,33.2,1.15,7.92,-31.82,8.96,-7.46,3.54,3.66,3.68,0.51,5.53,6.31,-1.01,15.61,18.18,-8.46,3.98,True,-8.46,3.98,True,2020Q1
POW,2020-03-13,CONTROL_RSI,30.9,30.9,,35.0,1.19,6.94,-22.19,31.84,-12.0,-10.66,1.43,3.7,2.74,1.53,1.31,19.31,4.92,2.22,-8.0,6.36,True,-14.7,0.82,True,2020Q1
POW,2020-06-29,CONTROL_RSI,33.6,33.6,,23.7,1.08,7.88,-13.32,5.08,-5.0,-0.89,-4.08,-4.32,-6.85,-4.06,-3.85,4.06,-5.0,-5.68,-8.0,-7.03,True,-5.0,-4.03,True,2020Q2
POW,2020-07-29,CONTROL_RSI,26.7,26.7,,31.5,1.06,7.13,0.0,21.6,-5.67,4.49,-1.02,-1.33,11.08,1.22,0.67,13.88,-6.84,-8.01,13.88,-8.01,False,13.88,-8.01,False,2020Q3
POW,2020-10-23,CONTROL_RSI,14.2,14.2,,30.3,1.0,8.12,-9.24,52.22,-5.0,-7.76,-4.26,-4.27,-0.37,-3.13,-3.12,38.67,21.77,21.83,-8.0,-3.67,True,-5.0,-0.21,True,2020Q4
POW,2021-02-03,CONTROL_RSI,20.5,20.5,,34.8,1.08,10.32,-6.3,14.24,-12.0,2.81,-2.71,-3.13,8.72,2.54,2.07,-3.1,-15.96,-16.95,-3.1,-16.95,False,-3.1,-16.95,False,2021Q1
POW,2021-03-26,CONTROL_RSI,26.4,26.4,,26.2,1.08,10.53,-12.73,11.97,-8.33,5.41,-0.26,-0.7,-6.55,-10.84,-11.17,-6.17,-24.13,-25.53,-8.0,-12.62,True,-8.33,-16.88,True,2021Q1
POW,2021-04-26,CONTROL_RSI,22.8,22.8,,30.3,1.12,9.84,-17.58,11.08,-5.0,1.63,-1.4,-1.76,-3.76,-11.15,-12.02,-14.53,-21.11,-21.89,-8.0,-20.28,True,-5.0,-10.93,True,2021Q2
POW,2021-06-24,CONTROL_RSI,6.8,6.8,,32.7,1.15,9.88,-17.91,4.96,-5.0,-1.21,-3.98,-4.38,-13.56,-5.37,-4.17,-4.15,-1.09,-0.64,-8.0,-5.1,True,-5.0,-2.73,True,2021Q2
POW,2021-07-22,CONTROL_RSI,29.3,29.3,,26.6,1.09,8.45,-0.47,28.17,-5.93,2.96,1.69,1.58,4.85,2.09,1.83,20.36,12.5,11.77,20.36,11.77,False,20.36,11.77,False,2021Q3
POW,2021-09-23,CONTROL_RSI,7.5,7.5,,32.5,1.08,9.59,-2.92,55.16,-5.0,5.11,6.43,6.54,4.28,1.58,1.36,47.34,37.95,37.18,47.34,37.18,False,47.34,37.18,False,2021Q3
POW,2021-10-22,CONTROL_RSI,2.9,2.9,,34.0,1.01,10.12,-1.19,69.86,-5.0,7.02,3.44,3.4,6.62,2.44,2.4,25.79,22.21,22.18,25.79,22.18,False,25.79,22.18,False,2021Q4
POW,2022-01-27,CONTROL_RSI,16.1,16.1,,32.7,1.4,13.55,-28.93,15.57,-11.45,11.59,9.48,8.63,5.54,3.18,2.23,-14.32,-6.02,-2.66,-8.0,-6.84,True,-11.45,-10.29,True,2022Q1
POW,2022-03-07,CONTROL_RSI,2.5,2.5,,34.2,1.46,14.05,-32.67,2.92,-5.0,-3.56,-1.23,-0.17,-3.84,-6.04,-7.04,-20.57,-7.16,-1.05,-8.0,-3.98,True,-5.0,-2.96,True,2022Q1
POW,2022-04-13,CONTROL_RSI,7.8,7.8,,32.4,1.44,12.98,-27.12,4.39,-5.0,-15.33,-7.72,-4.33,-26.12,-5.14,4.2,-20.42,1.69,11.52,-8.0,-3.08,True,-6.39,-1.48,True,2022Q2
POW,2022-07-06,CONTROL_RSI,25.0,25.0,,30.1,1.33,10.58,-10.21,15.22,-5.0,2.36,-0.53,-1.47,6.24,-2.92,-5.89,-10.21,-4.77,-2.99,-8.0,-0.79,True,-5.0,-3.06,True,2022Q3
POW,2022-09-26,CONTROL_RSI,20.2,20.2,,30.1,1.23,10.62,-30.7,3.11,-5.0,-9.7,-1.26,0.72,-22.41,-7.14,-3.56,-16.76,-3.65,-0.58,-8.0,1.55,True,-5.0,-0.24,True,2022Q3
POW,2022-10-24,CONTROL_RSI,20.6,20.6,,33.6,1.27,8.06,-8.68,26.18,-5.0,6.08,0.65,-0.8,6.08,8.97,9.74,24.57,12.55,9.36,-8.68,-3.84,True,-8.68,-3.84,True,2022Q4
POW,2022-12-20,CONTROL_RSI,0.8,0.8,,34.7,1.2,8.93,-4.7,25.42,-5.0,-1.46,0.26,0.6,12.88,5.65,4.19,22.17,21.03,20.81,22.17,20.81,False,22.17,20.81,False,2022Q4
POW,2023-06-30,CONTROL_RSI,8.5,8.5,,32.2,1.15,11.08,-14.26,5.96,-5.0,-1.53,-3.62,-3.94,2.17,-6.48,-7.8,-12.36,-14.88,-15.26,-8.0,-13.62,True,-5.0,-10.55,True,2023Q2
POW,2023-08-22,CONTROL_RSI,11.6,11.6,,33.9,1.18,10.62,-17.89,2.73,-5.78,-1.13,-2.82,-3.12,-4.24,-4.24,-4.25,-9.32,-1.63,-0.27,-8.0,-4.08,True,-5.78,-1.86,True,2023Q3
POW,2023-09-25,CONTROL_RSI,34.3,34.3,,19.6,1.08,9.79,-10.93,2.15,-5.0,-5.41,-2.56,-2.33,-5.41,-1.5,-1.18,-5.41,-0.67,-0.28,-8.0,0.97,True,-5.0,-1.92,True,2023Q3
POW,2023-10-30,CONTROL_RSI,7.1,7.1,,32.6,1.02,9.01,-3.22,10.99,-5.0,2.33,-0.99,-1.05,3.66,-1.1,-1.19,4.55,-7.63,-7.85,4.55,-7.85,False,4.55,-7.85,False,2023Q4
POW,2023-11-30,CONTROL_RSI,13.4,13.4,,30.5,1.0,9.38,-2.24,7.89,-5.0,2.67,0.37,0.37,-0.85,-3.65,-3.65,4.37,-10.39,-10.4,4.37,-10.4,False,4.37,-10.4,False,2023Q4
POW,2023-12-28,CONTROL_RSI,9.4,9.4,,31.9,1.01,9.3,-0.43,8.82,-5.0,1.29,-1.22,-1.26,1.29,-2.59,-2.64,0.86,-12.37,-12.55,0.86,-12.55,False,0.86,-12.55,False,2023Q4
POW,2024-03-18,CONTROL_RSI,9.5,9.5,,32.4,0.96,9.34,-7.92,27.84,-5.0,1.28,-1.58,-1.46,-3.53,-1.06,-1.16,23.45,21.18,21.27,23.45,21.27,False,-5.0,0.52,True,2024Q1
POW,2024-04-16,CONTROL_RSI,24.1,24.1,,28.2,0.83,9.01,-4.55,45.84,-5.0,-3.22,-1.87,-2.1,3.66,-0.9,-0.11,36.63,31.74,32.58,36.63,32.58,False,36.63,32.58,False,2024Q2
POW,2024-07-23,CONTROL_RSI,38.4,38.4,,26.9,0.89,10.54,-3.98,10.91,-5.0,5.5,3.38,3.61,7.78,3.0,3.53,-1.99,-6.89,-6.35,-1.99,-6.35,False,-1.99,-6.35,False,2024Q3
POW,2024-09-10,CONTROL_RSI,3.5,3.5,,33.8,0.99,10.7,-13.83,2.71,-5.0,-1.5,-2.34,-2.34,0.0,-2.2,-2.18,-4.95,-3.85,-3.86,-8.0,-7.88,True,-5.0,-3.81,True,2024Q3
POW,2024-10-18,CONTROL_RSI,3.1,3.1,,34.0,1.25,10.33,-10.75,3.97,-5.0,-4.36,-2.07,-1.51,-9.58,-4.36,-3.08,-6.78,-2.49,-1.43,-8.0,-4.17,True,-5.0,-2.15,True,2024Q4
POW,2024-11-15,CONTROL_RSI,24.2,24.2,,28.0,1.26,9.3,-0.86,15.48,-5.0,7.96,6.61,6.26,10.22,6.48,5.5,8.82,3.91,2.61,8.82,2.61,False,8.82,2.61,False,2024Q4
POW,2025-01-06,CONTROL_RSI,25.6,25.6,,26.7,1.32,9.59,-14.49,16.37,-5.0,0.42,2.03,2.54,3.02,1.48,0.99,-14.39,-1.99,1.94,-8.0,4.27,True,-5.0,7.27,True,2025Q1
POW,2025-06-11,CONTROL_RSI,0.5,0.5,,34.8,1.06,10.74,-2.61,34.26,-5.0,0.0,-2.33,-2.48,3.91,-5.5,-6.1,16.95,-6.01,-7.45,16.95,-7.45,False,16.95,-7.45,False,2025Q2
POW,2025-09-18,CONTROL_RSI,6.2,6.2,,32.9,1.01,12.73,-16.26,2.59,-6.29,-2.91,-2.28,-2.27,-8.17,-11.76,-11.79,-9.27,-7.81,-7.8,-8.0,-6.47,True,-6.29,-5.72,True,2025Q3
POW,2025-10-20,CONTROL_RSI,33.8,33.8,,29.1,0.94,10.87,-1.93,39.83,-5.0,5.34,2.92,3.07,14.81,13.65,13.72,31.09,17.44,18.31,31.09,18.31,False,31.09,18.31,False,2025Q4
POW,2025-12-12,CONTROL_RSI,10.2,10.2,,32.5,0.85,11.6,0.0,45.26,-5.0,9.48,3.09,4.07,25.86,10.76,13.08,14.66,10.53,11.16,14.66,11.16,False,14.66,11.16,False,2025Q4
POW,2026-01-29,CONTROL_RSI,12.2,12.2,,34.4,0.89,13.55,-8.86,24.35,-5.0,-0.37,3.29,2.9,7.38,10.36,10.04,5.9,2.11,2.52,-8.0,3.32,True,-5.0,-1.66,True,2026Q1
POW,2026-03-20,CONTROL_RSI,17.3,17.3,,30.9,0.79,13.05,-5.36,11.88,-5.16,0.0,-1.99,-1.58,0.77,-11.93,-9.32,8.81,-3.48,-0.95,8.81,-0.95,False,-5.16,-7.47,True,2026Q1
POW,2026-05-26,CONTROL_RSI,5.0,5.0,,33.3,0.79,13.8,-6.52,9.78,-5.91,-1.81,1.94,1.14,2.17,2.8,2.67,-3.26,5.37,3.54,-3.26,3.54,False,-5.91,2.8,True,2026Q2
POW,2026-07-16,CONTROL_RSI,0.7,0.7,,34.8,0.73,14.05,-14.23,0.36,-6.1,-4.98,1.44,-0.27,-5.69,-1.65,-2.73,,,,-8.0,-3.06,True,-6.1,-0.67,True,2026Q3
POW,2026-08-28,CONTROL_RSI,30.0,30.0,,24.1,0.83,13.25,-9.06,0.38,-5.0,-3.02,-3.43,-3.35,-2.64,1.34,0.64,,,,-8.0,-6.48,True,-5.0,-3.48,True,2026Q3
POW,2019-01-22,CONTROL_RANDOM,,,,58.5,1.16,12.22,-9.98,13.58,-12.0,8.43,7.31,7.13,5.81,-3.52,-5.01,-7.45,-15.0,-16.2,-8.0,-15.74,True,-7.45,-16.2,False,2019Q1
POW,2019-04-26,CONTROL_RANDOM,,,,39.9,1.05,11.67,-10.11,10.8,-7.02,-8.83,-5.58,-5.4,6.08,7.05,7.1,-4.37,-6.02,-6.11,-8.0,-4.58,True,-7.02,-4.05,True,2019Q2
POW,2019-07-02,CONTROL_RANDOM,,,,34.8,1.04,11.59,-17.69,2.07,-5.0,0.0,-1.38,-1.44,-4.06,-7.31,-7.45,-16.31,-19.46,-19.6,-8.89,-9.34,True,-5.0,-7.35,True,2019Q3
POW,2019-07-30,CONTROL_RANDOM,,,,23.7,0.98,10.88,-12.32,3.95,-5.0,-2.94,-0.91,-0.94,-6.53,-5.64,-5.65,-5.06,-5.83,-5.81,-8.36,-7.7,True,-5.0,-3.09,True,2019Q3
POW,2019-08-09,CONTROL_RANDOM,,,,35.7,0.93,10.64,-10.34,3.38,-5.0,-4.04,-4.62,-4.58,-8.83,-8.31,-8.34,1.5,-3.52,-3.18,-8.0,-7.51,True,-6.3,-6.68,True,2019Q3
POW,2019-11-01,CONTROL_RANDOM,,,,67.3,0.81,10.72,-30.13,2.61,-6.51,-1.49,-1.27,-1.31,-7.37,-1.51,-2.64,-30.13,-21.31,-23.01,-8.0,-3.27,True,-6.51,-2.69,True,2019Q4
POW,2020-04-10,CONTROL_RANDOM,,,,50.8,1.13,6.7,0.0,36.57,-12.0,10.6,6.41,5.87,21.19,11.86,10.67,15.97,2.67,0.97,15.97,0.97,False,15.97,0.97,False,2020Q2
POW,2020-05-22,CONTROL_RANDOM,,,,57.7,1.08,7.96,-14.2,14.95,-5.0,3.52,0.5,0.25,4.02,1.87,1.69,-2.39,-2.06,-2.04,-8.0,-4.99,True,-5.0,-1.47,True,2020Q2
POW,2020-08-27,CONTROL_RANDOM,,,,69.2,1.02,7.96,-7.41,8.92,-7.13,-0.5,-1.26,-1.28,0.5,-3.01,-3.1,1.63,-11.15,-11.46,1.63,-11.46,False,-7.13,-12.24,True,2020Q3
POW,2020-09-09,CONTROL_RANDOM,,,,43.3,1.03,7.92,-6.94,18.56,-5.0,-0.51,-0.37,-0.36,4.55,1.92,1.84,17.05,3.14,2.76,17.05,2.76,False,-5.0,-7.73,True,2020Q3
POW,2020-10-30,CONTROL_RANDOM,,,,23.0,1.02,7.41,0.0,66.8,-5.0,6.88,4.09,4.04,10.8,2.48,2.35,48.04,25.36,24.99,48.04,24.99,False,48.04,24.99,False,2020Q4
POW,2021-02-26,CONTROL_RANDOM,,,,67.2,1.07,10.32,-10.95,14.24,-8.27,11.43,12.17,12.22,3.2,3.3,3.31,-8.24,-19.0,-19.71,-8.0,-15.75,True,-8.27,-16.02,True,2021Q1
POW,2021-05-04,CONTROL_RANDOM,,,,25.2,1.12,9.88,-17.91,10.63,-5.0,2.43,0.47,0.23,-2.13,-9.85,-10.78,-12.75,-15.35,-15.67,-8.0,-17.22,True,-5.0,-8.02,True,2021Q2
POW,2021-09-16,CONTROL_RANDOM,,,,58.9,1.1,9.67,-3.72,39.71,-5.6,-2.48,-2.88,-2.91,5.17,1.69,1.35,38.88,30.14,29.27,38.88,29.27,False,38.88,29.27,False,2021Q3
POW,2021-10-07,CONTROL_RANDOM,,,,74.3,1.05,10.5,-5.52,53.52,-12.0,-3.14,-5.1,-5.2,2.29,-4.34,-4.69,37.71,28.03,27.52,37.71,27.52,False,37.71,27.52,False,2021Q4
POW,2021-10-28,CONTROL_RANDOM,,,,58.4,1.0,10.62,-2.73,61.86,-7.8,1.13,-0.16,-0.15,5.46,1.64,1.65,20.62,20.5,20.5,20.62,20.5,False,20.62,20.5,False,2021Q4
POW,2021-12-07,CONTROL_RANDOM,,,,55.6,1.0,12.77,-3.21,34.61,-12.0,4.23,2.24,2.24,24.59,18.93,18.94,7.44,5.21,5.21,7.44,5.21,False,7.44,5.21,False,2021Q4
POW,2022-04-18,CONTROL_RANDOM,,,,29.3,1.45,11.98,-21.04,13.11,-5.0,-10.35,-3.77,-0.81,-11.69,1.84,7.91,-9.6,8.07,16.0,-10.35,-3.73,True,-10.35,-3.73,True,2022Q2
POW,2022-04-19,CONTROL_RANDOM,,,,19.9,1.49,11.16,-15.23,21.42,-5.0,-4.12,-0.71,0.96,-5.2,6.28,11.9,-3.76,12.1,19.86,-11.11,-4.71,True,-5.0,4.64,True,2022Q2
POW,2022-10-03,CONTROL_RANDOM,,,,19.3,1.24,9.75,-24.51,3.38,-5.0,-13.13,-4.96,-3.02,-12.31,-6.65,-5.31,-9.74,-1.42,0.55,-8.0,-1.24,True,-5.03,1.73,True,2022Q4
POW,2022-10-21,CONTROL_RANDOM,,,,37.8,1.27,8.64,-14.81,16.67,-5.56,-1.04,-1.7,-1.87,-1.5,4.43,6.01,16.2,9.64,7.89,-8.0,5.57,True,-5.56,-6.39,True,2022Q4
POW,2022-12-22,CONTROL_RANDOM,,,,31.2,1.2,8.76,-2.85,27.85,-5.0,0.46,2.08,2.4,16.55,8.85,7.31,25.46,22.67,22.11,25.46,22.11,False,25.46,22.11,False,2022Q4
POW,2023-03-01,CONTROL_RANDOM,,,,56.6,1.21,10.21,0.0,13.71,-5.5,5.19,3.56,3.22,6.86,4.89,4.48,10.48,6.72,5.95,10.48,5.95,False,10.48,5.95,False,2023Q1
POW,2023-10-05,CONTROL_RANDOM,,,,18.5,1.11,9.05,-3.65,10.5,-5.0,4.09,0.55,0.17,1.33,4.77,5.14,2.76,1.44,1.31,2.76,1.31,False,2.76,1.31,False,2023Q4
POW,2023-10-20,CONTROL_RANDOM,,,,37.3,1.05,9.26,-5.83,7.99,-5.0,-3.13,2.67,2.94,4.0,4.26,4.27,2.59,-2.52,-2.76,2.59,-2.76,False,-5.0,2.41,True,2023Q4
POW,2023-12-21,CONTROL_RANDOM,,,,50.0,1.01,9.38,-1.71,7.89,-5.0,-0.85,-3.29,-3.32,1.81,-5.42,-5.51,0.43,-14.51,-14.7,0.43,-14.7,False,0.43,-14.7,False,2023Q4
POW,2024-03-29,CONTROL_RANDOM,,,,39.8,0.9,9.42,-8.7,35.99,-5.0,-1.7,0.8,0.54,-3.93,0.86,0.35,30.68,33.57,33.27,-8.0,-0.67,True,-5.0,-0.35,True,2024Q1
POW,2024-04-01,CONTROL_RANDOM,,,,42.3,0.88,9.42,-8.7,35.99,-5.0,-0.85,0.21,0.09,-2.65,0.07,-0.24,27.71,29.42,29.22,-8.0,-1.14,True,-5.0,-0.79,True,2024Q2
POW,2024-05-30,CONTROL_RANDOM,,,,87.7,0.83,10.58,-1.98,24.2,-12.0,8.98,7.46,7.72,16.35,18.17,17.86,5.86,4.52,4.75,5.86,4.75,False,5.86,4.75,False,2024Q2
POW,2024-07-04,CONTROL_RANDOM,,,,61.4,0.79,12.19,-16.98,7.79,-5.0,3.04,3.07,3.06,-6.4,-2.92,-3.64,-10.5,-11.36,-11.18,-8.0,-6.98,True,-5.0,-4.22,True,2024Q3
POW,2024-08-12,CONTROL_RANDOM,,,,59.7,0.95,11.2,-15.54,2.95,-6.84,-0.36,-3.83,-3.65,-4.82,-6.98,-6.86,-13.66,-16.1,-15.97,-8.0,-8.73,True,-6.84,-7.56,True,2024Q3
POW,2025-06-23,CONTROL_RANDOM,,,,40.1,1.06,10.83,-1.94,33.15,-5.0,-0.83,-1.72,-1.78,6.46,-4.07,-4.73,17.17,-4.76,-6.13,17.17,-6.13,False,17.17,-6.13,False,2025Q2
POW,2025-09-08,CONTROL_RANDOM,,,,42.7,1.0,12.69,-16.0,3.23,-5.0,0.63,-2.52,-2.52,-6.86,-10.28,-10.28,-2.99,-8.36,-8.37,-8.0,-9.0,True,-5.0,-6.97,True,2025Q3
POW,2025-10-07,CONTROL_RANDOM,,,,31.4,0.89,11.98,-11.02,9.77,-5.03,-1.34,-4.68,-4.3,1.42,4.13,3.83,6.01,1.11,1.66,-8.0,-4.63,True,-5.03,-1.66,True,2025Q4
POW,2025-11-13,CONTROL_RANDOM,,,,71.7,0.85,12.11,-5.04,25.52,-8.1,2.06,0.38,0.62,-4.62,-5.82,-5.64,6.94,-0.84,0.3,6.94,0.3,False,6.94,0.3,False,2025Q4
POW,2026-01-12,CONTROL_RANDOM,,,,77.5,0.88,14.15,-12.72,19.08,-12.0,1.06,0.0,0.12,-8.48,-2.08,-2.83,-7.07,-1.82,-2.43,-8.0,-2.35,True,-12.0,1.33,True,2026Q1
POW,2026-03-18,CONTROL_RANDOM,,,,44.3,0.82,13.2,-6.44,10.61,-6.43,-0.76,2.54,1.94,1.14,-5.86,-4.59,7.2,0.9,2.04,7.2,2.04,False,-6.43,-5.31,True,2026Q1
POW,2026-04-29,CONTROL_RANDOM,,,,37.0,0.79,12.9,-0.39,17.44,-5.0,8.14,6.81,7.1,6.98,8.37,8.07,2.33,13.11,10.8,2.33,10.8,False,2.33,10.8,False,2026Q2
POW,2026-05-29,CONTROL_RANDOM,,,,44.9,0.78,13.8,-6.52,9.78,-5.87,-2.54,1.58,0.67,7.25,7.91,7.77,-1.81,2.4,1.47,-1.81,1.47,False,-5.87,1.91,True,2026Q2
POW,2026-06-10,CONTROL_RANDOM,,,,54.1,0.79,13.55,-5.9,11.81,-5.0,4.8,2.72,3.15,4.8,2.15,2.7,-5.9,-7.98,-7.55,-5.9,-7.55,False,-5.0,-7.64,True,2026Q2
BID,2019-05-09,WATCH,49.3,49.3,0.0,12.8,1.28,15.9,-2.96,14.34,-5.0,2.08,-0.67,-1.45,0.69,-0.14,-0.38,13.71,9.42,8.21,13.71,8.21,False,13.71,8.21,False,2019Q2
BID,2020-02-24,WATCH,43.9,43.9,0.0,23.9,1.44,23.5,-34.43,8.47,-5.0,4.21,4.59,4.75,-29.79,-3.53,7.89,-12.68,-8.07,-6.07,-8.0,1.06,True,-5.53,3.53,True,2020Q1
BID,2020-03-11,PANIC70_ANY,71.8,71.8,0.0,23.0,1.39,19.19,-19.7,20.01,-5.0,-9.12,-2.42,0.16,0.42,3.0,4.0,17.98,2.38,-3.63,-8.0,-2.62,True,-5.0,0.38,True,2020Q1
BID,2020-03-24,WATCH,67.4,67.4,25.0,15.4,1.32,17.44,-11.64,32.05,-11.9,-3.9,-5.46,-5.97,8.43,-7.12,-12.14,23.68,-6.41,-16.11,-8.0,-6.52,True,23.68,-16.11,False,2020Q1
BID,2020-07-27,WATCH,60.1,60.1,0.0,18.0,1.26,18.8,-0.53,20.85,-5.0,5.27,0.07,-1.27,9.73,-1.38,-4.26,17.66,-1.7,-6.73,17.66,-6.73,False,17.66,-6.73,False,2020Q3
BID,2021-01-26,WATCH,44.7,44.7,0.0,20.9,1.21,22.6,-14.25,8.67,-5.0,-2.83,-1.84,-1.63,2.92,-2.83,-4.06,-3.67,-14.09,-16.32,-14.25,-7.13,True,-14.25,-7.13,True,2021Q1
BID,2021-01-28,PANIC70_ANY,73.6,73.6,0.0,15.0,1.13,19.38,0.0,26.73,-5.0,14.55,1.67,-0.02,16.2,-0.86,-3.1,14.81,-11.04,-14.43,14.81,-14.43,False,14.81,-14.43,False,2021Q1
BID,2021-07-19,WATCH,58.6,58.6,10.0,22.1,1.16,21.08,-4.79,11.1,-5.0,1.28,-1.41,-1.84,8.21,-1.41,-2.97,-0.38,-12.31,-14.24,-0.38,-14.24,False,-0.38,-14.24,False,2021Q3
BID,2022-04-25,WATCH,44.9,44.9,0.0,11.2,1.1,23.59,-17.63,8.65,-5.0,8.65,2.79,2.21,-0.17,1.14,1.27,3.82,10.58,11.24,-8.0,0.77,True,-5.0,3.77,True,2022Q2
BID,2022-06-20,WATCH,45.0,45.0,0.0,17.5,1.2,19.53,-0.51,41.37,-5.0,15.62,11.77,11.0,22.48,22.02,21.93,22.84,16.64,15.4,22.84,15.4,False,22.84,15.4,False,2022Q2
BID,2022-09-19,WATCH,40.2,40.2,0.0,20.8,1.25,23.02,-18.38,23.33,-5.0,-1.78,1.98,2.92,-4.39,7.86,10.93,12.81,26.4,29.81,-8.0,4.97,True,-5.0,-1.11,True,2022Q3
BID,2025-04-03,WATCH,67.1,67.1,0.0,14.0,1.0,30.7,-7.0,12.38,-5.0,10.29,3.21,3.19,5.67,-3.86,-3.89,8.21,-10.99,-11.06,8.21,-11.06,False,-7.0,-1.38,True,2025Q2
BID,2025-04-09,PANIC70_ANY,82.7,82.7,0.0,9.4,1.0,31.75,-5.48,8.66,-11.67,3.31,-1.08,-1.08,3.18,-7.74,-7.73,8.06,-13.32,-13.31,8.06,-13.31,False,8.06,-13.31,False,2025Q2
BID,2026-03-02,WATCH,58.3,58.3,0.0,22.3,0.91,41.73,-15.53,2.88,-5.0,-7.33,2.24,1.35,-12.65,-2.96,-3.86,-6.88,-7.37,-7.33,-10.09,-0.23,True,-10.09,-0.23,True,2026Q1
BID,2026-07-22,WATCH,44.3,44.3,0.0,9.6,0.95,33.32,-3.51,13.6,-5.0,4.65,-0.16,0.06,7.59,3.4,3.59,,,,3.84,-1.58,False,3.84,-1.58,False,2026Q3
BID,2020-03-25,ENTRY_V2_LOOSE,68.0,79.9,40.0,19.6,1.28,17.23,-10.56,33.66,-10.9,3.95,2.09,1.56,9.11,-3.61,-7.23,23.39,-2.62,-10.02,-8.0,-3.07,True,23.39,-10.02,False,2020Q1
BID,2020-04-06,ENTRY_V2,,79.2,60.0,62.0,1.29,19.58,-11.7,17.62,-12.0,-2.66,-5.67,-6.53,0.15,-6.77,-8.76,4.03,-9.04,-12.79,-11.7,-15.83,True,4.03,-12.79,False,2020Q2
BID,2021-02-05,ENTRY_V2,28.5,78.2,60.0,30.6,1.09,22.2,-6.58,10.63,-12.0,4.64,0.38,0.0,2.88,-2.22,-2.68,1.89,-10.08,-11.15,1.89,-11.15,False,1.89,-11.15,False,2021Q1
BID,2021-02-09,ENTRY_V2_LOOSE,11.6,78.2,45.0,35.7,1.07,21.69,-2.07,13.23,-12.0,5.39,2.33,2.12,6.04,0.84,0.48,2.35,-9.29,-10.1,2.35,-10.1,False,2.35,-10.1,False,2021Q1
BID,2025-04-22,ENTRY_V2_LOOSE,15.0,82.7,40.0,35.3,1.02,32.71,-4.04,10.09,-12.0,-2.51,-4.51,-4.55,0.28,-9.34,-9.52,6.57,-15.59,-16.01,6.57,-16.01,False,6.57,-16.01,False,2025Q2
BID,2019-01-03,CONTROL_RSI,1.3,1.3,,34.6,1.55,15.9,-2.2,19.37,-5.0,1.32,-2.12,-4.03,0.38,-3.75,-6.03,11.32,-2.04,-9.44,11.32,-9.44,False,11.32,-9.44,False,2019Q1
BID,2019-05-03,CONTROL_RSI,6.3,6.3,,32.9,1.32,16.99,-9.18,6.83,-5.0,-2.83,-2.22,-2.03,-9.06,-7.21,-6.62,6.42,2.93,1.82,-8.0,-5.55,True,-5.0,-2.63,True,2019Q2
BID,2019-06-03,CONTROL_RSI,5.1,5.1,,33.6,1.33,15.45,-0.13,25.5,-5.0,4.27,2.53,1.95,4.72,2.99,2.42,22.52,19.23,18.13,22.52,18.13,False,22.52,18.13,False,2019Q2
BID,2019-12-02,CONTROL_RSI,11.4,11.4,,31.2,1.1,20.58,-1.02,41.59,-5.0,1.26,0.96,0.93,17.1,16.73,16.69,17.1,24.21,24.95,17.1,24.95,False,17.1,24.95,False,2019Q4
BID,2020-02-21,CONTROL_RSI,19.1,19.1,,34.9,1.37,25.17,-38.78,1.27,-5.0,-6.32,-2.71,-1.37,-36.07,-8.73,1.47,-17.64,-11.67,-9.45,-9.34,2.93,True,-5.0,0.28,True,2020Q1
BID,2020-04-28,CONTROL_RSI,5.9,5.9,,33.0,1.28,18.28,0.0,25.98,-7.45,8.59,2.72,1.06,14.55,2.08,-1.44,9.14,1.26,-0.97,9.14,-0.97,False,9.14,-0.97,False,2020Q2
BID,2020-06-26,CONTROL_RSI,4.8,4.8,,33.4,1.28,20.52,-9.5,7.65,-5.0,2.05,0.29,-0.2,-9.5,-2.28,-0.28,3.61,-3.48,-5.44,-8.38,0.84,True,-8.38,0.84,True,2020Q2
BID,2020-07-24,CONTROL_RSI,12.8,12.8,,33.4,1.27,18.8,-1.22,20.69,-5.0,3.35,0.77,0.08,10.16,0.77,-1.72,16.65,-2.27,-7.3,16.65,-7.3,False,16.65,-7.3,False,2020Q3
BID,2020-11-03,CONTROL_RSI,26.5,26.5,,26.4,1.31,20.58,-1.41,30.56,-5.0,0.0,-1.8,-2.36,5.3,-3.14,-5.77,-0.78,-10.24,-13.19,-0.78,-13.19,False,-0.78,-13.19,False,2020Q4
BID,2021-01-22,CONTROL_RSI,7.9,7.9,,33.9,1.19,23.9,-18.91,2.76,-7.23,-13.14,-2.08,0.04,-2.01,-3.9,-4.26,-10.33,-15.11,-16.02,-8.0,-1.13,True,-7.23,-0.36,True,2021Q1
BID,2021-04-26,CONTROL_RSI,24.8,24.8,,28.0,1.1,21.51,-3.95,22.22,-5.0,1.86,-1.17,-1.48,12.09,4.7,3.93,1.21,-5.37,-6.05,1.21,-6.05,False,1.21,-6.05,False,2021Q2
BID,2021-06-23,CONTROL_RSI,4.0,4.0,,34.5,1.14,24.11,-16.76,7.05,-6.0,4.19,1.27,0.86,-9.71,-3.66,-2.82,-12.11,-10.19,-9.93,-8.0,-1.44,True,-6.0,0.66,True,2021Q2
BID,2021-07-22,CONTROL_RSI,23.9,23.9,,28.8,1.17,21.72,-7.6,7.83,-7.13,0.51,-0.76,-0.97,-0.97,-3.73,-4.19,-2.07,-9.93,-11.23,-2.07,-11.23,False,-7.13,-8.89,True,2021Q3
BID,2021-08-20,CONTROL_RSI,15.3,15.3,,32.8,1.29,21.51,-6.69,9.62,-5.0,-2.6,-2.51,-2.48,-2.23,-3.83,-4.3,7.62,-3.39,-6.6,7.62,-6.6,False,-5.0,-2.25,True,2021Q3
BID,2022-02-21,CONTROL_RSI,1.8,1.8,,34.8,1.01,30.13,-29.17,4.45,-5.0,-1.79,-1.77,-1.77,-3.12,-3.43,-3.43,-23.17,-5.93,-5.73,-8.0,-6.28,True,-5.0,-4.08,True,2022Q1
BID,2022-04-12,CONTROL_RSI,4.0,4.0,,34.3,1.06,27.18,-28.51,2.21,-5.0,-6.29,-1.17,-0.86,-21.49,-2.53,-1.37,-13.58,6.17,7.37,-8.0,2.8,True,-5.0,-3.05,True,2022Q2
BID,2022-05-12,CONTROL_RSI,10.5,10.5,,34.9,1.17,22.68,-14.33,17.33,-5.0,2.07,1.61,1.53,0.0,-3.97,-4.64,15.39,13.95,13.71,-8.0,-6.0,True,-5.0,-4.37,True,2022Q2
BID,2022-06-14,CONTROL_RSI,13.9,13.9,,30.9,1.19,21.47,-9.5,28.6,-5.0,-4.66,0.37,1.32,12.67,17.32,18.19,15.65,14.22,13.96,-9.04,-3.37,True,-5.0,-0.1,True,2022Q2
BID,2022-09-07,CONTROL_RSI,10.1,10.1,,33.4,1.25,25.43,-26.11,11.64,-5.0,-5.66,-5.23,-5.12,-18.21,-4.1,-0.62,2.91,20.08,24.31,-8.0,-3.45,True,-5.0,-3.97,True,2022Q3
BID,2022-10-05,CONTROL_RSI,22.2,22.2,,29.6,1.26,21.44,-12.36,32.7,-5.08,1.59,6.5,7.76,3.26,11.0,12.98,25.19,33.87,36.1,-11.89,-4.75,True,-11.89,-4.75,True,2022Q4
BID,2022-12-22,CONTROL_RSI,15.3,15.3,,29.9,1.22,26.51,-2.3,21.5,-6.92,-2.3,-0.68,-0.32,12.64,4.93,3.21,16.45,13.66,13.03,16.45,13.03,False,16.45,13.03,False,2022Q4
BID,2023-04-11,CONTROL_RSI,16.1,16.1,,29.7,1.1,29.86,-3.35,5.53,-5.0,-0.23,1.88,2.09,0.9,1.45,1.51,5.53,-1.7,-2.44,5.53,-2.44,False,5.53,-2.44,False,2023Q2
BID,2023-05-26,CONTROL_RSI,25.2,25.2,,26.6,1.12,29.49,-2.14,12.65,-5.0,1.73,-1.13,-1.47,0.81,-5.25,-5.97,3.76,-6.77,-8.02,3.76,-8.02,False,3.76,-8.02,False,2023Q2
BID,2023-08-22,CONTROL_RSI,5.5,5.5,,34.4,1.12,31.0,-15.58,4.23,-5.9,0.0,-1.69,-1.9,-0.32,-0.33,-0.33,-7.13,0.56,1.52,-8.0,-0.95,True,-5.9,1.15,True,2023Q3
BID,2023-09-25,CONTROL_RSI,12.0,12.0,,31.0,0.96,30.4,-13.91,4.97,-5.0,-8.29,-5.44,-5.55,-8.85,-4.94,-5.09,2.5,7.25,7.06,-8.0,-5.26,True,-5.0,-2.26,True,2023Q3
BID,2024-04-17,CONTROL_RSI,9.4,9.4,,33.3,1.04,36.22,-10.22,6.9,-5.0,2.73,0.31,0.2,3.98,-3.31,-3.63,0.22,-7.21,-7.54,-8.0,-14.69,True,-5.0,-13.97,True,2024Q2
BID,2024-06-05,CONTROL_RSI,17.0,17.0,,29.3,1.1,36.07,-9.84,7.54,-5.0,1.36,0.37,0.28,-0.83,-0.14,-0.07,3.35,3.92,3.98,-8.0,-5.26,True,-5.0,-2.05,True,2024Q2
BID,2024-09-12,CONTROL_RSI,30.0,30.0,,22.2,1.09,36.45,-7.79,7.27,-5.0,1.76,0.28,0.14,2.5,-0.29,-0.54,-3.32,-4.65,-4.77,-3.32,-4.77,False,-5.0,-3.12,True,2024Q3
BID,2024-10-29,CONTROL_RSI,15.4,15.4,,29.9,1.03,36.03,-6.72,2.86,-5.0,0.86,1.04,1.05,-2.72,-1.01,-0.95,1.33,1.64,1.65,1.33,1.65,False,-5.0,-1.31,True,2024Q4
BID,2024-11-26,CONTROL_RSI,2.7,2.7,,34.1,1.06,34.97,-2.37,8.32,-5.0,-2.37,-2.3,-2.29,1.14,-1.49,-1.65,7.15,1.8,1.47,7.15,1.47,False,7.15,1.47,False,2024Q4
BID,2025-03-17,CONTROL_RSI,3.8,3.8,,33.7,1.01,37.06,-22.96,0.24,-5.0,-1.97,-1.35,-1.35,-11.12,-1.43,-1.37,-11.49,-11.34,-11.34,-8.63,-0.35,True,-8.63,-0.35,True,2025Q1
BID,2025-05-06,CONTROL_RSI,26.3,26.3,,27.5,1.02,31.84,-0.57,14.38,-6.96,7.63,2.1,2.0,2.73,-5.7,-5.85,9.48,-11.99,-12.38,9.48,-12.38,False,9.48,-12.38,False,2025Q2
BID,2025-06-03,CONTROL_RSI,26.5,26.5,,26.2,1.02,32.94,-2.76,25.29,-5.0,-2.64,-0.03,0.03,1.12,-1.4,-1.45,18.88,-4.98,-5.46,18.88,-5.46,False,18.88,-5.46,False,2025Q2
BID,2025-09-19,CONTROL_RSI,6.2,6.2,,32.9,1.03,36.79,-8.97,3.21,-5.0,0.24,-0.35,-0.36,-8.21,-6.99,-6.96,-6.96,-6.32,-6.3,-8.0,-6.75,True,-5.0,-3.75,True,2025Q3
BID,2025-10-20,CONTROL_RSI,28.5,28.5,,29.4,0.99,33.82,-0.98,49.11,-5.0,1.51,-0.91,-0.89,5.06,3.89,3.9,38.7,25.05,25.17,38.7,25.17,False,38.7,25.17,False,2025Q4
BID,2025-11-25,CONTROL_RSI,20.8,20.8,,28.1,0.94,34.28,-1.08,52.77,-5.0,3.65,-0.22,0.0,3.65,-3.28,-2.88,29.29,16.51,17.25,29.29,17.25,False,29.29,17.25,False,2025Q4
BID,2026-02-10,CONTROL_RSI,38.8,38.8,,31.2,0.86,43.07,-18.16,7.31,-5.0,4.18,-1.07,-0.31,-11.28,-8.21,-8.65,-2.69,-11.73,-10.43,-12.89,-7.3,True,-5.0,-7.18,True,2026Q1
BID,2026-03-17,CONTROL_RSI,39.0,39.0,,23.1,0.91,38.03,-7.31,12.88,-6.14,-3.89,-0.39,-0.72,-1.95,-6.74,-6.3,1.21,-3.5,-3.07,1.21,-3.07,False,-6.14,0.58,True,2026Q1
BID,2026-06-05,CONTROL_RSI,30.0,30.0,,24.2,0.93,38.49,-16.47,4.57,-5.0,0.0,1.25,1.17,-0.6,-1.77,-1.7,-5.3,-5.61,-5.59,-8.0,-3.97,True,-5.0,-4.21,True,2026Q2
BID,2026-07-13,CONTROL_RSI,19.8,19.8,,28.5,0.99,36.96,-13.01,2.41,-5.0,-6.82,-3.32,-3.36,-0.97,0.13,0.12,,,,-8.0,-1.13,True,-5.0,-2.26,True,2026Q3
BID,2019-02-13,CONTROL_RANDOM,,,,57.4,1.49,16.41,-4.63,15.66,-5.0,5.36,0.99,-1.16,11.4,4.7,1.41,1.22,-1.89,-3.42,1.22,-3.42,False,1.22,-3.42,False,2019Q1
BID,2019-02-26,CONTROL_RANDOM,,,,69.0,1.45,16.97,-7.78,11.84,-5.66,3.42,2.97,2.77,3.83,5.26,5.9,-3.89,-2.07,-1.24,-3.89,-1.24,False,-5.66,0.64,True,2019Q1
BID,2019-04-08,CONTROL_RANDOM,,,,42.5,1.45,17.92,-13.9,2.01,-5.17,-1.95,0.83,2.07,-7.87,-3.73,-1.89,-8.26,-4.9,-3.41,-8.0,-0.96,True,-5.19,0.88,True,2019Q2
BID,2019-04-23,CONTROL_RANDOM,,,,44.5,1.39,17.42,-11.42,4.19,-5.0,-4.08,-2.87,-2.4,-5.51,-6.08,-6.3,3.62,2.34,1.84,-8.0,-4.75,True,-5.22,-2.58,True,2019Q2
BID,2019-07-08,CONTROL_RANDOM,,,,56.1,1.22,16.36,0.0,27.32,-5.0,6.6,4.85,4.46,8.62,8.68,8.7,24.08,21.39,20.79,24.08,20.79,False,24.08,20.79,False,2019Q3
BID,2019-08-02,CONTROL_RANDOM,,,,68.4,1.23,17.92,-4.07,18.19,-5.0,-0.39,0.95,1.26,9.04,9.97,10.19,14.4,13.66,13.5,14.4,13.5,False,14.4,13.5,False,2019Q3
BID,2020-02-04,CONTROL_RANDOM,,,,69.1,1.37,28.67,-46.25,0.56,-12.0,-7.46,-7.78,-7.89,-15.94,-11.09,-9.28,-35.68,-17.25,-10.39,-8.0,-7.41,True,-12.21,-7.6,True,2020Q1
BID,2020-03-31,CONTROL_RANDOM,,,,24.8,1.27,16.14,-0.31,42.69,-8.04,22.0,6.58,2.36,14.25,-1.49,-5.8,24.6,-1.29,-8.39,24.6,-8.39,False,24.6,-8.39,False,2020Q1
BID,2020-05-05,CONTROL_RANDOM,,,,38.0,1.28,18.51,-0.38,24.42,-8.56,11.72,3.0,0.57,15.67,0.83,-3.31,4.27,1.2,0.34,4.27,0.34,False,4.27,0.34,False,2020Q2
BID,2020-08-10,CONTROL_RANDOM,,,,38.8,1.26,20.05,-0.75,13.32,-8.53,0.0,0.14,0.18,6.28,1.36,0.09,3.54,-7.33,-10.15,3.54,-10.15,False,3.54,-10.15,False,2020Q3
BID,2020-08-13,CONTROL_RANDOM,,,,56.6,1.25,20.55,-3.07,10.56,-10.04,-1.02,-1.08,-1.09,2.92,-1.8,-2.98,-0.24,-11.68,-14.54,-0.24,-14.54,False,-0.24,-14.54,False,2020Q3
BID,2020-09-24,CONTROL_RANDOM,,,,37.0,1.28,21.41,-6.96,16.11,-5.0,-0.84,-0.75,-0.72,4.39,-1.15,-2.72,14.67,-2.54,-7.39,14.67,-7.39,False,-5.0,-4.88,True,2020Q3
BID,2021-07-16,CONTROL_RANDOM,,,,28.3,1.15,21.83,-8.06,7.28,-5.0,-2.7,-0.66,-0.35,5.36,-0.15,-0.98,-2.93,-10.06,-11.13,-8.0,-9.23,True,-5.0,-4.95,True,2021Q3
BID,2021-07-26,CONTROL_RANDOM,,,,33.6,1.17,21.46,-6.48,9.13,-5.62,7.27,2.58,1.8,-2.52,-4.56,-4.9,-2.24,-11.04,-12.51,-2.24,-12.51,False,-5.62,-8.22,True,2021Q3
BID,2021-10-12,CONTROL_RANDOM,,,,57.1,1.23,21.4,-3.22,21.68,-5.28,-1.36,-1.28,-1.27,6.73,1.69,0.55,19.16,9.57,7.38,19.16,7.38,False,19.16,7.38,False,2021Q4
BID,2021-11-10,CONTROL_RANDOM,,,,75.7,1.17,23.05,-4.03,45.42,-9.7,2.52,2.19,2.13,1.39,1.19,1.15,39.44,36.93,36.5,39.44,36.5,False,39.44,36.5,False,2021Q4
BID,2021-11-11,CONTROL_RANDOM,,,,75.7,1.17,22.49,-1.65,49.04,-7.04,4.85,5.53,5.65,5.34,5.25,5.24,33.53,32.87,32.76,33.53,32.76,False,33.53,32.76,False,2021Q4
BID,2022-04-27,CONTROL_RANDOM,,,,21.4,1.09,24.96,-22.16,2.68,-7.56,-7.37,-1.18,-0.61,-3.89,0.51,0.91,-4.81,7.38,8.49,-8.33,-3.5,True,-8.33,-3.5,True,2022Q2
BID,2022-05-05,CONTROL_RANDOM,,,,35.7,1.1,25.06,-22.47,1.48,-7.7,-14.84,-3.54,-2.38,-8.02,-4.6,-4.25,-0.12,9.42,10.4,-8.7,-5.39,True,-8.7,-5.39,True,2022Q2
BID,2022-10-06,CONTROL_RANDOM,,,,28.0,1.25,20.47,-8.21,38.98,-5.0,8.16,8.17,8.17,9.18,15.28,16.8,26.53,31.69,32.97,26.53,32.97,False,-5.0,1.55,True,2022Q4
BID,2022-10-26,CONTROL_RANDOM,,,,52.6,1.3,21.34,-0.8,46.53,-10.5,3.75,1.24,0.48,19.49,24.23,25.66,40.11,27.82,24.12,40.11,24.12,False,40.11,24.12,False,2022Q4
BID,2023-02-21,CONTROL_RANDOM,,,,63.5,1.2,30.77,-5.88,4.68,-7.76,-0.45,2.63,3.25,0.55,3.63,4.26,-3.18,-2.91,-2.85,-3.18,-2.85,False,-3.18,-2.85,False,2023Q1
BID,2023-03-20,CONTROL_RANDOM,,,,55.5,1.19,30.47,-5.28,3.51,-5.0,1.31,-1.16,-1.62,-1.77,-4.32,-4.79,-3.74,-12.14,-13.71,-3.74,-13.71,False,-5.0,-14.08,True,2023Q1
BID,2023-08-21,CONTROL_RANDOM,,,,38.6,1.12,30.13,-13.14,7.24,-5.0,1.99,0.26,0.06,0.66,-1.77,-2.06,-2.56,2.38,2.95,-8.7,-3.48,True,-5.0,1.21,True,2023Q3
BID,2023-11-10,CONTROL_RANDOM,,,,60.5,0.96,28.32,-0.6,34.04,-7.27,2.26,2.26,2.26,10.56,8.58,8.66,30.3,22.61,22.93,30.3,22.93,False,30.3,22.93,False,2023Q4
BID,2024-03-14,CONTROL_RANDOM,,,,48.8,0.95,39.02,-8.92,9.89,-5.61,5.05,3.62,3.69,3.49,2.47,2.52,-6.3,-9.29,-9.14,-8.0,-1.33,True,-5.61,-0.3,True,2024Q1
BID,2024-06-10,CONTROL_RANDOM,,,,22.9,1.1,36.15,-10.04,7.3,-5.0,-2.74,-1.54,-1.42,-0.64,-0.53,-0.52,1.88,3.95,4.16,-8.0,-4.73,True,-5.0,-3.92,True,2024Q2
BID,2024-09-17,CONTROL_RANDOM,,,,34.4,1.09,36.9,-8.92,5.96,-5.0,2.47,0.38,0.2,2.17,0.72,0.59,-4.5,-5.1,-5.16,-8.0,-4.31,True,-5.0,-3.58,True,2024Q3
BID,2024-09-19,CONTROL_RANDOM,,,,46.2,1.1,37.43,-10.21,4.46,-5.0,1.23,0.2,0.1,1.63,1.02,0.97,-6.25,-5.07,-4.95,-8.0,-4.06,True,-5.0,-2.84,True,2024Q3
BID,2024-11-04,CONTROL_RANDOM,,,,18.9,1.01,36.07,-6.82,2.74,-5.0,-2.94,-2.94,-2.94,-3.47,-3.87,-3.87,0.47,-1.52,-1.54,0.47,-1.54,False,-5.0,-2.86,True,2024Q4
BID,2025-02-26,CONTROL_RANDOM,,,,69.4,1.03,37.7,-24.27,1.94,-5.0,-0.98,-1.82,-1.84,-5.09,-6.35,-6.4,-11.41,-14.05,-14.14,-10.19,-4.07,True,-5.0,-6.82,True,2025Q1
BID,2025-03-31,CONTROL_RANDOM,,,,18.8,0.99,35.6,-19.8,0.9,-5.0,-16.6,0.06,-0.17,-10.42,-4.86,-4.94,-6.69,-11.49,-11.42,-13.76,-6.07,True,-5.0,1.25,True,2025Q1
BID,2025-05-22,CONTROL_RANDOM,,,,64.0,1.03,32.94,-2.76,18.49,-5.0,0.0,-1.42,-1.46,0.0,-2.7,-2.77,13.9,-10.15,-10.79,13.9,-10.79,False,13.9,-10.79,False,2025Q2
BID,2025-05-26,CONTROL_RANDOM,,,,59.2,1.02,32.94,-2.76,18.49,-5.0,-0.27,-0.96,-0.97,0.0,-2.14,-2.19,13.48,-10.14,-10.68,13.48,-10.68,False,13.48,-10.68,False,2025Q2
BID,2025-09-24,CONTROL_RANDOM,,,,37.1,1.01,37.65,-11.05,0.85,-5.0,-2.55,-2.05,-2.04,-9.32,-10.89,-10.9,-6.61,-7.57,-7.58,-8.0,-6.5,True,-5.0,-3.51,True,2025Q3
BID,2025-11-25,CONTROL_RANDOM,,,,28.1,0.94,34.28,-1.08,52.77,-5.0,3.65,-0.22,0.0,3.65,-3.28,-2.88,29.29,16.51,17.25,29.29,17.25,False,29.29,17.25,False,2025Q4
BID,2025-12-22,CONTROL_RANDOM,,,,64.2,0.91,35.62,-1.82,47.02,-5.2,2.33,2.22,2.23,35.06,28.39,29.02,1.04,7.86,7.22,1.04,7.22,False,1.04,7.22,False,2025Q4
BID,2026-03-24,CONTROL_RANDOM,,,,23.5,0.93,36.55,-2.16,17.46,-5.71,1.89,-2.32,-2.03,1.89,-11.77,-10.81,7.47,-6.22,-5.26,7.47,-5.26,False,7.47,-5.26,False,2026Q1
BID,2026-04-01,CONTROL_RANDOM,,,,47.0,0.93,37.01,-3.38,16.0,-6.26,1.49,-0.3,-0.18,1.38,-8.51,-7.84,6.0,-3.02,-2.4,6.0,-2.4,False,6.0,-2.4,False,2026Q2
BID,2026-04-22,CONTROL_RANDOM,,,,55.0,0.92,37.24,-7.52,15.28,-5.0,0.75,0.4,0.43,8.32,7.47,7.55,-7.52,-0.15,-0.75,-7.52,-0.75,False,-5.0,1.13,True,2026Q2
CTG,2019-01-02,WATCH,44.5,44.5,10.0,14.9,1.39,8.56,-6.78,23.48,-5.0,-0.7,-1.66,-2.04,3.74,1.39,0.47,15.89,4.97,0.67,15.89,0.67,False,-5.0,-4.63,True,2019Q1
CTG,2020-03-12,WATCH,49.6,49.6,0.0,31.8,1.28,9.24,-19.05,22.94,-5.0,-3.46,0.05,1.05,-4.44,-8.54,-9.7,20.24,-2.11,-8.45,-8.33,3.71,True,-5.0,-6.78,True,2020Q1
CTG,2020-07-27,WATCH,61.5,61.5,0.0,20.8,1.23,9.53,-3.57,53.41,-5.0,4.3,-0.89,-2.07,16.79,5.68,3.15,46.8,27.44,23.04,46.8,23.04,False,46.8,23.04,False,2020Q3
CTG,2021-01-27,WATCH,53.3,53.3,25.0,24.3,1.27,14.06,-6.33,42.39,-5.0,12.8,6.04,4.22,24.54,12.36,9.09,39.83,20.58,15.4,39.83,15.4,False,39.83,15.4,False,2021Q1
CTG,2021-01-28,PANIC70_ANY,76.8,76.8,0.0,20.7,1.2,13.17,0.0,54.14,-5.0,24.3,11.42,8.79,31.89,14.83,11.34,50.49,24.64,19.36,50.49,19.36,False,50.49,19.36,False,2021Q1
CTG,2021-07-13,WATCH,46.5,46.5,0.0,24.7,1.25,20.44,-17.17,2.5,-5.0,-5.19,-3.12,-2.6,-0.98,-5.62,-6.8,-14.97,-20.77,-22.24,-8.0,-5.66,True,-5.0,0.22,True,2021Q3
CTG,2021-10-04,WATCH,49.3,49.3,20.0,22.6,1.39,17.11,0.0,23.44,-5.0,6.2,2.07,0.46,11.75,3.32,0.03,19.75,8.19,3.69,19.75,3.69,False,19.75,3.69,False,2021Q4
CTG,2022-03-02,WATCH,41.9,41.9,0.0,17.6,1.0,19.4,-26.8,4.23,-5.0,0.0,0.9,0.89,1.08,1.1,1.1,-13.09,0.29,0.24,-8.0,-4.0,True,-5.0,-1.0,True,2022Q1
CTG,2022-04-25,WATCH,43.8,43.8,0.0,17.3,1.0,16.32,-16.67,5.39,-5.0,3.31,-2.55,-2.53,-1.1,0.21,0.2,1.84,8.6,8.58,-11.09,-11.72,True,-5.0,-3.78,True,2022Q2
CTG,2022-06-17,WATCH,42.3,42.3,10.0,20.4,1.13,14.14,-3.82,26.1,-5.0,9.41,10.68,10.85,14.99,18.43,18.89,15.42,13.58,13.33,15.42,13.33,False,15.42,13.33,False,2022Q2
CTG,2022-09-26,WATCH,57.5,57.5,0.0,16.4,1.27,14.2,-16.97,23.03,-5.0,-11.69,-3.25,-0.98,-4.44,10.83,14.94,19.15,32.27,35.79,-8.0,1.81,True,-5.0,4.81,True,2022Q3
CTG,2022-10-07,PANIC70_ANY,72.9,72.9,0.0,23.0,1.3,11.91,-1.01,46.68,-5.0,14.44,11.31,10.39,18.47,22.83,24.13,42.07,39.69,38.99,42.07,38.99,False,42.07,38.99,False,2022Q4
CTG,2023-10-03,WATCH,41.5,41.5,15.0,26.4,0.98,17.35,-4.9,6.63,-5.0,2.77,-1.23,-1.16,-4.55,1.5,1.4,4.55,3.16,3.19,4.55,3.19,False,4.55,3.19,False,2023Q4
CTG,2025-04-03,WATCH,52.9,52.9,0.0,25.2,1.16,24.55,-7.01,17.64,-5.0,5.38,-1.71,-2.85,3.3,-6.23,-7.77,16.95,-2.26,-5.37,16.95,-5.37,False,-7.01,-0.49,True,2025Q2
CTG,2025-04-08,PANIC70_ANY,77.9,77.9,0.0,15.5,1.13,22.83,0.0,31.36,-5.0,10.07,-2.66,-4.25,12.0,-7.53,-9.97,31.36,0.77,-3.07,31.36,-3.07,False,31.36,-3.07,False,2025Q2
CTG,2026-03-09,WATCH,50.3,50.3,20.0,27.6,0.99,33.68,-6.44,7.6,-5.0,0.59,-2.16,-2.12,-1.45,-2.24,-2.23,-0.89,-11.37,-11.23,-0.89,-11.23,False,-5.0,-0.65,True,2026Q1
CTG,2026-07-22,WATCH,47.9,47.9,0.0,10.6,0.94,29.15,-2.57,13.21,-5.0,4.46,-0.36,-0.06,7.72,3.53,3.79,,,,2.23,-3.1,False,2.23,-3.1,False,2026Q3
CTG,2021-02-05,ENTRY_V2,,80.0,65.0,42.2,1.11,16.41,-5.55,31.32,-12.0,3.05,-1.21,-1.69,5.85,0.75,0.18,29.56,17.58,16.25,29.56,16.25,False,29.56,16.25,False,2021Q1
CTG,2021-02-09,ENTRY_V2_LOOSE,,80.0,45.0,49.3,1.12,16.64,-1.5,30.77,-12.0,3.0,-0.06,-0.41,8.65,3.45,2.85,28.43,16.79,15.44,28.43,15.44,False,28.43,15.44,False,2021Q1
CTG,2022-10-12,ENTRY_V2_LOOSE,26.7,72.9,40.0,32.5,1.33,12.87,-2.33,37.37,-11.29,9.17,6.94,6.21,6.84,15.35,18.12,34.34,32.79,32.28,34.34,32.28,False,34.34,32.28,False,2022Q4
CTG,2022-10-18,ENTRY_V2,,72.9,85.0,48.8,1.35,13.9,-9.57,27.19,-12.0,-2.59,4.14,6.52,7.84,19.31,23.36,25.68,26.5,26.79,-8.0,2.02,True,25.68,26.79,False,2022Q4
CTG,2025-04-22,ENTRY_V2_LOOSE,19.8,82.6,40.0,33.8,1.12,25.26,-1.86,22.33,-11.98,-0.12,-2.13,-2.36,4.95,-4.66,-5.78,20.86,-1.3,-3.87,20.86,-3.87,False,20.86,-3.87,False,2025Q2
CTG,2019-01-09,CONTROL_RSI,38.6,38.6,,23.7,1.41,8.29,-1.09,27.5,-5.96,0.36,-0.09,-0.27,13.39,7.32,4.85,19.3,9.49,5.49,19.3,5.49,False,19.3,5.49,False,2019Q1
CTG,2019-04-05,CONTROL_RSI,15.7,15.7,,29.8,1.34,9.87,-10.94,3.24,-5.0,-1.62,-0.4,0.02,-7.29,-3.58,-2.32,-3.44,-2.04,-1.56,-8.0,-2.85,True,-5.0,-1.88,True,2019Q2
CTG,2019-05-09,CONTROL_RSI,12.7,12.7,,30.8,1.36,9.1,-3.41,9.67,-5.0,4.95,2.2,1.21,1.32,0.49,0.19,0.77,-3.52,-5.06,0.77,-5.06,False,0.77,-5.06,False,2019Q2
CTG,2019-06-06,CONTROL_RSI,6.7,6.7,,32.8,1.28,9.19,-4.35,8.6,-5.0,-0.44,-0.64,-0.7,3.7,1.21,0.52,-0.98,-4.39,-5.33,-0.98,-5.33,False,-0.98,-5.33,False,2019Q2
CTG,2019-07-31,CONTROL_RSI,6.9,6.9,,32.7,1.1,9.37,-5.23,6.3,-5.0,-1.6,0.21,0.4,-2.88,-1.41,-1.25,5.87,5.54,5.5,5.87,5.5,False,-5.0,-2.45,True,2019Q3
CTG,2019-09-03,CONTROL_RSI,26.3,26.3,,26.2,1.08,9.01,-1.44,13.76,-5.0,-1.0,-0.11,-0.05,4.99,3.64,3.54,5.33,5.31,5.31,5.33,5.31,False,5.33,5.31,False,2019Q3
CTG,2019-11-18,CONTROL_RSI,4.4,4.4,,34.7,1.01,9.67,-9.1,32.57,-5.0,-1.24,1.36,1.39,-5.58,-0.71,-0.66,25.85,33.24,33.32,-9.1,-4.12,True,-5.0,-1.76,True,2019Q4
CTG,2020-02-24,CONTROL_RSI,20.1,20.1,,34.8,1.38,11.0,-32.0,10.45,-5.0,8.36,8.74,8.88,-25.0,1.26,11.23,-6.55,-1.94,-0.19,-9.82,9.43,True,-5.0,3.71,True,2020Q1
CTG,2020-04-01,CONTROL_RSI,37.8,37.8,,32.2,1.27,8.38,-1.07,35.56,-12.0,4.65,-5.52,-8.28,6.8,-4.28,-7.28,15.87,-4.07,-9.47,15.87,-9.47,False,15.87,-9.47,False,2020Q2
CTG,2020-06-26,CONTROL_RSI,5.6,5.6,,33.1,1.23,10.07,-8.74,19.07,-5.0,3.18,1.42,1.02,-7.35,-0.13,1.52,15.49,8.41,6.79,-8.0,0.04,True,-5.0,3.87,True,2020Q2
CTG,2020-07-28,CONTROL_RSI,26.2,26.2,,32.3,1.22,9.55,-3.77,53.09,-5.0,6.91,1.53,0.34,16.54,6.68,4.5,50.99,31.51,27.21,50.99,27.21,False,50.99,27.21,False,2020Q3
CTG,2021-07-12,CONTROL_RSI,32.6,32.6,,29.1,1.25,20.95,-19.19,1.24,-5.0,-6.35,-4.57,-4.12,-2.43,-7.54,-8.83,-17.33,-22.7,-24.07,-8.0,-2.89,True,-5.0,-4.77,True,2021Q3
CTG,2021-08-23,CONTROL_RSI,0.9,0.9,,34.7,1.41,19.41,-12.78,1.39,-5.0,-3.35,-5.86,-6.89,-3.97,-8.12,-9.83,-2.27,-15.43,-20.85,-8.0,-9.56,True,-5.0,-5.25,True,2021Q3
CTG,2021-09-27,CONTROL_RSI,13.4,13.4,,30.5,1.39,18.17,-6.82,16.24,-5.0,-4.18,-6.42,-7.3,-2.92,-7.95,-9.92,6.44,-5.16,-9.73,6.44,-9.73,False,-5.0,-6.53,True,2021Q3
CTG,2021-12-14,CONTROL_RSI,11.9,11.9,,32.7,1.21,19.58,-4.14,17.93,-6.3,-2.3,-2.41,-2.43,8.53,7.17,6.89,0.97,1.96,2.17,0.97,2.17,False,0.97,2.17,False,2021Q4
CTG,2022-02-21,CONTROL_RSI,15.2,15.2,,29.9,0.97,20.55,-30.9,3.41,-5.0,-2.04,-2.02,-2.02,-2.92,-3.23,-3.22,-23.8,-6.55,-7.04,-8.0,-5.15,True,-5.0,-4.11,True,2022Q1
CTG,2022-04-12,CONTROL_RSI,14.5,14.5,,30.2,0.94,18.86,-27.89,2.23,-5.0,-8.01,-2.88,-3.21,-23.38,-4.42,-5.62,-16.97,2.78,1.54,-8.0,-3.2,True,-5.0,-3.27,True,2022Q2
CTG,2022-05-12,CONTROL_RSI,36.3,36.3,,34.4,1.07,15.11,-9.99,17.21,-6.49,3.64,3.18,3.15,8.41,4.43,4.16,16.02,14.58,14.48,-8.0,-3.27,True,-6.49,-4.95,True,2022Q2
CTG,2022-06-14,CONTROL_RSI,5.9,5.9,,33.6,1.13,15.11,-9.99,18.0,-5.0,-5.56,-0.53,0.12,6.22,10.88,11.47,7.41,5.99,5.8,-8.0,-3.34,True,-5.0,-3.72,True,2022Q2
CTG,2022-08-23,CONTROL_RSI,4.0,4.0,,33.7,1.22,17.14,-31.21,1.93,-5.0,-0.35,-0.74,-0.82,-11.84,-6.18,-4.93,-12.89,11.11,16.41,-8.46,-1.75,True,-5.0,-1.08,True,2022Q3
CTG,2022-09-22,CONTROL_RSI,32.3,32.3,,25.4,1.25,15.35,-23.19,13.81,-5.0,-8.66,-2.03,-0.37,-14.72,1.18,5.14,10.42,23.63,26.92,-8.0,-3.25,True,-7.49,-2.75,True,2022Q3
CTG,2023-02-28,CONTROL_RSI,15.3,15.3,,30.5,1.3,16.53,-0.91,10.04,-5.0,7.5,4.97,4.21,6.05,2.82,1.85,2.36,-2.69,-4.21,2.36,-4.21,False,2.36,-4.21,False,2023Q1
CTG,2023-04-21,CONTROL_RSI,26.1,26.1,,26.3,1.17,17.26,-3.71,7.18,-5.0,-1.04,-0.6,-0.52,-3.36,-5.21,-5.52,3.82,-8.38,-10.4,3.82,-10.4,False,3.82,-10.4,False,2023Q2
CTG,2023-09-25,CONTROL_RSI,36.9,36.9,,24.3,1.02,18.07,-8.69,3.87,-5.0,-2.66,0.2,0.26,-1.33,2.59,2.68,-0.94,3.81,3.92,-8.0,1.89,True,-5.0,-5.38,True,2023Q3
CTG,2023-10-30,CONTROL_RSI,7.4,7.4,,32.5,0.93,16.77,-1.61,32.08,-5.0,2.92,-0.4,-0.15,5.61,0.84,1.19,28.86,16.68,17.57,28.86,17.57,False,28.86,17.57,False,2023Q4
CTG,2024-03-18,CONTROL_RSI,19.8,19.8,,30.3,0.99,22.56,-6.74,9.0,-5.0,5.41,2.55,2.58,1.95,4.43,4.39,-1.95,-4.22,-4.19,-1.95,-4.19,False,-5.0,0.68,True,2024Q1
CTG,2024-04-19,CONTROL_RSI,11.8,11.8,,33.2,1.14,21.65,-3.74,6.56,-5.0,0.92,-1.83,-2.21,3.74,-4.47,-5.61,4.34,-3.32,-4.37,4.34,-4.37,False,4.34,-4.37,False,2024Q2
CTG,2024-06-27,CONTROL_RSI,3.4,3.4,,33.9,1.4,21.14,-4.3,17.12,-5.0,4.49,2.69,1.97,2.41,3.85,4.42,15.18,13.86,13.33,15.18,13.33,False,15.18,13.33,False,2024Q2
CTG,2024-08-05,CONTROL_RSI,18.4,18.4,,30.6,1.27,20.6,-1.8,23.11,-5.0,4.42,1.67,0.93,14.76,8.85,7.26,17.04,11.45,9.94,17.04,9.94,False,17.04,9.94,False,2024Q3
CTG,2024-10-23,CONTROL_RSI,3.0,3.0,,34.0,1.05,23.64,-6.56,11.13,-5.0,1.99,2.51,2.54,0.0,3.37,3.55,6.3,8.04,8.13,6.3,8.13,False,-5.0,-0.64,True,2024Q4
CTG,2024-11-20,CONTROL_RSI,2.0,2.0,,34.3,1.08,22.97,-1.22,22.03,-5.0,4.09,2.05,1.88,6.44,3.37,3.11,22.03,15.5,14.95,22.03,14.95,False,22.03,14.95,False,2024Q4
CTG,2025-01-17,CONTROL_RSI,3.5,3.5,,34.2,1.15,25.16,-9.26,16.26,-5.0,2.15,1.91,1.87,12.48,8.12,7.45,-0.4,3.83,4.49,-9.26,5.11,True,-9.26,5.11,True,2025Q1
CTG,2025-03-28,CONTROL_RSI,0.5,0.5,,34.8,1.34,27.83,-17.97,2.66,-5.0,-12.61,1.15,5.79,-9.7,-3.06,-0.82,1.8,-2.61,-4.1,-11.79,-1.32,True,-5.0,3.52,True,2025Q1
CTG,2025-06-09,CONTROL_RSI,15.4,15.4,,29.9,1.07,25.67,-1.21,40.51,-5.0,6.16,3.1,2.89,16.83,8.59,8.02,34.2,4.49,2.43,34.2,2.43,False,34.2,2.43,False,2025Q2
CTG,2025-10-29,CONTROL_RSI,10.9,10.9,,31.4,1.05,33.91,-5.63,26.33,-5.85,2.6,5.33,5.46,-1.92,-1.65,-1.64,10.94,1.77,1.35,10.94,1.35,False,10.94,1.35,False,2025Q4
CTG,2026-01-29,CONTROL_RSI,20.9,20.9,,31.3,1.0,37.62,-16.24,5.5,-5.0,-2.1,1.56,1.56,-6.67,-3.69,-3.69,-6.94,-10.73,-10.73,-13.08,-3.78,True,-5.0,-4.51,True,2026Q1
CTG,2026-03-12,CONTROL_RSI,23.9,23.9,,28.3,0.98,33.78,-6.72,7.28,-5.0,-2.04,0.9,0.85,2.04,-1.04,-0.98,-2.34,-8.58,-8.47,-2.34,-8.47,False,-5.0,1.16,True,2026Q1
CTG,2026-06-02,CONTROL_RSI,13.8,13.8,,31.5,0.93,33.29,-14.69,2.79,-5.0,-0.9,0.22,0.14,1.77,-0.59,-0.42,-4.33,-4.17,-4.18,-8.0,-3.89,True,-5.0,-4.11,True,2026Q2
CTG,2026-07-13,CONTROL_RSI,22.9,22.9,,32.1,0.93,32.06,-11.42,2.93,-5.0,-5.08,-1.59,-1.82,0.75,1.85,1.78,,,,-8.0,-1.51,True,-5.0,-2.41,True,2026Q3
CTG,2026-09-14,CONTROL_RSI,13.9,13.9,,30.4,0.92,30.0,-3.67,5.67,-5.0,3.17,1.95,2.05,,,,,,,-0.67,1.18,False,-0.67,1.18,False,2026Q3
CTG,2019-04-03,CONTROL_RANDOM,,,,41.5,1.34,9.96,-11.75,2.31,-5.0,-0.7,-0.55,-0.5,-7.43,-3.76,-2.51,-4.72,-1.98,-1.04,-8.0,-3.94,True,-5.0,-1.58,True,2019Q2
CTG,2019-04-05,CONTROL_RANDOM,,,,29.8,1.34,9.87,-10.94,3.24,-5.0,-1.62,-0.4,0.02,-7.29,-3.58,-2.32,-3.44,-2.04,-1.56,-8.0,-2.85,True,-5.0,-1.88,True,2019Q2
CTG,2019-05-15,CONTROL_RANDOM,,,,58.6,1.37,9.53,-7.76,4.72,-6.26,1.68,1.01,0.76,-4.72,-2.05,-1.06,-3.25,-3.16,-3.12,-3.25,-3.12,False,-6.26,-2.58,True,2019Q2
CTG,2019-05-22,CONTROL_RANDOM,,,,60.2,1.31,9.69,-9.29,2.99,-7.72,-3.92,-2.63,-2.24,-2.37,-0.05,0.67,-5.16,-4.89,-4.81,-8.0,-3.73,True,-7.72,-3.45,True,2019Q2
CTG,2019-08-19,CONTROL_RANDOM,,,,43.8,1.09,9.24,-3.9,10.93,-5.0,-0.97,-0.25,-0.18,1.41,0.27,0.17,6.6,3.67,3.41,6.6,3.41,False,6.6,3.41,False,2019Q3
CTG,2019-08-21,CONTROL_RANDOM,,,,62.1,1.12,9.44,-5.93,8.58,-5.0,-3.6,-1.81,-1.6,0.74,1.35,1.42,3.6,2.23,2.07,3.6,2.07,False,-5.0,-2.89,True,2019Q3
CTG,2019-11-12,CONTROL_RANDOM,,,,64.4,1.02,9.94,-11.57,28.97,-5.0,-3.42,-1.6,-1.57,-9.96,-4.34,-4.24,23.54,31.47,31.61,-8.0,-3.18,True,-5.0,-0.88,True,2019Q4
CTG,2020-01-07,CONTROL_RANDOM,,,,80.4,1.06,9.71,-22.97,32.03,-6.53,9.58,8.17,8.09,26.26,27.99,28.09,-8.14,12.18,13.39,-8.0,15.14,True,-7.21,15.94,True,2020Q1
CTG,2020-05-04,CONTROL_RANDOM,,,,56.1,1.23,9.04,-2.54,25.66,-10.16,7.96,-1.48,-3.67,16.92,2.31,-1.08,8.19,1.62,0.1,8.19,0.1,False,8.19,0.1,False,2020Q2
CTG,2020-12-15,CONTROL_RANDOM,,,,67.7,1.23,15.82,-16.75,19.79,-5.35,-0.32,-2.26,-2.71,13.15,0.95,-1.88,17.0,3.53,0.4,-11.13,-7.12,True,-5.35,-6.42,True,2020Q4
CTG,2021-03-15,CONTROL_RANDOM,,,,59.6,1.09,17.44,-1.43,43.92,-5.0,6.14,6.26,6.27,10.21,4.85,4.35,38.65,24.57,23.23,38.65,23.23,False,38.65,23.23,False,2021Q1
CTG,2021-06-04,CONTROL_RANDOM,,,,76.1,1.16,24.55,-27.66,2.04,-10.88,-2.24,-1.3,-1.16,-2.97,-5.63,-6.05,-22.36,-18.98,-18.45,-8.0,-4.48,True,-10.88,-8.57,True,2021Q2
CTG,2021-07-02,CONTROL_RANDOM,,,,51.0,1.22,24.09,-26.28,0.95,-6.57,-14.28,-6.14,-4.36,-17.35,-10.48,-8.98,-25.53,-20.43,-19.31,-8.0,-2.47,True,-6.57,-4.62,True,2021Q3
CTG,2021-07-22,CONTROL_RANDOM,,,,27.4,1.27,19.56,-13.45,7.11,-7.25,3.78,2.52,2.18,-1.38,-4.14,-4.88,-8.59,-16.45,-18.53,-8.0,-9.91,True,-7.41,-9.32,True,2021Q3
CTG,2021-08-25,CONTROL_RANDOM,,,,29.2,1.41,19.06,-11.18,7.87,-5.0,-0.79,-3.6,-4.76,-4.04,-5.22,-5.71,6.82,-3.69,-8.04,-8.0,-10.74,True,-5.0,-8.2,True,2021Q3
CTG,2021-10-14,CONTROL_RANDOM,,,,41.0,1.38,18.11,-4.36,17.5,-7.66,-3.42,-3.24,-3.16,6.52,0.66,-1.57,11.15,3.12,0.06,11.15,0.06,False,11.15,0.06,False,2021Q4
CTG,2021-12-23,CONTROL_RANDOM,,,,49.9,1.16,19.31,-0.78,19.58,-5.0,6.11,3.27,2.83,11.6,12.78,12.97,-0.47,-2.27,-2.55,-0.47,-2.55,False,-0.47,-2.55,False,2021Q4
CTG,2022-03-29,CONTROL_RANDOM,,,,50.0,0.96,19.28,-29.46,4.72,-5.0,2.23,0.15,0.23,-11.57,-2.12,-2.46,-19.76,-0.38,-1.07,-8.0,-4.16,True,-5.0,-1.16,True,2022Q1
CTG,2022-06-23,CONTROL_RANDOM,,,,37.8,1.16,15.26,-2.16,16.84,-12.0,6.75,6.07,5.96,6.55,6.22,6.17,3.01,0.65,0.27,3.01,0.27,False,3.01,0.27,False,2022Q2
CTG,2022-07-06,CONTROL_RANDOM,,,,55.4,1.19,15.66,-16.6,13.86,-11.56,4.21,1.33,0.78,11.37,2.21,0.5,-16.6,-11.16,-10.14,-8.0,-10.62,True,-11.56,-9.2,True,2022Q3
CTG,2022-11-02,CONTROL_RANDOM,,,,60.4,1.43,14.23,-6.54,32.75,-12.0,-3.37,2.97,5.71,11.1,8.64,7.58,23.4,16.9,14.09,23.4,14.09,False,23.4,14.09,False,2022Q4
CTG,2022-12-20,CONTROL_RANDOM,,,,54.0,1.32,16.92,-7.09,11.64,-6.93,-3.01,-1.3,-0.75,11.11,3.88,1.54,2.54,1.4,1.03,2.54,1.03,False,-6.93,-0.77,True,2022Q4
CTG,2023-02-15,CONTROL_RANDOM,,,,35.7,1.3,17.56,-6.72,5.01,-5.0,-0.17,-0.41,-0.48,-0.34,0.02,0.12,-3.82,-5.22,-5.64,-3.82,-5.64,False,-5.0,-1.29,True,2023Q1
CTG,2023-05-25,CONTROL_RANDOM,,,,44.8,1.18,16.68,-0.36,19.24,-5.0,3.84,1.63,1.22,6.0,0.17,-0.89,11.27,0.89,-1.0,11.27,-1.0,False,11.27,-1.0,False,2023Q2
CTG,2023-05-26,CONTROL_RANDOM,,,,48.0,1.16,16.8,0.0,18.39,-5.0,3.45,0.6,0.13,5.24,-0.82,-1.81,15.12,4.59,2.87,15.12,2.87,False,15.12,2.87,False,2023Q2
CTG,2023-09-13,CONTROL_RANDOM,,,,61.8,1.04,19.8,-16.67,2.73,-5.57,-3.23,-1.18,-1.1,-9.65,-2.65,-2.4,-8.23,1.19,1.54,-8.0,-0.88,True,-5.57,1.55,True,2023Q3
CTG,2024-04-05,CONTROL_RANDOM,,,,49.3,0.99,22.49,-7.34,9.03,-5.0,0.44,3.53,3.51,-1.33,-0.48,-0.49,-1.78,-3.98,-3.97,-1.78,-3.97,False,-5.0,1.37,True,2024Q2
CTG,2024-05-22,CONTROL_RANDOM,,,,57.2,1.36,22.26,-9.12,3.64,-5.0,-3.5,-3.56,-3.58,-2.29,-3.61,-4.09,-3.37,-0.05,1.15,-8.0,-4.88,True,-5.0,-4.53,True,2024Q2
CTG,2024-06-27,CONTROL_RANDOM,,,,33.9,1.4,21.14,-4.3,17.12,-5.0,4.49,2.69,1.97,2.41,3.85,4.42,15.18,13.86,13.33,15.18,13.33,False,15.18,13.33,False,2024Q2
CTG,2024-10-16,CONTROL_RANDOM,,,,48.5,1.04,24.65,-10.39,6.57,-5.0,-4.5,-2.54,-2.46,-7.95,-3.99,-3.84,2.76,6.83,6.98,-8.0,-2.81,True,-5.0,-2.96,True,2024Q4
CTG,2024-11-15,CONTROL_RANDOM,,,,36.4,1.09,22.36,-1.21,24.91,-5.0,6.04,4.69,4.57,9.48,5.75,5.42,21.74,16.82,16.39,21.74,16.39,False,21.74,16.39,False,2024Q4
CTG,2025-03-18,CONTROL_RANDOM,,,,58.5,1.28,28.3,-19.33,1.31,-5.0,-0.35,-0.03,0.06,-11.1,-2.59,-0.18,-3.71,-5.01,-5.38,-13.25,-1.71,True,-5.0,4.7,True,2025Q1
CTG,2025-03-31,CONTROL_RANDOM,,,,34.0,1.31,28.13,-18.84,1.56,-5.0,-18.84,-2.18,2.96,-10.31,-4.75,-3.03,0.6,-4.2,-5.68,-12.73,-2.52,True,-5.0,3.29,True,2025Q1
CTG,2025-06-10,CONTROL_RANDOM,,,,29.1,1.07,25.67,-1.21,40.51,-5.0,5.65,3.78,3.65,18.39,10.12,9.56,32.33,6.25,4.46,32.33,4.46,False,32.33,4.46,False,2025Q2
CTG,2025-08-26,CONTROL_RANDOM,,,,64.0,1.04,35.12,-8.88,8.66,-11.16,-3.27,-2.59,-2.56,-2.51,-1.44,-1.4,-4.81,-3.41,-3.34,-8.0,-2.72,True,-4.81,-3.34,False,2025Q3
CTG,2025-09-05,CONTROL_RANDOM,,,,50.4,1.04,33.77,-5.24,13.0,-5.0,3.2,1.75,1.7,4.8,2.71,2.63,-2.4,-4.85,-4.95,-2.4,-4.95,False,-5.0,-0.78,True,2025Q3
CTG,2025-09-25,CONTROL_RANDOM,,,,50.0,1.04,33.97,-5.8,12.33,-5.0,1.0,2.25,2.3,-0.18,-1.17,-1.21,-0.12,-2.38,-2.46,-0.12,-2.46,False,-5.0,-0.44,True,2025Q3
CTG,2026-04-08,CONTROL_RANDOM,,,,54.6,0.98,34.52,-5.16,4.98,-5.89,-1.3,-5.24,-5.16,0.55,-8.03,-7.85,-2.29,-7.85,-7.74,-2.29,-7.74,False,-2.29,-7.74,False,2026Q2
CTG,2026-05-14,CONTROL_RANDOM,,,,62.2,0.92,35.7,-20.45,1.51,-5.13,-4.01,-1.34,-1.54,-7.87,-0.77,-1.31,-8.96,-0.64,-1.27,-8.01,-1.4,True,-5.13,-4.39,True,2026Q2
CTG,2026-05-21,CONTROL_RANDOM,,,,50.0,0.93,34.37,-17.37,1.72,-5.0,-0.29,1.46,1.34,-3.29,0.52,0.25,-8.5,0.34,-0.28,-8.0,-3.59,True,-5.0,-0.29,True,2026Q2
MBB,2019-01-03,WATCH,44.1,44.1,10.0,3.3,1.03,3.86,-1.81,26.68,-5.0,4.66,1.22,1.13,18.91,14.79,14.67,23.83,10.48,10.1,23.83,10.1,False,23.83,10.1,False,2019Q1
MBB,2020-03-09,WATCH,44.9,44.9,0.0,28.7,1.22,4.4,-30.45,3.41,-5.0,-11.59,-3.23,-1.39,-16.82,-8.73,-6.96,-5.23,-14.12,-16.08,-8.0,-1.32,True,-7.95,-1.27,True,2020Q1
MBB,2020-03-12,PANIC70_ANY,80.7,80.7,0.0,21.7,1.24,3.69,-17.07,18.97,-5.0,1.08,4.6,5.44,-0.54,-4.65,-5.62,17.34,-5.0,-10.32,-8.0,4.86,True,-5.0,6.61,True,2020Q1
MBB,2020-07-27,PANIC70_ANY,74.8,74.8,20.0,24.1,1.14,3.7,-3.51,37.84,-5.0,3.24,-1.95,-2.67,13.51,2.4,0.86,34.32,14.96,12.28,34.32,12.28,False,34.32,12.28,False,2020Q3
MBB,2021-01-28,WATCH,66.0,66.0,25.0,27.4,1.11,5.7,0.0,52.28,-5.0,16.32,3.44,1.97,28.42,11.36,9.42,48.95,23.09,20.15,48.95,20.15,False,48.95,20.15,False,2021Q1
MBB,2021-07-19,WATCH,64.3,64.3,10.0,22.1,1.28,10.01,-4.3,14.89,-5.0,-1.0,-3.69,-4.45,12.69,3.07,0.34,2.9,-9.03,-12.43,2.9,-12.43,False,2.9,-12.43,False,2021Q3
MBB,2022-04-25,WATCH,42.7,42.7,0.0,23.3,0.98,10.12,-21.94,6.82,-5.0,3.56,-2.3,-2.2,-1.19,0.12,0.1,-8.5,-1.74,-1.85,-8.0,-8.62,True,-5.0,-3.79,True,2022Q2
MBB,2022-06-17,PANIC70_ANY,77.5,77.5,0.0,16.8,1.16,8.42,-6.18,23.4,-5.0,3.44,4.72,4.92,9.03,12.46,13.0,15.44,13.6,13.31,15.44,13.31,False,15.44,13.31,False,2022Q2
MBB,2022-06-20,WATCH,65.0,65.0,0.0,15.8,1.15,8.13,-1.97,27.8,-5.03,9.84,5.99,5.4,12.05,11.6,11.53,18.2,12.01,11.05,18.2,11.05,False,18.2,11.05,False,2022Q2
MBB,2022-09-26,WATCH,42.3,42.3,0.0,9.0,1.21,8.83,-35.11,0.0,-5.0,-7.59,0.85,2.61,-19.37,-4.1,-0.91,-13.48,-0.37,2.37,-8.0,1.35,True,-5.0,-0.34,True,2022Q3
MBB,2022-10-07,PANIC70_ANY,92.7,92.7,20.0,18.6,1.23,7.35,-22.04,13.88,-5.0,3.27,0.14,-0.57,0.0,4.36,5.35,6.26,3.88,3.34,-8.0,-3.97,True,-5.0,-0.97,True,2022Q4
MBB,2022-10-24,WATCH,45.5,45.5,20.0,30.4,1.27,6.83,-16.11,24.16,-5.0,14.35,8.91,7.45,0.29,3.18,3.96,24.16,12.14,8.9,-8.0,0.88,True,-5.0,3.88,True,2022Q4
MBB,2025-04-03,WATCH,53.8,53.8,0.0,30.1,1.11,12.68,-7.81,25.16,-5.0,11.2,4.12,3.36,11.67,2.14,1.13,23.03,3.83,1.78,23.03,1.78,False,-7.81,-1.6,True,2025Q2
MBB,2025-04-08,PANIC70_ANY,83.5,83.5,0.0,22.7,1.09,11.69,0.0,36.27,-5.0,17.79,5.06,3.95,22.41,2.88,1.18,35.76,5.16,2.49,35.76,2.49,False,35.76,2.49,False,2025Q2
MBB,2026-03-09,WATCH,56.2,56.2,0.0,27.6,0.93,20.9,-6.12,3.88,-6.38,0.96,-1.79,-1.59,-1.91,-2.7,-2.64,-4.21,-14.69,-13.92,-4.21,-13.92,False,-4.21,-13.92,False,2026Q1
MBB,2026-05-20,WATCH,45.2,45.2,0.0,16.7,0.86,19.78,-10.11,5.86,-5.0,1.21,4.17,3.74,2.22,6.91,6.24,1.87,9.93,8.77,-8.0,1.86,True,-5.0,6.23,True,2026Q2
MBB,2026-07-22,WATCH,42.6,42.6,0.0,23.5,0.83,18.58,-4.31,14.1,-5.0,0.86,-3.95,-3.14,9.26,5.07,5.77,,,,3.34,-1.39,False,3.34,-1.39,False,2026Q3
MBB,2020-04-07,ENTRY_V2_LOOSE,,74.0,40.0,44.6,1.18,3.61,-1.66,21.61,-12.0,5.54,0.51,-0.37,7.2,-2.76,-4.51,8.59,-5.95,-8.51,8.59,-8.51,False,8.59,-8.51,False,2020Q2
MBB,2020-04-08,ENTRY_V2,,74.0,65.0,44.6,1.17,3.73,-4.83,17.69,-12.0,2.95,-0.99,-1.67,4.83,-5.46,-7.22,6.17,-8.49,-11.01,6.17,-11.01,False,6.17,-11.01,False,2020Q2
MBB,2020-07-28,ENTRY_V2_LOOSE,,74.8,40.0,40.6,1.15,3.7,-3.51,37.84,-5.0,4.05,-1.33,-2.12,12.7,2.84,1.37,35.95,16.47,13.58,35.95,13.58,False,35.95,13.58,False,2020Q3
MBB,2020-08-05,ENTRY_V2,,74.8,60.0,40.3,1.15,3.83,-0.78,33.16,-8.26,3.13,1.1,0.8,9.66,2.08,0.95,24.54,14.11,12.55,24.54,12.55,False,24.54,12.55,False,2020Q3
MBB,2022-06-28,ENTRY_V2_LOOSE,13.0,77.5,45.0,30.7,1.16,8.88,-4.5,17.0,-12.0,1.35,6.2,6.96,1.35,2.77,3.0,2.59,3.0,3.06,2.59,3.06,False,2.59,3.06,False,2022Q2
MBB,2022-10-13,ENTRY_V2_LOOSE,43.0,92.7,40.0,28.9,1.27,7.77,-26.25,7.72,-12.0,-10.04,-5.97,-4.86,-10.68,-0.47,2.31,1.93,2.76,2.99,-8.0,-2.82,True,-12.0,-2.79,True,2022Q4
MBB,2025-04-17,ENTRY_V2_LOOSE,,84.6,40.0,44.5,1.04,13.89,-6.7,17.28,-12.0,1.94,1.87,1.87,8.42,0.72,0.4,15.55,-4.57,-5.39,15.55,-5.39,False,15.55,-5.39,False,2025Q2
MBB,2025-04-23,ENTRY_V2,,84.6,60.0,44.2,1.03,14.07,-1.49,18.12,-10.15,0.64,-1.6,-1.67,5.76,-4.54,-4.89,15.99,-8.27,-9.12,15.99,-9.12,False,15.99,-9.12,False,2025Q2
MBB,2019-01-02,CONTROL_RSI,37.4,37.4,,10.4,1.0,4.07,-6.88,20.15,-5.0,-0.25,-1.2,-1.2,13.02,10.68,10.67,16.71,5.79,5.78,16.71,5.78,False,16.71,5.78,False,2019Q1
MBB,2019-06-03,CONTROL_RSI,15.0,15.0,,30.0,1.07,4.41,-1.81,16.1,-5.0,1.13,-0.61,-0.72,3.4,1.67,1.56,13.83,10.54,10.32,13.83,10.32,False,13.83,10.32,False,2019Q2
MBB,2019-08-07,CONTROL_RSI,6.3,6.3,,33.3,0.96,4.62,-0.65,19.7,-5.0,4.11,2.72,2.77,5.41,4.57,4.6,15.58,10.44,10.63,15.58,10.63,False,15.58,10.63,False,2019Q3
MBB,2019-11-22,CONTROL_RSI,28.4,28.4,,25.5,0.83,5.2,-12.69,2.12,-5.0,-4.23,-2.33,-2.66,-5.77,-3.89,-4.21,-6.92,0.05,-1.13,-9.81,-5.59,True,-5.0,-2.93,True,2019Q4
MBB,2019-12-24,CONTROL_RSI,15.7,15.7,,29.8,0.93,4.83,-30.43,8.9,-5.0,2.28,1.39,1.45,2.48,2.34,2.35,-27.54,0.01,-1.82,-8.9,2.86,True,-5.0,-2.07,True,2019Q4
MBB,2020-04-03,CONTROL_RSI,16.7,16.7,,32.7,1.17,3.54,-0.28,24.01,-12.0,3.67,-3.25,-4.41,4.8,-4.46,-6.01,11.3,-6.47,-9.44,11.3,-9.44,False,11.3,-9.44,False,2020Q2
MBB,2020-06-29,CONTROL_RSI,3.9,3.9,,33.7,1.16,3.96,-9.85,14.14,-5.0,0.51,-2.69,-3.19,-4.04,-1.25,-0.81,12.88,3.82,2.4,-8.0,-0.87,True,-6.57,0.56,True,2020Q2
MBB,2020-07-29,CONTROL_RSI,32.7,32.7,,30.9,1.15,3.68,-1.9,38.59,-5.0,3.53,-1.97,-2.81,13.32,3.46,1.95,37.23,16.5,13.33,37.23,13.33,False,37.23,13.33,False,2020Q3
MBB,2021-07-14,CONTROL_RSI,11.0,11.0,,34.9,1.28,10.34,-7.35,11.22,-5.0,-0.87,-1.95,-2.25,3.19,-2.52,-4.12,0.68,-8.24,-10.73,0.68,-10.73,False,-5.0,-1.36,True,2021Q3
MBB,2021-08-27,CONTROL_RSI,7.8,7.8,,32.7,1.34,10.16,-4.23,9.94,-5.0,0.69,-0.87,-1.4,-1.08,-3.06,-3.74,9.94,-3.44,-8.02,9.94,-8.02,False,9.94,-8.02,False,2021Q3
MBB,2021-12-14,CONTROL_RSI,28.3,28.3,,27.6,1.18,10.21,-4.02,23.6,-5.77,-2.06,-2.17,-2.19,5.19,3.83,3.59,14.2,15.2,15.37,14.2,15.37,False,14.2,15.37,False,2021Q4
MBB,2022-03-09,CONTROL_RSI,4.6,4.6,,34.8,0.99,11.32,-23.06,9.89,-5.21,3.0,4.6,4.59,7.6,6.44,6.45,-13.96,-0.91,-1.06,-8.0,3.59,True,-5.21,0.03,True,2022Q1
MBB,2022-04-19,CONTROL_RSI,13.3,13.3,,33.3,0.97,10.63,-25.68,4.8,-5.0,1.03,4.45,4.34,-8.18,3.3,2.92,-13.45,2.41,1.9,-8.0,-3.84,True,-5.0,1.26,True,2022Q2
MBB,2022-06-14,CONTROL_RSI,22.5,22.5,,28.3,1.15,9.13,-13.47,13.8,-5.0,-7.12,-2.09,-1.34,0.22,4.87,5.57,7.89,6.46,6.25,-8.0,-6.7,True,-6.35,-5.05,True,2022Q2
MBB,2022-09-14,CONTROL_RSI,4.1,4.1,,33.6,1.19,9.74,-41.17,0.41,-5.0,-5.34,-2.72,-2.22,-22.48,-6.74,-3.75,-19.4,-3.63,-0.62,-8.21,-1.25,True,-5.0,-1.0,True,2022Q3
MBB,2022-10-17,CONTROL_RSI,24.9,24.9,,33.6,1.28,7.79,-26.44,7.45,-12.0,-8.6,-2.23,-0.47,-21.18,-6.76,-2.79,1.67,2.59,2.85,-8.0,-2.52,True,-12.0,-2.49,True,2022Q4
MBB,2022-11-15,CONTROL_RSI,33.7,33.7,,33.6,1.32,5.84,-1.88,49.32,-5.0,16.61,8.62,6.03,34.76,14.85,8.39,35.62,14.81,8.05,35.62,8.05,False,35.62,8.05,False,2022Q4
MBB,2023-02-13,CONTROL_RSI,23.8,23.8,,27.1,1.33,7.81,-5.51,6.15,-5.0,3.33,-0.22,-1.41,-4.48,-4.0,-3.84,3.59,1.5,0.81,3.59,0.81,False,-5.0,-4.41,True,2023Q1
MBB,2023-03-13,CONTROL_RSI,6.4,6.4,,32.9,1.34,7.59,-1.71,17.52,-5.0,-0.79,0.82,1.37,7.11,5.19,4.54,15.81,10.26,8.37,15.81,8.37,False,15.81,8.37,False,2023Q1
MBB,2023-04-21,CONTROL_RSI,22.7,22.7,,27.4,1.28,7.83,-0.26,23.12,-5.0,0.89,1.34,1.46,2.17,0.32,-0.19,20.56,8.36,4.98,20.56,4.98,False,20.56,4.98,False,2023Q2
MBB,2023-08-18,CONTROL_RSI,19.6,19.6,,32.1,1.07,9.21,-5.86,9.45,-5.0,1.09,-1.01,-1.16,6.62,2.45,2.15,3.04,7.67,8.0,3.04,8.0,False,-5.0,6.06,True,2023Q3
MBB,2023-09-25,CONTROL_RSI,4.2,4.2,,34.7,1.04,9.28,-6.57,3.34,-5.0,-0.54,2.31,2.42,-1.29,2.62,2.76,0.0,4.75,4.92,0.0,4.92,False,-5.0,3.6,True,2023Q3
MBB,2023-10-26,CONTROL_RSI,14.0,14.0,,32.4,0.96,8.82,-1.7,30.73,-5.0,0.91,-0.73,-0.67,3.51,0.1,0.23,28.12,16.47,16.92,28.12,16.92,False,28.12,16.92,False,2023Q4
MBB,2024-04-11,CONTROL_RSI,0.8,0.8,,34.7,1.02,12.2,-8.85,5.0,-5.0,-5.25,0.51,0.62,-1.89,-2.35,-2.35,-0.98,-2.63,-2.66,-8.0,-1.1,True,-5.25,1.86,True,2024Q2
MBB,2024-08-08,CONTROL_RSI,25.6,25.6,,29.2,1.16,12.13,0.0,12.94,-5.0,3.63,0.59,0.12,2.39,-0.89,-1.4,5.36,2.85,2.46,5.36,2.46,False,5.36,2.46,False,2024Q3
MBB,2024-09-16,CONTROL_RSI,0.5,0.5,,34.8,1.14,12.55,-3.75,9.16,-5.0,5.18,2.2,1.76,6.85,3.54,3.06,1.04,-1.55,-1.92,1.04,-1.92,False,1.04,-1.92,False,2024Q3
MBB,2024-11-01,CONTROL_RSI,20.4,20.4,,28.2,1.16,12.91,-6.43,5.27,-5.0,-1.63,-1.18,-1.11,-2.17,-1.79,-1.74,4.57,3.87,3.76,4.57,3.76,False,-5.0,-1.43,True,2024Q4
MBB,2025-03-31,CONTROL_RSI,2.7,2.7,,34.1,1.18,14.52,-19.49,9.3,-5.0,-14.53,2.13,5.14,-2.48,3.08,4.09,6.82,2.02,1.15,-12.67,-3.46,True,-5.0,2.48,True,2025Q1
MBB,2025-06-10,CONTROL_RSI,17.2,17.2,,29.3,0.99,14.55,-0.21,62.41,-5.0,3.51,1.63,1.64,9.9,1.63,1.69,50.86,24.77,24.94,50.86,24.94,False,50.86,24.94,False,2025Q2
MBB,2025-09-23,CONTROL_RSI,18.9,18.9,,28.7,1.06,21.1,-13.46,5.55,-5.0,0.19,-1.63,-1.73,-3.41,-6.05,-6.21,-7.39,-9.74,-9.88,-8.0,-9.11,True,-5.0,-6.82,True,2025Q3
MBB,2025-10-24,CONTROL_RSI,35.7,35.7,,20.3,1.11,19.66,-7.12,15.31,-5.0,-5.9,-1.22,-0.72,-5.7,-4.02,-3.84,10.02,-1.12,-2.31,10.02,-2.31,False,-5.0,0.18,True,2025Q4
MBB,2025-11-24,CONTROL_RSI,3.1,3.1,,34.0,1.1,18.58,-1.72,27.18,-5.0,1.51,-1.31,-1.58,8.18,2.07,1.48,24.17,11.62,10.4,24.17,10.4,False,24.17,10.4,False,2025Q4
MBB,2026-03-10,CONTROL_RSI,20.9,20.9,,33.0,0.95,21.26,-7.71,2.12,-7.97,-0.94,-3.21,-3.09,0.19,-4.63,-4.39,-7.34,-14.18,-13.84,-7.34,-13.84,False,-7.34,-13.84,False,2026Q1
MBB,2026-05-05,CONTROL_RSI,7.3,7.3,,32.6,0.86,20.82,-14.6,2.11,-5.0,-0.77,-1.68,-1.55,-3.07,0.23,-0.23,-11.58,-2.19,-3.52,-8.0,-1.71,True,-5.0,-6.46,True,2026Q2
MBB,2026-06-02,CONTROL_RSI,3.6,3.6,,33.8,0.85,19.74,-9.93,7.4,-5.0,0.2,1.32,1.16,4.46,2.1,2.45,6.64,6.79,6.77,-8.0,-2.19,True,-5.0,2.25,True,2026Q2
MBB,2026-07-20,CONTROL_RSI,10.6,10.6,,34.2,0.84,18.91,-5.98,12.11,-5.0,-2.43,0.61,0.14,5.5,5.58,5.57,,,,1.53,0.28,False,-5.29,-2.72,True,2026Q3
MBB,2026-09-15,CONTROL_RSI,9.3,9.3,,31.9,0.79,20.05,-5.99,2.74,-5.0,-0.25,0.37,0.24,,,,,,,-4.24,-1.89,False,-5.0,-2.65,True,2026Q3
MBB,2019-01-17,CONTROL_RANDOM,,,,52.7,1.05,4.17,-1.44,17.27,-10.41,6.47,5.79,5.76,13.19,3.64,3.16,10.55,3.55,3.2,10.55,3.2,False,10.55,3.2,False,2019Q1
MBB,2019-01-23,CONTROL_RANDOM,,,,77.4,1.1,4.36,-0.46,12.16,-10.22,5.5,5.27,5.25,3.44,-2.82,-3.42,7.8,-0.03,-0.78,7.8,-0.78,False,7.8,-0.78,False,2019Q1
MBB,2019-02-13,CONTROL_RANDOM,,,,81.3,1.06,4.62,-3.03,5.84,-7.06,0.43,-3.94,-4.2,2.38,-4.31,-4.71,0.0,-3.11,-3.3,0.0,-3.3,False,0.0,-3.3,False,2019Q1
MBB,2019-02-14,CONTROL_RANDOM,,,,81.8,1.06,4.64,-3.45,5.39,-6.78,1.72,-2.16,-2.39,1.72,-3.76,-4.08,-1.08,-3.58,-3.72,-1.08,-3.72,False,-1.08,-3.72,False,2019Q1
MBB,2019-05-24,CONTROL_RANDOM,,,,45.8,1.05,4.6,-5.87,7.83,-5.0,-4.57,-2.07,-1.93,-0.22,0.59,0.64,3.26,2.2,2.14,3.26,2.14,False,-5.0,-2.55,True,2019Q2
MBB,2019-06-18,CONTROL_RANDOM,,,,32.4,1.05,4.46,-1.35,14.8,-5.0,0.9,-0.18,-0.24,6.73,3.18,2.99,11.66,8.8,8.64,11.66,8.64,False,11.66,8.64,False,2019Q2
MBB,2019-09-20,CONTROL_RANDOM,,,,64.2,0.86,5.13,-4.29,8.58,-6.06,3.51,3.02,3.09,2.73,3.55,3.44,-2.92,0.13,-0.29,-2.92,-0.29,False,-2.92,-0.29,False,2019Q3
MBB,2019-10-30,CONTROL_RANDOM,,,,55.7,0.88,5.36,-10.07,3.92,-5.0,2.05,-0.26,0.03,-3.92,-0.87,-1.25,-9.7,-3.28,-4.07,-8.0,-3.84,True,-5.0,-1.36,True,2019Q4
MBB,2019-12-20,CONTROL_RANDOM,,,,45.3,0.94,4.93,-31.85,6.69,-5.0,-1.01,-1.59,-1.55,6.49,3.7,3.87,-30.02,1.28,-0.71,-8.0,4.11,True,-5.0,-1.93,True,2019Q4
MBB,2020-01-22,CONTROL_RANDOM,,,,70.0,1.06,5.12,-40.23,0.98,-6.54,-0.78,2.97,3.19,-4.88,2.98,3.43,-26.95,-6.6,-5.44,-8.4,-3.3,True,-8.4,-3.3,True,2020Q1
MBB,2020-02-13,CONTROL_RANDOM,,,,44.9,1.2,5.03,-39.17,2.78,-11.34,-1.79,-1.13,-1.0,-20.87,-1.98,1.79,-18.89,-7.7,-5.47,-8.0,-4.22,True,-12.52,0.47,True,2020Q1
MBB,2020-04-23,CONTROL_RANDOM,,,,63.9,1.19,3.74,-2.94,17.38,-6.97,-1.6,0.08,0.4,9.63,-2.19,-4.38,7.75,-3.11,-5.12,7.75,-5.12,False,7.75,-5.12,False,2020Q2
MBB,2020-06-11,CONTROL_RANDOM,,,,53.8,1.18,3.98,-10.3,7.29,-5.0,2.51,-0.66,-1.23,1.01,-2.48,-3.11,3.52,-1.99,-2.98,-8.0,-0.06,True,-7.04,0.91,True,2020Q2
MBB,2020-06-30,CONTROL_RANDOM,,,,22.0,1.16,3.88,-7.99,18.04,-5.0,2.84,-1.61,-2.31,-6.19,-1.74,-1.04,17.53,7.75,6.23,17.53,6.23,False,-5.0,0.93,True,2020Q2
MBB,2020-08-13,CONTROL_RANDOM,,,,55.0,1.14,3.94,-0.51,29.44,-9.71,2.28,2.23,2.22,7.36,2.65,1.97,24.11,12.68,11.03,24.11,11.03,False,24.11,11.03,False,2020Q3
MBB,2020-11-06,CONTROL_RANDOM,,,,46.3,1.13,4.85,-0.41,50.93,-5.0,5.15,4.24,4.12,15.46,6.14,4.9,28.87,14.71,12.82,28.87,12.82,False,28.87,12.82,False,2020Q4
MBB,2021-01-12,CONTROL_RANDOM,,,,79.3,1.16,7.0,-18.57,22.57,-12.0,-6.71,-1.48,-0.65,-1.29,2.18,2.74,19.57,14.68,13.9,-8.0,-1.93,True,-12.0,-5.93,True,2021Q1
MBB,2021-07-14,CONTROL_RANDOM,,,,34.9,1.28,10.34,-7.35,11.22,-5.0,-0.87,-1.95,-2.25,3.19,-2.52,-4.12,0.68,-8.24,-10.73,0.68,-10.73,False,-5.0,-1.36,True,2021Q3
MBB,2021-09-23,CONTROL_RANDOM,,,,50.0,1.33,10.12,-3.85,12.35,-5.0,-1.98,-0.66,-0.22,-0.3,-2.99,-3.89,0.79,-8.6,-11.72,0.79,-11.72,False,0.79,-11.72,False,2021Q3
MBB,2021-09-30,CONTROL_RANDOM,,,,45.1,1.31,10.09,-3.57,12.69,-5.0,-0.79,-3.08,-3.79,2.08,-5.53,-7.91,0.89,-9.16,-12.3,0.89,-12.3,False,0.89,-12.3,False,2021Q3
MBB,2021-11-15,CONTROL_RANDOM,,,,60.5,1.29,10.41,-6.24,19.79,-5.0,0.38,1.26,1.52,-1.92,-1.88,-1.87,13.35,12.3,12.0,13.35,12.0,False,-5.0,0.51,True,2021Q4
MBB,2021-12-16,CONTROL_RANDOM,,,,32.4,1.17,10.23,-4.2,23.36,-5.87,-0.49,-0.52,-0.52,4.3,5.91,6.19,13.78,12.54,12.33,13.78,12.33,False,13.78,12.33,False,2021Q4
MBB,2022-05-17,CONTROL_RANDOM,,,,43.0,1.13,9.69,-18.47,5.57,-12.0,4.64,2.36,2.06,-7.12,-5.01,-4.74,1.44,0.12,-0.05,-8.0,-5.62,True,-12.0,-9.93,True,2022Q2
MBB,2022-06-29,CONTROL_RANDOM,,,,31.2,1.16,8.95,-5.25,16.09,-12.0,1.34,5.59,6.25,3.24,4.07,4.2,-2.57,1.03,1.59,-2.57,1.59,False,-2.57,1.59,False,2022Q2
MBB,2022-12-21,CONTROL_RANDOM,,,,49.3,1.33,7.77,-6.44,12.23,-6.81,-2.83,-1.16,-0.61,10.04,1.21,-1.66,-0.9,-2.88,-3.52,-0.9,-3.52,False,-0.9,-3.52,False,2022Q4
MBB,2023-01-10,CONTROL_RANDOM,,,,57.7,1.35,7.92,-6.82,10.1,-9.68,7.07,3.29,1.96,-1.39,-0.44,-0.11,2.4,1.34,0.97,2.4,0.97,False,2.4,0.97,False,2023Q1
MBB,2023-01-17,CONTROL_RANDOM,,,,85.6,1.36,8.46,-12.77,3.07,-9.9,-3.07,-1.56,-1.02,-6.38,-2.88,-1.63,-7.21,-3.23,-1.8,-8.0,-1.93,True,-10.52,-1.66,True,2023Q1
MBB,2023-04-18,CONTROL_RANDOM,,,,45.3,1.3,7.92,-1.39,21.72,-5.0,0.51,2.12,2.61,3.28,2.08,1.71,20.08,9.18,5.88,20.08,5.88,False,20.08,5.88,False,2023Q2
MBB,2023-05-22,CONTROL_RANDOM,,,,61.6,1.21,8.2,-2.68,21.59,-5.0,-0.85,-1.31,-1.41,6.59,2.99,2.22,18.17,3.17,-0.04,18.17,-0.04,False,18.17,-0.04,False,2023Q2
MBB,2023-06-19,CONTROL_RANDOM,,,,71.4,1.21,8.72,-0.8,15.02,-5.0,2.52,-0.06,-0.61,9.06,2.88,1.57,12.39,1.71,-0.55,12.39,-0.55,False,12.39,-0.55,False,2023Q2
MBB,2024-07-03,CONTROL_RANDOM,,,,36.5,1.2,11.97,-1.34,14.2,-5.0,0.92,0.53,0.46,2.17,6.23,7.05,12.28,11.57,11.43,12.28,11.43,False,12.28,11.43,False,2024Q3
MBB,2024-07-15,CONTROL_RANDOM,,,,60.3,1.22,12.08,-1.32,13.16,-5.0,3.39,7.37,8.25,2.15,6.24,7.14,10.35,10.07,10.01,10.35,10.01,False,10.35,10.01,False,2024Q3
MBB,2025-07-16,CONTROL_RANDOM,,,,69.0,0.96,16.08,-0.75,46.95,-5.0,6.16,3.51,3.62,37.5,26.78,27.2,36.26,17.14,17.89,36.26,17.89,False,36.26,17.89,False,2025Q3
MBB,2025-08-06,CONTROL_RANDOM,,,,72.1,1.01,18.58,-1.78,27.18,-12.0,19.0,15.67,15.62,15.07,12.76,12.73,-0.43,-2.27,-2.29,-0.43,-2.29,False,-0.43,-2.29,False,2025Q3
MBB,2025-08-22,CONTROL_RANDOM,,,,78.3,1.05,21.75,-15.31,6.07,-12.0,4.78,3.48,3.42,-1.33,-1.2,-1.19,-13.47,-12.83,-12.8,-8.0,-8.24,True,-12.0,-11.55,True,2025Q3
MBB,2025-10-17,CONTROL_RANDOM,,,,63.4,1.09,21.59,-15.42,5.0,-5.0,-11.72,-7.6,-7.24,-11.72,-7.71,-7.35,0.74,-9.17,-10.04,-8.0,-5.15,True,-5.05,-2.2,True,2025Q4
MBB,2025-10-22,CONTROL_RANDOM,,,,36.5,1.1,20.42,-10.58,11.02,-5.0,-6.07,-5.41,-5.34,-8.42,-6.95,-6.81,7.88,-4.96,-6.23,-8.0,-7.98,True,-5.0,-3.16,True,2025Q4
MBB,2026-03-16,CONTROL_RANDOM,,,,35.3,0.94,21.14,-7.19,2.7,-7.49,-3.03,2.51,2.16,1.14,-2.74,-2.5,-5.87,-10.68,-10.37,-5.87,-10.37,False,-5.87,-10.37,False,2026Q1
MBB,2026-04-15,CONTROL_RANDOM,,,,59.3,0.9,21.22,-7.54,1.93,-5.0,-0.38,-3.93,-3.58,-5.47,-11.38,-10.8,-3.63,-3.65,-3.65,-3.63,-3.65,False,-5.0,-10.33,True,2026Q2
MBB,2026-07-02,CONTROL_RANDOM,,,,67.4,0.81,20.66,-13.94,2.61,-5.05,-0.63,1.45,1.06,-9.29,-2.26,-3.57,-4.89,0.39,-0.59,-8.0,-2.61,True,-5.05,-2.31,True,2026Q3
VPB,2019-12-03,WATCH,40.7,40.7,10.0,21.6,0.89,4.77,0.0,56.18,-5.0,2.73,1.75,1.86,9.64,8.16,8.33,48.64,54.85,54.14,48.64,54.14,False,48.64,54.14,False,2019Q4
VPB,2020-03-11,WATCH,58.6,58.6,25.0,29.8,1.42,5.75,-29.22,14.96,-5.0,-8.0,-1.3,1.54,-17.57,-14.98,-13.88,6.61,-8.99,-15.6,-13.22,-7.31,True,-5.0,0.53,True,2020Q1
VPB,2020-03-12,PANIC70_ANY,80.0,80.0,0.0,24.1,1.39,5.34,-23.78,23.78,-5.0,0.37,3.89,5.27,-4.87,-8.97,-10.59,14.98,-7.37,-16.16,-8.0,6.47,True,-6.55,-8.48,True,2020Q1
VPB,2020-06-30,WATCH,40.8,40.8,10.0,20.6,1.24,5.28,-6.44,15.34,-5.0,5.49,1.04,-0.02,-3.79,0.66,1.72,13.07,3.29,0.96,13.07,0.96,False,-5.0,0.51,True,2020Q2
VPB,2020-07-29,WATCH,42.7,42.7,20.0,28.4,1.25,5.14,-2.53,30.16,-5.73,5.64,0.14,-1.23,14.4,4.54,2.08,27.24,6.51,1.35,27.24,1.35,False,27.24,1.35,False,2020Q3
VPB,2021-01-28,WATCH,59.9,59.9,0.0,31.4,1.33,7.17,0.0,118.55,-5.0,31.24,18.36,14.1,48.26,31.19,25.55,115.06,89.21,80.66,115.06,80.66,False,115.06,80.66,False,2021Q1
VPB,2021-07-21,WATCH,48.5,48.5,10.0,27.0,1.02,15.34,-6.65,16.43,-5.33,-4.3,-6.1,-6.14,7.11,-1.08,-1.26,14.6,4.79,4.57,14.6,4.57,False,-5.33,-5.49,True,2021Q3
VPB,2021-12-16,WATCH,42.5,42.5,0.0,9.4,1.0,15.52,-4.7,14.95,-5.0,1.03,1.0,1.0,-2.51,-0.9,-0.9,8.57,7.33,7.32,8.57,7.32,False,8.57,7.32,False,2021Q4
VPB,2022-05-09,WATCH,42.7,42.7,10.0,28.7,1.17,14.26,-14.94,8.84,-5.0,-0.49,0.52,0.69,-2.24,-6.31,-6.98,-6.73,-6.79,-6.8,-9.47,-8.47,True,-5.0,0.46,True,2022Q2
VPB,2022-10-03,WATCH,55.9,55.9,15.0,11.2,1.23,11.81,-20.58,9.65,-5.0,-10.75,-2.58,-0.74,0.0,5.66,6.93,4.06,12.38,14.26,-8.0,-1.31,True,-5.0,-2.63,True,2022Q4
VPB,2022-10-07,PANIC70_ANY,75.5,75.5,0.0,9.1,1.22,10.16,-7.68,27.46,-5.0,7.78,4.65,3.94,15.55,19.91,20.89,25.1,22.72,22.19,25.1,22.19,False,-7.68,1.55,True,2022Q4
VPB,2023-02-14,WATCH,40.3,40.3,0.0,17.8,1.14,11.47,-0.87,29.38,-5.0,4.45,2.8,2.56,18.57,16.16,15.81,18.57,15.82,15.42,18.57,15.42,False,18.57,15.42,False,2023Q1
VPB,2025-04-03,WATCH,54.2,54.2,0.0,26.6,1.1,12.75,-9.8,16.16,-5.0,2.98,-4.1,-4.83,1.18,-8.35,-9.33,14.04,-5.16,-7.12,-9.57,-3.39,True,-9.57,-3.39,True,2025Q2
VPB,2025-04-08,PANIC70_ANY,72.5,72.5,0.0,8.8,1.08,11.53,-0.26,30.79,-5.0,10.58,-2.15,-3.19,14.22,-5.3,-6.9,30.44,-0.15,-2.65,30.44,-2.65,False,30.44,-2.65,False,2025Q2
VPB,2026-03-10,WATCH,48.6,48.6,20.0,26.4,1.19,19.88,-6.29,12.73,-5.0,0.4,-1.86,-2.3,8.2,3.38,2.45,2.16,-4.68,-6.0,2.16,-6.0,False,-5.0,1.03,True,2026Q1
VPB,2026-07-22,WATCH,40.3,40.3,0.0,21.8,1.04,19.72,-3.65,19.68,-5.0,0.61,-4.21,-4.38,0.2,-3.99,-4.14,,,,17.65,11.76,False,17.65,11.76,False,2026Q3
VPB,2020-04-03,ENTRY_V2_LOOSE,50.0,72.3,40.0,23.8,1.21,4.58,-0.66,44.32,-12.0,10.92,4.0,2.56,15.72,6.45,4.54,20.09,2.32,-1.36,20.09,-1.36,False,20.09,-1.36,False,2020Q2
VPB,2022-10-19,ENTRY_V2_LOOSE,45.9,79.6,50.0,24.7,1.16,10.89,-13.87,23.97,-12.0,4.41,7.07,7.51,-2.2,6.02,7.37,22.31,21.93,21.87,-13.87,-1.39,True,-13.87,-1.39,True,2022Q4
VPB,2025-04-18,ENTRY_V2_LOOSE,25.9,89.2,45.0,32.0,1.0,12.82,-7.96,29.49,-12.0,-2.03,-2.55,-2.55,11.31,3.65,3.69,27.07,4.97,5.08,27.07,5.08,False,27.07,5.08,False,2025Q2
VPB,2019-01-02,CONTROL_RSI,36.8,36.8,,19.0,1.46,4.94,-5.47,15.79,-5.0,-1.21,-2.17,-2.61,4.05,1.7,0.62,3.04,-7.88,-12.92,3.04,-12.92,False,3.04,-12.92,False,2019Q1
VPB,2019-04-02,CONTROL_RSI,19.7,19.7,,28.4,1.39,5.11,-12.92,0.39,-5.0,-1.17,-0.89,-0.77,-9.2,-6.44,-5.36,-3.91,-1.6,-0.7,-8.0,-4.22,True,-5.0,-3.93,True,2019Q2
VPB,2019-05-06,CONTROL_RSI,30.1,30.1,,23.5,1.35,4.71,-5.52,7.01,-5.0,0.0,-0.42,-0.57,-2.76,-1.7,-1.33,0.64,-1.93,-2.84,0.64,-2.84,False,-5.0,-2.91,True,2019Q2
VPB,2019-06-04,CONTROL_RSI,25.4,25.4,,26.5,1.16,4.58,-2.84,15.28,-5.0,0.87,1.11,1.15,6.55,6.14,6.08,12.66,10.49,10.15,12.66,10.15,False,12.66,10.15,False,2019Q2
VPB,2019-07-25,CONTROL_RSI,3.0,3.0,,34.0,1.03,4.77,-2.31,21.59,-5.0,1.68,2.05,2.06,5.66,5.9,5.9,17.4,18.53,18.57,17.4,18.57,False,17.4,18.57,False,2019Q3
VPB,2019-11-01,CONTROL_RSI,5.0,5.0,,33.3,0.68,5.5,-13.45,10.0,-5.0,1.27,1.49,1.42,-9.82,-3.96,-5.86,8.55,17.37,14.5,-8.0,-5.27,True,-5.0,-2.94,True,2019Q4
VPB,2019-11-29,CONTROL_RSI,22.3,22.3,,27.6,0.81,5.09,-6.48,46.37,-5.0,-2.95,-2.4,-2.5,-0.98,-0.32,-0.45,35.76,44.08,42.51,35.76,42.51,False,-6.29,-5.83,True,2019Q4
VPB,2020-06-15,CONTROL_RSI,32.4,32.4,,32.2,1.24,5.67,-12.87,7.41,-5.0,2.12,-0.16,-0.7,-0.35,-2.62,-3.16,2.47,-2.3,-3.43,-8.0,-4.54,True,-5.0,-2.16,True,2020Q2
VPB,2020-07-27,CONTROL_RSI,39.8,39.8,,33.8,1.26,5.14,-3.89,30.16,-5.0,4.47,-0.72,-2.06,13.81,2.7,-0.17,24.32,4.96,-0.05,24.32,-0.05,False,24.32,-0.05,False,2020Q3
VPB,2020-11-11,CONTROL_RSI,11.4,11.4,,31.2,1.38,6.04,-0.33,60.1,-5.0,7.45,4.38,3.23,17.88,9.82,6.79,55.79,37.67,30.86,55.79,30.86,False,55.79,30.86,False,2020Q4
VPB,2021-06-22,CONTROL_RSI,17.9,17.9,,29.0,1.03,17.27,-17.08,7.99,-5.79,-0.29,-2.13,-2.19,-11.18,-3.05,-2.78,-1.27,0.93,1.01,-8.0,-1.6,True,-5.79,0.61,True,2021Q2
VPB,2021-07-22,CONTROL_RSI,36.7,36.7,,22.9,1.02,15.44,-7.25,15.67,-5.94,0.52,-0.75,-0.77,2.98,0.22,0.17,14.18,6.33,6.2,14.18,6.2,False,-5.94,-4.62,True,2021Q3
VPB,2021-10-06,CONTROL_RSI,24.5,24.5,,30.7,0.87,16.12,-8.25,12.22,-5.0,4.96,2.83,3.1,7.94,1.67,2.46,0.56,-8.48,-7.33,-8.0,-14.03,True,-5.0,-11.03,True,2021Q4
VPB,2021-11-16,CONTROL_RSI,6.2,6.2,,32.9,0.95,16.6,-10.9,8.98,-5.0,2.89,1.36,1.44,-4.4,-5.01,-4.98,0.12,-2.71,-2.57,-8.0,-7.39,True,-5.0,-1.58,True,2021Q4
VPB,2021-12-14,CONTROL_RSI,5.8,5.8,,34.4,1.0,16.03,-7.74,11.29,-5.0,-3.99,-4.1,-4.1,0.69,-0.67,-0.66,4.12,5.11,5.11,4.12,5.11,False,-5.0,-3.71,True,2021Q4
VPB,2022-01-24,CONTROL_RSI,8.3,8.3,,32.2,0.95,15.29,-0.85,22.96,-5.0,11.71,7.45,7.67,13.08,8.98,9.19,7.65,13.62,13.32,7.65,13.32,False,7.65,13.32,False,2022Q1
VPB,2022-03-24,CONTROL_RSI,10.5,10.5,,31.5,1.04,16.64,-27.1,12.98,-5.0,6.19,5.11,5.07,-5.77,6.85,7.3,-21.88,0.18,0.97,-8.0,2.97,True,-5.0,3.97,True,2022Q1
VPB,2022-04-25,CONTROL_RSI,27.4,27.4,,31.1,1.08,15.39,-21.18,9.81,-5.0,5.78,-0.07,-0.56,-7.6,-6.29,-6.18,-16.11,-9.35,-8.79,-8.0,0.65,True,-5.0,-3.67,True,2022Q2
VPB,2022-06-14,CONTROL_RSI,8.2,8.2,,32.8,1.3,13.21,-8.18,13.02,-5.0,-1.59,3.44,4.96,-3.79,0.87,2.27,5.75,4.33,3.9,-8.0,-2.63,True,-5.0,-3.53,True,2022Q2
VPB,2022-07-18,CONTROL_RSI,16.0,16.0,,29.7,1.25,12.89,-23.82,15.83,-5.0,-1.63,-2.39,-2.59,7.14,-1.25,-3.37,-14.74,-4.1,-1.4,-8.0,-3.31,True,-5.0,-0.31,True,2022Q3
VPB,2022-09-19,CONTROL_RSI,6.3,6.3,,32.9,1.23,13.83,-32.18,0.29,-5.0,-9.26,-5.5,-4.62,-20.82,-8.58,-5.71,-15.11,-1.53,1.66,-8.0,-4.16,True,-6.29,-2.45,True,2022Q3
VPB,2022-10-21,CONTROL_RSI,31.5,31.5,,29.0,1.15,10.71,-12.42,26.05,-11.23,4.86,4.2,4.1,-0.56,5.37,6.25,25.68,19.11,18.14,-12.42,-3.61,True,-12.42,-3.61,True,2022Q4
VPB,2022-11-21,CONTROL_RSI,19.4,19.4,,33.5,1.09,10.47,-4.58,32.86,-12.0,5.92,-2.3,-3.02,13.47,6.2,5.56,14.42,3.89,2.96,14.42,2.96,False,14.42,2.96,False,2022Q4
VPB,2023-02-09,CONTROL_RSI,14.0,14.0,,30.3,1.14,12.36,-8.01,20.06,-5.0,-3.88,-3.24,-3.15,1.7,2.93,3.1,8.66,9.4,9.5,-8.0,-3.21,True,-5.5,-2.57,True,2023Q1
VPB,2023-04-14,CONTROL_RSI,11.7,11.7,,31.1,1.19,14.05,-6.62,0.71,-5.0,-4.7,-3.59,-3.39,-5.91,-7.36,-7.64,-2.49,-13.17,-15.18,-2.49,-15.18,False,-5.0,-4.58,True,2023Q2
VPB,2023-08-18,CONTROL_RSI,16.1,16.1,,32.9,1.15,14.15,-5.09,12.37,-5.0,-1.48,-3.58,-3.91,6.29,2.12,1.48,1.55,6.19,6.9,1.55,6.9,False,-5.0,6.92,True,2023Q3
VPB,2023-09-26,CONTROL_RSI,18.3,18.3,,28.9,1.1,14.08,-7.88,12.93,-5.0,2.41,3.39,3.48,2.41,5.76,6.08,-6.61,-3.18,-2.86,-6.61,-2.86,False,-5.0,-0.4,True,2023Q3
VPB,2023-10-30,CONTROL_RSI,19.6,19.6,,29.8,1.03,13.6,-4.63,8.9,-5.0,4.56,1.24,1.15,2.5,-2.27,-2.39,4.12,-8.06,-8.39,4.12,-8.39,False,4.12,-8.39,False,2023Q4
VPB,2023-12-18,CONTROL_RSI,17.1,17.1,,33.3,1.02,13.04,-0.84,11.89,-5.0,2.22,-0.62,-0.68,6.67,0.14,-0.01,3.07,-12.4,-12.77,3.07,-12.77,False,3.07,-12.77,False,2023Q4
VPB,2024-03-11,CONTROL_RSI,6.4,6.4,,32.9,0.97,13.37,-3.29,7.48,-5.0,-2.17,-2.74,-2.72,4.26,2.04,2.11,2.47,-2.01,-1.87,2.47,-1.87,False,2.47,-1.87,False,2024Q1
VPB,2024-04-15,CONTROL_RSI,23.2,23.2,,28.0,1.02,13.47,-4.01,11.8,-5.0,-0.52,0.55,0.57,5.94,1.1,1.0,5.94,0.92,0.81,5.94,0.81,False,5.94,0.81,False,2024Q2
VPB,2024-06-07,CONTROL_RSI,14.8,14.8,,30.1,1.02,13.7,-3.07,9.93,-5.0,3.87,5.25,5.28,5.55,6.25,6.27,2.48,3.79,3.81,2.48,3.81,False,2.48,3.81,False,2024Q2
VPB,2024-07-25,CONTROL_RSI,9.2,9.2,,31.9,1.07,13.96,-4.87,14.4,-5.0,1.93,1.82,1.81,1.93,-2.12,-2.41,11.96,9.16,8.95,11.96,8.95,False,11.96,8.95,False,2024Q3
VPB,2024-11-04,CONTROL_RSI,27.9,27.9,,25.7,1.08,14.84,-7.68,2.02,-5.0,-2.36,-2.36,-2.36,-1.82,-2.22,-2.25,-2.56,-4.55,-4.71,-2.56,-4.71,False,-5.0,-2.59,True,2024Q4
VPB,2025-01-13,CONTROL_RSI,13.8,13.8,,30.4,0.99,13.85,-16.97,11.77,-5.0,0.79,-0.12,-0.11,3.83,0.31,0.36,-7.94,-5.96,-5.99,-8.0,-6.08,True,-7.94,-6.02,True,2025Q1
VPB,2025-04-14,CONTROL_RSI,35.6,35.6,,29.5,1.0,13.05,-9.58,21.53,-12.0,-3.45,-0.57,-0.58,7.82,2.24,2.27,20.38,2.12,2.21,-8.0,-5.13,True,20.38,2.21,False,2025Q2
VPB,2025-09-12,CONTROL_RSI,39.9,39.9,,27.1,1.14,24.55,-13.48,10.02,-6.15,-6.31,-4.03,-3.71,0.65,-4.88,-5.67,-5.7,-10.55,-11.25,-8.0,-7.37,True,-6.15,-3.54,True,2025Q3
VPB,2025-11-03,CONTROL_RSI,26.8,26.8,,29.3,1.44,21.48,-3.63,14.15,-5.0,-0.19,1.32,1.98,4.89,-1.23,-3.92,0.33,-11.85,-17.19,0.33,-17.19,False,0.33,-17.19,False,2025Q4
VPB,2025-12-12,CONTROL_RSI,7.7,7.7,,34.4,1.46,20.74,-6.8,18.23,-5.0,9.02,2.63,-0.34,10.9,-4.21,-11.22,-3.76,-7.89,-9.81,-3.76,-9.81,False,-6.8,-7.41,True,2025Q4
VPB,2026-01-30,CONTROL_RSI,13.4,13.4,,30.5,1.38,21.71,-14.19,5.94,-5.0,-3.96,-0.16,1.29,-10.96,-1.57,2.03,1.06,-3.6,-5.38,-10.96,2.03,True,-5.0,0.32,True,2026Q1
VPB,2026-03-12,CONTROL_RSI,8.4,8.4,,32.9,1.2,19.8,-5.91,13.18,-5.0,-1.36,1.58,2.17,7.47,4.4,3.78,4.39,-1.85,-3.1,4.39,-3.1,False,-5.0,2.54,True,2026Q1
VPB,2026-06-03,CONTROL_RSI,7.9,7.9,,32.4,1.07,21.06,-9.78,5.84,-5.0,-2.04,-0.75,-0.66,4.37,1.94,1.76,3.23,2.71,2.67,-8.0,-0.78,True,-5.0,-3.95,True,2026Q2
VPB,2026-07-20,CONTROL_RSI,24.6,24.6,,29.3,1.07,19.68,-3.46,19.92,-5.0,-0.81,2.23,2.45,0.41,0.49,0.49,,,,17.89,16.3,False,17.89,16.3,False,2026Q3
VPB,2019-01-30,CONTROL_RANDOM,,,,57.6,1.47,5.1,-10.2,12.16,-6.66,6.08,2.51,0.83,6.27,-1.83,-5.64,-9.02,-12.47,-14.09,-8.0,-14.15,True,-6.66,-15.39,True,2019Q1
VPB,2019-02-27,CONTROL_RANDOM,,,,65.4,1.43,5.39,-15.03,6.12,-5.0,0.56,0.13,-0.05,-3.53,-2.83,-2.53,-13.54,-11.69,-10.9,-8.0,-6.85,True,-5.0,-2.14,True,2019Q1
VPB,2019-05-09,CONTROL_RANDOM,,,,29.1,1.34,4.67,-4.71,7.92,-5.0,2.78,0.04,-0.9,-2.14,-2.97,-3.26,3.85,-0.43,-1.89,3.85,-1.89,False,3.85,-1.89,False,2019Q2
VPB,2019-05-20,CONTROL_RANDOM,,,,41.5,1.32,4.81,-7.48,4.78,-5.75,-2.08,-0.29,0.27,-2.49,2.12,3.58,1.04,3.35,4.08,1.04,4.08,False,-5.75,0.0,True,2019Q2
VPB,2019-07-17,CONTROL_RANDOM,,,,63.0,1.08,4.91,-5.09,18.13,-5.0,-2.65,-4.26,-4.39,0.0,-0.02,-0.02,14.46,13.17,13.06,14.46,13.06,False,-5.0,-7.01,True,2019Q3
VPB,2019-08-26,CONTROL_RANDOM,,,,94.6,0.88,5.11,-2.94,13.5,-6.77,-1.37,-0.49,-0.59,6.46,6.36,6.37,4.11,2.67,2.84,4.11,2.84,False,4.11,2.84,False,2019Q3
VPB,2019-11-07,CONTROL_RANDOM,,,,43.2,0.72,5.6,-15.0,16.61,-5.0,-2.86,-1.21,-1.67,-10.89,-4.72,-6.46,11.79,21.16,18.51,-8.0,-5.27,True,-5.0,-3.15,True,2019Q4
VPB,2019-12-05,CONTROL_RANDOM,,,,32.8,0.97,4.92,-1.83,51.42,-5.0,1.63,1.23,1.24,3.25,3.94,3.91,32.32,45.5,45.04,32.32,45.04,False,32.32,45.04,False,2019Q4
VPB,2020-01-17,CONTROL_RANDOM,,,,72.6,1.14,5.55,-26.67,34.23,-9.98,3.6,8.72,9.44,22.88,30.54,31.61,-10.45,11.16,14.19,-10.09,17.0,True,-10.09,17.0,True,2020Q1
VPB,2020-04-16,CONTROL_RANDOM,,,,61.6,1.22,5.6,-13.75,18.04,-12.0,-6.79,-5.48,-5.18,13.57,6.08,4.4,0.89,-9.42,-11.73,-8.0,-4.87,True,-13.75,-10.94,True,2020Q2
VPB,2020-09-08,CONTROL_RANDOM,,,,65.6,1.23,5.72,-0.17,24.48,-5.0,2.27,0.71,0.35,5.59,1.52,0.57,23.25,8.47,5.04,23.25,5.04,False,23.25,5.04,False,2020Q3
VPB,2020-10-01,CONTROL_RANDOM,,,,71.1,1.37,6.14,-5.05,38.76,-5.97,-3.09,-4.18,-4.58,-2.28,-3.53,-3.98,34.69,16.06,9.2,34.69,9.2,False,34.69,9.2,False,2020Q4
VPB,2020-10-13,CONTROL_RANDOM,,,,43.8,1.37,5.98,-2.51,48.83,-5.0,6.86,6.09,5.81,1.0,-1.18,-1.98,48.49,24.39,15.5,48.49,15.5,False,48.49,15.5,False,2020Q4
VPB,2020-12-16,CONTROL_RANDOM,,,,66.3,1.38,7.43,-3.5,56.93,-7.07,7.81,6.97,6.65,27.59,14.78,9.91,54.78,41.99,37.12,54.78,37.12,False,54.78,37.12,False,2020Q4
VPB,2020-12-17,CONTROL_RANDOM,,,,69.9,1.33,7.63,-6.03,52.82,-8.67,8.39,5.67,4.78,21.49,8.59,4.35,49.67,36.54,32.22,49.67,32.22,False,49.67,32.22,False,2020Q4
VPB,2021-01-26,CONTROL_RANDOM,,,,47.9,1.44,8.4,-14.64,78.1,-6.6,7.38,8.37,8.81,25.95,20.2,17.67,77.14,66.72,62.13,-14.64,-6.2,True,-14.64,-6.2,True,2021Q1
VPB,2022-01-12,CONTROL_RANDOM,,,,61.6,0.94,16.35,-7.58,14.98,-6.46,-4.89,-1.9,-2.07,1.65,1.82,1.81,7.83,11.27,11.07,7.83,11.07,False,-6.46,-2.87,True,2022Q1
VPB,2022-06-01,CONTROL_RANDOM,,,,48.8,1.24,14.15,-14.28,4.66,-7.45,1.91,1.35,1.22,-6.15,1.77,3.67,3.39,4.29,4.51,-8.76,-2.06,True,-8.76,-2.06,True,2022Q2
VPB,2022-08-17,CONTROL_RANDOM,,,,73.7,1.24,13.87,-29.2,7.64,-5.38,5.48,4.27,3.98,-1.3,4.04,5.33,-22.28,3.82,10.13,-8.0,1.66,True,-6.56,3.1,True,2022Q3
VPB,2022-11-08,CONTROL_RANDOM,,,,66.3,1.06,11.92,-21.31,16.69,-12.0,-10.65,-6.51,-6.26,-6.63,-12.46,-12.82,3.69,-4.48,-4.98,-8.0,-3.41,True,-12.0,-7.41,True,2022Q4
VPB,2022-11-18,CONTROL_RANDOM,,,,42.9,1.09,10.78,-7.33,29.04,-12.0,2.6,-0.91,-1.23,14.38,7.5,6.87,13.45,2.06,1.02,13.45,1.02,False,13.45,1.02,False,2022Q4
VPB,2022-11-22,CONTROL_RANDOM,,,,29.3,1.09,10.47,-4.58,32.86,-12.0,10.22,-0.4,-1.31,15.76,8.26,7.62,15.09,3.92,2.97,15.09,2.97,False,15.09,2.97,False,2022Q4
VPB,2023-03-03,CONTROL_RANDOM,,,,50.0,1.16,11.88,-1.43,24.92,-5.89,12.12,10.17,9.87,22.56,18.05,17.34,12.12,7.69,7.0,12.12,7.0,False,12.12,7.0,False,2023Q1
VPB,2023-03-17,CONTROL_RANDOM,,,,81.6,1.17,13.43,-2.31,10.5,-12.0,8.64,7.64,7.48,4.62,3.47,3.28,0.74,-6.46,-7.66,0.74,-7.66,False,0.74,-7.66,False,2023Q1
VPB,2023-10-04,CONTROL_RANDOM,,,,34.5,1.1,14.35,-9.62,10.8,-5.0,4.6,2.8,2.63,-2.86,2.08,2.56,-5.57,-5.37,-5.35,-8.0,-4.17,True,-5.0,2.36,True,2023Q4
VPB,2023-10-17,CONTROL_RANDOM,,,,73.1,1.04,15.45,-16.05,2.91,-10.12,-6.67,-4.7,-4.63,-6.99,-6.88,-6.88,-8.35,-11.77,-11.9,-8.0,-1.7,True,-10.12,-3.82,True,2023Q4
VPB,2024-01-17,CONTROL_RANDOM,,,,63.9,1.01,13.98,-7.51,4.36,-5.0,1.29,0.77,0.76,1.5,-3.91,-3.97,-6.72,-7.63,-7.64,-6.72,-7.64,False,-5.0,-11.88,True,2024Q1
VPB,2024-03-08,CONTROL_RANDOM,,,,35.6,0.97,13.65,-5.27,5.27,-5.0,-3.96,-3.57,-3.59,2.42,2.25,2.26,0.07,-3.07,-2.96,0.07,-2.96,False,-5.0,-4.63,True,2024Q1
VPB,2024-04-15,CONTROL_RANDOM,,,,28.0,1.02,13.47,-4.01,11.8,-5.0,-0.52,0.55,0.57,5.94,1.1,1.0,5.94,0.92,0.81,5.94,0.81,False,5.94,0.81,False,2024Q2
VPB,2024-05-23,CONTROL_RANDOM,,,,66.8,1.01,13.96,-4.87,7.88,-5.94,-2.15,-0.98,-0.97,6.52,6.1,6.1,0.0,1.92,1.93,0.0,1.93,False,0.0,1.93,False,2024Q2
VPB,2024-09-17,CONTROL_RANDOM,,,,40.8,1.04,14.15,-1.34,12.86,-5.0,4.31,2.23,2.15,11.8,10.36,10.3,3.25,2.65,2.62,3.25,2.62,False,3.25,2.62,False,2024Q3
VPB,2024-12-25,CONTROL_RANDOM,,,,39.3,1.0,14.61,-6.23,5.95,-5.0,-2.6,-0.95,-0.95,-1.85,-1.01,-1.02,0.0,-3.28,-3.27,0.0,-3.27,False,-5.0,-1.87,True,2024Q4
VPB,2025-05-15,CONTROL_RANDOM,,,,93.1,1.0,14.3,-5.66,61.05,-12.0,-1.33,-1.34,-1.34,-1.05,-1.14,-1.14,61.05,40.45,40.52,61.05,40.52,False,61.05,40.52,False,2025Q2
VPB,2025-05-19,CONTROL_RANDOM,,,,80.5,1.0,14.19,-4.93,64.55,-12.0,-0.56,-3.74,-3.73,3.24,-0.54,-0.53,62.58,38.74,38.78,62.58,38.78,False,62.58,38.78,False,2025Q2
VPB,2025-06-16,CONTROL_RANDOM,,,,64.4,0.99,14.73,-3.39,105.84,-7.57,-1.83,-3.55,-3.53,9.78,1.07,1.17,70.67,47.3,47.57,70.67,47.57,False,70.67,47.57,False,2025Q2
VPB,2025-06-17,CONTROL_RANDOM,,,,67.2,0.99,14.65,-2.87,106.96,-7.08,-2.12,-3.34,-3.33,10.92,1.64,1.76,68.12,44.64,44.95,68.12,44.95,False,68.12,44.95,False,2025Q2
VPB,2025-07-21,CONTROL_RANDOM,,,,94.1,0.99,17.27,-1.62,75.56,-12.0,6.54,5.99,6.0,54.37,43.0,43.16,49.86,30.9,31.16,49.86,31.16,False,49.86,31.16,False,2025Q3
VPB,2026-03-11,CONTROL_RANDOM,,,,36.8,1.2,20.15,-7.54,11.22,-5.8,-0.94,0.08,0.28,4.81,3.65,3.42,1.99,-2.47,-3.34,1.99,-3.34,False,-5.8,2.94,True,2026Q1
VPB,2026-05-12,CONTROL_RANDOM,,,,44.7,1.08,21.83,-12.96,2.66,-6.36,-2.98,-3.21,-3.23,-5.31,0.19,0.66,-7.33,-0.4,0.19,-8.0,-2.06,True,-6.36,-6.61,True,2026Q2
VPB,2026-06-16,CONTROL_RANDOM,,,,25.2,1.06,20.91,-9.13,6.98,-5.0,0.72,-3.77,-4.03,-2.1,-1.25,-1.2,3.2,3.71,3.74,-8.0,-2.23,True,-5.0,-1.83,True,2026Q2
STB,2020-03-12,WATCH,49.8,49.8,0.0,36.6,1.21,9.3,-23.44,23.66,-5.0,5.38,8.89,9.64,-2.8,-6.9,-7.77,23.66,1.31,-3.44,-8.0,-1.48,True,-5.0,7.59,True,2020Q1
STB,2020-03-23,PANIC70_ANY,74.0,74.0,10.0,19.6,1.15,9.12,-21.93,38.16,-5.0,-19.96,-19.35,-19.25,0.55,-14.8,-17.16,30.48,0.18,-4.48,-8.0,-13.1,True,-5.0,-10.1,True,2020Q1
STB,2020-07-27,PANIC70_ANY,73.2,73.2,0.0,22.9,1.13,10.2,-2.94,44.61,-5.0,2.94,-2.25,-2.9,10.29,-0.82,-2.21,41.18,21.82,19.39,41.18,19.39,False,41.18,19.39,False,2020Q3
STB,2020-07-29,WATCH,54.5,54.5,0.0,21.1,1.11,10.2,-2.94,45.1,-5.0,2.94,-2.56,-3.18,10.78,0.93,-0.18,42.65,21.92,19.59,42.65,19.59,False,42.65,19.59,False,2020Q3
STB,2021-01-28,WATCH,55.5,55.5,25.0,33.2,1.19,15.5,0.0,61.94,-5.0,18.06,5.19,2.76,20.65,3.58,0.37,59.35,33.5,28.64,59.35,28.64,False,59.35,28.64,False,2021Q1
STB,2021-10-01,WATCH,41.6,41.6,0.0,19.4,1.28,24.5,-1.84,28.37,-5.0,8.16,3.73,2.47,8.57,0.77,-1.44,14.69,3.16,-0.12,14.69,-0.12,False,14.69,-0.12,False,2021Q4
STB,2022-04-19,WATCH,46.6,46.6,0.0,20.0,1.33,27.8,-33.09,4.32,-5.0,1.44,4.85,5.99,-22.3,-10.82,-7.02,-17.27,-1.4,3.86,-8.0,-1.13,True,-5.0,0.73,True,2022Q2
STB,2022-05-09,PANIC70_ANY,78.5,78.5,0.0,23.7,1.35,22.55,-17.52,13.53,-5.0,-9.76,-8.74,-8.39,-10.42,-14.48,-15.9,10.64,10.59,10.57,-8.0,-1.68,True,-5.0,1.32,True,2022Q2
STB,2022-05-19,WATCH,50.7,50.7,0.0,24.1,1.36,21.75,-14.02,18.16,-12.0,2.3,-1.31,-2.59,-6.9,-5.01,-4.34,17.93,16.19,15.57,-8.0,-13.54,True,-12.0,-5.41,True,2022Q2
STB,2022-09-19,WATCH,41.1,41.1,0.0,3.9,1.33,21.9,-35.84,3.42,-5.0,-6.39,-2.64,-1.41,-19.18,-6.93,-2.95,2.97,16.55,20.97,-8.0,1.4,True,-5.0,-0.87,True,2022Q3
STB,2022-10-07,PANIC70_ANY,71.9,71.9,20.0,23.5,1.37,16.2,-13.27,49.07,-5.0,12.04,8.91,7.75,-4.32,0.04,1.65,45.06,42.69,41.81,-8.0,-3.5,True,-5.0,-0.5,True,2022Q4
STB,2022-10-24,WATCH,41.3,41.3,20.0,30.5,1.41,14.9,-5.7,80.2,-5.0,13.42,7.99,5.74,13.42,16.31,17.51,79.87,67.85,62.88,79.87,62.88,False,79.87,62.88,False,2022Q4
STB,2023-10-31,WATCH,41.5,41.5,0.0,22.9,1.17,27.5,-6.0,13.64,-5.31,9.09,0.89,-0.48,1.09,-6.08,-7.27,10.91,-2.83,-5.11,10.91,-5.11,False,-5.31,-12.93,True,2023Q4
STB,2024-04-17,WATCH,41.1,41.1,0.0,6.7,1.14,26.4,-0.95,20.83,-5.0,6.82,4.39,4.05,6.06,-1.23,-2.26,15.15,7.72,6.66,15.15,6.66,False,15.15,6.66,False,2024Q2
STB,2025-04-08,WATCH,65.7,65.7,0.0,30.6,1.12,33.0,-1.82,46.97,-5.0,15.61,2.87,1.33,21.21,1.68,-0.69,44.09,13.5,9.78,44.09,9.78,False,44.09,9.78,False,2025Q2
STB,2025-04-09,PANIC70_ANY,77.6,77.6,0.0,25.9,1.14,35.4,0.0,37.01,-10.47,8.19,3.8,3.2,13.28,2.36,0.85,34.6,13.22,10.27,34.6,10.27,False,34.6,10.27,False,2025Q2
STB,2025-11-07,WATCH,47.9,47.9,0.0,30.7,1.14,48.5,-5.26,36.91,-5.0,0.82,-2.7,-3.22,0.41,-9.33,-10.74,31.55,19.44,17.69,31.55,17.69,False,-5.0,-8.5,True,2025Q4
STB,2020-04-08,ENTRY_V2,,72.3,65.0,43.3,1.17,9.4,-7.13,34.04,-12.0,3.4,-0.54,-1.22,3.09,-7.2,-8.96,22.87,8.22,5.7,22.87,5.7,False,22.87,5.7,False,2020Q2
STB,2020-08-10,ENTRY_V2_LOOSE,0.0,73.2,45.0,35.9,1.1,10.7,-1.87,38.32,-9.23,0.47,0.61,0.62,5.61,0.69,0.17,27.57,16.7,15.56,27.57,15.56,False,27.57,15.56,False,2020Q3
STB,2022-05-24,ENTRY_V2_LOOSE,24.3,75.7,40.0,31.9,1.38,22.0,-15.0,19.77,-12.0,1.14,-3.79,-5.65,-6.82,-1.23,0.89,15.45,12.49,11.36,-8.0,-13.88,True,-12.0,-5.53,True,2022Q2
STB,2022-05-30,ENTRY_V2,,72.1,65.0,45.6,1.37,22.6,-17.26,16.59,-12.0,-10.62,-10.83,-10.91,-0.22,5.25,7.28,10.62,12.0,12.51,-8.0,-8.15,True,-12.0,-12.29,True,2022Q2
STB,2022-10-13,ENTRY_V2_LOOSE,25.0,87.4,40.0,32.2,1.4,18.1,-22.38,38.67,-12.0,-11.88,-7.81,-6.19,-13.81,-3.6,0.48,36.19,37.02,37.35,-8.0,-2.31,True,-12.0,-1.87,True,2022Q4
STB,2022-10-17,ENTRY_V2,7.4,87.4,60.0,38.5,1.41,18.5,-24.05,37.3,-12.0,-19.46,-13.09,-10.5,-18.38,-3.95,1.9,33.51,34.44,34.81,-8.0,-7.06,True,-12.0,-5.96,True,2022Q4
STB,2025-04-11,ENTRY_V2_LOOSE,,77.6,40.0,47.3,1.13,37.95,-2.24,27.8,-12.0,6.59,8.85,9.13,7.25,0.92,0.12,25.56,8.51,6.37,25.56,6.37,False,25.56,6.37,False,2025Q2
STB,2025-04-21,ENTRY_V2,,77.6,80.0,56.1,1.06,40.45,-6.92,24.85,-12.0,-3.34,-5.41,-5.54,3.34,-6.08,-6.64,24.1,-0.53,-2.0,24.1,-2.0,False,24.1,-2.0,False,2025Q2
STB,2019-01-02,CONTROL_RSI,25.0,25.0,,27.5,1.21,11.5,-5.22,14.78,-5.0,-0.87,-1.83,-2.03,6.96,4.61,4.12,6.96,-3.96,-6.23,6.96,-6.23,False,6.96,-6.23,False,2019Q1
STB,2019-04-02,CONTROL_RSI,0.0,0.0,,35.0,1.17,12.2,-8.2,1.64,-5.0,-0.82,-0.53,-0.48,-0.82,1.94,2.41,-6.15,-3.84,-3.44,-8.0,-3.16,True,-5.0,-2.76,True,2019Q2
STB,2019-05-28,CONTROL_RSI,5.0,5.0,,33.3,1.08,11.85,-15.61,0.42,-5.0,-1.69,0.51,0.68,-2.95,-1.55,-1.44,-13.5,-15.73,-15.9,-8.0,-10.79,True,-5.0,-1.81,True,2019Q2
STB,2019-07-30,CONTROL_RSI,19.3,19.3,,28.6,0.94,10.9,-8.26,3.67,-5.0,-4.59,-2.55,-2.67,-5.05,-4.16,-4.21,0.46,-0.31,-0.27,-8.0,-7.37,True,-5.0,-5.49,True,2019Q3
STB,2019-09-13,CONTROL_RSI,6.5,6.5,,33.3,0.87,10.35,-5.8,9.18,-5.0,1.93,1.88,1.89,7.25,6.59,6.68,-3.86,-1.74,-2.02,-3.86,-2.02,False,-5.0,-2.05,True,2019Q3
STB,2019-11-20,CONTROL_RSI,22.6,22.6,,27.8,0.88,10.35,-5.8,14.98,-5.0,-2.42,0.48,0.14,-4.06,0.66,0.1,9.18,15.81,15.03,9.18,15.03,False,-5.0,-0.94,True,2019Q4
STB,2020-03-18,CONTROL_RSI,30.7,30.7,,33.7,1.19,9.9,-28.08,27.27,-9.56,-12.12,-6.91,-5.91,-1.72,-9.53,-11.04,20.2,3.3,0.04,-8.0,3.91,True,-9.56,2.36,True,2020Q1
STB,2020-07-03,CONTROL_RSI,0.7,0.7,,34.8,1.12,11.05,-10.41,27.15,-6.09,3.62,1.59,1.36,-6.33,-2.01,-1.5,20.36,14.2,13.47,-8.0,0.7,True,-6.09,2.61,True,2020Q3
STB,2020-07-31,CONTROL_RSI,39.0,39.0,,24.5,1.11,10.15,-0.99,45.81,-5.0,4.43,-1.38,-2.0,10.34,-0.3,-1.43,31.03,12.26,10.26,31.03,10.26,False,31.03,10.26,False,2020Q3
STB,2020-11-11,CONTROL_RSI,1.9,1.9,,34.4,1.03,13.6,0.0,59.56,-5.92,4.41,1.34,1.26,14.34,6.27,6.07,34.56,16.43,15.96,34.56,15.96,False,34.56,15.96,False,2020Q4
STB,2021-02-04,CONTROL_RSI,20.1,20.1,,34.1,1.24,17.65,-3.12,49.29,-12.0,5.95,0.68,-0.58,8.78,2.79,1.35,49.29,35.45,32.12,49.29,32.12,False,49.29,32.12,False,2021Q1
STB,2021-06-18,CONTROL_RSI,11.4,11.4,,32.6,1.37,29.5,-10.0,12.2,-7.53,2.37,0.03,-0.84,-6.78,2.69,6.19,-9.83,-7.81,-7.06,-8.0,-0.29,True,-7.53,0.18,True,2021Q2
STB,2021-07-23,CONTROL_RSI,13.4,13.4,,33.2,1.26,28.9,-16.78,8.13,-10.03,1.38,-2.19,-3.13,-6.57,-8.94,-9.56,-9.0,-18.85,-21.43,-8.0,-12.41,True,-10.03,-17.03,True,2021Q3
STB,2021-08-23,CONTROL_RSI,19.5,19.5,,31.3,1.32,26.9,-10.59,7.06,-5.0,1.67,-0.84,-1.65,-1.12,-5.27,-6.6,2.79,-10.37,-14.61,-8.0,-11.67,True,-5.0,-8.67,True,2021Q3
STB,2021-09-27,CONTROL_RSI,30.0,30.0,,25.0,1.27,26.35,-8.73,19.35,-5.0,-2.28,-4.51,-5.13,-2.85,-7.88,-9.26,7.02,-4.58,-7.77,-8.0,-9.4,True,-5.0,-5.95,True,2021Q3
STB,2022-02-24,CONTROL_RSI,8.4,8.4,,32.2,1.34,33.1,-43.81,3.63,-5.0,-3.32,-4.02,-4.26,1.66,1.42,1.34,-31.27,-16.12,-11.05,-8.0,-4.76,True,-5.0,-4.17,True,2022Q1
STB,2022-04-08,CONTROL_RSI,0.0,0.0,,35.0,1.31,31.15,-40.29,1.12,-5.0,-11.72,-6.24,-4.55,-29.53,-12.79,-7.61,-27.45,-5.84,0.85,-8.0,-0.83,True,-5.0,-0.13,True,2022Q2
STB,2022-05-24,CONTROL_RSI,24.3,24.3,,31.9,1.38,22.0,-15.0,19.77,-12.0,1.14,-3.79,-5.65,-6.82,-1.23,0.89,15.45,12.49,11.36,-8.0,-13.88,True,-12.0,-5.53,True,2022Q2
STB,2022-06-21,CONTROL_RSI,14.5,14.5,,33.3,1.37,19.7,-0.51,33.76,-7.65,14.72,11.5,10.3,17.01,15.82,15.37,13.96,9.39,7.68,13.96,7.68,False,13.96,7.68,False,2022Q2
STB,2022-09-05,CONTROL_RSI,0.2,0.2,,34.9,1.35,24.7,-43.12,3.04,-5.0,-6.68,-4.24,-3.4,-24.09,-8.35,-2.87,-20.04,-0.7,6.02,-8.0,-4.76,True,-5.0,-1.76,True,2022Q3
STB,2022-10-05,CONTROL_RSI,36.4,36.4,,26.5,1.35,19.35,-27.39,24.81,-5.99,-8.79,-3.87,-2.15,-10.85,-3.12,-0.4,15.5,24.19,27.24,-16.28,-8.6,True,-16.28,-8.6,True,2022Q4
STB,2022-11-07,CONTROL_RSI,9.9,9.9,,34.3,1.46,15.5,-6.77,76.77,-12.0,-2.58,2.52,4.87,33.87,24.74,20.53,61.29,49.71,44.37,61.29,44.37,False,61.29,44.37,False,2022Q4
STB,2023-02-14,CONTROL_RSI,1.8,1.8,,34.4,1.45,24.1,-4.77,14.52,-5.34,2.49,0.84,0.11,5.19,2.77,1.7,12.03,9.28,8.06,12.03,8.06,False,12.03,8.06,False,2023Q1
STB,2023-04-24,CONTROL_RSI,7.6,7.6,,32.5,1.42,25.75,-4.27,19.03,-5.0,-3.11,-2.58,-2.35,5.63,3.92,3.2,11.65,-1.74,-7.34,11.65,-7.34,False,11.65,-7.34,False,2023Q2
STB,2023-07-17,CONTROL_RSI,11.4,11.4,,34.9,1.29,28.0,-1.43,20.36,-5.0,1.79,-0.15,-0.7,12.5,7.32,5.83,12.86,14.7,15.23,12.86,15.23,False,12.86,15.23,False,2023Q3
STB,2023-10-03,CONTROL_RSI,16.8,16.8,,33.1,1.13,28.9,-10.55,10.55,-5.0,9.86,5.87,5.35,-4.33,1.72,2.51,-5.19,-6.58,-6.76,-8.0,0.0,True,-5.0,1.55,True,2023Q4
STB,2023-11-01,CONTROL_RSI,23.2,23.2,,28.6,1.17,27.95,-7.51,11.81,-6.84,6.08,-0.14,-1.21,-1.61,-5.95,-6.69,8.41,-3.71,-5.79,8.41,-5.79,False,-6.84,-12.16,True,2023Q4
STB,2023-11-29,CONTROL_RSI,4.1,4.1,,33.6,1.18,27.8,-7.01,15.83,-5.0,2.7,0.91,0.58,-0.72,-3.19,-3.63,14.93,0.72,-1.85,14.93,-1.85,False,-5.0,-3.94,True,2023Q4
STB,2024-04-09,CONTROL_RSI,6.7,6.7,,32.8,1.15,29.3,-10.75,8.87,-5.0,-8.53,-2.73,-1.85,-7.0,-5.16,-4.89,3.58,1.43,1.11,-8.0,-1.32,True,-5.0,-0.46,True,2024Q2
STB,2024-06-27,CONTROL_RSI,8.4,8.4,,32.2,1.09,29.05,-7.06,10.33,-5.0,3.61,1.81,1.65,0.17,1.61,1.74,9.64,8.31,8.2,9.64,8.2,False,-5.0,1.22,True,2024Q2
STB,2024-07-25,CONTROL_RSI,5.0,5.0,,33.3,1.1,28.8,-6.25,26.56,-5.0,-1.39,-1.5,-1.51,3.99,-0.06,-0.47,21.53,18.72,18.44,21.53,18.44,False,-5.0,-0.8,True,2024Q3
STB,2024-11-12,CONTROL_RSI,4.5,4.5,,34.7,1.31,33.5,-6.57,15.97,-5.0,-3.28,-1.16,-0.5,0.45,-1.64,-2.28,15.82,13.62,12.93,15.82,12.93,False,-5.0,-1.02,True,2024Q4
STB,2025-01-20,CONTROL_RSI,4.1,4.1,,33.6,1.33,36.45,-11.11,13.03,-5.74,2.33,1.38,1.06,7.68,3.66,2.32,10.29,13.62,14.73,-9.47,7.38,True,-6.45,-1.97,True,2025Q1
STB,2025-03-26,CONTROL_RSI,0.0,0.0,,35.0,1.34,38.4,-15.62,24.48,-5.0,-4.82,2.43,4.91,1.95,9.25,11.75,21.88,18.8,17.75,-11.2,0.47,True,-11.2,0.47,True,2025Q1
STB,2025-10-24,CONTROL_RSI,23.4,23.4,,28.1,1.07,54.5,-15.69,13.94,-5.0,-4.04,0.65,0.98,-8.26,-6.58,-6.46,13.94,2.8,2.0,-8.0,-1.85,True,-5.0,-2.19,True,2025Q4
STB,2025-12-11,CONTROL_RSI,30.0,30.0,,23.9,1.13,47.7,-3.67,47.17,-5.0,2.73,2.63,2.62,13.42,1.66,0.13,41.72,41.27,41.22,41.72,41.22,False,41.72,41.22,False,2025Q4
STB,2026-03-23,CONTROL_RSI,11.8,11.8,,32.9,0.89,61.1,-4.91,25.7,-5.0,1.8,-1.16,-0.82,10.8,-1.93,-0.49,18.33,6.14,7.53,18.33,7.53,False,18.33,7.53,False,2026Q1
STB,2026-05-27,CONTROL_RSI,5.6,5.6,,33.1,0.76,68.4,-3.36,11.4,-5.0,2.92,4.96,4.48,5.56,5.91,5.83,8.92,16.16,14.45,8.92,14.45,False,8.92,14.45,False,2026Q2
STB,2026-09-30,CONTROL_RSI,11.6,11.6,,31.1,0.73,74.1,-8.77,0.4,-5.0,,,,,,,,,,-8.0,-7.49,True,-7.69,-7.18,True,2026Q3
STB,2019-02-25,CONTROL_RANDOM,,,,68.3,1.2,12.9,-10.47,1.94,-5.0,-1.55,-1.63,-1.65,-4.65,-2.45,-2.0,-8.53,-6.86,-6.53,-8.0,-6.25,True,-5.0,-2.39,True,2019Q1
STB,2019-03-28,CONTROL_RANDOM,,,,37.8,1.17,12.2,-8.2,2.46,-5.0,0.41,0.01,-0.05,-2.46,-1.76,-1.65,-7.38,-3.09,-2.38,-8.0,-3.11,True,-5.0,-2.69,True,2019Q1
STB,2019-04-26,CONTROL_RANDOM,,,,40.6,1.13,12.1,-7.44,2.48,-5.49,-1.65,1.6,2.02,-2.48,-1.51,-1.39,-7.44,-9.09,-9.3,-7.44,-9.3,False,-5.49,-1.47,True,2019Q2
STB,2019-07-29,CONTROL_RANDOM,,,,35.7,0.95,10.95,-8.68,3.2,-5.0,-4.57,-0.89,-1.09,-4.57,-2.1,-2.24,0.46,1.82,1.75,-8.22,-6.14,True,-5.02,-4.05,True,2019Q3
STB,2019-09-20,CONTROL_RANDOM,,,,48.1,0.87,10.35,-5.8,9.18,-5.0,1.93,1.45,1.51,5.8,6.62,6.52,-2.9,0.15,-0.24,-2.9,-0.24,False,-5.0,-1.63,True,2019Q3
STB,2019-11-25,CONTROL_RANDOM,,,,13.6,0.86,10.2,-4.41,16.67,-5.0,-4.41,-2.06,-2.4,-0.98,0.81,0.55,9.8,18.04,16.87,9.8,16.87,False,9.8,16.87,False,2019Q4
STB,2020-02-04,CONTROL_RANDOM,,,,55.0,1.11,10.35,-31.21,22.71,-6.64,11.59,11.28,11.25,20.77,25.63,26.17,-13.24,5.19,7.27,-10.14,10.44,True,-10.14,10.44,True,2020Q1
STB,2020-06-29,CONTROL_RANDOM,,,,52.1,1.11,11.1,-10.81,19.37,-5.0,3.15,-0.04,-0.4,-4.95,-2.16,-1.84,13.96,4.91,3.87,-8.0,-1.13,True,-6.31,0.56,True,2020Q2
STB,2020-07-31,CONTROL_RANDOM,,,,24.5,1.11,10.15,-0.99,45.81,-5.0,4.43,-1.38,-2.0,10.34,-0.3,-1.43,31.03,12.26,10.26,31.03,10.26,False,31.03,10.26,False,2020Q3
STB,2020-08-04,CONTROL_RANDOM,,,,32.2,1.1,10.5,-0.95,40.95,-7.45,2.38,0.04,-0.21,8.57,-0.66,-1.63,28.57,17.51,16.35,28.57,16.35,False,28.57,16.35,False,2020Q3
STB,2020-08-19,CONTROL_RANDOM,,,,68.8,1.11,10.75,-0.93,37.67,-5.0,5.12,2.36,2.05,8.37,2.53,1.88,29.3,15.78,14.27,29.3,14.27,False,29.3,14.27,False,2020Q3
STB,2020-08-27,CONTROL_RANDOM,,,,74.3,1.12,11.4,-3.07,29.82,-8.46,-1.75,-2.52,-2.61,21.05,17.54,17.11,28.07,15.29,13.71,28.07,13.71,False,28.07,13.71,False,2020Q3
STB,2020-10-13,CONTROL_RANDOM,,,,58.5,1.03,13.5,-3.7,36.67,-6.24,6.67,5.9,5.87,0.74,-1.44,-1.51,36.67,12.57,11.76,36.67,11.76,False,36.67,11.76,False,2020Q4
STB,2020-11-26,CONTROL_RANDOM,,,,73.5,0.99,14.6,-1.71,48.63,-8.06,6.85,5.38,5.39,16.1,8.37,8.42,30.82,12.99,13.1,30.82,13.1,False,30.82,13.1,False,2020Q4
STB,2020-12-29,CONTROL_RANDOM,,,,62.1,1.07,17.0,-8.82,28.82,-8.64,8.53,3.37,3.02,-5.59,1.31,1.78,27.06,16.48,15.77,-8.82,-4.63,True,-8.82,-4.63,True,2020Q4
STB,2021-05-27,CONTROL_RANDOM,,,,86.7,1.3,30.4,-12.17,11.51,-12.0,5.76,0.69,-0.81,-2.96,-9.26,-11.12,-6.91,-8.56,-9.05,-8.0,-6.86,True,-12.0,-5.63,True,2021Q2
STB,2021-06-21,CONTROL_RANDOM,,,,38.1,1.37,30.2,-12.09,9.6,-9.61,2.65,0.53,-0.24,-6.95,0.84,3.7,-11.42,-8.89,-7.96,-8.0,0.38,True,-9.61,-1.24,True,2021Q2
STB,2021-07-02,CONTROL_RANDOM,,,,54.9,1.37,31.6,-18.67,4.75,-10.17,-10.13,-1.99,1.05,-7.28,-0.41,2.16,-18.35,-13.26,-11.35,-8.0,-1.77,True,-10.17,1.01,True,2021Q3
STB,2021-10-19,CONTROL_RANDOM,,,,53.3,1.26,26.4,-4.55,37.12,-7.04,0.38,-1.61,-2.13,6.06,0.29,-1.22,29.92,22.71,20.81,29.92,20.81,False,29.92,20.81,False,2021Q4
STB,2021-11-23,CONTROL_RANDOM,,,,56.4,1.19,28.5,-7.37,28.77,-6.87,4.91,3.44,3.16,-2.98,-3.94,-4.12,15.44,13.31,12.9,15.44,12.9,False,-6.87,-2.8,True,2021Q4
STB,2022-01-25,CONTROL_RANDOM,,,,57.4,1.34,35.0,-26.71,4.86,-12.0,0.14,-1.6,-2.2,-10.71,-11.12,-11.25,-20.86,-12.17,-9.17,-8.0,-9.39,True,-12.0,-11.47,True,2022Q1
STB,2022-04-18,CONTROL_RANDOM,,,,29.5,1.31,29.1,-36.08,1.03,-5.0,-5.84,0.74,2.75,-25.26,-11.73,-7.6,-19.93,-2.27,3.13,-8.59,-0.0,True,-5.84,0.12,True,2022Q2
STB,2022-04-22,CONTROL_RANDOM,,,,29.3,1.31,28.8,-35.42,0.69,-7.66,-7.12,-5.01,-4.35,-21.01,-13.07,-10.61,-19.97,-6.64,-2.51,-8.0,-5.72,True,-7.66,-5.38,True,2022Q2
STB,2022-10-28,CONTROL_RANDOM,,,,44.7,1.43,16.2,-10.8,69.14,-12.0,-4.32,0.84,3.07,21.6,23.8,24.75,67.28,59.22,55.73,-8.0,4.14,True,67.28,55.73,False,2022Q4
STB,2023-09-22,CONTROL_RANDOM,,,,52.0,1.1,32.8,-19.82,1.07,-5.8,-5.95,-2.98,-2.68,-9.45,-1.3,-0.49,-19.82,-11.53,-10.71,-8.0,-1.31,True,-5.8,-2.41,True,2023Q3
STB,2024-04-16,CONTROL_RANDOM,,,,22.7,1.15,27.6,-5.25,15.58,-5.0,3.08,4.43,4.63,2.54,-2.02,-2.69,8.33,3.44,2.73,8.33,2.73,False,8.33,2.73,False,2024Q2
STB,2024-06-21,CONTROL_RANDOM,,,,60.2,1.06,30.65,-11.91,1.79,-5.0,-4.4,-2.33,-2.2,-2.12,-0.05,0.08,-1.31,-0.03,0.05,-8.0,-3.5,True,-5.0,-3.34,True,2024Q2
STB,2024-11-14,CONTROL_RANDOM,,,,42.0,1.34,32.4,-3.4,21.3,-5.0,0.77,0.87,0.91,4.94,2.24,1.33,18.21,14.68,13.5,18.21,13.5,False,18.21,13.5,False,2024Q4
STB,2024-11-22,CONTROL_RANDOM,,,,32.3,1.27,32.7,-1.68,21.41,-5.66,1.22,-0.55,-1.02,5.5,2.79,2.07,20.03,14.03,12.43,20.03,12.43,False,20.03,12.43,False,2024Q4
STB,2024-11-26,CONTROL_RANDOM,,,,31.5,1.27,33.1,-2.87,19.94,-6.79,-2.11,-2.04,-2.02,9.52,6.88,6.18,15.71,10.36,8.93,15.71,8.93,False,15.71,8.93,False,2024Q4
STB,2025-01-20,CONTROL_RANDOM,,,,33.6,1.33,36.45,-11.11,13.03,-5.74,2.33,1.38,1.06,7.68,3.66,2.32,10.29,13.62,14.73,-9.47,7.38,True,-6.45,-1.97,True,2025Q1
STB,2025-03-12,CONTROL_RANDOM,,,,60.9,1.4,39.65,-18.28,10.97,-5.0,-1.89,-1.01,-0.66,-4.54,3.94,7.35,8.07,9.6,10.22,-14.0,-0.87,True,-5.0,6.11,True,2025Q1
STB,2025-05-23,CONTROL_RANDOM,,,,63.4,1.03,41.5,-2.89,35.66,-7.28,0.72,-0.74,-0.77,11.93,8.81,8.73,27.23,2.99,2.35,27.23,2.35,False,27.23,2.35,False,2025Q2
STB,2025-07-21,CONTROL_RANDOM,,,,68.9,0.96,49.2,-2.44,24.59,-5.31,-2.44,-2.99,-2.97,8.13,-3.24,-2.78,20.93,1.98,2.75,20.93,2.75,False,20.93,2.75,False,2025Q3
STB,2025-10-13,CONTROL_RANDOM,,,,68.9,1.03,61.1,-24.8,0.33,-9.78,-9.0,-2.3,-2.07,-18.74,-8.12,-7.76,-12.44,-16.51,-16.65,-8.0,0.5,True,-9.78,-1.28,True,2025Q4
STB,2025-10-21,CONTROL_RANDOM,,,,37.0,1.07,55.7,-17.5,9.16,-6.54,2.69,2.28,2.25,-11.13,-9.35,-9.23,4.85,-7.08,-7.93,-8.0,-2.91,True,-6.64,-4.93,True,2025Q4
STB,2025-11-27,CONTROL_RANDOM,,,,54.7,1.15,49.0,-6.22,43.27,-5.0,0.41,-3.01,-3.51,17.35,14.61,14.21,38.37,30.68,29.56,38.37,29.56,False,-5.0,-2.49,True,2025Q4
STB,2026-01-26,CONTROL_RANDOM,,,,64.0,1.08,62.0,-6.29,13.23,-12.0,1.61,3.27,3.39,9.35,11.03,11.15,8.87,8.32,8.28,8.87,8.28,False,8.87,8.28,False,2026Q1
STB,2026-03-25,CONTROL_RANDOM,,,,43.9,0.89,62.0,-6.29,23.87,-5.63,-1.45,-3.46,-3.23,5.48,-7.08,-5.65,15.65,3.16,4.58,15.65,4.58,False,-5.63,-5.68,True,2026Q1
STB,2026-06-04,CONTROL_RANDOM,,,,39.8,0.78,70.5,-3.12,8.65,-7.64,0.57,2.83,2.33,2.13,0.55,0.89,7.09,7.14,7.13,7.09,7.13,False,7.09,7.13,False,2026Q2
ACB,2019-01-03,WATCH,46.5,46.5,0.0,19.3,1.37,5.36,-5.41,14.93,-9.43,3.17,-0.27,-1.53,5.22,1.1,-0.41,7.84,-5.52,-10.42,7.84,-10.42,False,7.84,-10.42,False,2019Q1
ACB,2019-08-06,WATCH,62.1,62.1,0.0,16.9,0.82,5.42,-8.3,16.61,-7.65,-0.37,-0.55,-0.52,0.92,-0.07,0.1,10.52,7.25,7.82,10.52,7.82,False,10.52,7.82,False,2019Q3
ACB,2019-11-22,WATCH,41.9,41.9,0.0,26.0,0.86,5.79,-6.74,16.41,-6.63,-2.94,-1.04,-1.3,-2.07,-0.19,-0.44,7.77,14.74,13.8,7.77,13.8,False,-6.63,-2.24,True,2019Q4
ACB,2020-03-09,WATCH,54.1,54.1,25.0,30.8,1.25,5.72,-30.07,15.21,-5.0,-8.22,0.14,2.23,-12.24,-4.15,-2.13,9.62,0.72,-1.5,-8.0,-0.01,True,-5.0,1.85,True,2020Q1
ACB,2020-07-27,WATCH,43.6,43.6,20.0,31.8,1.15,5.42,-1.29,53.32,-5.64,8.67,3.48,2.7,25.83,14.72,13.06,50.37,31.01,28.11,50.37,28.11,False,50.37,28.11,False,2020Q3
ACB,2021-01-28,WATCH,63.5,63.5,0.0,20.6,0.97,7.92,0.0,46.34,-5.0,16.29,3.41,3.83,32.45,15.38,15.94,44.07,18.21,19.06,44.07,19.06,False,44.07,19.06,False,2021Q1
ACB,2022-05-16,WATCH,42.4,42.4,0.0,29.3,0.89,11.15,-0.36,17.58,-5.0,4.39,-1.54,-0.88,9.15,3.48,4.11,13.0,4.89,5.79,13.0,5.79,False,13.0,5.79,False,2022Q2
ACB,2022-10-06,WATCH,47.9,47.9,0.0,14.7,0.97,9.87,-10.74,22.8,-5.0,6.69,6.69,6.69,3.14,9.24,9.07,12.06,17.22,17.08,-8.0,-2.9,True,-5.0,0.1,True,2022Q4
ACB,2022-10-07,PANIC70_ANY,79.0,79.0,0.0,11.9,0.99,9.19,-4.13,31.88,-5.0,15.13,12.0,12.01,13.49,17.86,17.83,24.81,22.43,22.45,24.81,22.45,False,24.81,22.45,False,2022Q4
ACB,2023-04-28,WATCH,43.6,43.6,0.0,16.4,1.06,12.27,0.0,11.17,-5.0,2.53,1.47,1.4,5.46,2.37,2.17,9.13,-5.33,-6.25,9.13,-6.25,False,9.13,-6.25,False,2023Q2
ACB,2025-04-03,PANIC70_ANY,70.4,70.4,0.0,21.4,1.0,16.34,-8.57,14.69,-5.0,9.24,2.16,2.15,6.36,-3.16,-3.18,12.85,-6.35,-6.38,-8.57,-2.95,True,-8.57,-2.95,True,2025Q2
ACB,2025-04-10,WATCH,57.9,57.9,0.0,27.8,0.99,17.85,-8.68,8.63,-12.0,-1.18,-3.98,-3.96,0.0,-10.45,-10.37,8.35,-12.35,-12.2,-8.0,-8.94,True,8.35,-12.2,False,2025Q2
ACB,2026-05-05,WATCH,46.5,46.5,0.0,25.7,0.8,19.52,-1.13,22.18,-5.0,-0.67,-1.58,-1.39,14.75,18.06,17.4,14.24,23.63,21.74,14.24,21.74,False,14.24,21.74,False,2026Q2
ACB,2022-10-18,ENTRY_V2,,79.0,65.0,46.7,1.07,10.91,-17.14,14.12,-12.0,-4.4,2.33,2.81,-5.59,5.88,6.7,13.38,14.2,14.26,-8.0,-0.06,True,-12.47,-0.18,True,2022Q4
ACB,2022-10-19,ENTRY_V2_LOOSE,,79.0,45.0,45.2,1.07,10.66,-15.2,17.54,-12.0,4.5,7.17,7.36,-0.28,7.94,8.53,14.45,14.06,14.04,-8.0,-0.9,True,-12.0,-0.51,True,2022Q4
ACB,2025-04-22,ENTRY_V2_LOOSE,15.0,94.8,50.0,39.0,1.0,17.71,-3.05,12.37,-12.0,-2.26,-4.27,-4.27,4.57,-5.04,-5.08,11.18,-10.98,-11.07,11.18,-11.07,False,11.18,-11.07,False,2025Q2
ACB,2025-04-23,ENTRY_V2,,94.4,70.0,42.7,1.01,17.56,-2.22,13.33,-9.5,-1.59,-3.83,-3.85,5.24,-5.05,-5.12,12.36,-11.91,-12.07,12.36,-12.07,False,12.36,-12.07,False,2025Q2
ACB,2019-01-02,CONTROL_RSI,10.5,10.5,,31.5,1.35,5.03,0.0,22.47,-5.0,9.94,8.98,8.65,11.73,9.38,8.56,14.91,3.99,0.15,14.91,0.15,False,14.91,0.15,False,2019Q1
ACB,2019-04-02,CONTROL_RSI,14.4,14.4,,30.2,1.21,5.83,-10.81,1.72,-5.0,-0.86,-0.57,-0.51,-3.26,-0.5,0.07,-5.15,-2.83,-2.35,-10.81,-9.0,True,-5.0,-2.62,True,2019Q2
ACB,2019-05-17,CONTROL_RSI,1.6,1.6,,34.5,1.02,5.6,-11.25,17.14,-5.0,-0.89,-0.2,-0.19,-1.96,1.6,1.66,-2.32,-1.65,-1.64,-8.93,-7.13,True,-7.14,-5.91,True,2019Q2
ACB,2019-08-05,CONTROL_RSI,32.1,32.1,,28.8,0.81,5.1,-2.55,23.92,-5.0,6.86,6.18,6.31,7.25,5.45,5.78,18.43,14.2,14.99,18.43,14.99,False,18.43,14.99,False,2019Q3
ACB,2019-09-11,CONTROL_RSI,0.0,0.0,,35.0,0.83,5.45,-0.55,15.96,-5.0,5.32,2.78,3.22,9.54,8.0,8.27,4.95,5.89,5.73,4.95,5.73,False,4.95,5.73,False,2019Q3
ACB,2019-11-25,CONTROL_RSI,27.7,27.7,,30.8,0.86,5.84,-7.53,15.41,-7.45,-3.77,-1.42,-1.74,-3.42,-1.64,-1.88,4.79,13.03,11.91,4.79,11.91,False,-7.45,-3.18,True,2019Q4
ACB,2020-03-12,CONTROL_RSI,37.5,37.5,,33.1,1.22,5.35,-25.23,23.18,-5.0,-0.56,2.96,3.74,-7.1,-11.21,-12.12,19.07,-3.28,-8.28,-8.0,3.48,True,-5.0,-6.69,True,2020Q1
ACB,2020-06-23,CONTROL_RSI,1.6,1.6,,34.5,1.16,5.97,-12.9,18.09,-5.0,-3.35,-0.5,-0.04,1.68,3.19,3.43,16.42,13.44,12.95,-12.9,-1.78,True,-5.0,0.2,True,2020Q2
ACB,2020-07-29,CONTROL_RSI,30.7,30.7,,33.5,1.15,5.4,0.0,55.56,-5.6,9.63,4.13,3.32,28.7,18.85,17.41,53.33,32.61,29.58,53.33,29.58,False,53.33,29.58,False,2020Q3
ACB,2021-01-26,CONTROL_RSI,9.8,9.8,,32.1,1.0,8.99,-11.9,27.7,-6.98,1.0,1.99,1.99,19.58,13.83,13.83,24.58,14.16,14.17,-11.9,-6.05,True,-11.9,-6.05,True,2021Q1
ACB,2021-07-14,CONTROL_RSI,31.8,31.8,,30.3,1.06,12.69,-2.6,17.34,-5.0,8.59,7.51,7.45,12.37,6.66,6.34,3.78,-5.14,-5.64,3.78,-5.64,False,3.78,-5.64,False,2021Q3
ACB,2021-08-20,CONTROL_RSI,5.6,5.6,,34.6,1.23,13.54,-8.71,1.77,-5.0,-4.06,-3.97,-3.94,-5.69,-7.29,-7.66,-0.59,-11.6,-14.16,-8.0,-6.5,True,-5.0,-2.38,True,2021Q3
ACB,2021-12-14,CONTROL_RSI,20.4,20.4,,28.2,1.13,13.37,-3.29,9.87,-5.42,-1.2,-1.31,-1.32,0.82,-0.53,-0.71,-0.9,0.1,0.23,-0.9,0.23,False,-0.9,0.23,False,2021Q4
ACB,2022-02-28,CONTROL_RSI,9.9,9.9,,31.7,0.73,13.74,-19.14,0.87,-5.0,-4.15,-2.79,-3.16,-4.88,-5.13,-5.06,-6.48,7.48,3.73,-8.0,0.96,True,-5.0,-4.47,True,2022Q1
ACB,2022-04-25,CONTROL_RSI,20.0,20.0,,29.9,0.8,12.32,-9.82,7.22,-5.0,3.98,-1.88,-0.7,-0.49,0.82,0.56,1.06,7.82,6.45,-8.0,-1.63,True,-5.0,1.37,True,2022Q2
ACB,2022-06-17,CONTROL_RSI,15.0,15.0,,30.7,0.98,11.67,-2.66,9.51,-5.0,3.68,4.96,4.94,3.43,6.86,6.8,1.71,-0.12,-0.09,1.71,-0.09,False,1.71,-0.09,False,2022Q2
ACB,2022-09-08,CONTROL_RSI,10.4,10.4,,31.5,0.98,12.22,-27.91,0.0,-5.0,-4.34,-3.75,-3.77,-22.91,-6.37,-6.7,-2.86,10.13,9.87,-8.0,-2.72,True,-5.0,-2.17,True,2022Q3
ACB,2022-10-13,CONTROL_RSI,19.0,19.0,,34.3,1.06,10.35,-12.66,17.1,-12.0,-0.48,3.59,3.81,1.55,11.76,12.32,12.75,13.59,13.63,-8.0,3.93,True,-12.0,-0.07,True,2022Q4
ACB,2022-12-29,CONTROL_RSI,4.4,4.4,,33.5,1.12,11.11,-0.9,20.52,-5.0,5.04,1.43,1.0,13.23,6.17,5.33,14.76,8.68,7.96,14.76,7.96,False,14.76,7.96,False,2022Q4
ACB,2023-04-20,CONTROL_RSI,7.8,7.8,,32.4,1.1,12.27,-1.39,11.17,-5.0,-0.41,-0.31,-0.3,3.5,2.39,2.28,8.39,-3.31,-4.48,8.39,-4.48,False,8.39,-4.48,False,2023Q2
ACB,2023-08-23,CONTROL_RSI,20.6,20.6,,30.8,0.87,13.21,-4.09,7.57,-5.0,3.48,-0.67,-0.12,0.68,2.55,2.3,3.03,9.12,8.3,3.03,8.3,False,3.03,8.3,False,2023Q3
ACB,2023-09-26,CONTROL_RSI,15.8,15.8,,29.7,0.77,13.24,-4.31,7.33,-5.0,-1.36,-0.39,-0.61,0.0,3.34,2.56,5.97,9.39,8.59,5.97,8.59,False,5.97,8.59,False,2023Q3
ACB,2023-10-27,CONTROL_RSI,5.6,5.6,,33.1,0.78,13.06,-1.61,22.43,-5.0,2.76,-0.62,0.12,1.15,-2.08,-1.37,20.6,8.88,11.46,20.6,11.46,False,20.6,11.46,False,2023Q4
ACB,2023-12-05,CONTROL_RSI,17.1,17.1,,29.4,0.83,13.39,-0.67,28.23,-5.0,0.67,1.02,0.96,14.26,11.34,11.85,24.2,10.75,13.09,24.2,13.09,False,24.2,13.09,False,2023Q4
ACB,2024-03-12,CONTROL_RSI,8.8,8.8,,32.1,0.83,16.18,-1.17,12.86,-5.0,2.78,1.99,2.12,1.3,0.63,0.74,7.42,4.68,5.13,7.42,5.13,False,7.42,5.13,False,2024Q1
ACB,2024-04-17,CONTROL_RSI,7.2,7.2,,32.6,0.98,16.08,-0.56,13.56,-5.0,1.0,-1.43,-1.38,5.1,-2.19,-2.05,9.7,2.27,2.41,9.7,2.41,False,9.7,2.41,False,2024Q2
ACB,2024-08-07,CONTROL_RSI,7.4,7.4,,32.5,0.89,16.74,0.0,13.98,-5.0,1.08,0.11,0.21,5.14,0.52,1.01,6.45,3.74,4.02,6.45,4.02,False,6.45,4.02,False,2024Q3
ACB,2024-10-29,CONTROL_RSI,19.8,19.8,,28.4,0.88,18.14,-4.36,2.37,-5.0,-0.39,-0.2,-0.23,-0.61,1.1,0.9,0.39,0.7,0.66,0.39,0.66,False,0.39,0.66,False,2024Q4
ACB,2025-01-21,CONTROL_RSI,13.3,13.3,,30.6,0.98,18.0,-17.0,7.17,-5.0,1.56,-0.15,-0.12,3.78,-0.6,-0.51,-3.44,-1.45,-1.49,-9.22,-6.27,True,-9.22,-6.27,True,2025Q1
ACB,2025-03-27,CONTROL_RSI,7.3,7.3,,32.6,1.03,18.72,-20.19,0.75,-5.0,-8.49,0.1,0.35,-7.91,-0.54,-0.32,-2.4,-5.52,-5.61,-12.71,-3.87,True,-5.0,2.35,True,2025Q1
ACB,2025-06-09,CONTROL_RSI,5.0,5.0,,33.3,0.96,18.14,-0.72,40.13,-5.0,0.72,-2.34,-2.22,5.68,-2.56,-2.24,31.31,1.6,2.74,31.31,2.74,False,31.31,2.74,False,2025Q2
ACB,2025-09-12,CONTROL_RSI,37.0,37.0,,27.7,1.03,22.66,-9.31,3.44,-5.0,-4.37,-2.09,-2.02,1.72,-3.81,-3.97,-7.99,-12.84,-12.98,-8.0,-7.25,True,-5.0,-2.78,True,2025Q3
ACB,2025-10-24,CONTROL_RSI,30.0,30.0,,24.3,1.0,21.8,-7.34,3.17,-5.0,0.6,5.28,5.3,-2.75,-1.07,-1.07,-1.79,-12.93,-12.98,-1.79,-12.98,False,-5.0,-5.31,True,2025Q4
ACB,2025-11-24,CONTROL_RSI,30.0,30.0,,23.0,0.95,21.24,-7.3,4.66,-5.0,-2.82,-5.64,-5.51,-1.84,-7.95,-7.66,-0.8,-13.35,-12.76,-0.8,-12.76,False,-5.08,-9.96,True,2025Q4
ACB,2026-01-30,CONTROL_RSI,17.4,17.4,,29.2,0.89,20.72,-9.75,2.32,-5.0,-4.58,-0.79,-1.2,-9.75,-0.36,-1.39,-4.78,-9.43,-8.92,-8.11,0.25,True,-8.11,0.25,True,2026Q1
ACB,2026-04-29,CONTROL_RSI,1.4,1.4,,34.5,0.81,20.29,-4.88,17.55,-5.0,-3.4,-4.73,-4.47,5.72,7.11,6.84,9.91,20.69,18.6,9.91,18.6,False,9.91,18.6,False,2026Q2
ACB,2026-08-05,CONTROL_RSI,14.1,14.1,,30.3,0.81,22.4,-8.93,2.01,-5.0,-0.89,0.17,-0.03,-0.45,-3.01,-2.52,,,,-8.0,-6.84,True,-5.0,-5.02,True,2026Q3
ACB,2026-09-15,CONTROL_RSI,0.3,0.3,,34.9,0.72,22.1,-7.69,3.39,-5.0,-1.36,-0.73,-0.91,,,,,,,-6.79,-4.64,False,-5.0,-2.62,True,2026Q3
ACB,2019-02-14,CONTROL_RANDOM,,,,71.6,1.32,5.76,-3.99,6.94,-8.19,1.22,-2.67,-3.94,5.21,-0.28,-2.06,-2.78,-5.28,-6.09,-2.78,-6.09,False,-2.78,-6.09,False,2019Q1
ACB,2019-05-09,CONTROL_RANDOM,,,,37.7,1.05,5.57,-6.64,17.77,-5.0,0.18,-2.57,-2.7,-1.44,-2.27,-2.31,-0.54,-4.82,-5.03,-0.54,-5.03,False,-6.64,-8.81,True,2019Q2
ACB,2019-05-17,CONTROL_RANDOM,,,,34.5,1.02,5.6,-11.25,17.14,-5.0,-0.89,-0.2,-0.19,-1.96,1.6,1.66,-2.32,-1.65,-1.64,-8.93,-7.13,True,-7.14,-5.91,True,2019Q2
ACB,2019-07-01,CONTROL_RANDOM,,,,60.4,0.92,5.58,-10.93,17.56,-5.0,2.15,1.71,1.74,1.97,-0.23,-0.06,2.51,0.17,0.35,-8.6,-8.59,True,-8.6,-8.59,True,2019Q3
ACB,2019-08-20,CONTROL_RANDOM,,,,38.1,0.87,5.52,-2.72,14.49,-11.45,0.0,0.72,0.63,3.99,2.69,2.86,10.33,7.49,7.86,10.33,7.86,False,10.33,7.86,False,2019Q3
ACB,2019-10-16,CONTROL_RANDOM,,,,73.3,0.81,6.04,-9.44,4.14,-5.94,-2.81,-2.67,-2.7,0.83,-0.91,-0.57,-6.62,-3.96,-4.47,-9.44,-8.86,True,-5.94,-6.25,True,2019Q4
ACB,2020-03-05,CONTROL_RANDOM,,,,44.1,1.28,6.34,-36.91,3.94,-12.0,-13.72,0.58,4.6,-19.24,-2.12,2.68,0.0,0.88,1.12,-9.78,-2.37,True,-12.0,5.24,True,2020Q1
ACB,2020-10-05,CONTROL_RANDOM,,,,82.5,1.07,7.63,-2.49,29.62,-9.32,-0.92,-2.2,-2.29,5.9,4.01,3.87,26.74,2.22,0.41,26.74,0.41,False,26.74,0.41,False,2020Q4
ACB,2020-10-08,CONTROL_RANDOM,,,,68.4,1.07,7.5,-0.4,33.2,-6.95,6.4,3.81,3.63,8.13,6.09,5.95,30.8,1.93,-0.08,30.8,-0.08,False,30.8,-0.08,False,2020Q4
ACB,2020-10-16,CONTROL_RANDOM,,,,72.8,1.07,8.08,-7.18,23.64,-9.72,-0.74,-1.36,-1.4,4.83,4.22,4.17,11.63,-8.05,-9.38,11.63,-9.38,False,11.63,-9.38,False,2020Q4
ACB,2021-03-10,CONTROL_RANDOM,,,,72.2,0.98,10.67,-5.06,40.3,-7.52,2.81,0.17,0.24,4.22,-1.32,-1.19,21.84,9.03,9.34,21.84,9.34,False,21.84,9.34,False,2021Q1
ACB,2021-09-13,CONTROL_RANDOM,,,,32.8,1.24,12.87,-3.96,11.58,-5.0,-0.16,-0.04,-0.01,2.33,-1.65,-2.59,3.42,-4.43,-6.29,3.42,-6.29,False,3.42,-6.29,False,2021Q3
ACB,2021-09-16,CONTROL_RANDOM,,,,34.7,1.24,12.77,-3.21,12.45,-5.0,1.25,0.86,0.76,1.88,-1.6,-2.44,5.72,-3.03,-5.13,5.72,-5.13,False,5.72,-5.13,False,2021Q3
ACB,2021-10-07,CONTROL_RANDOM,,,,44.7,1.23,12.69,-1.89,13.16,-5.0,2.52,0.57,0.12,6.7,0.07,-1.44,9.85,0.17,-2.04,9.85,-2.04,False,9.85,-2.04,False,2021Q4
ACB,2021-11-10,CONTROL_RANDOM,,,,68.3,1.26,13.46,-4.98,9.14,-6.33,-2.45,-2.78,-2.87,0.0,-0.2,-0.26,7.21,4.7,4.04,7.21,4.04,False,7.21,4.04,False,2021Q4
ACB,2021-12-01,CONTROL_RANDOM,,,,53.7,1.18,13.58,-5.82,8.17,-5.0,-0.88,0.28,0.48,0.88,0.83,0.82,2.06,0.71,0.46,2.06,0.46,False,-5.0,0.69,True,2021Q4
ACB,2022-02-08,CONTROL_RANDOM,,,,73.1,0.79,14.51,-17.3,1.24,-10.16,-4.76,-4.12,-4.25,-8.96,-7.1,-7.5,-14.82,0.64,-2.67,-8.0,-7.15,True,-10.16,-5.17,True,2022Q1
ACB,2022-06-16,CONTROL_RANDOM,,,,37.8,0.97,11.87,-4.3,7.67,-5.0,1.26,3.33,3.27,2.11,4.69,4.61,1.26,-1.87,-1.78,1.26,-1.78,False,1.26,-1.78,False,2022Q2
ACB,2022-07-06,CONTROL_RANDOM,,,,51.2,0.95,12.27,-12.31,4.16,-6.57,-0.98,-3.87,-3.73,2.93,-6.22,-5.79,-11.08,-5.64,-5.9,-8.0,-10.11,True,-6.57,-12.38,True,2022Q3
ACB,2022-09-05,CONTROL_RANDOM,,,,42.5,0.99,12.37,-28.78,0.89,-5.0,-2.83,-0.39,-0.43,-14.23,1.51,1.28,-9.54,9.8,9.51,-8.16,-3.17,True,-5.0,-1.49,True,2022Q3
ACB,2022-11-07,CONTROL_RANDOM,,,,45.4,1.11,10.4,-13.08,28.75,-9.33,-7.21,-2.11,-1.54,8.27,-0.86,-1.89,19.71,8.13,6.83,-8.17,-6.09,True,-9.33,-7.24,True,2022Q4
ACB,2023-02-09,CONTROL_RANDOM,,,,52.7,1.12,12.43,-3.46,5.63,-5.0,0.8,1.45,1.53,1.21,2.44,2.59,1.21,1.95,2.04,1.21,2.04,False,1.21,2.04,False,2023Q1
ACB,2023-03-10,CONTROL_RANDOM,,,,42.4,1.15,12.5,-3.6,7.12,-5.0,-3.04,-0.76,-0.41,1.04,-0.72,-0.99,4.48,-0.71,-1.51,4.48,-1.51,False,4.48,-1.51,False,2023Q1
ACB,2023-05-24,CONTROL_RANDOM,,,,66.2,0.99,12.73,-1.18,15.87,-5.0,1.65,0.11,0.13,2.83,-3.13,-3.06,7.86,-8.29,-8.09,7.86,-8.09,False,7.86,-8.09,False,2023Q2
ACB,2023-08-21,CONTROL_RANDOM,,,,40.5,0.88,13.36,-5.16,6.36,-5.0,-0.22,-1.96,-1.75,1.42,-1.01,-0.72,5.46,10.4,9.79,5.46,9.79,False,-5.0,4.53,True,2023Q3
ACB,2023-10-12,CONTROL_RANDOM,,,,58.3,0.75,13.67,-7.32,13.9,-5.67,-3.15,0.09,-0.73,-0.88,2.91,1.96,12.14,10.82,11.15,12.14,11.15,False,-5.67,0.18,True,2023Q4
ACB,2023-11-07,CONTROL_RANDOM,,,,50.7,0.79,13.36,-1.8,19.91,-6.08,5.24,1.22,2.08,0.9,-3.48,-2.54,17.66,8.97,10.83,17.66,10.83,False,17.66,10.83,False,2023Q4
ACB,2023-11-17,CONTROL_RANDOM,,,,67.2,0.82,13.55,-3.17,26.72,-5.0,-2.51,-2.75,-2.71,1.77,1.17,1.28,22.95,9.62,12.02,22.95,12.02,False,22.95,12.02,False,2023Q4
ACB,2024-03-13,CONTROL_RANDOM,,,,50.0,0.85,16.69,-4.19,9.41,-5.0,1.44,1.41,1.41,-1.62,-0.22,-0.43,5.87,3.98,4.26,5.87,4.26,False,5.87,4.26,False,2024Q1
ACB,2024-05-06,CONTROL_RANDOM,,,,55.2,0.98,16.78,-1.61,8.82,-5.58,0.0,0.18,0.17,5.13,2.07,2.13,3.58,3.61,3.61,3.58,3.61,False,3.58,3.61,False,2024Q2
ACB,2024-07-02,CONTROL_RANDOM,,,,38.2,0.92,17.38,-4.14,9.32,-5.0,0.46,-0.54,-0.46,1.67,3.38,3.25,7.25,5.86,5.97,7.25,5.97,False,7.25,5.97,False,2024Q3
ACB,2024-07-09,CONTROL_RANDOM,,,,41.6,0.92,17.64,-5.56,7.71,-5.0,0.0,2.08,1.91,-4.54,1.62,1.12,3.63,5.56,5.4,3.63,5.4,False,-5.0,2.63,True,2024Q3
ACB,2025-05-07,CONTROL_RANDOM,,,,36.4,0.99,17.35,-0.63,18.96,-7.08,5.99,1.39,1.45,4.27,-2.65,-2.55,14.24,-5.45,-5.18,14.24,-5.18,False,14.24,-5.18,False,2025Q2
ACB,2025-05-09,CONTROL_RANDOM,,,,46.5,0.98,17.46,-0.46,18.21,-5.0,4.7,2.86,2.9,3.38,0.42,0.48,15.01,-5.05,-4.67,15.01,-4.67,False,15.01,-4.67,False,2025Q2
ACB,2025-06-20,CONTROL_RANDOM,,,,65.3,0.95,18.44,-1.19,37.85,-5.0,-0.49,-2.78,-2.67,6.78,-3.61,-3.13,22.18,-2.03,-0.91,22.18,-0.91,False,22.18,-0.91,False,2025Q2
ACB,2025-07-16,CONTROL_RANDOM,,,,85.4,0.95,19.34,-0.21,31.44,-5.83,3.36,0.72,0.86,16.7,5.98,6.57,19.18,0.07,1.11,19.18,1.11,False,19.18,1.11,False,2025Q3
ACB,2025-11-11,CONTROL_RANDOM,,,,45.9,0.96,21.54,-7.99,3.2,-5.0,-0.42,-3.5,-3.37,-3.62,-11.08,-10.76,-7.99,-17.73,-17.31,-7.99,-17.31,False,-5.0,-7.83,True,2025Q4
ACB,2025-11-12,CONTROL_RANDOM,,,,53.7,0.96,21.71,-9.12,2.4,-5.0,-1.57,-3.0,-2.94,-4.93,-8.99,-8.81,-8.94,-16.42,-16.1,-8.0,-15.21,True,-5.0,-9.95,True,2025Q4
ACB,2026-01-30,CONTROL_RANDOM,,,,29.2,0.89,20.72,-9.75,2.32,-5.0,-4.58,-0.79,-1.2,-9.75,-0.36,-1.39,-4.78,-9.43,-8.92,-8.11,0.25,True,-8.11,0.25,True,2026Q1
ACB,2026-06-03,CONTROL_RANDOM,,,,78.6,0.79,22.4,-3.79,6.47,-12.0,1.92,3.21,2.93,1.12,-1.31,-0.79,0.89,0.37,0.48,0.89,0.48,False,0.89,0.48,False,2026Q2
TPB,2019-12-19,WATCH,44.7,44.7,0.0,9.4,0.48,4.96,-9.68,7.06,-5.0,0.81,-0.24,0.3,2.82,0.19,1.55,1.81,31.91,16.35,-9.68,0.03,True,-6.25,-4.96,True,2019Q4
TPB,2020-03-30,WATCH,42.6,42.6,10.0,34.5,0.7,4.36,-13.3,22.48,-5.0,-6.88,-18.57,-15.05,-5.28,-20.11,-15.65,15.14,-12.07,-3.89,-11.93,-15.27,True,-11.93,-15.27,True,2020Q1
TPB,2021-01-27,WATCH,45.9,45.9,25.0,27.6,1.06,6.77,-5.91,32.64,-5.0,13.44,6.68,6.3,22.6,10.43,9.74,19.79,0.55,-0.53,19.79,-0.53,False,19.79,-0.53,False,2021Q1
TPB,2021-01-28,PANIC70_ANY,80.0,80.0,0.0,20.8,1.05,6.37,0.0,40.97,-5.0,21.51,8.63,7.99,29.67,12.61,11.77,30.3,4.45,3.17,30.3,3.17,False,30.3,3.17,False,2021Q1
TPB,2022-04-25,WATCH,41.7,41.7,0.0,24.6,1.23,13.3,-27.07,3.08,-6.06,0.6,-5.26,-6.59,-7.07,-5.76,-5.46,-16.77,-10.0,-8.46,-8.8,-9.58,True,-6.06,-4.56,True,2022Q2
TPB,2022-06-14,WATCH,48.2,48.2,0.0,21.6,1.23,10.37,-6.46,10.51,-5.0,-1.16,3.88,5.05,0.58,5.23,6.32,1.83,0.41,0.07,1.83,0.07,False,-5.0,-3.6,True,2022Q2
TPB,2022-10-06,WATCH,49.9,49.9,20.0,24.1,1.05,9.02,-20.62,4.1,-5.0,-10.64,-10.64,-10.64,-7.65,-1.55,-1.26,-8.76,-3.59,-3.35,-16.08,-10.58,True,-16.08,-10.58,True,2022Q4
TPB,2022-10-10,PANIC70_ANY,73.8,73.8,0.0,11.2,1.06,7.57,-5.42,24.04,-5.0,6.47,3.84,3.69,5.94,11.23,11.54,13.74,12.78,12.72,13.74,12.72,False,-5.0,7.72,True,2022Q4
TPB,2023-10-03,WATCH,42.9,42.9,10.0,23.1,0.96,9.97,-5.42,8.53,-5.0,1.5,-2.49,-2.34,-4.21,1.84,1.61,5.12,3.73,3.78,5.12,3.78,False,-5.0,-0.55,True,2023Q4
TPB,2025-03-03,WATCH,50.0,50.0,0.0,22.7,1.18,12.07,-31.48,1.57,-5.0,0.33,-1.64,-1.98,-11.68,-12.49,-12.63,-13.26,-15.51,-15.91,-8.0,-9.35,True,-5.0,-6.54,True,2025Q1
TPB,2025-04-03,PANIC70_ANY,83.1,83.1,0.0,15.7,1.1,9.24,-10.5,20.67,-5.0,5.3,-1.78,-2.52,13.31,3.78,2.78,18.94,-0.26,-2.28,-10.5,-4.3,True,-10.5,-4.3,True,2025Q2
TPB,2026-03-23,WATCH,40.1,40.1,10.0,20.2,0.99,13.01,-2.23,9.07,-5.0,5.15,2.19,2.22,4.84,-7.89,-7.75,4.53,-7.65,-7.52,4.53,-7.52,False,4.53,-7.52,False,2026Q1
TPB,2026-07-22,WATCH,46.4,46.4,0.0,8.6,0.92,11.67,-1.11,8.23,-5.0,3.6,-1.22,-0.84,4.28,0.09,0.42,,,,1.11,-4.12,False,1.11,-4.12,False,2026Q3
TPB,2021-02-05,ENTRY_V2_LOOSE,,80.0,50.0,41.1,1.1,7.74,-6.46,21.71,-12.0,4.39,0.14,-0.29,7.49,2.39,1.89,17.96,5.99,4.8,17.96,4.8,False,17.96,4.8,False,2021Q1
TPB,2021-02-09,ENTRY_V2,,80.0,70.0,45.7,1.06,7.82,-4.73,21.87,-12.0,1.53,-1.53,-1.72,6.39,1.19,0.87,20.84,9.2,8.48,20.84,8.48,False,20.84,8.48,False,2021Q1
TPB,2022-10-12,ENTRY_V2_LOOSE,88.7,90.8,40.0,20.7,1.1,8.02,-10.47,17.08,-12.0,0.5,-1.73,-1.95,-2.99,5.52,6.35,9.73,8.17,8.02,-8.0,-2.79,True,9.73,8.02,False,2022Q4
TPB,2022-10-19,ENTRY_V2,47.1,90.8,60.0,23.0,1.13,7.94,-9.57,18.26,-12.0,3.53,6.19,6.55,2.77,11.0,12.11,10.33,9.95,9.89,-8.0,7.5,True,10.33,9.89,False,2022Q4
TPB,2025-04-17,ENTRY_V2_LOOSE,12.4,83.1,55.0,38.0,1.03,9.76,-0.72,24.08,-12.0,2.36,2.29,2.28,10.55,2.85,2.6,22.03,1.91,1.27,22.03,1.27,False,22.03,1.27,False,2025Q2
TPB,2025-04-21,ENTRY_V2,,80.7,75.0,42.9,1.01,9.99,-3.0,22.82,-12.0,1.5,-0.57,-0.6,6.01,-3.41,-3.53,20.82,-3.81,-4.14,20.82,-4.14,False,20.82,-4.14,False,2025Q2
TPB,2019-01-02,CONTROL_RSI,11.5,11.5,,31.2,0.91,4.72,-5.93,14.62,-5.88,4.66,3.7,3.79,4.45,2.1,2.31,14.41,3.49,4.47,14.41,4.47,False,14.41,4.47,False,2019Q1
TPB,2019-02-19,CONTROL_RSI,1.4,1.4,,34.5,0.88,5.03,-2.58,12.92,-5.0,-1.19,-3.88,-3.55,0.0,-3.93,-3.45,12.72,10.45,10.73,12.72,10.73,False,12.72,10.73,False,2019Q1
TPB,2019-04-24,CONTROL_RSI,13.9,13.9,,31.0,0.79,5.1,-2.75,18.63,-5.0,0.0,1.92,1.53,10.39,10.84,10.74,7.45,6.11,6.38,7.45,6.38,False,7.45,6.38,False,2019Q2
TPB,2019-06-28,CONTROL_RSI,10.2,10.2,,34.5,0.75,5.42,-8.12,2.77,-5.0,0.55,-0.22,-0.03,0.18,-3.88,-2.88,-2.4,-5.44,-4.69,-8.0,-8.89,True,-5.0,-6.47,True,2019Q2
TPB,2019-08-02,CONTROL_RSI,18.5,18.5,,28.8,0.7,5.24,-4.96,5.53,-5.0,2.29,3.63,3.23,2.67,3.61,3.32,1.15,0.41,0.63,1.15,0.63,False,1.15,0.63,False,2019Q3
TPB,2019-09-20,CONTROL_RSI,39.1,39.1,,30.9,0.66,5.3,-6.98,2.45,-7.41,0.19,-0.3,-0.13,1.51,2.34,2.05,-6.04,-2.98,-4.02,-6.04,-4.02,False,-6.04,-4.02,False,2019Q3
TPB,2019-11-22,CONTROL_RSI,20.6,20.6,,28.1,0.49,5.17,-10.64,2.71,-5.0,0.19,2.09,1.12,-3.68,-1.79,-2.75,-3.87,3.1,-0.46,-8.0,-5.94,True,-5.0,-5.04,True,2019Q4
TPB,2019-12-20,CONTROL_RSI,30.2,30.2,,22.2,0.49,4.98,-10.04,6.63,-5.0,0.4,-0.17,0.12,2.41,-0.39,1.05,4.62,35.92,19.87,-10.04,0.0,True,-6.63,-5.03,True,2019Q4
TPB,2020-02-12,CONTROL_RSI,16.9,16.9,,34.4,0.65,4.99,-24.25,6.01,-9.02,1.8,1.7,1.74,-3.61,14.31,8.09,-4.61,6.26,2.49,-8.02,-1.07,True,-10.22,2.0,True,2020Q1
TPB,2020-04-07,CONTROL_RSI,31.9,31.9,,31.1,0.68,3.91,0.0,36.57,-6.17,11.0,5.97,7.6,9.72,-0.24,2.99,25.06,10.53,15.24,25.06,15.24,False,25.06,15.24,False,2020Q2
TPB,2020-07-27,CONTROL_RSI,25.1,25.1,,33.9,0.84,4.62,0.0,32.9,-5.0,7.36,2.17,3.01,15.15,4.04,5.84,28.35,8.99,12.13,28.35,12.13,False,28.35,12.13,False,2020Q3
TPB,2020-10-28,CONTROL_RSI,34.4,34.4,,28.1,1.09,5.29,0.0,61.63,-5.0,4.91,2.83,2.63,11.15,1.64,0.73,51.8,24.77,22.21,51.8,22.21,False,51.8,22.21,False,2020Q4
TPB,2021-03-22,CONTROL_RSI,10.5,10.5,,31.5,1.05,8.32,-10.46,42.43,-5.0,-3.12,-2.8,-2.78,-3.12,-9.68,-10.04,23.68,7.93,7.06,-8.0,-5.51,True,-5.29,-2.88,True,2021Q1
TPB,2021-06-24,CONTROL_RSI,12.9,12.9,,31.7,1.12,10.33,-11.91,17.23,-5.0,5.91,3.14,2.81,-7.45,0.74,1.74,12.2,15.26,15.63,-8.0,-0.84,True,-5.0,3.29,True,2021Q2
TPB,2021-07-23,CONTROL_RSI,27.9,27.9,,29.2,1.24,9.42,-0.21,36.84,-6.11,5.94,2.37,1.51,3.93,1.56,0.99,35.67,25.82,23.46,35.67,23.46,False,35.67,23.46,False,2021Q3
TPB,2021-08-31,CONTROL_RSI,7.5,7.5,,32.5,1.33,9.85,-0.3,46.6,-5.0,10.05,9.01,8.67,25.28,25.02,24.94,39.7,27.56,23.58,39.7,23.58,False,39.7,23.58,False,2021Q3
TPB,2022-01-24,CONTROL_RSI,18.8,18.8,,30.5,1.29,14.75,-14.1,14.85,-5.0,11.39,7.13,5.91,13.49,9.39,8.21,-7.73,-1.76,-0.05,-8.0,-1.79,True,-5.0,-0.08,True,2022Q1
TPB,2022-03-15,CONTROL_RSI,1.5,1.5,,34.5,1.29,15.63,-30.77,4.61,-5.8,0.26,-2.67,-3.52,-2.24,-3.09,-3.34,-30.77,-14.84,-10.18,-8.0,-3.29,True,-5.8,-5.7,True,2022Q1
TPB,2022-04-19,CONTROL_RSI,12.8,12.8,,33.3,1.34,14.4,-32.64,0.76,-5.0,-5.49,-2.07,-0.91,-14.72,-3.24,0.66,-26.39,-10.52,-5.14,-8.0,0.67,True,-5.0,-2.86,True,2022Q2
TPB,2022-06-13,CONTROL_RSI,19.8,19.8,,32.6,1.24,10.76,-9.85,6.51,-5.0,-6.78,-3.41,-2.6,-2.88,0.3,1.06,-2.23,-3.97,-4.39,-8.0,-8.39,True,-5.48,-5.88,True,2022Q2
TPB,2022-09-07,CONTROL_RSI,14.0,14.0,,30.3,1.13,10.7,-33.08,0.19,-5.0,-2.9,-2.47,-2.41,-12.24,1.87,3.65,-20.28,-3.11,-0.95,-8.0,-3.89,True,-5.0,-0.89,True,2022Q3
TPB,2022-10-05,CONTROL_RSI,32.0,32.0,,22.8,1.07,9.35,-23.42,1.28,-5.0,-13.8,-8.88,-8.54,-11.12,-3.39,-2.85,-10.48,-1.79,-1.19,-12.94,-6.86,True,-12.94,-6.86,True,2022Q4
TPB,2022-12-30,CONTROL_RSI,14.2,14.2,,30.3,1.0,8.23,0.0,21.26,-5.0,6.93,2.78,2.77,16.04,10.66,10.64,19.2,12.57,12.55,19.2,12.55,False,19.2,12.55,False,2022Q4
TPB,2023-06-29,CONTROL_RSI,11.9,11.9,,31.0,1.12,10.94,-2.19,11.06,-5.0,-0.27,-1.5,-1.65,3.29,-4.12,-5.02,-2.19,-3.41,-3.56,-2.19,-3.56,False,-2.19,-3.56,False,2023Q2
TPB,2023-09-22,CONTROL_RSI,0.7,0.7,,34.8,0.92,11.21,-15.88,0.8,-5.0,-5.71,-2.74,-2.97,-11.33,-3.18,-3.81,-8.92,-0.63,-1.27,-8.0,-2.38,True,-5.0,-2.15,True,2023Q3
TPB,2023-10-20,CONTROL_RSI,0.5,0.5,,34.8,0.95,9.97,-5.42,15.15,-5.0,-3.01,2.79,2.51,4.21,4.47,4.46,12.74,7.63,7.87,12.74,7.87,False,-5.0,-0.6,True,2023Q4
TPB,2023-12-26,CONTROL_RSI,9.0,9.0,,32.0,0.99,10.27,0.0,19.18,-5.0,5.36,2.91,2.93,6.82,2.62,2.65,12.37,-2.49,-2.42,12.37,-2.42,False,12.37,-2.42,False,2023Q4
TPB,2024-02-02,CONTROL_RSI,1.8,1.8,,34.4,1.0,10.57,-6.24,15.8,-5.0,7.47,3.15,3.13,5.77,0.55,0.53,3.5,-2.5,-2.53,3.5,-2.53,False,-5.0,-5.05,True,2024Q1
TPB,2024-03-12,CONTROL_RSI,7.3,7.3,,33.3,1.04,11.18,-11.36,5.37,-5.0,0.54,-0.25,-0.29,-0.81,-1.47,-1.5,-1.61,-4.35,-4.47,-8.0,-5.11,True,-5.0,-2.19,True,2024Q1
TPB,2024-04-15,CONTROL_RSI,29.2,29.2,,26.0,1.09,10.57,-6.24,9.18,-5.0,2.93,4.0,4.09,5.49,0.65,0.24,3.69,-1.33,-1.76,3.69,-1.76,False,-5.0,-1.1,True,2024Q2
TPB,2024-07-03,CONTROL_RSI,13.0,13.0,,30.7,1.25,10.93,-4.57,18.94,-5.0,1.74,1.35,1.26,0.55,4.61,5.62,17.29,16.58,16.41,17.29,16.41,False,17.29,16.41,False,2024Q3
TPB,2024-08-08,CONTROL_RSI,15.1,15.1,,33.0,1.21,10.68,-1.12,26.31,-5.0,1.78,-1.26,-1.9,3.46,0.18,-0.51,15.45,12.94,12.42,15.45,12.42,False,15.45,12.42,False,2024Q3
TPB,2024-11-05,CONTROL_RSI,0.3,0.3,,34.9,1.15,12.45,-7.23,2.09,-5.0,-3.29,-2.88,-2.82,-5.46,-4.6,-4.47,-0.96,-2.58,-2.83,-0.96,-2.83,False,-5.0,-4.52,True,2024Q4
TPB,2025-01-16,CONTROL_RSI,5.0,5.0,,33.3,1.19,11.96,-30.85,7.53,-5.0,2.51,0.68,0.33,5.94,1.56,0.71,-15.55,-12.71,-12.16,-8.0,-15.64,True,-5.0,-12.83,True,2025Q1
TPB,2025-03-04,CONTROL_RSI,29.2,29.2,,25.3,1.17,12.11,-31.71,1.24,-5.0,-0.58,-2.22,-2.51,-12.3,-12.68,-12.75,-12.55,-15.17,-15.63,-8.0,-8.81,True,-5.0,-5.99,True,2025Q1
TPB,2025-04-01,CONTROL_RSI,36.5,36.5,,21.5,1.24,10.66,-22.42,4.6,-5.0,-12.57,-0.98,1.79,-3.56,2.46,3.89,1.59,-2.67,-3.68,-13.32,-2.93,True,-13.32,-2.93,True,2025Q2
TPB,2025-05-30,CONTROL_RSI,12.7,12.7,,30.8,1.0,10.31,-1.16,76.82,-5.0,1.16,2.68,2.67,4.27,0.86,0.87,55.87,34.58,34.68,55.87,34.68,False,55.87,34.68,False,2025Q2
TPB,2025-09-12,CONTROL_RSI,18.1,18.1,,34.0,1.15,15.63,-13.05,3.07,-8.71,-2.82,-0.53,-0.19,-0.51,-6.04,-6.89,-7.61,-12.47,-13.21,-8.0,-5.51,True,-8.96,-8.33,True,2025Q3
TPB,2025-10-24,CONTROL_RSI,14.5,14.5,,30.7,1.35,14.39,-7.23,7.92,-7.48,-2.85,1.83,3.49,0.63,2.3,2.9,0.35,-10.79,-14.73,0.35,-14.73,False,0.35,-14.73,False,2025Q4
TPB,2025-12-12,CONTROL_RSI,0.2,0.2,,34.9,1.3,13.68,-3.65,15.35,-5.0,6.14,-0.25,-2.18,7.38,-7.72,-12.3,-1.54,-5.66,-6.92,-1.54,-6.92,False,-1.54,-6.92,False,2025Q4
TPB,2026-01-29,CONTROL_RSI,0.5,0.5,,34.8,1.13,14.1,-10.14,11.91,-5.0,0.0,3.66,4.12,0.28,3.26,3.64,-3.26,-7.05,-7.53,-8.0,6.27,True,-5.96,4.5,True,2026Q1
TPB,2026-03-13,CONTROL_RSI,25.7,25.7,,29.5,0.99,13.51,-6.22,5.03,-5.0,-6.22,0.24,0.16,1.55,-1.85,-1.81,-1.55,-7.29,-7.22,-1.55,-7.22,False,-5.0,1.38,True,2026Q1
TPB,2026-05-07,CONTROL_RSI,22.1,22.1,,27.6,0.93,13.47,-14.33,4.68,-5.0,-2.15,-2.7,-2.66,0.97,4.75,4.48,-12.1,-2.92,-3.57,-8.0,0.15,True,-5.0,-5.1,True,2026Q2
TPB,2026-07-17,CONTROL_RSI,25.5,25.5,,26.7,0.91,12.72,-9.28,0.31,-5.0,-8.25,-1.87,-2.44,-4.64,-1.53,-1.81,,,,-8.0,-2.16,True,-5.0,0.84,True,2026Q3
TPB,2026-09-15,CONTROL_RSI,24.6,24.6,,32.7,0.85,11.92,-2.68,4.61,-5.0,3.86,4.48,4.39,,,,,,,-1.01,1.53,False,-1.01,1.53,False,2026Q3
TPB,2019-10-11,CONTROL_RANDOM,,,,60.0,0.53,5.31,-7.34,2.26,-5.0,1.32,2.43,1.9,0.94,-1.28,-0.23,-5.27,-1.68,-3.38,-5.27,-3.38,False,-5.0,-3.49,True,2019Q4
TPB,2019-12-31,CONTROL_RANDOM,,,,52.6,0.48,5.02,-24.7,5.78,-5.0,-0.4,-0.39,-0.39,1.2,3.46,2.29,-20.92,6.0,-7.93,-8.57,-2.4,True,-5.0,-5.92,True,2019Q4
TPB,2020-01-03,CONTROL_RANDOM,,,,70.0,0.47,5.08,-25.59,4.13,-5.0,0.59,0.27,0.44,-2.36,0.97,-0.78,-18.31,4.14,-7.65,-8.46,-6.76,True,-5.0,-5.78,True,2020Q1
TPB,2020-01-06,CONTROL_RANDOM,,,,55.3,0.49,5.02,-24.7,5.38,-5.0,2.59,1.42,2.02,-0.8,1.41,0.28,-19.12,2.61,-8.5,-8.57,-2.52,True,-5.0,-6.17,True,2020Q1
TPB,2020-10-09,CONTROL_RANDOM,,,,64.9,1.05,5.95,-11.93,37.82,-8.26,1.68,0.29,0.22,-2.35,-4.63,-4.75,35.13,13.45,12.37,-8.0,-6.9,True,-8.26,-7.16,True,2020Q4
TPB,2021-01-29,CONTROL_RANDOM,,,,33.9,1.09,7.36,-5.71,22.01,-12.0,3.12,0.61,0.39,12.23,1.66,0.74,10.87,-7.49,-9.08,10.87,-9.08,False,10.87,-9.08,False,2021Q1
TPB,2021-02-05,CONTROL_RANDOM,,,,41.1,1.1,7.74,-6.46,21.71,-12.0,4.39,0.14,-0.29,7.49,2.39,1.89,17.96,5.99,4.8,17.96,4.8,False,17.96,4.8,False,2021Q1
TPB,2021-03-10,CONTROL_RANDOM,,,,56.1,1.05,8.33,-10.56,42.26,-8.15,0.84,-1.8,-1.94,0.48,-5.06,-5.36,21.73,8.93,8.23,-8.0,-7.29,True,-8.15,-7.44,True,2021Q1
TPB,2021-08-06,CONTROL_RANDOM,,,,75.6,1.31,10.23,-5.28,27.27,-9.44,5.08,2.88,2.2,2.25,2.83,3.01,25.22,17.55,15.18,25.22,15.18,False,25.22,15.18,False,2021Q3
TPB,2021-08-12,CONTROL_RANDOM,,,,75.6,1.34,10.32,-6.1,26.16,-5.58,-1.74,0.0,0.6,5.62,6.61,6.94,21.9,13.88,11.15,21.9,11.15,False,-5.58,-0.19,True,2021Q3
TPB,2022-03-14,CONTROL_RANDOM,,,,37.6,1.29,15.34,-25.03,6.58,-5.0,3.26,-0.81,-2.0,2.02,-0.21,-0.87,-24.25,-13.12,-9.87,-8.0,-2.62,True,-5.0,-3.9,True,2022Q1
TPB,2022-03-24,CONTROL_RANDOM,,,,44.3,1.26,15.88,-38.92,2.96,-6.4,1.64,0.55,0.27,-14.99,-2.37,0.95,-35.45,-13.4,-7.59,-8.0,-2.31,True,-6.4,-2.9,True,2022Q1
TPB,2022-08-01,CONTROL_RANDOM,,,,55.3,1.13,10.68,-32.96,7.3,-5.0,4.78,2.46,2.15,2.15,-1.84,-2.36,-23.03,-6.59,-4.41,-8.0,-5.71,True,-5.0,-2.71,True,2022Q3
TPB,2022-09-05,CONTROL_RANDOM,,,,41.8,1.13,11.01,-34.97,0.0,-5.0,-4.63,-2.2,-1.87,-15.44,0.3,2.39,-23.61,-4.28,-1.72,-8.0,-1.44,True,-5.0,-2.27,True,2022Q3
TPB,2022-10-10,CONTROL_RANDOM,,,,11.2,1.06,7.57,-5.42,24.04,-5.0,6.47,3.84,3.69,5.94,11.23,11.54,13.74,12.78,12.72,13.74,12.72,False,-5.0,7.72,True,2022Q4
TPB,2022-12-14,CONTROL_RANDOM,,,,67.5,1.0,8.86,-9.26,12.64,-10.87,-1.35,1.18,1.17,-1.13,-2.18,-2.18,11.74,12.12,12.12,-8.0,-1.91,True,11.74,12.12,False,2022Q4
TPB,2023-01-03,CONTROL_RANDOM,,,,40.0,1.01,8.67,-2.31,15.11,-9.22,1.27,0.56,0.55,10.96,8.68,8.66,13.61,10.51,10.49,13.61,10.49,False,13.61,10.49,False,2023Q1
TPB,2023-02-22,CONTROL_RANDOM,,,,46.8,1.03,9.27,-2.7,13.27,-5.53,0.43,1.98,2.03,3.24,4.08,4.1,11.0,9.87,9.84,11.0,9.84,False,11.0,9.84,False,2023Q1
TPB,2023-10-18,CONTROL_RANDOM,,,,23.4,0.96,9.82,-3.97,16.9,-5.0,-1.53,2.78,2.63,7.64,5.59,5.66,14.15,9.46,9.63,14.15,9.63,False,14.15,9.63,False,2023Q4
TPB,2023-10-24,CONTROL_RANDOM,,,,53.6,0.95,10.15,-7.09,13.1,-6.19,-5.91,0.12,-0.18,1.77,1.1,1.14,9.85,4.19,4.47,9.85,4.47,False,-6.19,-0.45,True,2023Q4
TPB,2023-11-17,CONTROL_RANDOM,,,,62.1,1.0,10.09,-1.19,14.67,-5.0,-0.3,-0.54,-0.54,1.19,0.59,0.59,12.29,-1.04,-1.0,12.29,-1.0,False,12.29,-1.0,False,2023Q4
TPB,2023-12-12,CONTROL_RANDOM,,,,56.8,0.99,10.51,-4.0,16.46,-5.0,-2.85,-0.27,-0.3,6.37,3.52,3.54,7.8,-4.09,-3.98,7.8,-3.98,False,7.8,-3.98,False,2023Q4
TPB,2023-12-20,CONTROL_RANDOM,,,,47.2,0.99,10.21,-1.18,19.88,-5.0,2.35,-0.63,-0.59,10.09,2.31,2.42,10.97,-5.96,-5.71,10.97,-5.71,False,10.97,-5.71,False,2023Q4
TPB,2024-01-31,CONTROL_RANDOM,,,,37.3,1.0,10.79,-8.16,13.44,-5.0,5.56,2.14,2.13,7.78,-1.3,-1.35,-0.56,-8.1,-8.13,-8.0,-9.04,True,-5.1,-6.14,True,2024Q1
TPB,2024-03-20,CONTROL_RANDOM,,,,30.8,1.05,11.36,-12.76,3.7,-7.15,1.58,-0.01,-0.09,-11.71,-4.22,-3.81,-1.32,-2.09,-2.14,-8.0,-3.49,True,-7.15,-2.64,True,2024Q1
TPB,2024-05-03,CONTROL_RANDOM,,,,39.6,1.18,10.7,-1.21,9.72,-8.97,1.68,0.6,0.41,1.96,-2.37,-3.14,5.05,3.44,3.15,5.05,3.15,False,5.05,3.15,False,2024Q2
TPB,2024-10-16,CONTROL_RANDOM,,,,71.4,1.08,13.08,-11.7,3.13,-5.0,-2.83,-0.86,-0.71,-10.24,-6.29,-5.99,-9.4,-5.34,-5.03,-8.0,-5.29,True,-5.0,-1.82,True,2024Q4
TPB,2025-05-12,CONTROL_RANDOM,,,,88.7,1.01,11.15,-8.61,28.34,-11.84,-3.23,-4.96,-4.97,-6.46,-8.27,-8.29,26.19,6.51,6.38,-8.0,-11.39,True,26.19,6.38,False,2025Q2
TPB,2025-06-11,CONTROL_RANDOM,,,,47.8,0.97,10.59,-1.13,72.14,-5.0,1.13,-1.2,-1.13,12.09,2.67,2.94,46.08,23.13,23.78,46.08,23.78,False,46.08,23.78,False,2025Q2
TPB,2025-06-13,CONTROL_RANDOM,,,,43.5,0.97,10.55,-0.38,72.8,-5.0,0.76,-2.65,-2.56,12.89,0.94,1.27,45.5,20.38,21.09,45.5,21.09,False,45.5,21.09,False,2025Q2
TPB,2025-06-23,CONTROL_RANDOM,,,,52.2,0.97,10.71,-1.12,70.21,-5.0,1.12,0.23,0.26,14.19,3.66,4.01,40.71,18.78,19.52,40.71,19.52,False,40.71,19.52,False,2025Q2
TPB,2025-07-09,CONTROL_RANDOM,,,,84.1,0.98,11.99,-3.0,52.04,-12.0,-0.67,-4.35,-4.26,29.69,19.62,19.87,32.36,14.38,14.82,32.36,14.82,False,32.36,14.82,False,2025Q3
TPB,2025-08-21,CONTROL_RANDOM,,,,84.7,1.1,17.59,-22.74,3.64,-12.0,-5.0,-5.11,-5.12,-12.73,-10.05,-9.77,-16.03,-14.81,-14.69,-11.37,-10.53,True,-12.0,-11.16,True,2025Q3
TPB,2025-10-27,CONTROL_RANDOM,,,,31.6,1.35,13.99,-4.57,11.01,-5.0,3.5,3.25,3.16,1.72,0.96,0.69,4.43,-9.82,-14.85,4.43,-14.85,False,4.43,-14.85,False,2025Q4
TPB,2025-11-20,CONTROL_RANDOM,,,,58.1,1.32,14.31,-6.71,8.53,-5.46,1.47,-1.24,-2.11,-1.19,-4.71,-5.83,5.87,-7.57,-11.84,5.87,-11.84,False,-5.46,-8.09,True,2025Q4
TPB,2025-12-16,CONTROL_RANDOM,,,,38.8,1.3,14.02,-5.99,12.55,-6.04,4.21,-1.9,-3.74,4.21,-7.63,-11.21,-5.42,-3.49,-2.91,-5.42,-2.91,False,-5.42,-2.91,False,2025Q4
TPB,2025-12-19,CONTROL_RANDOM,,,,47.4,1.3,14.23,-10.96,10.89,-7.36,-0.28,-2.46,-3.11,1.48,-8.31,-11.22,-4.71,-1.26,-0.23,-8.01,1.53,True,-7.36,-2.47,True,2025Q4
TPB,2026-01-13,CONTROL_RANDOM,,,,58.8,1.25,15.07,-15.93,4.71,-9.39,-4.18,-2.88,-2.55,-3.38,2.56,4.04,-8.63,-2.89,-1.45,-12.01,4.85,True,-12.01,4.85,True,2026Q1
TPB,2026-04-20,CONTROL_RANDOM,,,,52.4,0.96,13.81,-8.54,2.1,-6.64,-1.23,-1.35,-1.35,-5.5,-6.87,-6.82,-7.6,-4.13,-4.26,-8.0,-5.53,True,-6.64,-9.81,True,2026Q2
TPB,2026-07-06,CONTROL_RANDOM,,,,43.6,0.89,13.64,-15.4,1.54,-5.0,-4.62,-2.77,-2.98,-10.48,-7.04,-7.43,-12.76,-7.16,-7.8,-8.0,-3.33,True,-5.0,-3.07,True,2026Q3
HDB,2019-11-28,WATCH,42.3,42.3,10.0,12.0,0.7,5.15,-2.91,15.34,-5.0,6.6,7.38,7.15,3.5,4.28,4.05,6.21,15.14,12.5,6.21,12.5,False,6.21,12.5,False,2019Q4
HDB,2020-03-09,WATCH,44.7,44.7,15.0,26.8,1.16,4.95,-35.76,14.55,-5.0,-15.35,-6.99,-5.63,-17.58,-9.49,-8.18,9.7,0.8,-0.64,-8.0,-1.63,True,-5.0,1.37,True,2020Q1
HDB,2020-03-12,PANIC70_ANY,72.3,72.3,0.0,17.5,1.2,4.2,-24.29,35.0,-5.0,-1.67,1.85,2.57,-5.0,-9.1,-9.94,31.67,9.32,4.77,-8.0,3.29,True,-5.0,-3.42,True,2020Q1
HDB,2020-07-29,WATCH,51.8,51.8,20.0,21.8,1.02,4.66,-2.36,42.06,-5.0,10.09,4.58,4.48,19.31,9.46,9.28,40.13,19.4,19.02,40.13,19.02,False,40.13,19.02,False,2020Q3
HDB,2021-01-27,WATCH,43.3,43.3,35.0,28.2,1.22,7.07,-6.93,30.41,-5.0,8.49,1.72,0.23,20.79,8.62,5.94,25.32,6.07,1.84,25.32,1.84,False,25.32,1.84,False,2021Q1
HDB,2021-01-28,PANIC70_ANY,80.0,80.0,0.0,21.1,1.17,6.58,0.0,44.07,-5.0,19.3,6.42,4.28,27.96,10.9,8.06,43.92,18.07,13.76,43.92,13.76,False,43.92,13.76,False,2021Q1
HDB,2021-12-22,WATCH,44.3,44.3,0.0,27.5,1.07,11.41,-5.0,16.04,-5.0,9.2,8.64,8.6,4.21,4.53,4.55,-0.26,-1.67,-1.77,-0.26,-1.77,False,-0.26,-1.77,False,2021Q4
HDB,2022-03-02,WATCH,41.2,41.2,0.0,20.8,1.13,11.28,-22.34,7.98,-5.0,-2.66,-1.76,-1.64,2.39,2.42,2.42,-5.76,7.62,9.42,-8.0,1.29,True,-5.0,-2.42,True,2022Q1
HDB,2022-04-25,WATCH,47.4,47.4,0.0,10.2,1.13,9.37,-6.51,14.94,-5.0,9.28,3.43,2.64,11.1,12.41,12.58,4.59,11.35,12.26,4.59,12.26,False,-5.0,4.06,True,2022Q2
HDB,2022-09-26,WATCH,40.3,40.3,0.0,16.9,1.11,9.57,-30.62,3.76,-5.0,-1.57,6.87,7.79,-14.84,0.43,2.09,-11.39,1.72,3.14,-8.0,5.33,True,-6.58,6.75,True,2022Q3
HDB,2022-10-10,PANIC70_ANY,74.6,74.6,15.0,15.3,1.06,8.5,-21.88,7.18,-5.0,0.59,-2.04,-2.21,-13.18,-7.89,-7.56,-2.12,-3.08,-3.14,-8.0,-3.97,True,-5.0,-7.26,True,2022Q4
HDB,2022-10-24,WATCH,44.5,44.5,20.0,24.2,1.03,8.1,-18.02,12.47,-5.0,4.32,-1.11,-1.27,-7.9,-5.01,-4.93,9.63,-2.39,-2.73,-8.0,-7.45,True,-5.0,-6.75,True,2022Q4
HDB,2022-11-08,PANIC70_ANY,75.4,75.4,0.0,25.4,1.04,7.33,-9.41,35.47,-10.16,3.55,7.69,7.83,10.5,4.67,4.46,26.47,18.29,18.0,-8.0,-3.71,True,26.47,18.0,False,2022Q4
HDB,2025-01-20,WATCH,47.2,47.2,20.0,26.1,1.13,17.93,-22.59,3.01,-11.01,-2.79,-3.74,-3.86,-0.22,-4.25,-4.75,-12.49,-9.16,-8.74,-8.0,-5.94,True,-16.12,-12.34,True,2025Q1
HDB,2025-04-03,WATCH,52.1,52.1,0.0,18.7,1.09,15.04,-7.71,16.62,-5.0,7.65,0.56,-0.1,8.98,-0.55,-1.44,15.62,-3.58,-5.37,15.62,-5.37,False,-7.45,-1.31,True,2025Q2
HDB,2025-04-09,PANIC70_ANY,77.8,77.8,0.0,8.4,1.1,15.0,-1.53,21.07,-9.3,6.4,2.01,1.56,12.07,1.15,0.01,20.8,-0.59,-2.81,20.8,-2.81,False,20.8,-2.81,False,2025Q2
HDB,2026-03-09,WATCH,51.1,51.1,0.0,27.9,1.07,25.0,-4.8,12.4,-5.14,2.8,0.05,-0.15,0.4,-0.38,-0.44,2.0,-8.48,-9.26,2.0,-9.26,False,2.0,-9.26,False,2026Q1
HDB,2020-04-01,ENTRY_V2_LOOSE,56.1,80.0,50.0,30.0,1.15,3.77,-0.53,50.4,-12.0,4.77,-5.4,-6.94,13.53,2.45,0.77,29.97,10.03,7.01,29.97,7.01,False,29.97,7.01,False,2020Q2
HDB,2020-04-07,ENTRY_V2,,80.0,60.0,47.6,1.13,4.05,-5.93,40.0,-12.0,0.74,-4.28,-4.92,9.14,-0.82,-2.08,26.67,12.13,10.29,26.67,10.29,False,26.67,10.29,False,2020Q2
HDB,2021-02-17,ENTRY_V2,,80.0,65.0,48.2,1.11,8.28,-2.42,25.6,-12.0,0.36,-0.36,-0.44,8.21,4.42,4.0,20.41,12.15,11.23,20.41,11.23,False,20.41,11.23,False,2021Q1
HDB,2021-02-19,ENTRY_V2_LOOSE,,71.2,45.0,49.6,1.11,8.33,-3.0,26.41,-12.0,0.96,-0.11,-0.23,5.4,3.62,3.44,25.21,16.29,15.34,25.21,15.34,False,25.21,15.34,False,2021Q1
HDB,2022-10-18,ENTRY_V2_LOOSE,42.5,89.9,50.0,25.2,1.04,8.66,-23.33,5.2,-8.8,-6.24,0.5,0.8,-12.36,-0.88,-0.38,-2.42,-1.61,-1.57,-8.0,-1.39,True,-8.8,-2.2,True,2022Q4
HDB,2022-11-16,ENTRY_V2_LOOSE,20.8,75.4,55.0,33.8,1.04,7.48,-2.01,32.75,-12.0,0.8,1.35,1.37,14.04,3.29,2.82,25.53,14.37,13.89,25.53,13.89,False,25.53,13.89,False,2022Q4
HDB,2025-04-17,ENTRY_V2_LOOSE,15.0,77.8,40.0,38.5,1.1,16.04,-7.92,18.95,-12.0,2.18,2.11,2.11,7.67,-0.04,-0.81,16.58,-3.53,-5.55,16.58,-5.55,False,16.58,-5.55,False,2025Q2
HDB,2025-04-24,ENTRY_V2,,70.3,65.0,52.3,1.11,16.39,-1.65,25.63,-11.99,-1.46,-3.36,-3.56,4.7,-4.65,-5.67,24.65,1.41,-1.13,24.65,-1.13,False,24.65,-1.13,False,2025Q2
HDB,2019-01-02,CONTROL_RSI,1.3,1.3,,34.9,1.04,5.72,-3.32,11.71,-5.51,0.17,-0.78,-0.82,5.24,2.9,2.81,0.87,-10.04,-10.45,0.87,-10.45,False,0.87,-10.45,False,2019Q1
HDB,2019-04-01,CONTROL_RSI,12.4,12.4,,30.9,0.94,5.85,-15.56,0.34,-5.0,-2.91,-2.26,-2.3,-7.86,-4.15,-4.37,-9.23,-6.29,-6.46,-8.0,-4.51,True,-5.0,-3.77,True,2019Q2
HDB,2019-05-07,CONTROL_RSI,26.8,26.8,,27.7,1.01,5.13,-3.7,6.43,-5.0,6.24,3.55,3.54,3.51,3.37,3.37,-0.19,-4.57,-4.59,-0.19,-4.59,False,-0.19,-4.59,False,2019Q2
HDB,2019-06-04,CONTROL_RSI,3.4,3.4,,33.9,0.77,5.26,-8.17,3.23,-5.0,0.57,0.81,0.75,-1.33,-1.74,-1.65,-0.95,-3.13,-2.62,-8.0,-8.65,True,-5.0,-4.46,True,2019Q2
HDB,2019-07-18,CONTROL_RSI,13.5,13.5,,30.5,0.72,5.2,-7.12,7.88,-5.0,-1.15,-2.71,-2.27,0.19,0.0,0.05,7.88,6.31,6.75,7.88,6.75,False,-5.0,-4.01,True,2019Q3
HDB,2019-09-04,CONTROL_RSI,16.8,16.8,,29.4,0.69,5.06,-2.96,16.6,-5.0,0.4,0.78,0.66,8.5,7.21,7.61,1.98,2.94,2.64,1.98,2.64,False,1.98,2.64,False,2019Q3
HDB,2019-11-22,CONTROL_RSI,21.9,21.9,,28.2,0.66,5.49,-8.93,8.2,-5.0,-8.01,-6.12,-6.76,-5.46,-3.58,-4.22,0.73,7.7,5.34,-8.0,-6.75,True,-5.0,-4.5,True,2019Q4
HDB,2019-12-25,CONTROL_RSI,7.9,7.9,,32.4,0.93,5.25,-31.43,13.14,-5.0,3.62,3.15,3.18,1.52,4.03,3.86,-31.43,-3.88,-5.7,-8.0,6.52,True,-5.71,6.26,True,2019Q4
HDB,2020-02-26,CONTROL_RSI,27.5,27.5,,25.8,1.24,5.48,-41.97,3.28,-5.0,0.91,0.78,0.75,-29.38,-7.19,-1.96,-12.23,-9.65,-9.04,-9.67,-2.1,True,-5.0,2.85,True,2020Q1
HDB,2020-04-03,CONTROL_RSI,19.6,19.6,,32.8,1.14,3.87,-1.55,46.51,-12.0,3.1,-3.82,-4.82,9.3,0.04,-1.3,25.32,7.55,4.99,25.32,4.99,False,25.32,4.99,False,2020Q2
HDB,2020-06-23,CONTROL_RSI,20.2,20.2,,28.3,1.04,5.23,-13.58,16.63,-5.0,-7.27,-4.42,-4.29,-0.76,0.75,0.81,11.85,8.88,8.75,-8.0,-3.33,True,-5.54,-0.87,True,2020Q2
HDB,2020-07-27,CONTROL_RSI,38.6,38.6,,31.5,1.05,4.65,-2.8,42.37,-5.0,4.73,-0.46,-0.71,19.78,8.68,8.15,39.78,20.42,19.5,39.78,19.5,False,39.78,19.5,False,2020Q3
HDB,2020-10-28,CONTROL_RSI,11.2,11.2,,34.2,1.0,5.91,-0.51,54.31,-5.0,9.48,7.39,7.38,10.83,1.31,1.3,43.99,16.97,16.94,43.99,16.94,False,43.99,16.94,False,2020Q4
HDB,2021-02-04,CONTROL_RSI,33.6,33.6,,29.7,1.14,7.69,-3.12,32.38,-12.0,8.32,3.06,2.34,12.87,6.88,6.07,27.96,14.12,12.24,27.96,12.24,False,27.96,12.24,False,2021Q1
HDB,2021-07-19,CONTROL_RSI,13.3,13.3,,34.2,1.17,10.4,-5.96,14.33,-5.0,1.83,-0.86,-1.31,12.02,2.4,0.78,1.63,-10.29,-12.3,1.63,-12.3,False,-5.0,-14.02,True,2021Q3
HDB,2021-08-27,CONTROL_RSI,18.6,18.6,,28.8,1.25,10.84,-9.78,27.58,-5.0,0.55,-1.0,-1.39,-4.52,-6.5,-6.99,25.92,12.55,9.21,-8.0,-10.51,True,-5.0,-7.69,True,2021Q3
HDB,2021-09-28,CONTROL_RSI,12.2,12.2,,30.9,1.22,10.39,-5.87,33.11,-5.0,-4.91,-6.66,-7.05,-1.25,-7.5,-8.86,9.34,-0.99,-3.24,9.34,-3.24,False,-5.0,-5.02,True,2021Q3
HDB,2021-12-14,CONTROL_RSI,25.6,25.6,,31.5,1.07,12.02,-9.82,10.15,-5.0,-5.49,-5.6,-5.61,4.41,3.05,2.95,-6.82,-5.83,-5.76,-8.0,-6.62,True,-5.0,-5.12,True,2021Q4
HDB,2022-02-24,CONTROL_RSI,27.4,27.4,,31.0,1.11,11.89,-26.32,2.44,-5.57,-4.04,-4.74,-4.82,-4.29,-4.53,-4.56,-12.11,3.04,4.75,-8.0,-5.3,True,-5.57,-4.87,True,2022Q1
HDB,2022-04-20,CONTROL_RSI,25.9,25.9,,28.0,1.1,10.47,-16.33,2.87,-5.0,-2.01,-0.63,-0.49,-5.83,5.2,6.33,-8.6,5.52,6.96,-8.0,-3.26,True,-5.0,-0.26,True,2022Q2
HDB,2022-06-20,CONTROL_RSI,21.9,21.9,,28.6,1.14,9.45,-1.27,17.46,-5.0,4.55,0.7,0.15,0.85,0.39,0.33,8.36,2.16,1.28,8.36,1.28,False,8.36,1.28,False,2022Q2
HDB,2022-09-16,CONTROL_RSI,3.7,3.7,,34.6,1.11,10.31,-35.6,0.0,-5.0,-7.37,-2.73,-2.22,-18.53,-3.92,-2.31,-19.98,-3.79,-2.01,-8.44,0.52,True,-5.0,0.15,True,2022Q3
HDB,2022-10-14,CONTROL_RSI,25.9,25.9,,31.2,1.05,8.55,-22.34,6.55,-7.62,-5.03,1.36,1.68,-13.1,-2.43,-1.9,-0.23,-0.22,-0.22,-8.0,-2.44,True,-7.62,-2.06,True,2022Q4
HDB,2022-11-14,CONTROL_RSI,36.3,36.3,,34.1,1.01,7.38,-10.03,34.55,-10.44,1.08,-1.73,-1.75,13.55,0.44,0.36,22.76,9.58,9.49,22.76,9.49,False,22.76,9.49,False,2022Q4
HDB,2023-04-25,CONTROL_RSI,30.0,30.0,,23.7,1.0,9.34,-0.21,14.35,-5.0,4.71,2.83,2.83,8.03,4.07,4.07,14.03,-1.13,-1.13,14.03,-1.13,False,14.03,-1.13,False,2023Q2
HDB,2023-08-18,CONTROL_RSI,31.3,31.3,,25.5,1.02,9.87,-0.91,19.76,-5.0,1.93,-0.17,-0.21,11.65,7.48,7.41,18.14,22.77,22.84,18.14,22.84,False,18.14,22.84,False,2023Q3
HDB,2023-10-05,CONTROL_RSI,30.2,30.2,,18.4,0.79,10.46,-2.39,19.79,-5.0,3.82,0.28,1.04,8.32,11.77,11.02,19.79,18.47,18.75,19.79,18.75,False,19.79,18.75,False,2023Q4
HDB,2023-11-28,CONTROL_RSI,5.0,5.0,,33.3,0.77,11.17,-1.34,31.51,-5.0,2.78,0.12,0.72,6.62,4.37,4.88,28.74,14.57,17.76,28.74,17.76,False,28.74,17.76,False,2023Q4
HDB,2024-03-19,CONTROL_RSI,13.9,13.9,,30.4,0.75,13.82,-3.55,12.08,-5.0,7.81,4.66,5.45,2.75,6.83,5.81,5.86,2.99,3.71,5.86,3.71,False,5.86,3.71,False,2024Q1
HDB,2024-04-17,CONTROL_RSI,16.3,16.3,,30.3,0.87,14.01,-4.85,16.49,-5.0,4.0,1.57,1.88,7.28,-0.01,0.93,15.56,8.13,9.08,15.56,9.08,False,15.56,9.08,False,2024Q2
HDB,2024-06-21,CONTROL_RSI,2.6,2.6,,34.1,0.96,14.29,-3.71,24.56,-5.0,-0.21,1.87,1.78,13.79,15.86,15.77,20.08,21.36,21.3,20.08,21.3,False,20.08,21.3,False,2024Q2
HDB,2024-09-12,CONTROL_RSI,13.2,13.2,,30.6,1.08,16.9,-7.81,8.76,-5.0,2.84,1.36,1.25,3.96,1.18,0.96,2.07,0.74,0.64,2.07,0.64,False,-5.0,-2.0,True,2024Q3
HDB,2024-10-16,CONTROL_RSI,10.0,10.0,,31.7,1.13,17.35,-10.2,18.44,-5.0,-0.4,1.56,1.81,-6.51,-2.56,-2.06,-3.98,0.09,0.6,-8.0,-2.38,True,-5.0,-2.16,True,2024Q4
HDB,2024-11-13,CONTROL_RSI,5.0,5.0,,33.3,1.1,16.48,-5.46,24.7,-5.0,-3.28,-2.03,-1.9,11.83,9.94,9.75,6.92,4.33,4.06,6.92,4.06,False,-5.0,-2.63,True,2024Q4
HDB,2025-01-21,CONTROL_RSI,31.2,31.2,,29.2,1.14,17.5,-20.69,5.54,-8.76,-0.4,-2.11,-2.34,1.54,-2.84,-3.44,-6.34,-4.35,-4.08,-14.06,-10.63,True,-14.06,-10.63,True,2025Q1
HDB,2025-03-27,CONTROL_RSI,2.8,2.8,,34.1,1.14,17.43,-20.37,0.63,-5.0,-7.97,0.61,1.78,-4.88,2.49,3.49,-4.02,-7.13,-7.55,-13.71,-3.96,True,-5.0,3.11,True,2025Q1
HDB,2025-06-10,CONTROL_RSI,1.0,1.0,,34.7,1.1,16.62,-0.96,57.52,-5.0,1.87,-0.01,-0.2,12.27,4.01,3.18,49.88,23.79,21.16,49.88,21.16,False,49.88,21.16,False,2025Q2
HDB,2025-09-18,CONTROL_RSI,4.0,4.0,,33.7,1.13,23.6,-7.71,12.25,-5.0,-1.48,-0.85,-0.77,6.19,2.6,2.12,-1.31,0.14,0.34,-1.31,0.34,False,-5.08,-2.64,True,2025Q3
HDB,2025-11-11,CONTROL_RSI,3.6,3.6,,34.9,1.3,22.9,-1.35,31.0,-5.0,5.41,2.33,1.4,8.25,0.79,-1.45,15.72,5.98,3.06,15.72,3.06,False,15.72,3.06,False,2025Q4
HDB,2026-02-04,CONTROL_RSI,1.2,1.2,,34.6,1.13,27.55,-13.61,4.72,-5.0,1.09,-0.31,-0.48,-6.72,-2.27,-1.71,-0.73,-6.98,-7.77,-12.52,-3.94,True,-5.0,-2.79,True,2026Q1
HDB,2026-03-11,CONTROL_RSI,17.0,17.0,,34.3,1.08,25.3,-5.93,11.07,-6.42,1.38,2.4,2.49,2.96,1.8,1.7,-0.79,-5.24,-5.61,-0.79,-5.61,False,-0.79,-5.61,False,2026Q1
HDB,2026-06-01,CONTROL_RSI,9.5,9.5,,31.8,0.92,25.75,-5.05,8.74,-5.0,-2.52,0.31,0.09,0.39,-0.41,-0.35,4.85,7.78,7.55,4.85,7.55,False,-5.0,3.25,True,2026Q2
HDB,2026-07-27,CONTROL_RSI,32.1,32.1,,25.5,0.91,25.15,-2.78,13.92,-5.0,6.16,-1.32,-0.68,7.36,-0.98,-0.27,,,,11.53,5.69,False,11.53,5.69,False,2026Q3
HDB,2019-01-14,CONTROL_RANDOM,,,,48.0,1.03,5.77,-5.89,10.75,-5.68,2.95,2.35,2.34,2.6,-4.41,-4.61,-2.43,-10.29,-10.53,-2.43,-10.53,False,-5.68,-15.01,True,2019Q1
HDB,2019-02-22,CONTROL_RANDOM,,,,51.5,0.97,5.96,-15.1,7.21,-5.0,0.67,0.88,0.87,0.34,2.94,2.87,-12.25,-9.64,-9.71,-8.0,-6.72,True,-5.0,-4.0,True,2019Q1
HDB,2019-03-06,CONTROL_RANDOM,,,,48.9,0.96,6.06,-16.5,5.45,-5.04,0.99,-0.41,-0.35,-4.79,-3.91,-3.94,-12.38,-7.93,-8.1,-8.0,-6.92,True,-5.04,-4.09,True,2019Q1
HDB,2019-04-19,CONTROL_RANDOM,,,,33.6,0.92,5.57,-11.31,0.72,-5.0,-0.54,-2.07,-1.94,-6.1,-8.07,-7.91,-6.64,-7.92,-7.81,-8.0,-6.8,True,-5.0,-4.41,True,2019Q2
HDB,2019-05-09,CONTROL_RANDOM,,,,24.7,0.98,5.29,-6.62,3.21,-5.4,0.76,-1.99,-1.95,0.38,-0.45,-0.44,-2.84,-7.12,-7.05,-2.84,-7.05,False,-5.4,-5.33,True,2019Q2
HDB,2019-05-21,CONTROL_RANDOM,,,,40.2,0.89,5.35,-9.72,1.5,-6.78,-0.56,1.0,0.83,-3.18,0.6,0.19,-2.99,-1.16,-1.36,-8.0,-5.98,True,-6.78,-3.41,True,2019Q2
HDB,2019-06-04,CONTROL_RANDOM,,,,33.9,0.77,5.26,-8.17,3.23,-5.0,0.57,0.81,0.75,-1.33,-1.74,-1.65,-0.95,-3.13,-2.62,-8.0,-8.65,True,-5.0,-4.46,True,2019Q2
HDB,2019-07-16,CONTROL_RANDOM,,,,42.3,0.73,5.15,-6.21,8.93,-5.0,0.0,-0.71,-0.51,0.78,2.06,1.71,6.02,5.42,5.58,6.02,5.58,False,-5.0,-3.75,True,2019Q3
HDB,2020-03-24,CONTROL_RANDOM,,,,3.1,1.17,3.93,-19.08,44.27,-9.81,-4.83,-6.4,-6.66,3.56,-11.99,-14.62,33.08,2.99,-2.11,-8.0,-12.59,True,-11.96,-10.65,True,2020Q1
HDB,2020-09-14,CONTROL_RANDOM,,,,73.8,0.98,5.96,-1.85,25.5,-7.82,2.35,1.5,1.51,3.36,-0.13,-0.06,21.31,6.76,7.05,21.31,7.05,False,21.31,7.05,False,2020Q3
HDB,2020-10-06,CONTROL_RANDOM,,,,79.7,0.95,6.29,-6.52,29.57,-5.0,-0.95,-3.86,-3.72,2.86,0.0,0.14,22.26,2.13,3.11,22.26,3.11,False,-5.0,-5.77,True,2020Q4
HDB,2020-12-17,CONTROL_RANDOM,,,,68.4,1.07,7.41,-11.2,23.08,-5.74,5.53,2.82,2.63,19.84,6.94,6.04,18.49,5.35,4.43,-11.2,-11.29,True,-11.2,-11.29,True,2020Q4
HDB,2021-04-28,CONTROL_RANDOM,,,,41.5,1.07,8.75,-0.91,41.14,-5.0,14.74,12.75,12.6,25.83,18.29,17.73,21.03,17.97,17.74,21.03,17.74,False,21.03,17.74,False,2021Q2
HDB,2021-05-26,CONTROL_RANDOM,,,,77.4,1.09,10.74,-5.96,14.99,-10.25,8.66,5.18,4.88,3.91,-0.74,-1.14,9.22,4.94,4.57,9.22,4.57,False,9.22,4.57,False,2021Q2
HDB,2021-06-17,CONTROL_RANDOM,,,,53.0,1.18,11.11,-9.09,11.16,-11.43,3.51,1.76,1.44,-1.89,3.01,3.89,-9.09,-7.15,-6.8,-8.0,2.61,True,-9.09,-6.8,False,2021Q2
HDB,2021-08-10,CONTROL_RANDOM,,,,87.6,1.27,11.6,-15.69,2.5,-9.59,0.0,0.11,0.14,-9.05,-7.8,-7.46,-6.21,-13.11,-14.98,-8.0,-3.41,True,-9.59,-5.0,True,2021Q3
HDB,2021-08-12,CONTROL_RANDOM,,,,78.9,1.27,11.41,-14.29,4.21,-5.92,-1.49,0.26,0.73,-11.48,-10.49,-10.23,-1.14,-9.15,-11.33,-8.0,-4.25,True,-5.92,-2.17,True,2021Q3
HDB,2021-09-01,CONTROL_RANDOM,,,,27.9,1.25,10.47,-6.59,32.09,-5.0,-2.01,-2.51,-2.64,-6.21,-6.57,-6.66,22.54,11.29,8.52,22.54,8.52,False,-5.0,-5.46,True,2021Q3
HDB,2022-05-06,CONTROL_RANDOM,,,,29.6,1.19,9.59,-8.65,12.3,-5.76,-4.48,6.29,8.32,7.51,9.3,9.63,4.9,11.15,12.33,-8.0,3.83,True,-5.76,6.07,True,2022Q2
HDB,2022-05-12,CONTROL_RANDOM,,,,36.0,1.17,9.33,-6.11,15.43,-5.0,6.32,5.86,5.78,13.08,9.1,8.42,7.82,6.39,6.14,7.82,6.14,False,7.82,6.14,False,2022Q2
HDB,2022-08-08,CONTROL_RANDOM,,,,73.4,1.1,10.18,-22.99,9.04,-7.1,5.4,4.27,4.15,2.06,4.11,4.31,-19.94,-0.86,1.05,-8.0,7.17,True,-7.27,3.92,True,2022Q3
HDB,2022-11-09,CONTROL_RANDOM,,,,28.9,1.04,7.38,-10.03,34.55,-10.56,5.56,6.12,6.14,13.82,6.05,5.71,25.2,16.94,16.58,-8.0,-4.59,True,25.2,16.58,False,2022Q4
HDB,2022-11-15,CONTROL_RANDOM,,,,30.4,1.01,6.92,-4.05,43.5,-5.0,7.8,-0.19,-0.31,21.1,1.19,0.89,36.13,15.32,15.01,36.13,15.01,False,36.13,15.01,False,2022Q4
HDB,2023-04-19,CONTROL_RANDOM,,,,56.0,1.0,9.7,-3.92,6.8,-5.0,-0.31,0.68,0.68,2.37,0.86,0.87,4.54,-7.28,-7.26,4.54,-7.26,False,4.54,-7.26,False,2023Q2
HDB,2023-10-20,CONTROL_RANDOM,,,,68.9,0.74,10.95,-6.76,18.63,-5.61,-3.01,2.78,1.26,5.39,5.65,5.58,18.36,13.24,14.59,18.36,14.59,False,-5.61,-2.2,True,2023Q4
HDB,2024-05-20,CONTROL_RANDOM,,,,74.7,0.92,15.34,-10.3,11.86,-7.66,-2.87,-3.17,-3.15,-4.63,-4.76,-4.75,8.67,12.38,12.07,-8.0,-7.17,True,-7.66,-6.84,True,2024Q2
HDB,2024-07-30,CONTROL_RANDOM,,,,75.6,0.98,16.32,-4.53,12.62,-5.0,-2.14,0.39,0.34,6.5,3.77,3.82,5.88,5.46,5.47,5.88,5.47,False,5.88,5.47,False,2024Q3
HDB,2024-08-20,CONTROL_RANDOM,,,,54.7,1.04,17.22,-8.19,6.74,-11.17,0.93,0.21,0.19,0.93,0.95,0.95,-7.84,-3.61,-3.46,-8.0,-3.62,True,-7.84,-3.46,False,2024Q3
HDB,2024-08-30,CONTROL_RANDOM,,,,87.9,1.06,17.64,-11.68,4.2,-5.0,-4.02,-2.6,-2.52,0.34,-0.95,-1.03,-8.39,-6.08,-5.94,-8.0,-4.71,True,-5.0,-3.49,True,2024Q3
HDB,2025-02-07,CONTROL_RANDOM,,,,62.2,1.09,17.35,-20.0,6.46,-5.0,0.69,0.66,0.65,5.36,0.8,0.37,-5.76,-5.37,-5.34,-13.31,-8.02,True,-5.0,-1.35,True,2025Q1
HDB,2025-04-22,CONTROL_RANDOM,,,,36.9,1.11,15.81,-0.76,20.68,-12.0,3.42,1.41,1.2,10.25,0.63,-0.38,19.48,-2.68,-5.02,19.48,-5.02,False,19.48,-5.02,False,2025Q2
HDB,2025-05-20,CONTROL_RANDOM,,,,67.7,1.1,17.2,-4.3,32.03,-7.21,-0.23,-1.14,-1.23,-1.57,-2.85,-2.97,29.77,8.58,6.52,29.77,6.52,False,29.77,6.52,False,2025Q2
HDB,2025-08-13,CONTROL_RANDOM,,,,59.5,1.1,23.06,-5.55,14.87,-12.0,11.19,7.19,6.8,4.51,0.71,0.33,-1.04,1.59,1.85,-1.04,1.85,False,-1.04,1.85,False,2025Q3
HDB,2025-09-18,CONTROL_RANDOM,,,,33.7,1.13,23.6,-7.71,12.25,-5.0,-1.48,-0.85,-0.77,6.19,2.6,2.12,-1.31,0.14,0.34,-1.31,0.34,False,-5.08,-2.64,True,2025Q3
HDB,2025-10-07,CONTROL_RANDOM,,,,52.4,1.27,24.44,-8.35,21.52,-12.0,4.42,1.07,0.18,-2.05,0.67,1.39,21.52,16.62,15.31,-8.0,0.0,True,21.52,15.31,False,2025Q4
HDB,2026-01-23,CONTROL_RANDOM,,,,54.7,1.15,29.4,-19.05,0.0,-10.79,-5.44,-1.7,-1.14,-8.33,-6.7,-6.45,-9.52,-9.47,-9.46,-8.0,-0.58,True,-10.79,-3.28,True,2026Q1
HDB,2026-03-05,CONTROL_RANDOM,,,,44.0,1.1,25.9,-8.11,8.49,-5.0,-1.16,4.66,5.22,-1.16,5.34,5.96,-2.7,-3.7,-3.79,-8.0,4.77,True,-5.0,2.57,True,2026Q1
HDB,2026-04-10,CONTROL_RANDOM,,,,71.3,1.01,26.0,-4.62,8.08,-6.8,3.46,-2.21,-2.28,6.92,-3.83,-3.97,5.0,-0.87,-0.95,5.0,-0.95,False,5.0,-0.95,False,2026Q2
HDB,2026-05-21,CONTROL_RANDOM,,,,42.3,0.92,25.85,-5.42,7.54,-5.0,0.19,1.95,1.8,-2.71,1.1,0.78,2.32,11.16,10.42,2.32,10.42,False,-5.0,5.44,True,2026Q2
HDB,2026-06-24,CONTROL_RANDOM,,,,57.6,0.85,25.7,-4.86,9.14,-5.0,3.5,4.16,4.06,0.97,10.52,9.11,7.2,10.49,10.0,7.2,10.0,False,7.2,10.0,False,2026Q2
VIB,2020-03-09,WATCH,48.0,48.0,15.0,34.5,1.2,3.24,-22.53,12.35,-6.78,-6.17,2.19,3.89,-11.73,-3.64,-2.0,9.88,0.98,-0.83,-8.0,-0.3,True,-6.78,0.92,True,2020Q1
VIB,2020-03-30,PANIC70_ANY,78.7,78.7,10.0,19.7,1.22,2.61,-3.07,39.46,-7.44,9.58,-2.11,-4.63,12.64,-2.19,-5.39,36.4,9.19,3.33,36.4,3.33,False,36.4,3.33,False,2020Q1
VIB,2021-07-19,WATCH,68.7,68.7,0.0,26.1,0.97,13.95,-18.92,4.87,-5.0,-3.15,-5.84,-5.75,1.58,-8.04,-7.72,-11.25,-23.18,-22.79,-8.0,-12.3,True,-5.0,-7.27,True,2021Q3
VIB,2021-08-23,WATCH,63.8,63.8,0.0,20.5,1.02,12.15,-6.91,12.02,-5.0,1.48,-1.03,-1.08,5.84,1.69,1.61,5.84,-7.32,-7.6,5.84,-7.6,False,-5.0,-8.2,True,2021Q3
VIB,2022-04-25,WATCH,45.5,45.5,0.0,19.5,1.1,13.44,-38.47,10.12,-5.0,5.8,-0.05,-0.63,-10.49,-9.18,-9.05,-14.21,-7.45,-6.79,-8.0,0.76,True,-7.59,-8.29,True,2022Q2
VIB,2022-05-23,PANIC70_ANY,72.4,72.4,45.0,23.7,1.16,11.23,-26.36,11.67,-7.14,9.62,3.56,2.61,-26.36,-22.55,-21.95,8.01,3.43,2.72,-8.01,-7.55,True,-7.14,-8.23,True,2022Q2
VIB,2022-06-14,WATCH,69.9,69.9,0.0,23.8,1.16,10.33,-19.94,21.39,-5.0,-14.42,-9.39,-8.58,8.03,12.69,13.44,4.94,3.51,3.28,-8.0,-6.69,True,-5.0,-3.69,True,2022Q2
VIB,2022-06-21,PANIC70_ANY,73.9,73.9,0.0,8.9,1.2,8.63,-3.13,45.31,-7.17,19.24,16.02,15.37,32.21,31.02,30.78,21.09,16.52,15.6,21.09,15.6,False,21.09,15.6,False,2022Q2
VIB,2022-09-09,WATCH,41.2,41.2,15.0,20.4,1.19,10.93,-31.93,0.64,-7.91,-7.32,-3.37,-2.62,-16.19,0.74,3.95,-7.96,4.9,7.33,-8.0,-3.3,True,-7.91,-3.21,True,2022Q3
VIB,2022-10-10,WATCH,44.1,44.1,20.0,30.0,1.13,8.96,-16.96,14.06,-5.0,2.23,-0.4,-0.75,-4.91,0.37,1.08,2.01,1.05,0.92,-8.0,-2.5,True,-5.0,0.5,True,2022Q4
VIB,2025-04-03,PANIC70_ANY,70.9,70.9,0.0,20.9,0.99,13.04,-8.67,9.51,-5.0,5.06,-2.02,-1.96,2.53,-7.0,-6.92,6.9,-12.3,-12.14,-8.67,-3.1,True,-8.67,-3.1,True,2025Q2
VIB,2025-04-04,WATCH,58.4,58.4,0.0,19.4,0.97,13.15,-9.43,8.59,-5.0,2.51,-2.15,-2.01,1.37,-6.66,-6.42,6.24,-11.99,-11.45,6.24,-11.45,False,6.24,-11.45,False,2025Q2
VIB,2026-03-09,WATCH,40.7,40.7,20.0,36.5,0.9,14.11,-2.62,10.77,-5.77,4.32,1.57,1.84,2.48,1.7,1.77,4.54,-5.94,-4.93,4.54,-4.93,False,4.54,-4.93,False,2026Q1
VIB,2026-07-22,WATCH,42.6,42.6,0.0,14.8,0.89,13.15,-2.43,5.55,-5.0,2.43,-2.38,-1.84,0.0,-4.19,-3.72,,,,2.66,-2.38,False,2.66,-2.38,False,2026Q3
VIB,2020-04-07,ENTRY_V2_LOOSE,,78.7,55.0,44.9,1.18,2.9,-3.1,25.52,-12.0,2.07,-2.96,-3.86,3.45,-6.51,-8.31,23.45,8.91,6.29,23.45,6.29,False,23.45,6.29,False,2020Q2
VIB,2020-04-09,ENTRY_V2,,78.7,95.0,47.9,1.18,2.92,-3.77,24.66,-12.0,2.05,-1.97,-2.67,6.85,-3.19,-4.96,23.29,9.54,7.12,23.29,7.12,False,23.29,7.12,False,2020Q2
VIB,2022-05-23,ENTRY_V2_LOOSE,72.4,72.4,45.0,23.7,1.16,11.23,-26.36,11.67,-7.14,9.62,3.56,2.61,-26.36,-22.55,-21.95,8.01,3.43,2.72,-8.01,-7.55,True,-7.14,-8.23,True,2022Q2
VIB,2022-06-28,ENTRY_V2,6.8,84.0,60.0,32.7,1.23,10.2,-9.02,22.94,-12.0,8.53,13.38,14.49,15.49,16.91,17.24,0.39,0.8,0.89,-8.0,-7.05,True,0.39,0.89,False,2022Q2
VIB,2022-06-29,ENTRY_V2_LOOSE,1.1,84.0,45.0,34.6,1.23,10.31,-9.99,21.63,-12.0,11.83,16.08,17.05,17.85,18.68,18.87,0.48,4.09,4.91,0.48,4.91,False,0.48,4.91,False,2022Q2
VIB,2019-01-02,CONTROL_RSI,27.7,27.7,,25.9,1.02,2.96,-3.38,13.51,-5.0,-0.68,-1.63,-1.66,-3.04,-5.39,-5.44,8.78,-2.13,-2.39,8.78,-2.39,False,8.78,-2.39,False,2019Q1
VIB,2019-04-23,CONTROL_RSI,16.8,16.8,,29.4,0.92,3.12,-17.95,3.85,-5.0,-1.92,-0.72,-0.81,-3.21,-3.77,-3.73,2.24,0.97,1.07,-8.0,-7.28,True,-5.0,-2.79,True,2019Q2
VIB,2019-05-31,CONTROL_RSI,30.2,30.2,,26.7,0.91,2.97,-13.8,28.28,-5.0,-3.03,-4.01,-3.92,-4.71,-5.98,-5.86,19.87,16.79,17.07,-8.0,-8.53,True,-5.0,-5.06,True,2019Q2
VIB,2019-09-06,CONTROL_RSI,12.7,12.7,,30.8,0.74,3.56,-5.06,8.15,-5.0,-0.56,-2.13,-1.72,1.69,0.81,1.04,-2.25,-0.69,-1.1,-2.25,-1.1,False,-2.25,-1.1,False,2019Q3
VIB,2019-11-01,CONTROL_RSI,17.2,17.2,,29.3,0.62,3.6,-7.22,3.06,-5.0,0.0,0.22,0.14,-3.33,2.52,0.29,-3.33,5.49,2.12,-3.33,2.12,False,-5.0,-1.38,True,2019Q4
VIB,2019-11-29,CONTROL_RSI,25.0,25.0,,26.7,0.67,3.5,-4.57,11.14,-5.0,-2.86,-2.31,-2.49,1.14,1.8,1.58,6.0,14.32,11.57,6.0,11.57,False,6.0,11.57,False,2019Q4
VIB,2020-03-27,CONTROL_RSI,35.8,35.8,,33.3,1.2,2.63,-4.56,38.4,-5.0,10.27,-2.2,-4.72,11.79,-3.77,-6.91,36.88,8.16,2.36,36.88,2.36,False,36.88,2.36,False,2020Q1
VIB,2020-11-17,CONTROL_RSI,9.0,9.0,,32.0,1.0,6.6,0.0,39.24,-5.0,3.03,-0.11,-0.12,19.24,9.18,9.14,37.88,16.74,16.66,37.88,16.66,False,37.88,16.66,False,2020Q4
VIB,2021-01-26,CONTROL_RSI,3.2,3.2,,33.9,0.86,8.02,-11.47,68.83,-8.38,2.74,3.73,3.6,30.92,25.17,25.96,68.45,58.03,59.46,-11.47,-6.41,True,-11.47,-6.41,True,2021Q1
VIB,2021-06-29,CONTROL_RSI,5.0,5.0,,33.3,0.99,17.01,-30.98,8.0,-5.5,-0.41,1.17,1.15,-19.4,-9.92,-10.03,-23.1,-18.88,-18.92,-8.0,1.17,True,-5.5,2.44,True,2021Q2
VIB,2021-07-30,CONTROL_RSI,29.9,29.9,,26.9,1.01,14.15,-20.07,2.19,-10.68,0.99,-2.81,-2.83,-12.37,-13.75,-13.76,-10.81,-19.44,-19.48,-8.0,-9.49,True,-10.68,-9.82,True,2021Q3
VIB,2021-08-30,CONTROL_RSI,36.7,36.7,,24.6,1.02,12.59,-10.17,23.51,-8.58,-1.11,-2.3,-2.33,-4.45,-5.5,-5.52,20.65,7.65,7.38,-8.0,-8.88,True,-8.58,-9.46,True,2021Q3
VIB,2021-10-08,CONTROL_RSI,12.5,12.5,,30.8,0.94,11.87,0.0,37.74,-6.35,4.72,3.06,3.15,7.92,1.01,1.41,36.56,25.43,26.06,36.56,26.06,False,36.56,26.06,False,2021Q4
VIB,2022-01-24,CONTROL_RSI,3.4,3.4,,34.4,1.12,15.0,-15.53,11.13,-7.04,8.87,4.61,4.1,6.6,2.5,2.01,-5.2,0.77,1.48,-8.0,-2.6,True,-7.04,-1.63,True,2022Q1
VIB,2022-03-09,CONTROL_RSI,24.6,24.6,,26.8,1.06,15.41,-29.79,7.72,-6.73,-2.4,-0.8,-0.7,3.11,1.95,1.88,-22.52,-9.47,-8.68,-8.0,-0.83,True,-6.73,-2.98,True,2022Q1
VIB,2022-04-20,CONTROL_RSI,36.9,36.9,,22.3,1.07,14.12,-41.43,4.82,-5.0,-0.28,1.09,1.19,-19.33,-8.31,-7.52,-19.97,-5.86,-4.85,-8.0,-5.77,True,-5.0,-2.77,True,2022Q2
VIB,2022-05-24,CONTROL_RSI,28.5,28.5,,31.8,1.14,11.71,-29.38,7.09,-10.81,3.93,-1.0,-1.67,-24.51,-18.92,-18.15,2.56,-0.41,-0.81,-8.0,-7.25,True,-10.81,-10.06,True,2022Q2
VIB,2022-06-24,CONTROL_RSI,37.8,37.8,,27.7,1.21,9.46,-1.9,32.56,-12.0,17.97,17.43,17.32,25.05,25.1,25.12,6.77,4.96,4.58,6.77,4.58,False,6.77,4.58,False,2022Q2
VIB,2022-08-19,CONTROL_RSI,5.0,5.0,,33.3,1.2,11.85,-37.22,0.17,-5.0,-1.94,-2.43,-2.53,-14.77,-10.49,-9.62,-30.21,-4.77,0.43,-8.0,-5.14,True,-5.0,-6.22,True,2022Q3
VIB,2022-09-20,CONTROL_RSI,35.2,35.2,,7.9,1.19,10.1,-26.34,7.13,-5.0,3.66,9.42,10.51,-7.23,5.41,7.8,-6.34,7.1,9.64,-8.0,5.61,True,-5.0,8.61,True,2022Q3
VIB,2022-10-18,CONTROL_RSI,35.6,35.6,,22.8,1.11,9.19,-19.04,11.21,-9.77,-4.79,1.95,2.66,-10.01,1.46,2.67,8.92,9.74,9.82,-8.0,0.19,True,-9.77,-1.58,True,2022Q4
VIB,2022-11-15,CONTROL_RSI,16.4,16.4,,33.5,1.07,7.46,0.0,50.27,-5.0,10.19,2.2,1.66,26.81,6.9,5.57,34.45,13.64,12.25,34.45,12.25,False,34.45,12.25,False,2022Q4
VIB,2022-12-23,CONTROL_RSI,17.0,17.0,,29.3,1.07,9.03,-6.87,24.14,-6.66,1.22,-1.16,-1.32,19.82,10.85,10.24,12.4,9.01,8.78,12.4,8.78,False,12.4,8.78,False,2022Q4
VIB,2023-02-13,CONTROL_RSI,8.4,8.4,,33.6,1.07,9.82,-1.53,9.47,-5.0,6.52,2.97,2.71,-1.02,-0.54,-0.5,2.55,0.46,0.31,2.55,0.31,False,2.55,0.31,False,2023Q1
VIB,2023-04-21,CONTROL_RSI,15.9,15.9,,29.7,1.21,9.95,-1.51,23.22,-5.0,-0.3,0.15,0.24,3.22,1.36,0.98,21.41,9.21,6.69,21.41,6.69,False,21.41,6.69,False,2023Q2
VIB,2023-08-18,CONTROL_RSI,19.0,19.0,,31.3,1.24,11.58,-11.92,12.0,-5.0,0.78,-1.32,-1.83,6.91,2.74,1.72,0.0,4.63,5.76,-8.0,1.41,True,-5.0,0.1,True,2023Q3
VIB,2023-10-03,CONTROL_RSI,26.5,26.5,,29.4,1.1,11.02,-7.44,6.99,-5.0,4.81,0.82,0.4,-3.72,2.33,2.96,2.72,1.33,1.19,2.72,1.19,False,-5.0,0.1,True,2023Q4
VIB,2023-10-31,CONTROL_RSI,6.0,6.0,,33.0,1.09,10.55,-1.71,22.46,-5.0,8.44,0.23,-0.47,5.02,-2.15,-2.76,18.39,4.65,3.48,18.39,3.48,False,18.39,3.48,False,2023Q4
VIB,2023-12-22,CONTROL_RSI,5.0,5.0,,33.3,1.02,11.08,-0.27,35.47,-5.0,5.32,2.84,2.78,14.62,7.99,7.83,33.3,17.19,16.81,33.3,16.81,False,33.3,16.81,False,2023Q4
VIB,2024-03-11,CONTROL_RSI,16.4,16.4,,29.5,1.07,12.98,-0.92,16.8,-5.0,3.24,2.66,2.62,7.7,5.48,5.33,8.47,4.0,3.68,8.47,3.68,False,8.47,3.68,False,2024Q1
VIB,2024-04-10,CONTROL_RSI,16.4,16.4,,31.1,1.09,13.83,-6.07,4.48,-5.0,-4.77,1.23,1.76,-1.37,-1.73,-1.77,-3.62,-6.5,-6.75,-3.62,-6.75,False,-5.21,1.33,True,2024Q2
VIB,2024-06-24,CONTROL_RSI,30.9,30.9,,24.8,1.11,13.42,-6.04,3.28,-5.0,-0.45,-1.56,-1.69,-1.86,0.05,0.26,-0.37,-1.61,-1.75,-0.37,-1.75,False,-5.0,1.0,True,2024Q2
VIB,2024-07-29,CONTROL_RSI,12.4,12.4,,30.9,1.04,13.08,-3.59,11.7,-5.0,-0.69,2.27,2.4,2.22,-0.46,-0.57,3.36,2.55,2.51,3.36,2.51,False,3.36,2.51,False,2024Q3
VIB,2024-09-10,CONTROL_RSI,30.0,30.0,,23.4,1.03,13.08,-0.61,11.7,-5.0,1.91,1.06,1.04,7.26,5.06,5.0,5.28,6.38,6.41,5.28,6.41,False,5.28,6.41,False,2024Q3
VIB,2024-10-21,CONTROL_RSI,10.1,10.1,,31.6,0.95,14.03,-6.56,5.42,-5.0,-2.35,-0.91,-0.99,-5.99,-0.12,-0.43,2.35,5.79,5.61,2.35,5.61,False,-5.0,-3.11,True,2024Q4
VIB,2024-11-18,CONTROL_RSI,5.0,5.0,,33.3,0.94,13.3,-1.13,15.34,-5.0,1.88,0.12,0.23,5.49,2.13,2.33,12.86,7.3,7.64,12.86,7.64,False,12.86,7.64,False,2024Q4
VIB,2025-03-21,CONTROL_RSI,23.9,23.9,,27.0,1.02,14.83,-19.69,0.27,-5.0,-2.23,-1.01,-0.98,-10.38,-0.88,-0.65,-7.28,-9.28,-9.33,-8.0,-0.8,True,-5.0,2.2,True,2025Q1
VIB,2025-05-07,CONTROL_RSI,0.3,0.3,,34.9,0.94,13.25,-0.83,28.75,-5.82,7.47,2.86,3.14,3.17,-3.74,-3.33,26.79,7.1,8.27,26.79,8.27,False,26.79,8.27,False,2025Q2
VIB,2025-09-12,CONTROL_RSI,19.1,19.1,,33.6,0.97,18.53,-15.43,1.4,-8.54,-7.72,-5.44,-5.49,-5.83,-11.36,-11.22,-14.25,-19.1,-18.98,-8.0,-5.78,True,-8.54,-6.31,True,2025Q3
VIB,2025-10-20,CONTROL_RSI,17.1,17.1,,33.9,1.07,15.93,-7.6,5.15,-5.0,4.33,1.91,1.74,1.63,0.47,0.38,0.0,-13.65,-14.62,0.0,-14.62,False,-5.0,-5.4,True,2025Q4
VIB,2025-12-12,CONTROL_RSI,21.1,21.1,,30.7,1.03,15.15,-11.16,7.13,-5.0,1.45,-4.94,-5.14,3.7,-11.41,-11.88,-2.24,-6.37,-6.5,-10.3,-10.73,True,-5.0,-11.78,True,2025Q4
VIB,2026-01-30,CONTROL_RSI,7.7,7.7,,32.4,0.99,15.32,-12.14,2.02,-5.0,-5.61,-1.82,-1.85,-11.55,-2.16,-2.24,-4.05,-8.7,-8.66,-11.29,-1.98,True,-5.0,-1.27,True,2026Q1
VIB,2026-05-13,CONTROL_RSI,11.5,11.5,,31.2,0.85,14.61,-12.18,5.95,-5.0,-0.62,-0.62,-0.62,-0.27,4.9,4.11,-9.03,-2.08,-3.13,-8.0,2.21,True,-5.0,-5.74,True,2026Q2
VIB,2026-07-17,CONTROL_RSI,30.0,30.0,,24.4,0.88,14.02,-8.49,0.29,-5.0,-7.85,-1.46,-2.24,-6.85,-3.74,-4.12,,,,-8.49,-3.45,True,-5.0,0.63,True,2026Q3
VIB,2026-09-28,CONTROL_RSI,7.4,7.4,,32.5,0.84,13.25,-0.75,1.89,-5.0,1.89,3.09,2.9,,,,,,,1.89,2.9,False,1.89,2.9,False,2026Q3
VIB,2019-02-22,CONTROL_RANDOM,,,,68.3,0.95,3.16,-6.01,6.33,-9.05,0.0,0.21,0.2,-2.22,0.39,0.26,-3.8,-1.18,-1.32,-3.8,-1.32,False,-3.8,-1.32,False,2019Q1
VIB,2019-03-07,CONTROL_RANDOM,,,,69.5,0.94,3.19,-8.46,5.33,-6.01,2.51,0.86,0.96,0.94,0.8,0.81,-8.46,-4.45,-4.68,-8.0,-4.22,True,-6.01,-2.52,True,2019Q1
VIB,2019-08-14,CONTROL_RANDOM,,,,63.0,0.75,3.42,-1.17,12.57,-8.02,5.85,1.76,2.79,4.09,1.05,1.82,6.43,-0.29,1.41,6.43,1.41,False,6.43,1.41,False,2019Q3
VIB,2019-09-11,CONTROL_RANDOM,,,,25.5,0.74,3.44,-2.91,11.92,-5.0,1.74,-0.8,-0.13,6.69,5.14,5.55,-0.58,0.36,0.11,-0.58,0.11,False,-0.58,0.11,False,2019Q3
VIB,2019-10-04,CONTROL_RANDOM,,,,64.6,0.62,3.75,-10.93,2.67,-8.3,0.53,0.12,0.28,-3.47,-6.8,-5.53,-5.6,-3.13,-4.07,-8.0,-6.81,True,-8.3,-6.41,True,2019Q4
VIB,2019-10-09,CONTROL_RANDOM,,,,62.3,0.63,3.69,-9.49,4.34,-6.45,0.0,-0.1,-0.06,-0.54,-4.1,-2.79,-4.07,-1.67,-2.55,-8.0,-5.74,True,-6.45,-5.27,True,2019Q4
VIB,2019-11-07,CONTROL_RANDOM,,,,58.6,0.64,3.64,-8.24,1.92,-5.0,-1.65,0.0,-0.59,-6.59,-0.42,-2.65,-5.49,3.88,0.49,-8.0,-3.42,True,-5.0,-1.48,True,2019Q4
VIB,2019-11-08,CONTROL_RANDOM,,,,65.4,0.64,3.64,-8.24,0.82,-5.0,-2.75,-0.75,-1.47,-6.59,-1.0,-3.01,-3.85,4.82,1.7,-8.0,-3.63,True,-5.0,-1.69,True,2019Q4
VIB,2020-02-26,CONTROL_RANDOM,,,,51.0,1.0,3.6,-30.28,5.28,-5.0,2.5,2.37,2.37,-22.5,-0.31,-0.27,-7.78,-5.2,-5.19,-8.0,-1.64,True,-5.0,1.36,True,2020Q1
VIB,2020-07-31,CONTROL_RANDOM,,,,47.0,1.16,3.67,-0.82,90.46,-8.0,8.72,2.9,2.0,21.25,10.61,8.96,80.93,62.15,59.24,80.93,59.24,False,80.93,59.24,False,2020Q3
VIB,2020-08-11,CONTROL_RANDOM,,,,48.1,1.16,4.09,0.0,70.9,-12.0,3.42,2.59,2.46,11.0,5.72,4.9,62.59,49.96,48.01,62.59,48.01,False,62.59,48.01,False,2020Q3
VIB,2021-02-22,CONTROL_RANDOM,,,,68.8,0.88,9.11,-6.37,66.74,-12.0,16.25,15.22,15.34,18.66,17.9,18.0,63.56,54.25,55.37,63.56,55.37,False,63.56,55.37,False,2021Q1
VIB,2021-03-05,CONTROL_RANDOM,,,,82.2,0.9,10.67,-4.31,69.45,-12.0,-0.47,-0.83,-0.79,21.37,16.65,17.1,68.51,52.93,54.41,68.51,54.41,False,68.51,54.41,False,2021Q1
VIB,2021-07-01,CONTROL_RANDOM,,,,24.3,0.99,16.84,-30.29,9.09,-5.0,5.88,11.2,11.15,-15.97,-8.04,-8.12,-26.25,-20.37,-20.43,-8.0,1.95,True,-5.0,3.73,True,2021Q3
VIB,2021-08-31,CONTROL_RANDOM,,,,24.6,1.02,12.25,-7.67,28.57,-6.09,0.82,-0.22,-0.25,-4.73,-4.99,-5.0,24.98,12.85,12.58,24.98,12.58,False,-6.09,-6.71,True,2021Q3
VIB,2021-11-10,CONTROL_RANDOM,,,,58.3,1.0,12.89,-3.1,29.33,-5.82,-0.23,-0.56,-0.56,12.18,11.98,11.98,25.91,23.41,23.42,25.91,23.42,False,25.91,23.42,False,2021Q4
VIB,2021-11-24,CONTROL_RANDOM,,,,82.6,0.97,15.41,-12.91,8.18,-12.0,-5.32,-4.86,-4.88,-6.81,-4.67,-4.74,4.67,4.0,4.02,-8.0,-7.32,True,-12.0,-7.1,True,2021Q4
VIB,2022-03-11,CONTROL_RANDOM,,,,23.4,1.07,14.8,-26.89,12.16,-5.0,2.97,0.53,0.37,1.62,1.9,1.92,-17.77,-7.39,-6.7,-8.0,-1.49,True,-5.0,1.51,True,2022Q1
VIB,2022-05-25,CONTROL_RANDOM,,,,30.7,1.14,12.17,-32.05,3.04,-12.0,-0.74,-1.9,-2.07,-23.17,-16.51,-15.57,-1.89,-1.88,-1.88,-8.0,-3.82,True,-12.0,-8.11,True,2022Q2
VIB,2022-12-15,CONTROL_RANDOM,,,,67.1,1.05,9.51,-11.57,17.88,-6.77,-5.05,-2.35,-2.22,7.68,5.95,5.87,3.68,6.11,6.23,-8.0,-5.02,True,-6.77,-3.8,True,2022Q4
VIB,2023-02-01,CONTROL_RANDOM,,,,93.0,1.07,10.84,-11.44,2.95,-11.82,-2.58,-1.13,-1.03,-7.01,-3.11,-2.83,-8.21,-4.5,-4.23,-9.23,-5.65,True,-8.21,-4.23,False,2023Q1
VIB,2023-03-02,CONTROL_RANDOM,,,,50.0,1.09,10.13,-4.54,5.63,-5.38,-0.69,-2.13,-2.26,1.38,-1.17,-1.41,3.75,0.18,-0.14,3.75,-0.14,False,3.75,-0.14,False,2023Q1
VIB,2023-03-22,CONTROL_RANDOM,,,,46.6,1.12,9.89,-1.01,19.41,-5.0,3.64,1.31,1.03,1.31,-0.03,-0.19,15.67,8.29,7.4,15.67,7.4,False,15.67,7.4,False,2023Q1
VIB,2023-04-06,CONTROL_RANDOM,,,,59.3,1.17,10.29,-4.76,15.74,-5.0,-0.68,1.02,1.31,-1.46,-0.26,-0.06,13.99,8.06,7.05,13.99,7.05,False,13.99,7.05,False,2023Q2
VIB,2023-05-15,CONTROL_RANDOM,,,,57.2,1.22,10.29,-0.97,24.3,-5.0,1.65,1.9,1.96,11.66,6.61,5.52,21.48,5.22,1.69,21.48,1.69,False,21.48,1.69,False,2023Q2
VIB,2023-09-26,CONTROL_RANDOM,,,,37.3,1.12,11.35,-10.13,3.88,-5.0,-1.85,-0.88,-0.76,-4.93,-1.59,-1.19,-2.91,0.51,0.93,-8.0,0.29,True,-5.0,0.1,True,2023Q3
VIB,2023-10-16,CONTROL_RANDOM,,,,44.4,1.11,11.2,-8.93,11.34,-5.0,-2.68,0.76,1.16,3.13,6.23,6.59,10.8,9.39,9.23,-8.0,0.74,True,-5.0,0.59,True,2023Q4
VIB,2023-12-22,CONTROL_RANDOM,,,,33.3,1.02,11.08,-0.27,35.47,-5.0,5.32,2.84,2.78,14.62,7.99,7.83,33.3,17.19,16.81,33.3,16.81,False,33.3,16.81,False,2023Q4
VIB,2024-04-19,CONTROL_RANDOM,,,,21.5,1.1,13.21,-1.67,9.39,-5.0,1.14,-1.62,-1.89,5.15,-3.07,-3.88,1.89,-5.77,-6.52,1.89,-6.52,False,1.89,-6.52,False,2024Q2
VIB,2024-05-29,CONTROL_RANDOM,,,,55.0,1.1,13.64,-7.55,5.94,-5.0,2.57,1.05,0.9,-3.15,-2.73,-2.69,-1.47,-2.92,-3.06,-1.47,-3.06,False,-5.0,-3.31,True,2024Q2
VIB,2024-06-27,CONTROL_RANDOM,,,,23.3,1.11,13.27,-4.97,5.12,-5.0,-0.23,-2.03,-2.22,-1.66,-0.22,-0.06,5.12,3.8,3.66,5.12,3.66,False,5.12,3.66,False,2024Q2
VIB,2024-08-28,CONTROL_RANDOM,,,,69.4,1.04,13.41,-3.06,8.95,-5.0,-2.46,-1.42,-1.38,5.15,4.61,4.59,0.82,4.44,4.58,0.82,4.58,False,0.82,4.58,False,2024Q3
VIB,2024-10-18,CONTROL_RANDOM,,,,55.7,0.95,14.17,-7.48,4.38,-5.0,-5.93,-3.64,-3.76,-6.14,-0.92,-1.19,0.0,4.29,4.07,0.0,4.07,False,-5.0,-4.02,True,2024Q4
VIB,2025-01-15,CONTROL_RANDOM,,,,58.8,0.99,14.46,-17.63,8.09,-5.0,3.32,1.88,1.89,3.8,-0.32,-0.3,-7.54,-5.72,-5.73,-9.82,-7.33,True,-5.0,-4.05,True,2025Q1
VIB,2025-07-29,CONTROL_RANDOM,,,,83.9,0.9,16.19,-3.77,32.61,-10.77,4.26,-0.64,-0.16,19.52,8.02,9.14,-1.05,-13.24,-12.05,-1.05,-12.05,False,-1.05,-12.05,False,2025Q3
VIB,2025-10-24,CONTROL_RANDOM,,,,23.3,1.07,16.19,-9.08,3.46,-5.0,-1.85,2.83,3.15,-1.05,0.63,0.74,-4.82,-15.96,-16.71,-8.0,-4.83,True,-5.0,-1.88,True,2025Q4
VIB,2025-10-27,CONTROL_RANDOM,,,,25.2,1.06,15.97,-7.83,4.88,-5.0,2.76,2.51,2.49,-0.81,-1.57,-1.62,-3.26,-17.51,-18.31,-3.26,-18.31,False,-5.0,-4.94,True,2025Q4
VIB,2025-11-20,CONTROL_RANDOM,,,,53.2,1.03,16.06,-11.02,2.43,-5.0,-0.25,-2.96,-3.04,-5.11,-8.63,-8.73,-6.72,-20.16,-20.56,-8.0,-10.05,True,-5.0,-5.03,True,2025Q4
VIB,2026-07-02,CONTROL_RANDOM,,,,65.5,0.84,15.25,-15.87,0.59,-5.62,-4.46,-2.38,-2.72,-13.18,-6.14,-7.29,-12.46,-7.18,-8.04,-8.0,-5.01,True,-5.62,-2.63,True,2026Q3
VIB,2026-07-07,CONTROL_RANDOM,,,,46.0,0.85,14.79,-13.25,1.56,-5.0,-4.6,-1.06,-1.6,-8.59,-4.75,-5.33,-9.4,-4.3,-5.07,-8.0,-3.23,True,-5.0,-2.85,True,2026Q3
SSB,2022-05-09,WATCH,42.8,42.8,0.0,27.1,0.87,17.45,-10.89,11.69,-5.0,1.49,2.5,2.37,-2.58,-6.64,-6.13,10.83,10.78,10.78,-8.0,-12.71,True,-5.0,-9.71,True,2022Q2
SSB,2022-09-26,WATCH,45.0,45.0,0.0,10.4,0.63,18.37,-8.27,3.81,-5.0,-2.45,5.99,2.85,-4.14,11.13,5.45,3.48,16.59,11.71,-8.0,1.13,True,-5.0,4.13,True,2022Q3
SSB,2023-08-21,WATCH,48.4,48.4,0.0,27.1,0.75,19.61,-15.25,5.97,-5.0,5.61,3.88,4.31,-1.27,-3.71,-3.11,-12.65,-7.71,-8.93,-8.36,-4.18,True,-5.0,-5.58,True,2023Q3
SSB,2024-09-11,WATCH,53.0,53.0,0.0,21.5,0.59,13.36,-6.51,11.75,-5.0,3.37,2.35,2.76,8.68,6.46,7.36,6.81,6.09,6.38,6.81,6.38,False,-5.0,-4.09,True,2024Q3
SSB,2021-06-24,CONTROL_RSI,36.3,36.3,,27.6,0.59,16.28,-11.98,7.06,-10.12,6.63,3.87,4.99,3.07,11.27,7.94,-2.03,1.03,-0.21,-8.0,-4.36,True,-10.12,-5.44,True,2021Q2
SSB,2021-08-23,CONTROL_RSI,9.9,9.9,,31.7,0.85,15.73,-2.86,15.51,-5.0,2.29,-0.22,0.16,1.72,-2.43,-1.81,9.35,-3.82,-1.83,9.35,-1.83,False,9.35,-1.83,False,2021Q3
SSB,2021-11-23,CONTROL_RSI,19.9,19.9,,28.4,0.85,17.58,-2.96,23.55,-5.17,6.88,5.41,5.62,5.12,4.16,4.3,4.78,2.65,2.96,4.78,2.96,False,4.78,2.96,False,2021Q4
SSB,2022-01-19,CONTROL_RSI,19.7,19.7,,31.2,0.84,19.49,-9.54,5.23,-10.38,1.85,-0.36,-0.01,-5.49,-9.37,-8.76,-1.44,2.72,2.06,-8.0,-11.85,True,-1.44,2.06,False,2022Q1
SSB,2022-02-23,CONTROL_RSI,16.3,16.3,,29.6,0.94,18.52,-7.94,6.05,-5.21,4.0,4.24,4.23,4.7,5.39,5.35,-6.43,11.82,10.76,-6.43,10.76,False,-5.21,9.72,True,2022Q1
SSB,2022-03-29,CONTROL_RSI,8.5,8.5,,32.2,0.89,18.57,-16.26,5.76,-5.0,5.39,3.31,3.54,2.1,11.55,10.48,2.53,21.91,19.72,-8.0,3.8,True,-5.0,3.96,True,2022Q1
SSB,2022-05-06,CONTROL_RSI,32.1,32.1,,29.6,0.9,17.81,-12.69,9.43,-5.0,-0.56,10.21,9.12,-3.59,-1.81,-1.99,8.93,15.18,14.55,-8.0,-7.61,True,-5.0,-3.3,True,2022Q2
SSB,2022-06-03,CONTROL_RSI,2.5,2.5,,34.2,0.72,17.28,-10.01,14.24,-5.0,-6.94,-2.06,-3.44,11.23,18.55,16.48,13.19,14.69,14.26,-8.0,-4.68,True,-5.0,-5.99,True,2022Q2
SSB,2022-08-08,CONTROL_RSI,1.2,1.2,,34.6,0.63,19.1,-11.62,3.35,-5.0,0.0,-1.14,-0.72,1.57,3.61,2.87,-3.19,15.89,8.91,-8.0,3.3,True,-5.0,3.75,True,2022Q3
SSB,2022-09-13,CONTROL_RSI,30.0,30.0,,8.2,0.62,19.1,-11.78,0.31,-5.0,-0.16,1.41,0.81,-5.71,10.15,4.08,-2.72,12.63,6.75,-8.0,1.73,True,-5.0,2.19,True,2022Q3
SSB,2023-02-03,CONTROL_RSI,30.7,30.7,,14.4,0.65,19.37,-5.16,2.37,-5.0,-0.46,2.22,1.28,0.83,5.05,3.57,-1.39,1.58,0.54,-1.39,0.54,False,-5.0,-3.01,True,2023Q1
SSB,2023-03-27,CONTROL_RSI,15.7,15.7,,30.6,0.66,19.25,-6.44,3.01,-5.0,-0.62,-2.79,-2.05,-2.65,-0.69,-1.36,3.01,-3.98,-1.59,3.01,-1.59,False,-5.0,-5.3,True,2023Q1
SSB,2023-04-24,CONTROL_RSI,30.0,30.0,,25.0,0.54,18.89,-4.66,13.87,-5.0,1.11,1.64,1.4,-3.39,-5.1,-4.32,13.29,-0.1,6.01,13.29,6.01,False,13.29,6.01,False,2023Q2
SSB,2023-05-25,CONTROL_RSI,30.0,30.0,,13.8,0.5,18.19,-0.16,25.67,-5.0,4.51,2.3,3.41,9.02,3.19,6.13,10.23,-0.15,5.08,10.23,5.08,False,10.23,5.08,False,2023Q2
SSB,2023-08-25,CONTROL_RSI,16.1,16.1,,34.6,0.76,20.6,-20.92,0.68,-9.16,-1.46,-6.17,-5.02,-6.94,-3.95,-4.68,-18.11,-11.75,-13.3,-8.16,-8.39,True,-9.16,-9.39,True,2023Q3
SSB,2023-09-26,CONTROL_RSI,0.5,0.5,,34.8,0.7,19.17,-15.02,0.78,-5.0,-6.83,-5.86,-6.15,-1.3,2.04,1.04,-13.88,-10.45,-11.48,-8.0,-6.41,True,-5.32,-6.21,True,2023Q3
SSB,2023-11-13,CONTROL_RSI,32.4,32.4,,31.1,0.62,16.8,-3.51,4.76,-5.0,0.65,0.53,0.58,-1.55,-3.22,-2.59,0.83,-7.23,-4.19,0.83,-4.19,False,0.83,-4.19,False,2023Q4
SSB,2023-12-11,CONTROL_RSI,30.0,30.0,,24.7,0.61,16.54,-2.0,6.41,-5.0,-0.18,2.59,1.52,3.33,0.31,1.48,-0.18,-12.86,-7.96,-0.18,-7.96,False,-0.18,-7.96,False,2023Q4
SSB,2024-01-19,CONTROL_RSI,3.4,3.4,,33.9,0.62,16.91,-10.17,0.65,-5.0,-0.65,0.24,-0.09,-1.06,-4.26,-3.06,-4.97,-4.22,-4.5,-8.0,-9.54,True,-5.0,-10.46,True,2024Q1
SSB,2024-03-05,CONTROL_RSI,25.8,25.8,,26.4,0.52,16.58,-8.38,0.66,-5.0,-0.42,-0.48,-0.45,-3.08,-3.21,-3.14,-4.83,-5.91,-5.39,-8.0,-5.77,True,-5.0,-2.77,True,2024Q1
SSB,2024-04-02,CONTROL_RSI,27.4,27.4,,25.9,0.56,15.89,-8.06,10.32,-5.0,1.13,3.21,2.3,1.32,4.17,2.92,-3.9,-2.7,-3.22,-8.0,-6.85,True,-5.0,-3.85,True,2024Q2
SSB,2024-05-08,CONTROL_RSI,36.6,36.6,,24.2,0.53,16.03,-8.86,9.36,-5.0,0.69,-0.59,0.01,-1.12,-3.58,-2.42,0.0,2.06,1.09,-8.0,-8.27,True,-5.0,-5.36,True,2024Q2
SSB,2024-06-05,CONTROL_RSI,21.9,21.9,,27.7,0.49,15.92,-8.23,10.11,-5.0,-0.44,-1.43,-0.92,-4.08,-3.39,-3.75,-0.19,0.38,0.09,-8.0,-6.88,True,-5.0,-3.96,True,2024Q2
SSB,2024-07-05,CONTROL_RSI,18.6,18.6,,33.4,0.53,15.23,-17.99,11.42,-5.83,-0.26,0.17,-0.04,5.06,12.62,9.07,-4.4,-4.59,-4.5,-8.0,-6.68,True,-5.83,-4.59,True,2024Q3
SSB,2024-09-06,CONTROL_RSI,3.5,3.5,,34.4,0.56,14.93,-16.34,0.6,-5.0,-15.27,-12.86,-13.92,-4.96,-4.96,-4.96,-5.83,-4.36,-5.0,-8.0,-7.27,True,-5.56,-4.83,True,2024Q3
SSB,2024-10-22,CONTROL_RSI,7.0,7.0,,32.7,0.71,13.86,-2.74,6.57,-5.0,-1.23,-0.29,-0.56,1.15,5.41,4.19,6.57,8.79,8.15,6.57,8.15,False,6.57,8.15,False,2024Q4
SSB,2024-12-19,CONTROL_RSI,4.2,4.2,,33.6,0.71,13.94,-2.08,18.44,-5.0,0.57,-0.98,-0.53,7.1,7.58,7.44,17.58,11.62,13.37,17.58,13.37,False,17.58,13.37,False,2024Q4
SSB,2025-04-01,CONTROL_RSI,0.2,0.2,,34.9,0.57,16.26,-9.66,6.15,-5.0,5.35,16.94,11.94,-5.84,0.18,-2.42,-8.18,-12.44,-10.6,-8.0,-8.36,True,-5.0,3.12,True,2025Q2
SSB,2025-05-05,CONTROL_RSI,27.2,27.2,,29.1,0.5,15.31,-4.05,14.63,-5.0,1.37,-2.58,-0.59,-0.85,-9.12,-4.96,7.84,-12.18,-2.1,7.84,-2.1,False,7.84,-2.1,False,2025Q2
SSB,2025-06-04,CONTROL_RSI,30.0,30.0,,16.7,0.51,15.22,-3.48,29.76,-5.0,-1.05,0.68,-0.18,-0.26,-2.91,-1.6,17.21,-7.63,4.66,17.21,4.66,False,17.21,4.66,False,2025Q2
SSB,2025-09-12,CONTROL_RSI,37.9,37.9,,27.4,0.72,16.51,-16.6,1.51,-5.93,-3.03,-0.75,-1.38,-2.24,-7.77,-6.25,-11.81,-16.66,-15.33,-8.0,-6.43,True,-5.93,-10.01,True,2025Q3
SSB,2025-10-17,CONTROL_RSI,1.4,1.4,,34.5,1.14,15.47,-10.99,0.84,-5.0,-5.88,-1.76,-1.18,-6.4,-2.39,-1.82,-4.01,-13.92,-15.32,-8.0,-5.15,True,-5.0,-2.01,True,2025Q4
SSB,2026-01-30,CONTROL_RSI,0.7,0.7,,34.8,0.98,14.15,-6.5,1.77,-5.0,-1.77,2.03,1.94,-4.45,4.94,4.72,-1.48,-6.14,-6.03,-1.48,-6.03,False,-5.0,4.17,True,2026Q1
SSB,2026-03-13,CONTROL_RSI,2.9,2.9,,34.0,0.74,13.73,-1.17,8.89,-5.0,1.53,7.99,6.31,3.35,-0.05,0.83,5.61,-0.13,1.36,5.61,1.36,False,5.61,1.36,False,2026Q1
SSB,2026-05-04,CONTROL_RSI,13.2,13.2,,30.6,0.55,13.9,-2.37,19.06,-5.0,-1.22,-3.81,-2.64,3.6,5.03,4.38,11.87,21.18,16.94,11.87,16.94,False,11.87,16.94,False,2026Q2
SSB,2026-07-21,CONTROL_RSI,17.2,17.2,,31.9,0.53,15.65,-5.75,58.47,-5.0,-1.6,-0.17,-0.85,-3.83,-3.68,-3.75,,,,7.35,6.44,False,-5.0,-6.44,True,2026Q3
SSB,2026-08-19,CONTROL_RSI,1.9,1.9,,34.4,0.51,15.1,-1.66,64.24,-5.0,5.96,0.43,3.11,38.41,33.72,36.0,,,,11.26,10.56,False,11.26,10.56,False,2026Q3
SSB,2021-07-08,CONTROL_RANDOM,,,,61.1,0.6,16.91,-15.26,3.08,-8.58,-4.44,1.05,-1.12,-1.83,0.58,-0.37,-4.97,-3.51,-4.09,-9.17,-5.77,True,-9.17,-5.77,True,2021Q3
SSB,2021-07-22,CONTROL_RANDOM,,,,45.5,0.93,17.43,-12.34,1.95,-12.0,-6.14,-7.41,-7.31,-8.2,-10.97,-10.77,0.98,-6.88,-6.31,-8.0,-6.8,True,-12.0,-13.4,True,2021Q3
SSB,2021-09-08,CONTROL_RANDOM,,,,32.7,0.85,15.89,-1.45,22.72,-5.0,0.57,-0.35,-0.21,5.73,3.3,3.67,17.81,6.68,8.4,17.81,8.4,False,17.81,8.4,False,2021Q3
SSB,2021-09-14,CONTROL_RANDOM,,,,55.2,0.85,15.91,-1.57,22.56,-5.0,0.25,-0.57,-0.44,10.18,6.29,6.88,17.47,9.03,10.31,17.47,10.31,False,17.47,10.31,False,2021Q3
SSB,2021-10-25,CONTROL_RANDOM,,,,81.1,0.97,17.27,-2.32,25.77,-5.0,1.91,-2.93,-2.79,1.27,-4.37,-4.21,12.68,8.54,8.66,12.68,8.66,False,12.68,8.66,False,2021Q4
SSB,2021-11-18,CONTROL_RANDOM,,,,39.2,0.9,17.34,-2.71,25.26,-5.0,11.36,9.78,9.94,7.38,6.7,6.77,6.52,3.73,4.0,6.52,4.0,False,6.52,4.0,False,2021Q4
SSB,2022-01-07,CONTROL_RANDOM,,,,64.2,0.8,20.02,-11.94,2.45,-11.5,-1.9,3.05,2.07,-6.99,-3.3,-4.03,-3.4,1.39,0.44,-8.0,-7.06,True,-11.5,-9.94,True,2022Q1
SSB,2022-01-26,CONTROL_RANDOM,,,,43.4,0.83,20.05,-12.32,0.0,-9.34,-2.04,-3.75,-3.46,-3.94,-5.52,-5.25,-6.73,1.01,-0.31,-8.0,-8.63,True,-9.34,-9.96,True,2022Q1
SSB,2022-03-02,CONTROL_RANDOM,,,,45.2,0.94,19.01,-10.84,3.31,-8.93,0.37,1.27,1.21,1.84,1.86,1.86,-9.52,3.87,3.08,-8.0,6.05,True,-8.93,5.12,True,2022Q1
SSB,2022-04-28,CONTROL_RANDOM,,,,42.2,0.89,18.96,-17.99,2.8,-8.53,-3.38,0.6,0.17,-9.28,-5.24,-5.68,1.69,13.71,12.43,-8.0,-2.86,True,-8.53,-3.39,True,2022Q2
SSB,2022-08-01,CONTROL_RANDOM,,,,48.6,0.66,19.28,-12.45,2.39,-5.92,-1.56,-3.88,-3.08,1.76,-2.23,-0.86,-2.33,14.11,8.49,-8.0,2.4,True,-5.92,1.78,True,2022Q3
SSB,2022-08-17,CONTROL_RANDOM,,,,41.7,0.63,19.13,-11.76,3.19,-5.0,2.88,1.66,2.11,-0.31,5.03,3.07,-5.54,20.56,10.99,-8.0,3.82,True,-5.0,4.3,True,2022Q3
SSB,2022-08-24,CONTROL_RANDOM,,,,60.9,0.62,19.62,-13.97,0.31,-5.0,-0.97,-0.73,-0.82,-5.61,2.68,-0.45,-7.75,17.22,7.81,-8.0,1.44,True,-6.83,-1.67,True,2022Q3
SSB,2022-10-11,CONTROL_RANDOM,,,,12.6,0.66,16.94,-0.53,21.02,-5.0,5.79,0.42,2.26,7.91,9.95,9.25,20.66,15.72,17.41,20.66,17.41,False,20.66,17.41,False,2022Q4
SSB,2022-11-08,CONTROL_RANDOM,,,,56.3,0.71,18.34,-8.12,13.41,-8.07,-1.31,2.83,1.63,1.31,-4.53,-2.84,5.94,-2.23,0.14,-8.0,-5.73,True,-8.07,-5.8,True,2022Q4
SSB,2023-07-03,CONTROL_RANDOM,,,,80.0,0.59,19.79,-7.93,15.51,-5.0,6.67,4.48,5.38,10.56,2.54,5.83,-7.73,-9.98,-9.06,-7.73,-9.06,False,-5.0,-8.45,True,2023Q3
SSB,2023-09-25,CONTROL_RANDOM,,,,35.8,0.72,19.06,-14.53,2.1,-5.0,-4.56,-1.71,-2.52,-1.15,2.76,1.65,-13.38,-8.63,-9.98,-8.0,-4.93,True,-5.72,-3.67,True,2023Q3
SSB,2023-11-22,CONTROL_RANDOM,,,,29.4,0.62,16.62,-2.47,5.9,-5.0,-0.66,1.45,0.64,-0.66,0.71,0.18,1.08,-7.35,-4.14,1.08,-4.14,False,1.08,-4.14,False,2023Q4
SSB,2024-01-08,CONTROL_RANDOM,,,,62.9,0.61,16.91,-6.68,3.25,-5.0,-0.89,-1.01,-0.96,-0.65,-2.95,-2.06,-5.38,-14.08,-10.72,-5.38,-10.72,False,-5.0,-11.78,True,2024Q1
SSB,2024-01-23,CONTROL_RANDOM,,,,45.2,0.62,16.84,-9.8,1.07,-5.0,-0.65,0.31,-0.05,-0.48,-7.19,-4.67,-4.57,-7.07,-6.13,-8.0,-10.13,True,-5.0,-10.63,True,2024Q1
SSB,2024-04-01,CONTROL_RANDOM,,,,30.6,0.56,15.92,-8.23,10.11,-5.0,0.5,1.56,1.1,0.94,3.67,2.48,-4.33,-2.62,-3.37,-8.0,-7.24,True,-5.0,-4.33,True,2024Q2
SSB,2024-04-05,CONTROL_RANDOM,,,,27.2,0.56,15.89,-8.06,10.32,-5.0,2.71,5.79,4.42,0.0,0.85,0.47,-3.9,-6.11,-5.13,-8.0,-8.16,True,-5.0,-5.16,True,2024Q2
SSB,2024-08-27,CONTROL_RANDOM,,,,57.8,0.55,16.14,-22.61,0.0,-5.0,-7.5,-6.76,-7.09,-12.64,-13.22,-12.96,-13.14,-8.83,-10.77,-8.0,-7.33,True,-5.0,-4.35,True,2024Q3
SSB,2024-08-28,CONTROL_RANDOM,,,,54.4,0.55,15.85,-21.2,1.26,-5.0,-5.24,-4.2,-4.67,-10.73,-11.26,-11.02,-11.8,-8.18,-9.81,-8.0,-6.89,True,-5.0,-4.7,True,2024Q3
SSB,2024-10-31,CONTROL_RANDOM,,,,7.8,0.71,13.57,0.0,15.84,-5.0,2.43,3.21,2.99,3.91,4.85,4.58,14.37,15.11,14.9,14.37,14.9,False,14.37,14.9,False,2024Q4
SSB,2024-12-04,CONTROL_RANDOM,,,,70.0,0.73,14.06,-2.92,17.43,-5.0,2.7,0.65,1.21,-0.85,-1.88,-1.6,15.93,9.15,11.0,15.93,11.0,False,15.93,11.0,False,2024Q4
SSB,2024-12-25,CONTROL_RANDOM,,,,51.3,0.72,14.31,-4.61,15.37,-5.38,-2.59,-0.93,-1.4,8.74,9.57,9.34,14.26,10.98,11.9,14.26,11.9,False,14.26,11.9,False,2024Q4
SSB,2025-01-23,CONTROL_RANDOM,,,,93.5,0.71,15.43,-5.38,11.86,-9.98,0.58,-0.68,-0.32,4.34,0.68,1.74,0.0,2.58,1.83,0.0,1.83,False,0.0,1.83,False,2025Q1
SSB,2025-04-10,CONTROL_RANDOM,,,,60.2,0.61,16.22,-9.43,6.41,-9.01,-1.05,-3.85,-2.75,-3.58,-14.02,-9.9,-2.28,-22.98,-14.81,-8.0,-14.6,True,-9.01,-15.63,True,2025Q2
SSB,2025-06-18,CONTROL_RANDOM,,,,27.9,0.5,14.73,0.0,34.08,-5.0,2.24,0.8,1.53,12.63,1.96,7.32,11.81,-13.33,-0.69,11.81,-0.69,False,11.81,-0.69,False,2025Q2
SSB,2025-06-25,CONTROL_RANDOM,,,,50.0,0.48,14.89,-0.27,32.64,-5.0,1.95,0.98,1.48,11.15,0.02,5.8,7.52,-11.89,-1.8,7.52,-1.8,False,7.52,-1.8,False,2025Q2
SSB,2025-09-17,CONTROL_RANDOM,,,,32.0,0.72,16.68,-17.45,0.24,-6.14,-3.24,-2.66,-2.82,-5.52,-10.95,-9.45,-13.19,-14.56,-14.18,-8.0,-10.39,True,-6.14,-10.07,True,2025Q3
SSB,2025-09-26,CONTROL_RANDOM,,,,42.0,0.76,16.18,-14.89,2.04,-5.0,1.05,-1.13,-0.6,-10.01,-9.61,-9.71,-8.96,-14.49,-13.15,-8.0,-6.96,True,-5.0,-8.28,True,2025Q3
SSB,2025-10-09,CONTROL_RANDOM,,,,40.6,1.1,15.85,-13.12,1.83,-5.0,-3.41,-3.75,-3.78,-9.97,-2.66,-1.92,-9.46,-14.74,-15.27,-8.0,-2.33,True,-5.0,0.67,True,2025Q4
SSB,2025-10-29,CONTROL_RANDOM,,,,38.3,1.14,14.89,-7.52,0.27,-6.79,-2.75,-0.02,0.37,-3.29,-3.02,-2.99,-3.29,-12.46,-13.75,-3.29,-13.75,False,-6.79,-0.36,True,2025Q4
SSB,2026-03-31,CONTROL_RANDOM,,,,71.0,0.69,14.1,-3.76,15.96,-5.0,0.0,-2.49,-1.71,-1.42,-9.6,-7.05,14.54,6.31,8.87,14.54,8.87,False,14.54,8.87,False,2026Q1
SSB,2026-05-27,CONTROL_RANDOM,,,,74.9,0.5,14.85,-6.06,11.45,-9.31,-3.37,-1.33,-2.35,2.36,2.71,2.53,1.68,8.93,5.31,1.68,5.31,False,1.68,5.31,False,2026Q2
SSB,2026-06-09,CONTROL_RANDOM,,,,63.5,0.49,14.35,-0.35,27.87,-5.0,3.83,3.12,3.49,14.29,10.93,12.64,24.39,22.82,23.62,24.39,23.62,False,24.39,23.62,False,2026Q2
SSB,2026-06-22,CONTROL_RANDOM,,,,82.4,0.47,15.0,-1.67,65.33,-6.5,8.0,8.64,8.3,4.33,11.88,7.9,60.67,63.67,62.09,60.67,62.09,False,60.67,62.09,False,2026Q2
SSB,2026-07-06,CONTROL_RANDOM,,,,91.9,0.49,16.4,-10.06,51.22,-10.57,-3.05,-1.2,-2.14,-5.79,-2.35,-4.11,3.96,9.56,6.7,-8.0,-3.42,True,3.96,6.7,False,2026Q3
SHB,2019-05-22,WATCH,40.4,40.4,25.0,27.3,1.09,2.34,-14.1,1.28,-5.0,0.0,1.29,1.41,-1.28,1.04,1.25,-12.39,-12.13,-12.1,-8.0,-8.45,True,-5.0,-0.68,True,2019Q2
SHB,2019-06-27,WATCH,50.0,50.0,0.0,22.2,1.11,2.21,-11.76,2.71,-5.0,0.0,-3.26,-3.62,1.36,-3.81,-4.38,-3.17,-7.72,-8.23,-8.0,-12.1,True,-5.0,-10.54,True,2019Q2
SHB,2019-11-29,WATCH,42.0,42.0,0.0,10.3,0.75,1.95,-1.54,131.79,-5.0,1.54,2.09,1.95,6.67,7.32,7.16,127.69,136.01,133.93,127.69,133.93,False,127.69,133.93,False,2019Q4
SHB,2020-05-20,WATCH,42.1,42.1,0.0,30.7,0.85,4.64,-16.16,43.1,-5.0,19.4,18.64,18.76,18.53,18.49,18.5,7.54,7.53,7.53,-8.0,-1.08,True,-5.0,-2.44,True,2020Q2
SHB,2020-05-21,PANIC70_ANY,78.5,78.5,0.0,27.2,0.82,4.72,-17.58,40.68,-5.52,16.53,15.92,16.03,22.46,21.38,21.57,4.03,5.02,4.84,-8.0,-5.13,True,-5.52,-2.65,True,2020Q2
SHB,2020-07-02,WATCH,40.4,40.4,10.0,26.0,0.85,5.11,-23.87,22.31,-9.49,0.78,-2.29,-1.84,-9.2,-3.65,-4.46,19.96,12.01,13.16,-8.0,-6.37,True,-9.49,-7.86,True,2020Q3
SHB,2021-01-27,WATCH,60.2,60.2,15.0,20.7,1.18,6.05,-17.52,85.12,-5.0,0.0,-6.77,-7.97,2.64,-9.53,-11.69,70.74,51.5,48.08,-8.0,-7.3,True,-5.79,-5.08,True,2021Q1
SHB,2021-01-29,PANIC70_ANY,80.0,80.0,0.0,23.0,1.2,5.7,-8.95,100.18,-12.0,4.04,1.52,1.01,8.95,-1.62,-3.76,85.79,67.43,63.72,85.79,63.72,False,85.79,63.72,False,2021Q1
SHB,2021-12-23,WATCH,42.0,42.0,0.0,21.0,1.19,10.79,-4.17,19.83,-5.0,10.47,7.64,7.09,2.04,3.22,3.45,5.93,4.13,3.78,5.93,3.78,False,5.93,3.78,False,2021Q4
SHB,2022-04-12,WATCH,43.1,43.1,0.0,21.8,1.25,10.23,-38.32,5.28,-5.0,-11.73,-6.61,-5.31,-33.14,-14.18,-9.38,-28.93,-9.19,-4.19,-8.0,-1.58,True,-5.0,-0.45,True,2022Q2
SHB,2022-05-10,PANIC70_ANY,71.0,71.0,20.0,20.2,1.27,7.93,-20.43,4.41,-9.66,-6.31,-2.09,-0.95,-1.64,-2.61,-2.87,2.77,6.3,7.25,-8.0,3.05,True,-9.66,1.39,True,2022Q2
SHB,2022-05-12,WATCH,69.3,69.3,20.0,25.1,1.27,7.32,-13.8,13.93,-5.0,7.65,7.19,7.07,4.37,0.4,-0.65,10.66,9.22,8.84,-13.8,-13.12,True,-13.8,-13.12,True,2022Q2
SHB,2022-06-15,WATCH,40.3,40.3,25.0,28.8,1.33,7.21,-8.04,20.39,-6.71,0.42,3.54,4.57,7.77,11.44,12.65,5.55,3.72,3.12,5.55,3.12,False,5.55,3.12,False,2022Q2
SHB,2022-09-19,WATCH,45.4,45.4,0.0,17.0,1.29,7.08,-37.85,2.4,-5.0,-3.81,-0.06,1.03,-15.11,-2.87,0.66,-5.37,8.22,12.13,-8.0,0.5,True,-5.0,-0.99,True,2022Q3
SHB,2022-10-07,PANIC70_ANY,73.3,73.3,20.0,21.6,1.28,5.37,-18.06,35.01,-5.0,14.34,11.21,10.34,6.52,10.88,12.09,18.99,16.62,15.96,-8.94,-10.84,True,-8.94,-10.84,True,2022Q4
SHB,2023-09-25,WATCH,40.5,40.5,15.0,19.2,1.21,7.98,-9.27,7.64,-5.0,-4.14,-1.28,-0.69,-3.63,0.28,1.09,-2.76,1.99,2.97,-8.0,2.01,True,-5.0,-1.56,True,2023Q3
SHB,2026-07-20,WATCH,44.5,44.5,0.0,18.2,0.79,11.8,-9.75,3.81,-5.0,-3.39,-0.34,-0.99,-1.69,-1.61,-1.63,,,,-8.0,-9.17,True,-5.08,-2.68,True,2026Q3
SHB,2020-05-29,ENTRY_V2,19.9,78.5,60.0,29.8,0.8,5.5,-29.27,20.73,-12.0,17.09,13.53,14.23,-6.36,-1.81,-2.71,-2.18,-2.15,-2.16,-8.0,-3.95,True,-12.0,-7.95,True,2020Q2
SHB,2020-06-01,ENTRY_V2_LOOSE,13.1,78.5,40.0,31.4,0.8,5.5,-29.27,20.73,-12.0,15.09,12.79,13.26,-7.09,-0.94,-2.18,-2.91,-2.33,-2.45,-8.0,-3.09,True,-12.0,-7.09,True,2020Q2
SHB,2021-02-05,ENTRY_V2,15.0,80.0,60.0,38.4,1.3,6.29,-7.47,81.4,-12.0,-1.91,-6.16,-7.44,11.13,6.03,4.5,78.7,66.72,63.15,78.7,63.15,False,78.7,63.15,False,2021Q1
SHB,2021-02-17,ENTRY_V2_LOOSE,,80.0,55.0,41.8,1.28,6.4,-4.84,110.78,-12.0,-2.34,-3.06,-3.27,19.69,15.9,14.82,97.81,89.55,87.21,97.81,87.21,False,97.81,87.21,False,2021Q1
SHB,2022-05-18,ENTRY_V2_LOOSE,11.5,71.0,40.0,37.5,1.3,7.43,-10.77,12.25,-12.0,8.61,3.89,2.47,-4.31,-6.4,-7.02,6.46,3.1,2.09,-8.0,-8.64,True,6.46,2.09,False,2022Q2
SHB,2022-10-13,ENTRY_V2_LOOSE,49.7,73.3,40.0,25.6,1.28,5.69,-22.67,27.42,-12.0,-3.69,0.38,1.5,-6.15,4.06,6.87,13.36,14.19,14.42,-8.0,-0.16,True,-12.3,5.84,True,2022Q4
SHB,2019-01-02,CONTROL_RSI,5.0,5.0,,33.3,1.12,2.34,-4.27,15.38,-5.0,-2.99,-3.95,-4.07,0.0,-2.35,-2.63,5.56,-5.36,-6.69,5.56,-6.69,False,5.56,-6.69,False,2019Q1
SHB,2019-04-04,CONTROL_RSI,5.0,5.0,,33.3,1.18,2.47,-11.74,1.21,-5.0,-1.21,-0.81,-0.73,-2.83,1.21,1.94,-10.53,-9.12,-8.87,-10.53,-9.66,True,-10.53,-9.66,True,2019Q2
SHB,2019-05-09,CONTROL_RSI,5.0,5.0,,33.3,1.11,2.4,-13.33,1.67,-9.6,-1.25,-4.0,-4.31,-3.75,-4.58,-4.68,-10.83,-15.12,-15.61,-8.0,-7.15,True,-9.6,-13.78,True,2019Q2
SHB,2019-06-06,CONTROL_RSI,23.2,23.2,,27.3,1.11,2.27,-14.1,1.76,-5.0,0.0,-0.21,-0.23,-2.64,-5.13,-5.41,-9.69,-13.1,-13.47,-8.0,-12.67,True,-5.0,-9.01,True,2019Q2
SHB,2019-07-04,CONTROL_RSI,0.8,0.8,,35.0,1.09,2.21,-11.76,2.71,-5.0,-1.36,-1.6,-1.62,-3.17,-5.02,-5.18,-3.17,-5.58,-5.79,-8.0,-8.71,True,-5.0,-7.08,True,2019Q3
SHB,2019-08-06,CONTROL_RSI,30.0,30.0,,24.0,0.96,2.08,-6.25,7.69,-5.0,0.0,-0.18,-0.17,-3.37,-4.36,-4.32,2.88,-0.39,-0.24,2.88,-0.24,False,-6.25,-9.22,True,2019Q3
SHB,2019-11-22,CONTROL_RSI,23.2,23.2,,27.3,0.73,2.08,-7.69,47.12,-5.0,-7.69,-5.8,-6.31,-3.37,-1.48,-1.99,37.98,44.95,43.08,37.98,43.08,False,-5.0,-4.47,True,2019Q4
SHB,2020-05-04,CONTROL_RSI,19.3,19.3,,28.6,0.89,6.09,-36.12,12.97,-8.94,11.66,2.21,3.29,-9.69,-24.31,-22.64,-27.75,-34.32,-33.57,-8.0,-16.56,True,-8.94,-17.5,True,2020Q2
SHB,2020-06-01,CONTROL_RSI,13.1,13.1,,31.4,0.8,5.5,-29.27,20.73,-12.0,15.09,12.79,13.26,-7.09,-0.94,-2.18,-2.91,-2.33,-2.45,-8.0,-3.09,True,-12.0,-7.09,True,2020Q2
SHB,2020-06-29,CONTROL_RSI,34.2,34.2,,28.8,0.86,5.19,-25.05,18.11,-5.06,-0.77,-3.96,-3.53,-15.22,-12.43,-12.81,17.34,8.28,9.52,-8.0,-10.76,True,-5.06,-7.82,True,2020Q2
SHB,2020-07-28,CONTROL_RSI,28.5,28.5,,29.7,0.96,4.44,-8.78,46.85,-12.0,14.19,8.81,9.01,18.69,8.83,9.2,38.96,19.48,20.23,38.96,20.23,False,38.96,20.23,False,2020Q3
SHB,2021-02-03,CONTROL_RSI,29.8,29.8,,33.1,1.3,6.13,-5.06,86.13,-12.0,1.31,-4.21,-5.86,10.93,4.75,2.91,65.74,52.89,49.05,65.74,49.05,False,65.74,49.05,False,2021Q1
SHB,2021-06-21,CONTROL_RSI,14.6,14.6,,34.7,1.22,11.67,-13.71,20.39,-7.58,5.57,3.46,2.98,0.34,8.13,9.88,-3.34,-0.81,-0.24,-8.0,-0.5,True,-7.58,-0.09,True,2021Q2
SHB,2021-08-30,CONTROL_RSI,8.3,8.3,,32.2,1.15,11.93,-9.05,14.08,-5.0,-4.36,-5.55,-5.74,-3.6,-4.65,-4.81,5.28,-6.04,-7.78,-8.0,-9.0,True,-5.0,-6.15,True,2021Q3
SHB,2021-10-29,CONTROL_RSI,13.8,13.8,,30.4,1.22,12.19,-15.18,11.65,-7.74,9.93,8.31,7.97,5.66,2.85,2.25,-6.23,-8.68,-9.21,-8.0,-10.81,True,-7.74,-10.55,True,2021Q4
SHB,2021-12-14,CONTROL_RSI,30.5,30.5,,20.2,1.19,11.94,-13.4,8.29,-5.26,-6.95,-7.06,-7.08,-0.42,-1.78,-2.03,-1.09,-0.09,0.09,-8.0,-6.47,True,-5.26,-5.39,True,2021Q4
SHB,2022-02-28,CONTROL_RSI,2.7,2.7,,34.1,1.26,11.57,-45.46,3.89,-5.0,-3.28,-1.93,-1.58,0.0,-0.26,-0.32,-29.82,-15.86,-12.27,-8.0,-4.74,True,-5.0,-7.44,True,2022Q1
SHB,2022-04-08,CONTROL_RSI,36.1,36.1,,26.1,1.23,10.71,-41.08,0.75,-5.0,-9.43,-3.95,-2.71,-31.65,-14.91,-11.12,-32.87,-11.26,-6.38,-8.0,-1.28,True,-5.0,-0.44,True,2022Q2
SHB,2022-05-17,CONTROL_RSI,31.3,31.3,,32.5,1.28,7.19,-7.79,15.99,-12.0,12.93,10.65,10.0,-1.53,0.58,1.17,11.4,10.08,9.7,11.4,9.7,False,11.4,9.7,False,2022Q2
SHB,2022-06-14,CONTROL_RSI,30.3,30.3,,30.6,1.33,7.29,-9.05,19.07,-5.13,-3.29,1.74,3.39,7.0,11.65,13.18,4.8,3.38,2.91,-8.0,-6.5,True,-5.13,-3.63,True,2022Q2
SHB,2022-09-07,CONTROL_RSI,18.3,18.3,,29.0,1.27,7.91,-44.37,0.63,-5.0,-4.8,-4.37,-4.26,-25.66,-11.55,-7.79,-17.32,-0.15,4.43,-8.0,-6.28,True,-5.44,-4.39,True,2022Q3
SHB,2022-11-16,CONTROL_RSI,33.8,33.8,,34.4,1.36,5.24,-1.53,38.36,-12.0,4.01,4.55,4.75,27.86,17.12,13.25,18.51,7.35,3.33,18.51,3.33,False,18.51,3.33,False,2022Q4
SHB,2022-12-23,CONTROL_RSI,1.1,1.1,,34.6,1.38,6.36,-7.7,10.22,-5.0,0.47,-1.91,-2.81,6.29,-2.69,-6.08,4.87,1.48,0.19,4.87,0.19,False,-5.0,-8.25,True,2022Q4
SHB,2023-02-09,CONTROL_RSI,3.1,3.1,,34.0,1.36,6.24,-4.65,21.15,-5.0,-0.48,0.16,0.39,-0.48,0.75,1.2,14.26,15.0,15.27,14.26,15.27,False,14.26,15.27,False,2023Q1
SHB,2023-04-28,CONTROL_RSI,7.3,7.3,,32.6,1.28,6.91,-2.6,35.31,-5.9,2.32,1.26,0.96,4.49,1.39,0.54,31.11,16.65,12.65,31.11,12.65,False,31.11,12.65,False,2023Q2
SHB,2023-08-24,CONTROL_RSI,32.6,32.6,,20.0,1.15,8.77,-17.45,7.07,-5.0,4.56,0.69,0.11,-10.72,-6.43,-5.78,-6.96,-0.35,0.65,-8.0,-4.53,True,-5.0,-1.53,True,2023Q3
SHB,2023-09-27,CONTROL_RSI,39.5,39.5,,23.0,1.22,8.05,-10.06,6.71,-6.18,-5.47,-2.01,-1.25,-9.44,-0.92,0.96,-4.1,0.35,1.33,-8.0,-3.16,True,-6.18,-2.4,True,2023Q3
SHB,2023-10-26,CONTROL_RSI,21.9,21.9,,33.3,1.17,7.36,-0.95,23.1,-5.0,5.43,3.8,3.52,7.88,4.46,3.88,19.7,8.05,6.07,19.7,6.07,False,19.7,6.07,False,2023Q4
SHB,2023-12-05,CONTROL_RSI,9.1,9.1,,32.0,1.21,7.98,-3.63,13.53,-5.0,-1.0,-0.66,-0.58,4.01,1.09,0.47,8.15,-5.31,-8.14,8.15,-8.14,False,8.15,-8.14,False,2023Q4
SHB,2024-02-01,CONTROL_RSI,19.3,19.3,,28.6,1.22,8.45,-6.86,6.04,-5.0,2.13,-0.92,-1.59,0.36,-5.9,-7.27,0.83,-5.54,-6.93,0.83,-6.93,False,-5.0,-12.23,True,2024Q1
SHB,2024-03-12,CONTROL_RSI,9.1,9.1,,32.0,1.2,8.19,-3.91,8.91,-5.0,0.49,-0.3,-0.46,-0.85,-1.52,-1.66,3.17,0.44,-0.11,3.17,-0.11,False,3.17,-0.11,False,2024Q1
SHB,2024-04-11,CONTROL_RSI,21.0,21.0,,28.0,1.15,8.12,-3.08,9.85,-5.0,0.49,6.25,7.09,5.79,5.33,5.26,5.79,4.14,3.9,5.79,3.9,False,5.79,3.9,False,2024Q2
SHB,2024-06-26,CONTROL_RSI,7.9,7.9,,32.4,0.9,8.23,-6.2,7.05,-5.0,3.04,1.52,1.67,1.7,3.88,3.66,-4.74,-5.36,-5.29,-4.74,-5.29,False,-5.0,0.17,True,2024Q2
SHB,2024-08-01,CONTROL_RSI,7.3,7.3,,33.0,0.85,8.25,-6.42,3.76,-5.0,-3.64,-4.29,-4.19,-3.15,-8.76,-7.92,-3.64,-7.43,-6.86,-3.64,-6.86,False,-5.0,-4.62,True,2024Q3
SHB,2024-09-09,CONTROL_RSI,30.0,30.0,,21.2,0.87,7.87,-2.8,8.77,-5.0,0.0,0.86,0.75,3.43,3.26,3.28,-0.89,0.69,0.49,-0.89,0.49,False,-0.89,0.49,False,2024Q3
SHB,2024-10-21,CONTROL_RSI,5.0,5.0,,33.3,0.98,8.14,-6.51,0.49,-5.0,-2.33,-0.89,-0.93,-6.02,-0.16,-0.3,-5.65,-2.21,-2.29,-5.65,-2.29,False,-5.0,-0.3,True,2024Q4
SHB,2024-11-18,CONTROL_RSI,5.0,5.0,,33.3,0.98,7.72,-1.42,8.81,-5.0,1.55,-0.2,-0.17,1.55,-1.81,-1.74,7.9,2.34,2.46,7.9,2.46,False,7.9,2.46,False,2024Q4
SHB,2024-12-31,CONTROL_RSI,30.0,30.0,,23.5,0.99,7.8,-2.44,37.95,-5.0,-0.51,1.31,1.29,1.92,1.72,1.73,26.03,29.11,29.07,26.03,29.07,False,26.03,29.07,False,2024Q4
SHB,2025-07-01,CONTROL_RSI,1.1,1.1,,34.6,0.89,11.21,-0.45,71.01,-5.0,8.92,5.0,5.43,25.25,15.78,16.83,51.2,30.62,32.91,51.2,32.91,False,51.2,32.91,False,2025Q3
SHB,2025-09-22,CONTROL_RSI,3.8,3.8,,33.7,1.07,17.05,-12.73,6.63,-5.0,-2.29,-3.91,-4.03,-1.7,-3.43,-3.56,-8.09,-10.79,-10.99,-8.0,-10.98,True,-5.0,-6.75,True,2025Q3
SHB,2025-10-24,CONTROL_RSI,2.2,2.2,,34.8,1.25,16.16,-7.92,6.13,-5.0,-2.72,1.96,3.13,0.93,2.61,3.03,0.31,-10.83,-13.62,0.31,-13.62,False,-5.0,-1.72,True,2025Q4
SHB,2025-12-16,CONTROL_RSI,12.2,12.2,,30.9,1.2,15.72,-11.26,7.82,-5.0,5.98,-0.13,-1.37,2.48,-9.36,-11.76,-6.55,-4.63,-4.23,-8.78,-6.82,True,-5.0,-10.34,True,2025Q4
SHB,2026-01-30,CONTROL_RSI,26.1,26.1,,26.3,1.06,15.77,-11.54,1.9,-5.0,-4.69,-0.89,-0.68,-10.34,-0.94,-0.41,-10.59,-15.24,-15.51,-9.07,0.86,True,-5.0,-0.99,True,2026Q1
SHB,2026-03-17,CONTROL_RSI,11.5,11.5,,31.7,0.88,14.83,-11.67,4.86,-7.7,-0.34,3.16,2.73,3.84,-0.95,-0.36,-6.27,-10.99,-10.4,-8.0,-17.93,True,-7.7,-17.63,True,2026Q1
SHB,2026-05-04,CONTROL_RSI,22.6,22.6,,27.5,0.78,14.4,-22.92,0.0,-5.0,-2.78,-5.37,-4.8,-5.56,-4.12,-4.43,-20.83,-11.53,-13.56,-8.0,-10.54,True,-5.0,-7.52,True,2026Q2
SHB,2026-07-03,CONTROL_RSI,5.0,5.0,,33.3,0.72,13.65,-18.68,0.37,-5.0,-7.69,-3.81,-4.91,-12.82,-6.93,-8.59,-16.85,-10.23,-12.1,-8.0,-5.45,True,-5.0,-2.21,True,2026Q3
SHB,2026-07-31,CONTROL_RSI,11.7,11.7,,33.8,0.8,11.55,-7.79,6.06,-5.53,3.9,2.08,2.44,3.46,-1.27,-0.32,,,,-5.19,-5.84,False,-5.53,-6.18,True,2026Q3
SHB,2026-09-16,CONTROL_RSI,7.9,7.9,,32.4,0.82,11.4,-6.58,3.51,-5.0,1.75,3.29,3.02,,,,,,,-3.95,-1.95,False,-5.0,-3.0,True,2026Q3
SHB,2019-05-10,CONTROL_RANDOM,,,,50.0,1.11,2.4,-13.33,1.67,-9.54,-1.25,-4.93,-5.34,-5.42,-6.55,-6.68,-12.08,-14.29,-14.54,-8.0,-6.95,True,-9.54,-13.5,True,2019Q2
SHB,2019-07-29,CONTROL_RANDOM,,,,57.1,1.0,2.21,-11.76,0.0,-5.0,-5.88,-2.2,-2.18,-7.24,-4.78,-4.76,-4.52,-3.16,-3.15,-8.0,-5.78,True,-5.0,-2.16,True,2019Q3
SHB,2019-11-14,CONTROL_RANDOM,,,,56.0,0.73,2.14,-10.28,42.99,-5.0,-2.8,0.67,-0.26,-8.88,-4.26,-5.5,35.98,43.7,41.63,-8.0,-4.95,True,-5.0,-1.93,True,2019Q4
SHB,2019-12-17,CONTROL_RANDOM,,,,50.0,0.72,2.05,-3.41,153.17,-7.96,-1.95,-2.94,-2.66,19.02,16.63,17.3,126.34,150.05,143.43,126.34,143.43,False,126.34,143.43,False,2019Q4
SHB,2020-01-13,CONTROL_RANDOM,,,,78.0,0.9,2.34,-1.28,205.56,-12.0,2.56,0.48,0.7,22.65,26.62,26.21,202.14,221.7,219.69,202.14,219.69,False,202.14,219.69,False,2020Q1
SHB,2020-03-04,CONTROL_RANDOM,,,,91.3,0.55,4.68,-20.3,52.78,-12.0,-5.98,7.85,1.66,11.75,33.14,23.57,17.52,19.53,18.63,-15.17,-11.75,True,-15.17,-11.75,True,2020Q1
SHB,2020-04-07,CONTROL_RANDOM,,,,81.1,0.81,5.82,-22.34,22.85,-12.0,21.48,16.45,17.43,14.78,4.82,6.75,-13.57,-28.11,-25.3,-8.0,-20.3,True,-20.27,-33.64,True,2020Q2
SHB,2020-06-02,CONTROL_RANDOM,,,,31.0,0.8,5.5,-29.27,20.73,-12.0,15.82,13.16,13.69,-5.64,-1.85,-2.6,-4.18,-3.81,-3.88,-8.0,-3.29,True,-12.0,-7.29,True,2020Q2
SHB,2020-11-06,CONTROL_RANDOM,,,,51.5,1.2,6.33,-21.17,22.91,-9.3,5.53,4.61,4.43,6.16,-3.16,-5.04,-8.69,-22.85,-25.69,-8.0,-18.43,True,-9.3,-19.73,True,2020Q4
SHB,2020-12-21,CONTROL_RANDOM,,,,60.4,1.22,6.99,-28.61,13.02,-5.56,-3.29,-4.92,-5.27,-0.57,-5.46,-6.51,1.14,-6.25,-7.85,-8.0,-13.94,True,-5.56,-11.09,True,2020Q4
SHB,2021-01-13,CONTROL_RANDOM,,,,63.5,1.03,7.54,-33.82,48.54,-12.0,-7.29,-5.17,-5.11,-17.64,-16.37,-16.33,35.54,30.69,30.54,-8.0,-2.93,True,-12.0,-6.93,True,2021Q1
SHB,2021-02-09,CONTROL_RANDOM,,,,38.7,1.29,6.13,-0.65,120.07,-12.0,2.61,-0.45,-1.36,21.21,16.01,14.47,109.46,97.82,94.39,109.46,94.39,False,109.46,94.39,False,2021Q1
SHB,2021-05-21,CONTROL_RANDOM,,,,71.2,1.15,12.75,-21.02,13.25,-12.0,3.06,-0.09,-0.57,-8.78,-15.4,-16.4,-0.71,-7.19,-8.17,-8.0,-10.9,True,-12.0,-17.34,True,2021Q2
SHB,2021-05-31,CONTROL_RANDOM,,,,86.0,1.15,14.44,-30.26,0.0,-12.0,-13.23,-12.51,-12.39,-14.68,-20.74,-21.68,-19.18,-16.87,-16.51,-8.0,-10.55,True,-12.0,-11.17,True,2021Q2
SHB,2021-06-07,CONTROL_RANDOM,,,,54.7,1.19,14.09,-28.53,0.0,-12.0,-14.12,-15.01,-15.17,-8.3,-8.26,-8.25,-15.61,-13.85,-13.52,-8.0,-5.22,True,-12.0,-13.05,True,2021Q2
SHB,2021-06-24,CONTROL_RANDOM,,,,28.0,1.22,11.67,-13.71,20.39,-7.49,7.37,4.61,4.0,-2.23,5.97,7.79,-1.89,1.17,1.85,-8.0,-0.41,True,-7.49,0.1,True,2021Q2
SHB,2021-09-01,CONTROL_RANDOM,,,,32.2,1.14,11.67,-7.03,16.62,-5.0,-4.11,-4.62,-4.69,4.46,4.09,4.04,7.8,-3.25,-4.78,7.8,-4.78,False,-5.0,-5.43,True,2021Q3
SHB,2021-09-28,CONTROL_RANDOM,,,,48.8,1.05,11.41,-6.31,19.28,-6.3,14.81,10.72,10.51,7.98,0.53,0.15,0.7,-10.47,-11.04,0.7,-11.04,False,-6.3,-15.54,True,2021Q3
SHB,2021-12-29,CONTROL_RANDOM,,,,34.2,1.36,11.54,-10.4,12.05,-8.72,2.34,-0.18,-1.09,4.16,4.96,5.26,2.34,0.63,0.01,-8.0,-3.59,True,-8.72,-4.32,True,2021Q4
SHB,2022-01-14,CONTROL_RANDOM,,,,59.8,1.13,12.0,-19.17,7.75,-9.04,-8.25,-4.49,-4.0,-0.67,-1.66,-1.79,-19.17,-13.18,-12.4,-8.0,-3.98,True,-9.04,-5.02,True,2022Q1
SHB,2022-01-28,CONTROL_RANDOM,,,,57.0,1.13,12.18,-35.3,6.16,-12.0,-3.45,-1.66,-1.43,-7.64,-7.65,-7.65,-27.59,-18.37,-17.2,-8.0,-7.0,True,-12.0,-10.74,True,2022Q1
SHB,2022-02-08,CONTROL_RANDOM,,,,56.4,1.15,12.4,-37.74,4.27,-12.0,-2.58,-1.94,-1.85,-9.52,-7.66,-7.39,-37.5,-22.05,-19.8,-8.0,-7.48,True,-12.0,-13.62,True,2022Q1
SHB,2022-09-15,CONTROL_RANDOM,,,,28.0,1.28,7.53,-41.57,0.8,-5.0,-7.04,-3.81,-2.91,-21.91,-7.31,-3.24,-13.55,1.86,6.16,-8.5,-1.4,True,-5.98,-3.46,True,2022Q3
SHB,2022-12-06,CONTROL_RANDOM,,,,76.7,1.33,6.39,-8.14,9.7,-12.0,3.44,3.09,2.97,-0.47,-1.34,-1.62,-0.94,-1.82,-2.11,-8.0,-2.65,True,-0.94,-2.11,False,2022Q4
SHB,2023-01-18,CONTROL_RANDOM,,,,77.5,1.39,6.82,-12.76,10.85,-9.54,-5.87,-4.23,-3.59,-8.94,-5.12,-3.64,2.2,6.42,8.06,-8.0,-4.24,True,-9.54,-6.58,True,2023Q1
SHB,2023-03-16,CONTROL_RANDOM,,,,53.8,1.32,6.27,-2.71,23.44,-5.26,2.87,3.5,3.69,16.11,16.15,16.17,22.97,16.89,14.94,22.97,14.94,False,22.97,14.94,False,2023Q1
SHB,2023-04-11,CONTROL_RANDOM,,,,76.0,1.29,7.4,-10.68,13.38,-12.0,-5.81,-3.7,-3.08,-4.46,-3.91,-3.75,12.16,4.94,2.83,-8.0,-4.35,True,12.16,2.83,False,2023Q2
SHB,2023-05-15,CONTROL_RANDOM,,,,54.2,1.24,7.1,-1.83,38.87,-6.35,3.38,3.63,3.69,6.06,1.01,-0.22,35.35,19.09,15.13,35.35,15.13,False,35.35,15.13,False,2023Q2
SHB,2023-09-27,CONTROL_RANDOM,,,,23.0,1.22,8.05,-10.06,6.71,-6.18,-5.47,-2.01,-1.25,-9.44,-0.92,0.96,-4.1,0.35,1.33,-8.0,-3.16,True,-6.18,-2.4,True,2023Q3
SHB,2023-10-17,CONTROL_RANDOM,,,,36.2,1.2,7.69,-5.85,16.91,-5.0,-0.52,1.44,1.84,8.97,9.08,9.1,14.04,10.62,9.93,14.04,9.93,False,-5.0,2.3,True,2023Q4
SHB,2023-11-10,CONTROL_RANDOM,,,,62.4,1.2,8.09,-4.94,11.99,-10.97,0.37,0.37,0.37,0.0,-1.98,-2.36,3.58,-4.1,-5.6,3.58,-5.6,False,3.58,-5.6,False,2023Q4
SHB,2024-02-01,CONTROL_RANDOM,,,,28.6,1.22,8.45,-6.86,6.04,-5.0,2.13,-0.92,-1.59,0.36,-5.9,-7.27,0.83,-5.54,-6.93,0.83,-6.93,False,-5.0,-12.23,True,2024Q1
SHB,2024-03-26,CONTROL_RANDOM,,,,42.1,1.14,8.34,-5.64,6.95,-5.38,-2.16,-1.0,-0.84,-3.48,2.85,3.74,-0.84,1.48,1.8,-0.84,1.8,False,-5.38,4.28,True,2024Q1
SHB,2024-03-28,CONTROL_RANDOM,,,,47.2,1.13,8.41,-6.42,6.06,-6.11,-3.8,-0.9,-0.51,0.83,6.74,7.52,-2.62,-0.02,0.33,-2.62,0.33,False,-6.11,4.0,True,2024Q1
SHB,2025-03-07,CONTROL_RANDOM,,,,56.6,0.83,8.45,-1.3,40.71,-5.0,11.83,11.48,11.54,11.83,26.76,24.29,36.21,36.34,36.32,36.21,36.32,False,36.21,36.32,False,2025Q1
SHB,2025-06-19,CONTROL_RANDOM,,,,48.4,0.89,11.34,-1.94,69.05,-5.0,-0.35,-1.59,-1.46,9.26,-1.27,-0.16,58.2,34.12,36.65,58.2,36.65,False,58.2,36.65,False,2025Q2
SHB,2025-08-01,CONTROL_RANDOM,,,,79.0,0.96,15.18,0.0,26.28,-12.0,9.75,2.82,3.13,23.72,11.13,11.7,9.09,-3.8,-3.22,9.09,-3.22,False,9.09,-3.22,False,2025Q3
SHB,2025-09-19,CONTROL_RANDOM,,,,42.4,1.07,17.49,-14.92,3.95,-5.01,-5.32,-5.91,-5.95,-5.03,-3.81,-3.72,-10.41,-9.76,-9.72,-8.0,-8.44,True,-5.01,-5.06,True,2025Q3
SHB,2025-09-30,CONTROL_RANDOM,,,,35.5,1.12,16.66,-10.68,9.12,-5.01,2.34,0.37,0.13,-0.6,-1.85,-2.0,0.0,-7.08,-7.92,-8.0,-7.13,True,-5.01,-4.18,True,2025Q3
SHB,2026-06-12,CONTROL_RANDOM,,,,52.8,0.73,13.9,-20.14,1.44,-5.0,-1.44,-4.41,-3.6,-9.35,-9.15,-9.2,-15.47,-16.85,-16.47,-8.0,-7.85,True,-5.0,-6.77,True,2026Q2
GVR,2019-09-10,WATCH,46.8,46.8,10.0,13.2,0.64,11.66,-9.01,11.32,-5.0,4.55,1.91,2.85,3.0,1.12,1.79,-5.23,-4.85,-4.99,-8.0,-6.93,True,-5.0,-6.94,True,2019Q3
GVR,2019-12-03,PANIC70_ANY,73.9,73.9,15.0,20.8,0.75,10.79,-22.8,14.55,-5.0,0.0,-0.97,-0.73,-8.16,-9.64,-9.27,2.41,8.62,7.07,-8.0,-8.54,True,-5.0,-5.54,True,2019Q4
GVR,2019-12-18,WATCH,41.4,41.4,0.0,22.5,0.86,10.52,-34.41,17.49,-5.0,-10.84,-11.68,-11.55,-4.94,-7.93,-7.49,-30.8,-0.47,-4.85,-8.0,-8.79,True,-5.0,-5.79,True,2019Q4
GVR,2020-03-19,WATCH,45.3,45.3,0.0,35.2,0.87,8.59,-19.67,41.91,-6.63,-13.62,-9.16,-9.75,9.2,0.08,1.28,26.54,9.26,11.54,-15.83,-7.57,True,-15.83,-7.57,True,2020Q1
GVR,2020-03-25,PANIC70_ANY,72.0,72.0,0.0,25.7,0.89,7.72,-10.62,57.9,-11.43,-1.17,-3.02,-2.81,13.08,0.36,1.8,42.49,16.48,19.42,-8.0,-4.56,True,42.49,19.42,False,2020Q1
GVR,2020-06-30,WATCH,43.4,43.4,0.0,23.5,0.92,9.69,-11.35,17.65,-5.0,5.47,1.02,1.37,-7.22,-2.77,-3.12,14.86,5.09,5.85,-9.08,-7.49,True,-5.0,-0.27,True,2020Q2
GVR,2020-07-27,PANIC70_ANY,73.7,73.7,0.0,20.6,0.94,8.81,-2.5,58.68,-5.0,3.97,-1.22,-0.88,16.91,5.8,6.52,48.24,28.88,30.13,48.24,30.13,False,48.24,30.13,False,2020Q3
GVR,2020-07-29,WATCH,59.2,59.2,0.0,22.2,0.93,8.94,-3.91,56.38,-5.38,3.91,-1.59,-1.2,21.14,11.28,11.98,47.65,26.92,28.39,47.65,28.39,False,47.65,28.39,False,2020Q3
GVR,2021-01-29,WATCH,58.6,58.6,0.0,34.8,1.04,22.08,-10.01,30.8,-5.0,-0.23,-2.74,-2.84,22.46,11.9,11.48,5.39,-12.97,-13.68,5.39,-13.68,False,-5.0,-23.87,True,2021Q1
GVR,2021-02-02,PANIC70_ANY,78.9,78.9,0.0,23.8,1.06,22.17,-5.82,30.27,-12.0,6.63,0.09,-0.32,20.3,12.44,11.94,2.26,-13.85,-14.88,2.26,-14.88,False,2.26,-14.88,False,2021Q1
GVR,2021-04-22,WATCH,48.7,48.7,0.0,15.4,1.24,21.43,-2.57,61.83,-5.0,8.4,7.18,6.88,15.91,9.28,7.69,32.2,28.44,27.54,32.2,27.54,False,32.2,27.54,False,2021Q2
GVR,2021-07-12,WATCH,40.1,40.1,25.0,33.8,1.27,27.23,-4.08,38.49,-5.0,4.04,5.81,6.3,18.22,13.11,11.73,29.05,23.67,22.22,29.05,22.22,False,29.05,22.22,False,2021Q3
GVR,2021-11-22,WATCH,42.6,42.6,0.0,25.4,1.58,32.9,-17.05,14.35,-5.0,10.24,8.09,6.84,7.11,4.94,3.67,-2.71,-7.2,-9.81,-8.0,-7.09,True,-5.0,-5.61,True,2021Q4
GVR,2022-01-17,WATCH,42.3,42.3,0.0,22.2,1.45,30.28,-9.87,16.68,-5.0,-3.53,-6.33,-7.58,5.71,1.25,-0.74,0.46,4.25,5.95,-9.87,-13.92,True,-5.0,-5.04,True,2022Q1
GVR,2022-04-22,WATCH,45.7,45.7,0.0,35.8,1.46,27.11,-29.32,3.43,-5.39,-3.28,-1.17,-0.21,-12.62,-4.68,-1.07,-17.93,-4.6,1.47,-9.33,2.09,True,-5.39,-0.27,True,2022Q2
GVR,2022-04-25,PANIC70_ANY,76.3,76.3,0.0,24.7,1.43,24.77,-22.65,10.58,-5.0,6.42,0.56,-1.94,-4.36,-3.05,-2.49,-10.58,-3.81,-0.92,-10.17,-11.08,True,-5.0,-3.25,True,2022Q2
GVR,2022-09-29,WATCH,47.7,47.7,10.0,20.1,1.38,18.97,-52.98,3.22,-5.0,-18.19,-11.08,-8.37,-26.67,-18.8,-15.8,-27.41,-18.91,-15.67,-8.0,-3.41,True,-5.0,-0.41,True,2022Q3
GVR,2022-10-12,PANIC70_ANY,70.3,70.3,0.0,16.5,1.4,15.35,-41.89,7.23,-12.0,1.3,-0.93,-1.82,-22.48,-13.97,-10.57,-9.97,-11.52,-12.15,-8.0,-1.35,True,-12.0,-5.35,True,2022Q4
GVR,2022-11-04,WATCH,43.1,43.1,45.0,24.3,1.49,12.81,-30.37,28.88,-5.0,-19.44,-14.52,-12.08,16.86,6.36,1.16,10.85,3.16,-0.64,-8.0,-2.68,True,-5.0,1.42,True,2022Q4
GVR,2023-08-21,WATCH,41.2,41.2,15.0,25.0,1.5,18.33,-13.86,24.06,-5.0,8.13,6.4,5.53,21.44,19.01,17.78,4.96,9.9,12.38,-8.0,11.77,True,-5.0,12.96,True,2023Q3
GVR,2023-10-31,WATCH,46.0,46.0,10.0,26.8,1.57,16.22,-2.65,32.49,-5.0,16.52,8.32,3.62,19.54,12.37,8.27,25.89,12.16,4.29,25.89,4.29,False,25.89,4.29,False,2023Q4
GVR,2024-04-19,WATCH,43.7,43.7,0.0,30.6,1.51,28.23,-6.41,34.96,-7.33,3.79,1.04,-0.37,15.59,7.37,3.16,24.73,17.07,13.14,24.73,13.14,False,24.73,13.14,False,2024Q2
GVR,2024-08-05,WATCH,45.3,45.3,0.0,25.9,1.66,30.57,-2.85,17.93,-6.57,5.76,3.01,1.2,8.31,2.41,-1.49,5.14,-0.46,-4.15,5.14,-4.15,False,5.14,-4.15,False,2024Q3
GVR,2025-01-07,WATCH,48.0,48.0,0.0,18.2,1.72,27.9,-15.38,25.81,-5.0,-0.36,0.44,1.02,1.58,-0.09,-1.29,-9.53,-3.29,1.21,-9.0,6.65,True,-9.0,6.65,True,2025Q1
GVR,2025-04-03,WATCH,47.3,47.3,0.0,30.3,1.2,27.26,-21.53,17.17,-5.0,-5.25,-12.33,-13.76,-3.96,-13.49,-15.42,7.04,-12.16,-16.05,-13.39,-6.64,True,-13.39,-6.64,True,2025Q2
GVR,2025-04-04,PANIC70_ANY,72.1,72.1,10.0,25.3,1.26,25.39,-15.75,25.8,-5.0,-5.24,-9.9,-11.11,3.47,-4.56,-6.65,13.78,-4.44,-9.18,-8.0,-11.99,True,-5.0,-10.3,True,2025Q2
GVR,2026-03-20,WATCH,48.0,48.0,10.0,25.7,0.94,29.7,-3.7,34.68,-5.0,11.45,9.46,9.58,11.11,-1.59,-0.79,19.7,7.41,8.18,19.7,8.18,False,19.7,8.18,False,2026Q1
GVR,2026-07-13,WATCH,40.7,40.7,10.0,22.4,0.96,29.7,-13.97,17.51,-5.0,-7.91,-4.42,-4.56,5.72,6.83,6.79,,,,-8.0,-4.64,True,-5.0,-2.34,True,2026Q3
GVR,2019-12-11,ENTRY_V2_LOOSE,36.8,73.9,50.0,19.5,0.81,10.79,-30.95,14.55,-5.0,-2.5,-1.35,-1.57,-8.99,-9.52,-9.42,-30.95,-0.15,-5.97,-8.0,-7.67,True,-5.0,-4.67,True,2019Q4
GVR,2020-01-03,ENTRY_V2,,71.9,65.0,40.9,0.68,10.7,-35.51,15.51,-12.0,-7.38,-7.7,-7.6,-11.5,-8.17,-9.22,-8.6,10.68,4.59,-8.22,-7.24,True,-12.0,-11.02,True,2020Q1
GVR,2020-04-09,ENTRY_V2_LOOSE,,72.0,55.0,45.4,0.87,8.72,-3.44,39.79,-12.0,8.6,4.58,5.12,25.69,15.64,17.0,17.2,3.46,5.31,17.2,5.31,False,17.2,5.31,False,2020Q2
GVR,2020-04-10,ENTRY_V2,,70.4,75.0,63.1,0.86,9.47,-11.09,28.72,-12.0,-0.95,-5.14,-4.56,16.68,7.35,8.64,7.92,-5.38,-3.55,-10.14,-10.81,True,7.92,-3.55,False,2020Q2
GVR,2020-08-10,ENTRY_V2,10.5,73.7,65.0,39.8,0.91,9.86,-4.87,45.54,-12.0,-1.72,-1.58,-1.6,10.24,5.32,5.75,44.62,33.75,34.69,44.62,34.69,False,44.62,34.69,False,2020Q3
GVR,2021-02-17,ENTRY_V2_LOOSE,17.0,78.9,55.0,31.7,1.13,25.25,-17.31,14.38,-12.0,5.27,4.55,4.46,11.84,8.05,7.58,-9.66,-17.92,-18.96,-8.0,-15.93,True,-12.0,-18.88,True,2021Q1
GVR,2021-02-23,ENTRY_V2,,78.9,80.0,55.5,1.15,27.78,-24.84,3.96,-12.0,-1.98,-2.2,-2.23,-6.8,-4.9,-4.62,-10.26,-19.86,-21.27,-8.0,-5.94,True,-12.0,-9.86,True,2021Q1
GVR,2022-05-17,ENTRY_V2_LOOSE,29.5,74.6,55.0,32.9,1.34,22.06,-13.15,19.49,-12.0,7.39,5.1,4.33,-2.36,-0.25,0.46,6.12,4.79,4.34,-8.0,-1.56,True,-12.92,-4.97,True,2022Q2
GVR,2022-05-24,ENTRY_V2,9.8,74.6,60.0,31.7,1.31,22.62,-15.3,16.53,-12.0,3.93,-0.99,-2.54,-9.9,-4.31,-2.56,1.46,-1.51,-2.44,-8.0,-5.75,True,-12.0,-4.99,True,2022Q2
GVR,2019-04-11,CONTROL_RSI,21.9,21.9,,31.5,0.3,9.85,-8.83,26.29,-5.0,-4.47,-2.56,-3.89,0.0,0.91,0.27,20.1,20.71,20.29,-8.83,-7.81,True,-5.0,-4.43,True,2019Q2
GVR,2019-07-03,CONTROL_RSI,9.2,9.2,,31.9,0.4,11.23,-0.8,34.64,-12.0,5.34,3.59,4.63,13.8,10.1,12.31,6.95,3.2,5.43,6.95,5.43,False,6.95,5.43,False,2019Q3
GVR,2019-09-05,CONTROL_RSI,14.0,14.0,,33.2,0.62,12.63,-14.57,2.77,-9.98,-4.91,-5.87,-5.51,-3.48,-4.48,-4.11,-5.54,-4.82,-5.09,-8.0,-7.52,True,-9.98,-11.32,True,2019Q3
GVR,2019-10-21,CONTROL_RSI,0.1,0.1,,35.0,0.99,11.75,-26.89,10.47,-5.0,7.49,6.23,6.25,2.21,-0.31,-0.28,-17.19,-15.57,-15.59,-8.0,-9.53,True,-5.0,-6.53,True,2019Q4
GVR,2019-11-18,CONTROL_RSI,19.6,19.6,,28.5,0.7,12.01,-30.64,7.33,-5.0,0.75,3.35,2.56,-9.49,-4.62,-6.1,-13.82,-6.43,-8.68,-8.0,-4.57,True,-5.0,-1.98,True,2019Q4
GVR,2019-12-16,CONTROL_RSI,30.5,30.5,,25.8,0.83,11.05,-34.57,11.86,-6.02,-16.65,-16.28,-16.34,-11.95,-12.47,-12.38,-32.13,-4.25,-8.92,-8.0,-7.74,True,-6.02,-5.14,True,2019Q4
GVR,2020-03-20,CONTROL_RSI,35.9,35.9,,33.5,0.89,7.56,-8.73,61.24,-5.0,-3.7,0.98,0.45,15.48,5.1,6.27,42.72,19.62,22.22,-8.0,-3.85,True,-5.0,-0.85,True,2020Q1
GVR,2020-06-29,CONTROL_RSI,38.1,38.1,,23.5,0.92,10.0,-14.1,14.0,-5.0,2.2,-0.99,-0.74,-7.1,-4.31,-4.53,11.3,2.24,2.97,-8.0,-2.33,True,-7.9,-2.23,True,2020Q2
GVR,2020-07-28,CONTROL_RSI,37.0,37.0,,30.5,0.93,8.77,-2.05,59.41,-5.0,6.5,1.12,1.47,18.93,9.06,9.71,49.94,30.46,31.75,49.94,31.75,False,49.94,31.75,False,2020Q3
GVR,2021-02-04,CONTROL_RSI,37.8,37.8,,29.8,1.09,23.41,-10.81,23.37,-12.0,10.42,5.16,4.67,21.4,15.41,14.85,6.11,-7.73,-9.02,-8.0,-8.01,True,6.11,-9.02,False,2021Q1
GVR,2021-04-01,CONTROL_RSI,0.5,0.5,,34.8,1.21,26.4,-20.91,28.75,-12.0,-0.68,-1.16,-1.26,-12.01,-14.51,-15.04,21.93,7.02,3.87,-8.0,-9.28,True,-12.0,-13.28,True,2021Q2
GVR,2021-05-04,CONTROL_RSI,16.1,16.1,,34.6,1.23,23.0,-3.83,50.78,-11.75,8.0,6.04,5.58,11.39,3.67,1.87,30.57,27.96,27.36,30.57,27.36,False,30.57,27.36,False,2021Q2
GVR,2021-07-16,CONTROL_RSI,11.7,11.7,,33.5,1.31,27.59,-3.33,36.68,-8.33,8.34,10.38,11.03,24.03,18.52,16.78,27.04,19.91,17.67,27.04,17.67,False,27.04,17.67,False,2021Q3
GVR,2021-09-23,CONTROL_RSI,5.5,5.5,,33.2,1.52,34.36,-6.43,17.78,-7.1,-3.35,-2.03,-1.34,4.19,1.49,0.08,4.05,-5.35,-10.25,4.05,-10.25,False,4.05,-10.25,False,2021Q3
GVR,2022-01-12,CONTROL_RSI,5.2,5.2,,33.3,1.39,34.68,-21.31,1.87,-7.2,-12.4,-9.41,-8.23,-8.36,-8.2,-8.13,-2.97,0.47,1.82,-8.0,-2.68,True,-7.2,-1.89,True,2022Q1
GVR,2022-03-25,CONTROL_RSI,2.7,2.7,,34.1,1.34,31.92,-38.94,10.68,-5.18,6.89,4.59,3.81,-16.54,-6.54,-3.12,-33.52,-13.29,-6.38,-8.0,2.82,True,-7.61,3.21,True,2022Q1
GVR,2022-04-29,CONTROL_RSI,34.4,34.4,,32.5,1.39,27.01,-29.06,0.0,-12.0,-14.88,-10.16,-8.31,-12.96,-8.08,-6.18,-20.07,-7.25,-2.24,-9.0,0.83,True,-12.0,-2.18,True,2022Q2
GVR,2022-06-21,CONTROL_RSI,30.1,30.1,,34.9,1.35,21.03,-8.89,21.54,-10.49,1.76,-1.46,-2.6,5.8,4.61,4.19,9.32,4.75,3.13,-8.65,-7.09,True,9.32,3.13,False,2022Q2
GVR,2022-08-22,CONTROL_RSI,17.5,17.5,,29.2,1.36,21.82,-59.12,17.14,-5.0,14.16,12.09,11.34,1.1,4.19,5.31,-49.86,-27.19,-18.98,-8.0,5.84,True,-5.0,3.6,True,2022Q3
GVR,2022-09-21,CONTROL_RSI,34.9,34.9,,23.3,1.39,21.59,-58.68,3.71,-5.0,-9.54,-3.35,-0.94,-27.98,-16.16,-11.54,-30.66,-18.58,-13.87,-8.0,0.6,True,-5.0,-1.99,True,2022Q3
GVR,2022-10-19,CONTROL_RSI,31.5,31.5,,28.8,1.41,15.83,-43.65,1.26,-12.0,-12.7,-10.03,-8.95,-30.89,-22.66,-19.32,-11.81,-12.19,-12.35,-9.1,0.22,True,-12.0,-2.68,True,2022Q4
GVR,2023-02-13,CONTROL_RSI,10.0,10.0,,34.1,1.51,13.63,-2.49,21.79,-5.27,8.07,4.52,2.72,0.66,1.14,1.38,18.27,16.19,15.13,18.27,15.13,False,18.27,15.13,False,2023Q1
GVR,2023-04-25,CONTROL_RSI,1.0,1.0,,34.7,1.55,14.49,-0.69,49.0,-5.0,7.32,5.44,4.4,20.57,16.6,14.42,47.0,31.84,23.5,47.0,23.5,False,47.0,23.5,False,2023Q2
GVR,2023-08-18,CONTROL_RSI,39.2,39.2,,25.9,1.51,18.71,-15.61,21.54,-5.0,3.58,1.48,0.41,18.49,14.32,12.2,1.82,6.45,8.8,-8.0,11.08,True,-5.0,9.92,True,2023Q3
GVR,2023-09-26,CONTROL_RSI,34.6,34.6,,34.2,1.58,18.33,-13.86,14.89,-5.0,2.07,3.05,3.61,7.31,10.65,12.59,5.24,8.66,10.64,-8.0,7.47,True,-5.0,8.5,True,2023Q3
GVR,2023-11-01,CONTROL_RSI,35.3,35.3,,28.9,1.57,16.84,0.0,27.61,-9.34,12.23,6.01,2.45,16.03,11.69,9.21,24.41,12.29,5.36,24.41,5.36,False,24.41,5.36,False,2023Q4
GVR,2024-04-15,CONTROL_RSI,17.8,17.8,,31.7,1.51,29.3,-9.83,30.03,-5.0,-1.64,-0.57,-0.02,12.01,7.18,4.71,28.36,23.34,20.78,-8.33,-2.9,True,-8.33,-2.9,True,2024Q2
GVR,2024-06-19,CONTROL_RSI,1.9,1.9,,34.4,1.49,32.72,-10.15,16.44,-5.0,7.49,9.26,10.13,7.61,8.19,8.47,4.19,7.51,9.13,-8.0,-2.2,True,-5.0,0.8,True,2024Q2
GVR,2024-07-29,CONTROL_RSI,2.5,2.5,,34.4,1.68,32.82,-10.42,9.84,-12.0,-6.7,-3.74,-1.73,4.02,1.35,-0.46,-2.07,-2.89,-3.44,-8.62,-7.19,True,-2.07,-3.44,False,2024Q3
GVR,2024-10-22,CONTROL_RSI,31.5,31.5,,31.2,1.73,33.07,-17.87,0.42,-5.0,-3.42,-2.48,-1.79,-8.16,-3.91,-0.81,-15.18,-12.96,-11.34,-8.0,-0.92,True,-5.0,-2.85,True,2024Q4
GVR,2024-11-26,CONTROL_RSI,9.9,9.9,,31.7,1.88,31.06,-12.56,4.44,-6.09,-3.67,-3.59,-3.53,-1.29,-3.92,-6.24,3.8,-1.55,-6.28,-8.0,-8.85,True,-6.09,-6.85,True,2024Q4
GVR,2024-12-26,CONTROL_RSI,14.0,14.0,,30.3,1.78,30.46,-10.83,15.23,-5.0,-4.83,-2.54,-0.75,-5.32,-3.55,-2.17,4.86,2.41,0.49,-8.0,-4.01,True,-5.0,-1.01,True,2024Q4
GVR,2025-08-29,CONTROL_RSI,27.3,27.3,,26.2,1.18,28.64,-15.68,6.04,-5.0,-2.58,-0.27,0.14,-4.12,-3.11,-2.93,-3.98,-3.88,-3.86,-8.0,-5.46,True,-5.0,-3.57,True,2025Q3
GVR,2025-10-02,CONTROL_RSI,19.7,19.7,,28.4,1.25,27.11,-10.92,8.74,-5.0,1.99,-3.83,-5.26,5.64,6.35,6.53,-5.94,-10.69,-11.85,-8.0,-6.87,True,-5.0,-3.87,True,2025Q4
GVR,2025-12-12,CONTROL_RSI,16.7,16.7,,31.2,0.96,25.3,-0.4,83.79,-5.0,5.14,-1.25,-0.97,43.68,28.57,29.24,34.39,30.26,30.44,34.39,30.44,False,34.39,30.44,False,2025Q4
GVR,2026-03-17,CONTROL_RSI,25.3,25.3,,32.8,0.91,33.05,-13.46,21.03,-6.21,-7.72,-4.22,-4.55,-0.15,-4.94,-4.49,6.81,2.09,2.54,-10.14,-3.43,True,-6.21,-2.49,True,2026Q1
GVR,2026-06-05,CONTROL_RSI,15.3,15.3,,29.9,1.01,34.2,-25.29,5.85,-5.0,3.22,4.47,4.48,-9.36,-10.53,-10.54,-7.31,-7.62,-7.62,-8.0,-9.18,True,-5.0,-7.75,True,2026Q2
GVR,2026-07-03,CONTROL_RSI,30.0,30.0,,25.0,0.99,32.6,-21.63,7.06,-5.0,-9.51,-5.63,-5.68,-13.5,-7.6,-7.68,0.46,7.08,6.99,-8.0,-4.17,True,-5.0,-2.63,True,2026Q3
GVR,2026-08-03,CONTROL_RSI,3.6,3.6,,33.8,1.01,28.3,-1.94,23.32,-11.63,10.95,10.48,10.47,11.31,6.32,6.26,,,,15.9,16.24,False,15.9,16.24,False,2026Q3
GVR,2019-03-25,CONTROL_RANDOM,,,,66.1,0.68,10.36,-13.32,20.08,-12.0,-0.77,-2.39,-1.87,-8.3,-9.01,-8.78,6.76,7.5,7.26,-8.0,-8.9,True,-12.0,-11.15,True,2019Q1
GVR,2019-04-02,CONTROL_RANDOM,,,,63.9,0.66,10.28,-12.65,21.01,-12.0,-1.65,-1.37,-1.46,-8.46,-5.7,-6.63,10.02,12.33,11.56,-8.0,-7.88,True,-12.65,-10.38,True,2019Q2
GVR,2019-06-04,CONTROL_RANDOM,,,,52.6,0.4,9.93,-0.81,52.27,-5.63,18.33,18.57,18.42,13.09,12.68,12.93,40.38,38.21,39.51,40.38,39.51,False,40.38,39.51,False,2019Q2
GVR,2019-06-13,CONTROL_RANDOM,,,,70.7,0.44,11.92,-16.69,26.85,-12.0,-3.61,-4.72,-4.1,-2.94,-5.76,-4.18,-0.67,-3.36,-1.86,-8.0,-8.49,True,-12.0,-12.49,True,2019Q2
GVR,2019-08-30,CONTROL_RANDOM,,,,36.5,0.6,13.15,-17.95,0.68,-5.0,-12.02,-10.54,-11.13,-5.32,-6.83,-6.23,-7.98,-7.17,-7.5,-8.0,-7.35,True,-5.0,-4.51,True,2019Q3
GVR,2020-03-03,CONTROL_RANDOM,,,,73.5,1.24,11.4,-39.47,6.93,-12.0,-24.65,-6.41,-2.01,-22.28,-7.65,-4.12,5.0,3.7,3.38,-19.21,0.65,True,-19.21,0.65,True,2020Q1
GVR,2020-05-20,CONTROL_RANDOM,,,,69.9,0.91,11.31,-24.05,7.78,-11.41,-1.15,-1.91,-1.84,-4.6,-4.64,-4.63,-14.68,-14.69,-14.69,-8.0,-8.91,True,-11.41,-8.69,True,2020Q2
GVR,2020-07-16,CONTROL_RANDOM,,,,53.2,0.92,10.48,-18.03,24.24,-6.18,-7.92,-2.85,-3.25,-8.78,-6.18,-6.38,19.85,13.85,14.33,-12.12,-2.81,True,-6.18,-1.5,True,2020Q3
GVR,2020-09-16,CONTROL_RANDOM,,,,62.7,1.0,11.14,-2.15,75.85,-8.58,-0.09,-1.33,-1.32,11.85,6.8,6.83,64.72,49.85,49.92,64.72,49.92,False,64.72,49.92,False,2020Q3
GVR,2020-12-17,CONTROL_RANDOM,,,,85.7,1.08,22.9,-13.23,37.38,-12.0,16.9,14.18,13.96,33.76,20.86,19.78,19.3,6.17,5.07,-8.0,-5.92,True,-12.0,-14.03,True,2020Q4
GVR,2020-12-29,CONTROL_RANDOM,,,,79.3,1.19,27.04,-26.52,16.35,-12.0,-3.74,-8.89,-9.86,-11.06,-4.16,-2.86,-3.22,-13.79,-15.79,-11.06,-2.86,True,-17.16,-12.49,True,2020Q4
GVR,2021-04-13,CONTROL_RANDOM,,,,43.9,1.21,24.93,-16.25,39.11,-5.0,-13.48,-12.42,-12.2,-6.46,-7.89,-8.19,8.46,4.0,3.07,-8.0,-7.79,True,-5.0,-4.79,True,2021Q2
GVR,2021-07-05,CONTROL_RANDOM,,,,73.7,1.21,33.8,-22.72,11.57,-11.93,-18.37,-10.32,-8.66,-8.28,-2.71,-1.56,-2.31,2.59,3.6,-8.0,-4.88,True,-11.93,-6.46,True,2021Q3
GVR,2021-08-26,CONTROL_RANDOM,,,,54.9,1.52,32.19,-1.43,25.72,-6.45,11.03,7.89,6.28,2.3,-0.64,-2.15,8.88,-3.61,-10.05,8.88,-10.05,False,8.88,-10.05,False,2021Q3
GVR,2021-09-01,CONTROL_RANDOM,,,,68.8,1.52,37.71,-14.74,7.32,-12.0,-8.04,-8.54,-8.81,-9.49,-9.86,-10.05,-8.78,-20.03,-25.92,-8.0,-8.77,True,-12.0,-12.59,True,2021Q3
GVR,2021-10-25,CONTROL_RANDOM,,,,69.7,1.54,36.73,-20.85,10.18,-7.31,7.13,2.29,-0.31,-4.57,-10.22,-13.25,-19.09,-23.23,-25.45,-8.0,-14.86,True,-7.31,-14.17,True,2021Q4
GVR,2021-12-28,CONTROL_RANDOM,,,,57.0,1.47,35.14,-22.34,4.81,-5.0,2.68,0.39,-0.68,-18.36,-16.77,-16.03,-9.56,-9.41,-9.34,-8.0,-3.92,True,-5.0,-6.58,True,2021Q4
GVR,2022-04-14,CONTROL_RANDOM,,,,48.4,1.45,32.29,-40.66,7.68,-6.43,-14.62,-8.42,-5.67,-32.42,-15.97,-8.65,-35.15,-15.05,-6.11,-8.67,1.17,True,-8.67,1.17,True,2022Q2
GVR,2022-06-06,CONTROL_RANDOM,,,,68.6,1.32,23.37,-18.01,12.79,-9.53,-1.03,3.23,4.6,-13.61,-5.53,-2.95,6.59,7.03,7.17,-9.63,-2.67,True,-9.63,-2.67,True,2022Q2
GVR,2022-07-14,CONTROL_RANDOM,,,,53.4,1.38,21.73,-32.26,17.63,-12.0,1.1,0.12,-0.25,6.9,0.21,-2.33,-32.26,-17.3,-11.63,-8.0,-1.35,True,-12.7,-6.75,True,2022Q3
GVR,2022-09-29,CONTROL_RANDOM,,,,20.1,1.38,18.97,-52.98,3.22,-5.0,-18.19,-11.08,-8.37,-26.67,-18.8,-15.8,-27.41,-18.91,-15.67,-8.0,-3.41,True,-5.0,-0.41,True,2022Q3
GVR,2023-02-08,CONTROL_RANDOM,,,,49.5,1.5,14.2,-6.76,13.52,-5.0,-0.35,0.75,1.3,2.39,3.71,4.38,9.15,10.68,11.44,9.15,11.44,False,-5.0,-1.3,True,2023Q1
GVR,2023-06-05,CONTROL_RANDOM,,,,73.8,1.73,17.47,-3.32,25.53,-12.0,1.09,-0.96,-2.45,11.51,8.6,6.47,13.45,3.96,-2.98,13.45,-2.98,False,13.45,-2.98,False,2023Q2
GVR,2023-06-26,CONTROL_RANDOM,,,,58.8,1.68,18.9,-7.57,20.32,-11.82,3.07,3.29,3.45,10.69,5.28,1.6,17.78,10.89,6.2,17.78,6.2,False,17.78,6.2,False,2023Q2
GVR,2023-07-17,CONTROL_RANDOM,,,,79.9,1.67,21.21,-17.63,7.21,-11.04,-1.37,-3.3,-4.6,-2.97,-8.15,-11.65,-5.66,-3.81,-2.57,-8.0,-8.68,True,-11.79,-12.72,True,2023Q3
GVR,2024-01-24,CONTROL_RANDOM,,,,43.4,1.55,20.42,-0.49,71.25,-5.0,14.59,14.64,14.67,36.83,30.08,26.38,43.49,40.42,38.75,43.49,38.75,False,43.49,38.75,False,2024Q1
GVR,2024-01-31,CONTROL_RANDOM,,,,62.2,1.55,21.93,0.0,59.46,-8.74,11.13,7.71,5.82,29.64,20.55,15.51,41.22,33.68,29.5,41.22,29.5,False,41.22,29.5,False,2024Q1
GVR,2024-02-06,CONTROL_RANDOM,,,,82.7,1.58,24.62,-1.79,42.04,-12.0,11.7,8.38,6.47,28.15,21.43,17.56,28.96,24.53,21.98,28.96,21.98,False,28.96,21.98,False,2024Q1
GVR,2024-08-09,CONTROL_RANDOM,,,,49.1,1.67,31.8,-3.4,13.36,-9.88,6.73,3.82,1.86,4.75,2.52,1.02,3.68,0.8,-1.14,3.68,-1.14,False,3.68,-1.14,False,2024Q3
GVR,2025-01-23,CONTROL_RANDOM,,,,33.6,1.6,28.2,-24.15,24.47,-5.0,2.8,1.54,0.78,16.77,13.11,10.93,-17.84,-15.26,-13.72,-9.96,6.06,True,-9.96,6.06,True,2025Q1
GVR,2025-04-21,CONTROL_RANDOM,,,,21.6,1.14,23.27,-8.08,37.26,-5.0,0.43,-1.64,-1.93,14.4,4.98,3.67,28.79,4.16,0.72,28.79,0.72,False,28.79,0.72,False,2025Q2
GVR,2025-05-19,CONTROL_RANDOM,,,,71.7,1.18,26.82,-2.57,21.14,-12.0,8.09,4.92,4.34,6.23,2.45,1.76,19.28,-4.56,-8.9,19.28,-8.9,False,19.28,-8.9,False,2025Q2
GVR,2025-05-29,CONTROL_RANDOM,,,,67.2,1.2,29.08,-8.46,13.41,-11.81,-3.89,-2.92,-2.73,2.89,0.76,0.34,0.0,-22.53,-27.02,-8.0,-5.55,True,0.0,-27.02,False,2025Q2
GVR,2025-06-25,CONTROL_RANDOM,,,,58.2,1.23,30.37,-9.09,8.59,-12.0,-3.92,-4.88,-5.1,2.73,-8.39,-10.93,-8.13,-27.55,-31.97,-8.0,-34.81,True,-8.13,-31.97,False,2025Q2
GVR,2025-06-26,CONTROL_RANDOM,,,,61.6,1.23,30.37,-9.09,8.59,-12.0,-4.87,-6.18,-6.47,1.28,-10.55,-13.24,-8.79,-28.23,-32.66,-8.0,-34.77,True,-8.79,-32.66,False,2025Q2
GVR,2025-07-15,CONTROL_RANDOM,,,,44.0,1.22,29.77,-11.76,10.78,-5.13,2.82,-0.77,-1.56,8.13,-2.26,-4.54,-7.12,-26.83,-31.14,-8.0,-24.85,True,-5.13,-18.0,True,2025Q3
GVR,2025-09-08,CONTROL_RANDOM,,,,32.9,1.16,28.39,-14.93,4.68,-5.0,2.25,-0.89,-1.41,-5.04,-8.46,-9.01,-2.25,-7.62,-8.5,-8.0,-8.49,True,-5.0,-6.65,True,2025Q3
GVR,2025-10-23,CONTROL_RANDOM,,,,45.8,1.18,25.83,-2.83,57.38,-8.29,10.88,13.56,14.04,7.63,9.4,9.72,50.99,38.59,36.38,50.99,36.38,False,50.99,36.38,False,2025Q4
GVR,2026-04-13,CONTROL_RANDOM,,,,65.4,1.01,33.0,-7.58,21.21,-9.81,-1.06,-4.33,-4.36,14.39,6.16,6.08,-7.27,-10.25,-10.28,-7.27,-10.28,False,-7.27,-10.28,False,2026Q2
GVR,2026-05-05,CONTROL_RANDOM,,,,58.0,0.99,35.3,-27.62,13.31,-10.87,4.25,3.34,3.35,-1.84,1.47,1.42,-24.22,-14.84,-14.97,-8.0,-7.51,True,-10.87,-8.89,True,2026Q2
KBC,2020-03-11,WATCH,40.1,40.1,10.0,30.4,0.83,9.64,-22.2,18.26,-5.0,-12.03,-5.33,-6.49,-7.05,-4.47,-4.92,15.15,-0.45,2.24,-8.0,-4.79,True,-5.08,-1.87,True,2020Q1
KBC,2020-03-16,PANIC70_ANY,74.4,74.4,0.0,21.0,0.91,8.7,-13.79,45.75,-5.0,-9.89,-0.93,-1.7,2.99,-4.35,-3.72,33.56,14.3,15.96,-8.0,-6.19,True,-5.0,-5.24,True,2020Q1
KBC,2020-07-31,WATCH,46.2,46.2,20.0,28.6,1.0,9.45,-1.16,20.63,-5.0,8.36,2.54,2.52,8.78,-1.86,-1.9,9.95,-8.83,-8.9,9.95,-8.9,False,9.95,-8.9,False,2020Q3
KBC,2021-05-18,WATCH,48.3,48.3,0.0,19.1,1.19,24.22,-7.27,26.96,-5.0,3.14,-1.8,-2.72,15.98,7.87,6.36,6.52,-1.69,-3.21,6.52,-3.21,False,-6.77,-9.53,True,2021Q2
KBC,2021-07-12,WATCH,50.6,50.6,0.0,21.9,1.2,24.0,-5.0,46.54,-9.36,1.58,3.36,3.72,11.88,6.77,5.73,43.75,38.37,37.27,43.75,37.27,False,43.75,37.27,False,2021Q3
KBC,2022-01-18,WATCH,53.6,53.6,0.0,29.6,1.47,38.25,-17.93,16.47,-5.0,7.06,4.08,2.68,12.37,7.25,4.85,-17.93,-13.18,-10.94,-8.0,-4.71,True,-5.0,-4.38,True,2022Q1
KBC,2022-03-08,WATCH,40.7,40.7,25.0,22.3,1.65,39.3,-32.82,6.67,-5.0,-0.2,1.09,1.93,2.67,-0.34,-2.29,-16.51,-3.77,4.53,-8.0,-2.88,True,-5.0,-5.4,True,2022Q1
KBC,2022-04-21,WATCH,50.3,50.3,0.0,23.0,1.68,31.42,-15.98,17.6,-5.0,4.55,5.38,5.95,-0.22,10.29,17.4,16.33,30.83,40.64,-8.0,5.21,True,-5.0,-0.51,True,2022Q2
KBC,2022-06-20,WATCH,47.3,47.3,25.0,27.6,1.34,27.4,-0.36,44.89,-5.0,18.43,14.58,13.29,33.39,32.94,32.79,12.04,5.85,3.77,12.04,3.77,False,12.04,3.77,False,2022Q2
KBC,2022-09-07,WATCH,55.0,55.0,0.0,18.1,1.26,31.75,-58.27,0.79,-5.0,-3.31,-2.88,-2.76,-20.79,-6.68,-3.02,-36.38,-19.21,-14.77,-8.0,-3.41,True,-5.51,-4.48,True,2022Q3
KBC,2022-10-07,WATCH,43.9,43.9,20.0,33.9,1.32,22.4,-40.85,10.49,-5.0,0.89,-2.24,-3.25,-31.47,-27.11,-25.7,10.27,7.89,7.12,-9.37,-11.34,True,-9.37,-11.34,True,2022Q4
KBC,2022-10-25,PANIC70_ANY,76.3,76.3,0.0,17.2,1.33,18.3,-27.6,44.26,-5.0,-2.19,-4.43,-5.16,-8.74,-3.28,-1.49,37.7,26.98,23.48,-8.0,-11.61,True,-5.0,-8.53,True,2022Q4
KBC,2022-11-04,WATCH,50.0,50.0,25.0,17.6,1.38,15.35,-13.68,78.5,-5.0,-2.61,2.31,4.21,43.65,33.15,29.11,52.44,44.75,41.8,-11.07,-5.13,True,-5.0,-4.42,True,2022Q4
KBC,2023-10-05,WATCH,40.2,40.2,0.0,26.5,1.35,30.7,-17.92,11.56,-6.4,8.47,4.93,3.68,-7.33,-3.88,-2.67,3.42,2.1,1.64,-8.0,-1.38,True,-6.4,-5.52,True,2023Q4
KBC,2024-04-16,WATCH,43.2,43.2,15.0,23.5,1.46,30.95,-9.69,5.01,-6.06,-4.68,-3.33,-2.72,1.45,-3.1,-5.18,-8.56,-13.45,-15.68,-8.0,-4.28,True,-7.92,-4.19,True,2024Q2
KBC,2024-08-05,WATCH,44.7,44.7,0.0,24.8,1.36,25.0,-3.0,15.6,-5.06,0.8,-1.95,-2.92,4.2,-1.7,-3.8,5.2,-0.39,-2.38,5.2,-2.38,False,5.2,-2.38,False,2024Q3
KBC,2025-04-04,WATCH,64.9,64.9,0.0,25.6,1.13,23.8,-15.76,16.39,-5.0,-7.14,-11.8,-12.41,1.68,-6.35,-7.39,12.61,-5.62,-7.99,-8.0,-11.58,True,-5.0,-9.75,True,2025Q2
KBC,2025-04-08,PANIC70_ANY,72.7,72.7,0.0,21.9,1.1,22.15,-9.48,25.06,-5.0,-7.0,-19.73,-21.03,13.09,-6.44,-8.43,21.67,-8.92,-12.04,-9.26,-24.0,True,-5.0,-19.03,True,2025Q2
KBC,2026-03-09,WATCH,55.0,55.0,0.0,27.2,1.04,29.8,-11.41,20.64,-5.0,4.53,1.78,1.68,6.54,5.76,5.73,-1.01,-11.48,-11.85,-8.0,-3.44,True,-6.54,-1.98,True,2026Q1
KBC,2026-03-20,PANIC70_ANY,77.1,77.1,0.0,23.6,1.08,27.85,-5.21,29.08,-5.0,14.18,12.19,12.04,25.67,12.97,11.97,9.34,-2.96,-3.93,9.34,-3.93,False,9.34,-3.93,False,2026Q1
KBC,2020-03-31,ENTRY_V2_LOOSE,43.8,85.6,50.0,20.8,0.91,7.99,0.0,58.7,-9.28,11.76,-3.65,-2.25,15.89,0.16,1.59,30.41,4.52,6.87,30.41,6.87,False,30.41,6.87,False,2020Q1
KBC,2020-04-01,ENTRY_V2,21.0,85.6,70.0,39.4,0.94,8.74,-3.89,45.08,-12.0,2.52,-7.66,-7.03,10.76,-0.33,0.36,18.88,-1.06,0.18,18.88,0.18,False,18.88,0.18,False,2020Q2
KBC,2022-11-17,ENTRY_V2_LOOSE,15.0,82.5,45.0,37.2,1.3,16.0,-5.0,71.25,-12.0,10.62,10.18,10.05,43.75,34.93,32.3,52.81,40.46,36.77,52.81,36.77,False,52.81,36.77,False,2022Q4
KBC,2022-11-21,ENTRY_V2,,82.5,80.0,45.5,1.3,16.8,-4.46,63.1,-12.0,20.24,12.02,9.59,30.36,23.09,20.93,38.1,27.56,24.44,38.1,24.44,False,38.1,24.44,False,2022Q4
KBC,2025-04-23,ENTRY_V2_LOOSE,60.1,100.0,55.0,23.4,1.07,22.0,-0.45,30.91,-12.0,6.82,4.58,4.42,23.86,13.57,12.84,29.32,5.05,3.32,29.32,3.32,False,29.32,3.32,False,2025Q2
KBC,2025-04-24,ENTRY_V2,29.6,100.0,80.0,32.1,1.08,22.8,-2.63,27.19,-12.0,6.58,4.69,4.54,17.98,8.63,7.89,24.78,1.54,-0.32,24.78,-0.32,False,24.78,-0.32,False,2025Q2
KBC,2026-03-30,ENTRY_V2_LOOSE,,77.1,40.0,56.8,1.13,31.9,-11.6,12.7,-12.0,-0.47,-0.95,-1.01,6.27,-4.78,-6.19,-7.84,-19.96,-21.5,-8.0,-18.09,True,-7.84,-21.5,False,2026Q1
KBC,2026-03-31,ENTRY_V2,,77.1,60.0,50.5,1.13,32.2,-12.42,11.65,-12.0,3.88,1.39,1.08,6.99,-1.19,-2.22,-6.99,-15.22,-16.25,-8.0,-14.9,True,-12.0,-17.03,True,2026Q1
KBC,2019-01-03,CONTROL_RSI,16.7,16.7,,31.8,0.98,9.06,0.0,22.08,-5.0,6.95,3.51,3.57,10.82,6.69,6.76,17.0,3.64,3.84,17.0,3.84,False,17.0,3.84,False,2019Q1
KBC,2019-03-26,CONTROL_RSI,19.0,19.0,,28.7,0.93,10.04,-6.97,6.67,-5.0,3.09,2.29,2.34,2.39,2.65,2.63,0.7,2.39,2.28,0.7,2.28,False,-5.0,-3.21,True,2019Q1
KBC,2019-04-26,CONTROL_RSI,12.5,12.5,,30.8,0.84,10.07,-7.25,12.41,-5.0,-5.16,-1.92,-2.43,0.7,1.66,1.51,11.02,9.37,9.64,11.02,9.64,False,-5.0,-3.21,True,2019Q2
KBC,2019-06-28,CONTROL_RSI,8.8,8.8,,32.1,0.81,10.0,0.0,19.0,-5.0,8.1,7.33,7.47,11.0,6.93,7.7,8.9,5.85,6.43,8.9,6.43,False,8.9,6.43,False,2019Q2
KBC,2019-09-19,CONTROL_RSI,30.0,30.0,,17.6,0.63,11.07,-4.97,7.05,-5.0,-2.62,-2.64,-2.63,1.26,2.11,1.8,-0.45,2.7,1.54,-0.45,1.54,False,-0.45,1.54,False,2019Q3
KBC,2019-11-08,CONTROL_RSI,7.8,7.8,,32.4,0.49,10.88,-4.5,12.68,-5.0,1.65,3.65,2.63,0.64,6.24,3.39,2.39,11.05,6.64,2.39,6.64,False,2.39,6.64,False,2019Q4
KBC,2019-12-16,CONTROL_RSI,5.5,5.5,,33.9,0.55,10.91,-20.62,12.37,-5.0,5.87,6.24,6.07,9.99,9.46,9.7,-20.26,2.06,-7.93,-9.99,-2.82,True,-5.0,2.29,True,2019Q4
KBC,2020-02-10,CONTROL_RSI,30.5,30.5,,26.5,0.6,11.1,-32.43,2.34,-8.09,-1.35,-1.05,-1.17,-9.1,0.92,-3.13,-13.15,-0.58,-5.66,-11.53,-5.56,True,-11.53,-5.56,True,2020Q1
KBC,2020-03-10,CONTROL_RSI,39.5,39.5,,30.0,0.86,10.12,-25.89,10.77,-5.03,-14.03,-2.67,-4.2,-11.76,-1.9,-3.23,7.51,0.82,1.73,-13.24,-4.86,True,-13.24,-4.86,True,2020Q1
KBC,2020-06-30,CONTROL_RSI,33.2,33.2,,24.7,0.98,10.16,-8.86,11.42,-5.09,3.74,-0.71,-0.64,-4.43,0.02,-0.05,5.51,-4.26,-4.1,-8.46,-4.98,True,-5.51,-0.46,True,2020Q2
KBC,2020-07-30,CONTROL_RSI,29.4,29.4,,32.4,1.0,9.3,-0.43,22.58,-5.0,7.31,0.5,0.48,12.47,0.9,0.87,16.13,-4.56,-4.61,16.13,-4.61,False,16.13,-4.61,False,2020Q3
KBC,2020-10-26,CONTROL_RSI,8.1,8.1,,32.3,1.08,10.69,-8.42,175.77,-5.0,-3.84,-2.22,-2.09,4.58,-0.14,-0.52,160.99,141.65,140.1,-8.0,-6.05,True,-5.0,-2.12,True,2020Q4
KBC,2021-03-10,CONTROL_RSI,23.9,23.9,,27.0,1.15,29.55,-23.86,7.88,-10.58,1.25,-1.39,-1.79,-2.4,-7.94,-8.79,-12.83,-25.63,-27.59,-8.0,-7.22,True,-10.58,-16.27,True,2021Q1
KBC,2021-04-08,CONTROL_RSI,12.4,12.4,,30.9,1.13,29.18,-22.89,6.92,-9.69,-2.6,-3.19,-3.27,-6.44,-9.49,-9.89,-9.53,-22.28,-23.95,-8.0,-7.66,True,-9.69,-9.35,True,2021Q2
KBC,2021-05-17,CONTROL_RSI,32.3,32.3,,27.5,1.18,25.05,-10.34,22.75,-5.0,0.92,-2.97,-3.67,13.33,4.78,3.24,7.19,-0.98,-2.45,-8.0,-9.75,True,-5.0,-6.75,True,2021Q2
KBC,2021-07-07,CONTROL_RSI,3.8,3.8,,35.0,1.19,26.44,-15.05,30.48,-5.99,-7.38,-0.56,0.76,0.26,3.36,3.96,21.1,24.63,25.32,-11.2,-3.26,True,-11.2,-3.26,True,2021Q3
KBC,2022-03-07,CONTROL_RSI,15.6,15.6,,29.8,1.65,40.35,-34.57,3.89,-5.0,-2.6,-0.27,1.23,0.37,-1.82,-3.24,-17.1,-3.69,4.97,-8.0,-7.41,True,-5.2,-0.65,True,2022Q1
KBC,2022-04-08,CONTROL_RSI,25.3,25.3,,30.9,1.67,37.2,-29.03,4.62,-5.0,-8.06,-2.59,1.08,-21.37,-4.63,6.59,-14.78,6.82,21.29,-8.0,1.15,True,-5.0,1.21,True,2022Q2
KBC,2022-05-12,CONTROL_RSI,20.0,20.0,,32.7,1.39,28.58,-7.63,38.91,-5.0,7.59,7.13,6.95,19.38,15.41,13.85,34.71,33.28,32.71,34.71,32.71,False,-7.63,-6.88,True,2022Q2
KBC,2022-06-23,CONTROL_RSI,26.7,26.7,,32.8,1.36,29.65,-6.91,33.9,-10.87,9.78,9.1,8.86,24.28,23.95,23.83,-2.19,-4.55,-5.4,-2.19,-5.4,False,-2.19,-5.4,False,2022Q2
KBC,2022-08-19,CONTROL_RSI,30.0,30.0,,23.5,1.25,35.85,-63.04,5.86,-5.0,-0.7,-1.18,-1.31,-18.83,-14.55,-13.47,-55.37,-29.93,-23.5,-8.0,-5.87,True,-5.0,-6.57,True,2022Q3
KBC,2022-09-21,CONTROL_RSI,36.2,36.2,,27.0,1.3,28.9,-54.15,4.5,-6.77,-4.67,1.52,3.39,-20.24,-8.42,-4.84,-21.11,-9.03,-5.36,-8.0,-0.59,True,-6.77,0.64,True,2022Q3
KBC,2022-10-19,CONTROL_RSI,16.9,16.9,,33.7,1.32,22.8,-41.89,15.79,-12.0,-23.25,-20.58,-19.72,-29.61,-21.38,-18.71,9.65,9.27,9.14,-8.0,0.78,True,-12.0,-3.22,True,2022Q4
KBC,2023-02-13,CONTROL_RSI,16.4,16.4,,33.3,1.36,22.2,-7.66,27.48,-9.1,8.11,4.56,3.29,-3.83,-3.35,-3.18,26.13,24.04,23.3,26.13,23.3,False,26.13,23.3,False,2023Q1
KBC,2023-08-10,CONTROL_RSI,8.0,8.0,,32.3,1.47,30.95,-18.58,18.26,-5.0,-3.07,1.07,3.04,13.09,11.74,11.11,-7.92,4.18,9.9,-8.0,12.18,True,-5.0,10.05,True,2023Q3
KBC,2023-10-03,CONTROL_RSI,35.9,35.9,,29.9,1.37,29.5,-14.58,16.1,-5.0,8.47,4.48,3.0,-9.49,-3.44,-1.19,6.78,5.39,4.87,-8.0,-0.04,True,-5.0,0.7,True,2023Q4
KBC,2023-11-01,CONTROL_RSI,33.1,33.1,,29.2,1.44,27.3,-0.92,21.98,-10.56,12.45,6.23,3.49,13.92,9.58,7.67,10.62,-1.49,-6.82,10.62,-6.82,False,10.62,-6.82,False,2023Q4
KBC,2023-12-22,CONTROL_RSI,2.3,2.3,,34.2,1.45,31.05,-5.48,16.75,-5.0,1.61,-0.88,-2.01,-2.25,-8.89,-11.9,16.26,0.15,-7.18,16.26,-7.18,False,-5.0,-15.35,True,2023Q4
KBC,2024-01-23,CONTROL_RSI,1.0,1.0,,34.7,1.46,30.25,-7.6,20.0,-5.0,0.0,0.96,1.4,3.14,-3.58,-6.68,-2.48,-4.98,-6.14,-2.48,-6.14,False,-5.0,-4.91,True,2024Q1
KBC,2024-04-15,CONTROL_RSI,39.9,39.9,,23.4,1.44,31.0,-9.84,4.84,-5.0,-4.84,-3.77,-3.3,0.0,-4.84,-6.96,-8.87,-13.89,-16.09,-8.0,-2.83,True,-7.1,-1.93,True,2024Q2
KBC,2024-06-17,CONTROL_RSI,21.3,21.3,,27.9,1.43,30.35,-20.26,1.48,-5.0,-1.81,-0.03,0.74,-6.75,-6.89,-6.95,-16.31,-14.51,-13.73,-8.0,-6.8,True,-5.0,-1.18,True,2024Q2
KBC,2024-07-15,CONTROL_RSI,20.5,20.5,,28.2,1.34,28.3,-14.49,2.12,-5.0,-6.36,-2.38,-1.05,-10.95,-6.87,-5.5,-1.59,-1.87,-1.96,-8.0,-2.18,True,-5.0,-2.06,True,2024Q3
KBC,2024-08-13,CONTROL_RSI,10.6,10.6,,31.5,1.36,25.25,-3.17,17.43,-5.68,8.12,4.04,2.57,-0.59,-2.05,-2.58,14.06,12.53,11.98,14.06,11.98,False,14.06,11.98,False,2024Q3
KBC,2024-09-12,CONTROL_RSI,30.0,30.0,,21.2,1.44,25.4,-3.74,17.13,-5.0,4.92,3.44,2.79,10.04,7.25,6.04,12.99,11.66,11.08,12.99,11.08,False,12.99,11.08,False,2024Q3
KBC,2024-10-24,CONTROL_RSI,3.5,3.5,,34.4,1.4,26.25,-2.29,15.43,-5.0,0.38,0.86,1.05,2.86,5.46,6.5,12.57,13.47,13.83,12.57,13.83,False,12.57,13.83,False,2024Q4
KBC,2024-12-26,CONTROL_RSI,1.0,1.0,,34.7,1.52,27.5,-1.82,13.82,-5.0,-1.27,1.02,2.2,6.91,8.68,9.59,11.45,9.0,7.74,11.45,7.74,False,11.45,7.74,False,2024Q4
KBC,2025-03-24,CONTROL_RSI,13.3,13.3,,30.6,1.19,29.7,-32.49,5.39,-5.0,2.86,4.21,4.47,-26.26,-16.95,-15.15,-12.29,-14.0,-14.34,-13.97,-2.83,True,-7.58,1.85,True,2025Q1
KBC,2025-04-24,CONTROL_RSI,29.6,29.6,,32.1,1.08,22.8,-2.63,27.19,-12.0,6.58,4.69,4.54,17.98,8.63,7.89,24.78,1.54,-0.32,24.78,-0.32,False,24.78,-0.32,False,2025Q2
KBC,2025-06-06,CONTROL_RSI,2.5,2.5,,34.2,1.08,25.55,-5.48,65.56,-5.0,-1.17,-1.81,-1.86,5.48,0.03,-0.43,54.99,28.54,26.31,54.99,26.31,False,-5.0,-3.84,True,2025Q2
KBC,2025-09-19,CONTROL_RSI,27.8,27.8,,29.6,1.06,36.5,-13.15,5.48,-5.0,2.19,1.6,1.56,-8.22,-7.0,-6.92,-9.32,-8.67,-8.63,-8.0,-6.7,True,-5.0,-4.31,True,2025Q3
KBC,2025-12-10,CONTROL_RSI,5.8,5.8,,33.1,1.0,33.5,-11.94,14.03,-5.0,0.9,2.84,2.85,8.06,-1.71,-1.73,-7.01,-6.02,-6.02,-10.75,-7.38,True,-5.0,-11.33,True,2025Q4
KBC,2026-03-02,CONTROL_RSI,25.8,25.8,,31.4,1.03,34.65,-23.81,3.75,-5.72,-13.13,-3.56,-3.31,-7.94,1.76,2.01,-11.98,-12.47,-12.49,-13.71,-2.56,True,-7.65,-2.87,True,2026Q1
KBC,2026-05-11,CONTROL_RSI,33.0,33.0,,25.7,1.08,32.8,-20.12,1.68,-5.0,-3.51,-4.55,-4.63,-11.59,-6.3,-5.89,-13.41,-7.29,-6.82,-8.0,-9.14,True,-5.0,-6.14,True,2026Q2
KBC,2026-06-08,CONTROL_RSI,36.4,36.4,,17.5,1.07,28.9,-9.34,7.96,-5.0,7.09,6.61,6.57,-0.35,-3.07,-3.26,-6.23,-9.22,-9.43,-8.13,-4.05,True,-5.0,-1.69,True,2026Q2
KBC,2026-07-06,CONTROL_RSI,24.8,24.8,,26.7,1.05,28.6,-12.59,1.22,-5.0,-0.35,1.5,1.59,-0.7,2.75,2.91,-11.89,-6.29,-6.03,-8.39,-0.35,True,-5.0,0.53,True,2026Q3
KBC,2026-08-19,CONTROL_RSI,5.0,5.0,,33.3,0.98,26.9,-10.22,3.72,-5.0,2.79,-2.74,-2.63,-3.35,-8.03,-7.93,,,,-8.0,-9.33,True,-5.0,-7.54,True,2026Q3
KBC,2026-09-21,CONTROL_RSI,30.0,30.0,,9.8,0.69,25.7,-6.03,2.14,-5.0,-0.78,0.4,0.03,,,,,,,-2.72,-1.2,False,-5.0,-3.47,True,2026Q3
KBC,2019-03-08,CONTROL_RANDOM,,,,48.0,0.94,10.6,-11.89,4.34,-5.85,1.98,-0.96,-0.78,0.0,-1.49,-1.4,-3.68,-1.17,-1.33,-8.0,-7.58,True,-5.85,-4.62,True,2019Q1
KBC,2019-05-21,CONTROL_RANDOM,,,,42.9,0.94,9.9,-1.41,20.2,-6.16,2.83,4.39,4.3,2.12,5.9,5.68,13.23,15.06,14.96,13.23,14.96,False,13.23,14.96,False,2019Q2
KBC,2019-07-29,CONTROL_RANDOM,,,,62.5,0.79,11.1,-5.23,7.21,-5.31,4.59,8.27,7.5,1.71,4.18,3.66,1.35,2.72,2.43,1.35,2.43,False,1.35,2.43,False,2019Q3
KBC,2019-08-15,CONTROL_RANDOM,,,,48.7,0.77,11.21,-6.16,6.16,-7.04,0.36,-1.45,-1.03,1.61,0.07,0.42,-2.94,-7.24,-6.25,-2.94,-6.25,False,-2.94,-6.25,False,2019Q3
KBC,2019-12-31,CONTROL_RANDOM,,,,83.2,0.47,11.48,-34.67,6.79,-7.36,0.26,0.27,0.27,-3.31,-1.05,-2.24,-22.91,4.01,-10.18,-8.0,-6.42,True,-7.36,-5.78,True,2019Q4
KBC,2020-02-04,CONTROL_RANDOM,,,,46.2,0.64,11.1,-32.43,2.34,-8.29,0.99,0.68,0.79,0.36,5.22,3.46,-16.58,1.85,-4.79,-11.53,-4.88,True,-11.53,-4.88,True,2020Q1
KBC,2020-02-13,CONTROL_RANDOM,,,,35.3,0.59,11.25,-33.33,0.98,-9.13,0.0,0.66,0.39,-17.33,1.56,-6.17,-12.71,-1.52,-6.1,-8.0,-1.47,True,-12.71,-6.31,True,2020Q1
KBC,2020-02-27,CONTROL_RANDOM,,,,47.5,0.67,10.65,-29.58,5.63,-5.0,3.47,2.8,3.02,-21.88,-0.49,-7.5,-2.16,1.0,-0.04,-8.0,-2.38,True,-7.79,-4.15,True,2020Q1
KBC,2020-04-15,CONTROL_RANDOM,,,,63.9,0.91,8.93,-4.7,41.99,-12.0,0.78,0.68,0.69,8.4,0.13,0.91,21.84,9.47,10.64,21.84,10.64,False,21.84,10.64,False,2020Q2
KBC,2020-07-06,CONTROL_RANDOM,,,,21.9,0.98,10.39,-10.88,8.95,-6.56,3.95,3.64,3.65,-5.77,-1.4,-1.5,2.5,-2.09,-1.99,-8.0,1.06,True,-7.6,1.46,True,2020Q3
KBC,2020-07-07,CONTROL_RANDOM,,,,33.3,0.98,10.42,-11.13,8.64,-6.76,2.21,1.26,1.28,-4.99,-2.21,-2.27,2.88,-3.19,-3.07,-8.0,0.7,True,-7.87,0.83,True,2020Q3
KBC,2020-09-04,CONTROL_RANDOM,,,,56.4,0.99,10.31,-5.04,15.32,-5.0,-1.45,-0.43,-0.44,4.36,3.17,3.18,15.32,4.35,4.5,15.32,4.5,False,-5.0,-8.25,True,2020Q3
KBC,2020-10-29,CONTROL_RANDOM,,,,30.8,1.05,10.35,-5.41,229.66,-5.0,2.51,1.12,1.06,13.43,4.27,3.85,229.66,203.66,202.47,229.66,202.47,False,229.66,202.47,False,2020Q4
KBC,2020-11-27,CONTROL_RANDOM,,,,66.8,1.06,11.74,-2.21,200.26,-11.19,3.15,1.36,1.25,50.43,42.57,42.1,150.77,133.49,132.46,150.77,132.46,False,150.77,132.46,False,2020Q4
KBC,2021-03-02,CONTROL_RANDOM,,,,50.0,1.14,29.44,-23.57,8.29,-5.55,-2.17,-0.94,-0.76,-2.82,-3.39,-3.47,-15.15,-27.25,-28.97,-8.0,-6.45,True,-5.98,-4.43,True,2021Q1
KBC,2021-09-06,CONTROL_RANDOM,,,,76.1,1.19,31.58,-5.0,29.2,-12.0,-1.46,-0.96,-0.87,4.84,4.23,4.12,18.75,8.94,7.11,18.75,7.11,False,18.75,7.11,False,2021Q3
KBC,2021-12-01,CONTROL_RANDOM,,,,42.1,1.36,37.95,-6.03,24.32,-10.69,5.93,7.09,7.51,16.6,16.55,16.53,11.25,9.9,9.4,11.25,9.4,False,11.25,9.4,False,2021Q4
KBC,2022-04-05,CONTROL_RANDOM,,,,58.6,1.63,40.28,-34.46,1.09,-5.0,-5.24,-2.69,-1.09,-25.52,-9.56,0.43,-19.31,1.55,14.61,-8.0,-4.91,True,-5.0,-1.91,True,2022Q2
KBC,2022-07-29,CONTROL_RANDOM,,,,80.0,1.25,38.2,-54.71,3.93,-9.58,-0.79,-4.73,-5.72,-6.81,-11.91,-13.19,-54.71,-36.87,-32.42,-8.0,-14.38,True,-9.58,-15.96,True,2022Q3
KBC,2022-12-13,CONTROL_RANDOM,,,,76.4,1.34,22.95,-13.73,19.39,-12.0,-6.32,-2.24,-0.87,10.68,11.22,11.4,-3.27,-1.88,-1.41,-8.0,-3.09,True,-12.0,-2.31,True,2022Q4
KBC,2023-02-22,CONTROL_RANDOM,,,,51.3,1.35,23.2,-11.64,22.2,-12.0,-3.66,-2.11,-1.57,-4.31,-3.47,-3.18,15.73,14.6,14.21,-8.19,-4.0,True,15.73,14.21,False,2023Q1
KBC,2023-07-10,CONTROL_RANDOM,,,,66.4,1.43,30.6,-3.59,19.61,-6.48,0.16,-1.83,-2.69,4.58,-3.34,-6.76,0.65,3.89,5.29,0.65,5.29,False,0.65,5.29,False,2023Q3
KBC,2023-07-11,CONTROL_RANDOM,,,,64.2,1.43,30.85,-4.38,18.64,-7.26,-0.49,-2.1,-2.8,1.46,-5.44,-8.42,2.59,4.83,5.8,2.59,5.8,False,2.59,5.8,False,2023Q3
KBC,2023-09-08,CONTROL_RANDOM,,,,67.2,1.25,36.0,-30.0,1.67,-12.0,-2.08,1.01,1.77,-12.08,-3.04,-0.8,-8.75,1.65,4.21,-8.0,1.7,True,-12.0,-0.78,True,2023Q3
KBC,2023-10-04,CONTROL_RANDOM,,,,29.9,1.37,31.05,-18.84,10.31,-7.48,4.35,2.55,1.89,-8.21,-3.28,-1.46,1.45,1.66,1.73,-8.0,1.18,True,-7.48,-4.67,True,2023Q4
KBC,2023-10-26,CONTROL_RANDOM,,,,35.0,1.38,29.0,-13.1,14.83,-5.0,-1.9,-3.54,-4.16,8.1,4.69,3.38,6.03,-5.62,-10.07,-8.45,-4.38,True,-8.45,-4.38,True,2023Q4
KBC,2024-04-22,CONTROL_RANDOM,,,,28.0,1.49,29.2,-7.53,11.3,-6.29,1.03,-1.53,-2.79,5.65,-0.34,-3.29,-6.85,-13.08,-16.14,-6.85,-16.14,False,-6.29,-16.07,True,2024Q2
KBC,2024-05-02,CONTROL_RANDOM,,,,31.8,1.41,29.25,-10.09,11.11,-6.39,2.22,0.41,-0.34,7.35,4.15,2.82,-4.27,-5.87,-6.54,-8.0,-11.71,True,-6.39,-11.73,True,2024Q2
KBC,2024-07-08,CONTROL_RANDOM,,,,25.3,1.34,28.65,-15.53,2.44,-5.0,-1.22,-0.82,-0.68,-14.14,-8.22,-6.19,-5.24,-4.6,-4.38,-8.0,-3.0,True,-5.0,-3.15,True,2024Q3
KBC,2024-07-10,CONTROL_RANDOM,,,,36.5,1.35,29.0,-16.55,1.21,-5.0,-5.34,-4.05,-3.6,-16.03,-9.62,-7.4,-6.21,-4.56,-4.0,-8.0,-1.82,True,-5.0,-2.66,True,2024Q3
KBC,2024-07-22,CONTROL_RANDOM,,,,24.5,1.36,26.85,-9.87,7.64,-5.0,1.68,2.6,2.94,1.12,-0.14,-0.59,3.17,0.79,-0.05,-8.0,-0.58,True,-5.0,-2.83,True,2024Q3
KBC,2024-10-09,CONTROL_RANDOM,,,,64.9,1.45,28.5,-10.0,4.39,-6.56,-2.81,-2.57,-2.46,1.05,3.37,4.4,-4.74,-2.02,-0.81,-8.0,-5.79,True,-6.56,-4.35,True,2024Q4
KBC,2024-10-10,CONTROL_RANDOM,,,,62.2,1.44,27.9,-8.06,6.63,-5.0,-0.72,-0.55,-0.47,3.23,5.95,7.14,-2.69,0.52,1.92,-8.0,-4.33,True,-5.0,-3.02,True,2024Q4
KBC,2025-02-07,CONTROL_RANDOM,,,,58.9,1.39,29.05,-30.98,7.75,-5.0,1.38,1.34,1.33,3.79,-0.77,-2.56,-16.7,-16.3,-16.15,-12.05,-5.3,True,-5.51,-0.86,True,2025Q1
KBC,2025-02-13,CONTROL_RANDOM,,,,38.2,1.3,28.95,-30.74,8.12,-5.0,1.73,0.22,-0.23,1.55,-2.25,-3.41,-11.57,-14.36,-15.21,-11.74,-4.93,True,-5.18,-0.32,True,2025Q1
KBC,2025-04-24,CONTROL_RANDOM,,,,32.1,1.08,22.8,-2.63,27.19,-12.0,6.58,4.69,4.54,17.98,8.63,7.89,24.78,1.54,-0.32,24.78,-0.32,False,24.78,-0.32,False,2025Q2
KBC,2025-06-03,CONTROL_RANDOM,,,,55.3,1.08,26.45,-8.7,59.92,-5.0,-6.62,-4.0,-3.8,2.65,0.12,-0.07,48.58,24.72,22.86,-8.0,-5.2,True,-5.0,-1.81,True,2025Q2
KBC,2025-11-28,CONTROL_RANDOM,,,,73.2,1.04,35.3,-10.48,8.22,-5.99,-3.82,-7.05,-7.17,-4.82,-8.1,-8.23,-7.08,-14.1,-14.37,-8.0,-4.82,True,-5.99,-8.93,True,2025Q4
KBC,2026-03-18,CONTROL_RANDOM,,,,28.0,1.05,30.4,-13.16,18.26,-5.19,-5.59,-2.29,-2.12,14.97,7.97,7.59,1.81,-4.49,-4.83,-8.39,-1.6,True,-8.39,-1.6,True,2026Q1
KBC,2026-06-25,CONTROL_RANDOM,,,,48.3,1.06,29.5,-13.05,3.39,-5.0,-0.85,-1.11,-1.12,-5.59,3.62,4.14,-11.86,-8.87,-8.7,-8.0,-1.53,True,-5.0,-1.78,True,2026Q2
IDC,2019-04-23,WATCH,67.9,67.9,0.0,28.9,0.5,8.22,0.0,27.74,-5.0,7.06,8.26,7.66,14.48,13.91,14.19,12.29,11.01,11.65,12.29,11.65,False,12.29,11.65,False,2019Q2
IDC,2019-07-25,WATCH,45.0,45.0,0.0,23.8,0.65,9.23,-14.3,24.27,-5.69,10.51,10.88,10.75,2.6,2.84,2.75,-5.85,-4.72,-5.12,-8.0,-7.52,True,-5.69,-4.34,True,2019Q3
IDC,2020-03-13,WATCH,45.0,45.0,0.0,25.0,0.52,8.77,-14.37,22.23,-8.8,-3.99,8.1,2.31,-8.55,-9.76,-9.18,5.13,-9.26,-2.36,-8.0,-1.41,True,-8.8,-3.44,True,2020Q1
IDC,2020-10-02,WATCH,45.6,45.6,50.0,21.4,0.58,11.91,-1.76,67.51,-6.05,2.52,1.2,1.76,11.92,9.74,10.66,50.38,30.95,39.15,50.38,39.15,False,50.38,39.15,False,2020Q4
IDC,2021-01-28,WATCH,40.4,40.4,0.0,31.4,1.23,14.66,0.0,46.11,-5.0,43.04,30.16,27.24,28.44,11.38,7.51,17.67,-8.19,-14.05,17.67,-14.05,False,17.67,-14.05,False,2021Q1
IDC,2021-05-04,WATCH,41.3,41.3,10.0,23.2,1.41,16.59,-12.3,26.7,-5.2,8.26,6.3,5.49,20.55,12.83,9.66,6.15,3.55,2.48,-11.03,-17.02,True,-5.2,-11.06,True,2021Q2
IDC,2021-07-12,WATCH,52.1,52.1,0.0,23.6,1.36,14.76,-1.42,90.65,-5.0,9.62,11.4,12.04,24.12,19.02,17.16,88.96,83.58,81.63,88.96,81.63,False,88.96,81.63,False,2021Q3
IDC,2021-11-29,WATCH,43.5,43.5,50.0,25.8,1.31,41.88,-31.18,14.71,-8.45,2.87,5.43,6.22,-7.74,-8.38,-8.58,-5.87,-5.92,-5.93,-8.0,-5.54,True,-8.45,-5.99,True,2021Q4
IDC,2022-04-20,WATCH,41.3,41.3,0.0,28.1,1.58,30.81,-27.78,12.07,-5.0,-6.95,-5.57,-4.78,-15.94,-4.91,1.47,10.58,24.69,32.87,-8.0,-1.21,True,-5.0,1.79,True,2022Q2
IDC,2022-09-19,WATCH,57.5,57.5,0.0,18.3,1.49,31.14,-54.53,5.97,-5.0,-0.58,3.18,5.03,-4.62,7.62,13.67,-27.75,-14.16,-7.46,-8.0,1.86,True,-5.0,-0.35,True,2022Q3
IDC,2022-11-07,WATCH,47.5,47.5,25.0,23.0,1.54,23.1,-38.7,8.83,-7.93,-31.95,-26.85,-24.1,-12.21,-21.34,-26.26,-2.86,-14.44,-20.68,-16.1,-15.08,True,-16.1,-15.08,True,2022Q4
IDC,2022-11-11,PANIC70_ANY,74.5,74.5,0.0,28.5,1.54,17.46,-18.9,43.99,-5.0,5.84,3.64,2.44,24.74,14.94,9.62,32.65,22.15,16.44,-18.9,-19.39,True,-18.9,-19.39,True,2022Q4
IDC,2024-04-19,WATCH,48.1,48.1,0.0,21.0,1.23,36.52,-6.68,27.44,-5.63,9.45,6.69,6.07,18.73,10.51,8.66,15.85,8.19,6.46,15.85,6.46,False,15.85,6.46,False,2024Q2
IDC,2024-10-14,WATCH,45.0,45.0,20.0,15.9,1.03,39.42,-10.91,5.71,-10.58,-3.58,-2.19,-2.14,2.87,6.2,6.3,-2.51,0.35,0.43,-8.0,-1.39,True,-10.58,-5.83,True,2024Q4
IDC,2025-03-26,WATCH,48.0,48.0,10.0,15.2,1.21,38.01,-40.65,0.92,-10.97,-9.84,-2.59,-1.07,-28.73,-21.43,-19.9,-14.71,-17.78,-18.43,-8.0,0.77,True,-18.73,-8.21,True,2025Q1
IDC,2025-04-08,PANIC70_ANY,72.3,72.3,0.0,6.4,1.34,25.04,-9.9,42.01,-5.0,2.04,-10.7,-15.01,18.37,-1.16,-7.77,36.74,6.15,-4.22,-8.43,-25.56,True,-8.43,-25.56,True,2025Q2
IDC,2025-04-24,WATCH,52.9,52.9,45.0,30.7,1.33,27.01,-4.04,32.47,-12.0,1.37,-0.52,-1.14,16.25,6.91,3.82,24.36,1.12,-6.53,24.36,-6.53,False,24.36,-6.53,False,2025Q2
IDC,2025-10-20,WATCH,48.3,48.3,0.0,28.4,1.15,28.21,-0.28,28.89,-5.0,9.82,7.4,7.03,22.33,21.17,20.99,22.19,8.54,6.44,22.19,6.44,False,22.19,6.44,False,2025Q4
IDC,2026-03-09,WATCH,50.8,50.8,0.0,33.7,0.96,37.35,-8.65,18.45,-12.0,2.09,-0.66,-0.56,9.8,9.02,9.05,1.39,-9.08,-8.7,1.39,-8.7,False,1.39,-8.7,False,2026Q1
IDC,2022-11-25,ENTRY_V2_LOOSE,22.1,85.0,45.0,36.7,1.62,19.2,-5.62,34.38,-12.0,15.0,3.36,-3.82,-2.5,-3.06,-3.41,20.0,15.41,12.57,20.0,12.57,False,20.0,12.57,False,2022Q4
IDC,2022-11-28,ENTRY_V2,,85.0,65.0,41.1,1.62,20.94,-13.47,23.21,-12.0,-3.15,-7.1,-9.56,-8.31,-7.89,-7.62,14.04,10.9,8.94,-11.46,-13.67,True,-12.0,-11.31,True,2022Q4
IDC,2025-04-10,ENTRY_V2_LOOSE,80.0,80.0,40.0,19.2,1.39,29.21,-21.5,22.49,-12.0,-9.28,-12.08,-13.19,7.22,-3.22,-7.34,18.73,-1.97,-10.14,-8.0,-12.93,True,-12.0,-16.93,True,2025Q2
IDC,2025-04-18,ENTRY_V2,80.0,100.0,65.0,22.9,1.32,26.72,-14.18,33.91,-12.0,-0.52,-1.05,-1.22,9.84,2.18,-0.26,26.24,4.14,-2.9,-14.18,-13.17,True,-14.18,-13.17,True,2025Q2
IDC,2019-03-06,CONTROL_RSI,20.0,20.0,,33.3,0.64,9.32,-11.8,27.04,-5.0,17.27,15.88,16.38,12.23,13.11,12.79,-3.11,1.33,-0.26,-8.0,-6.22,True,-5.0,-3.22,True,2019Q1
IDC,2019-04-04,CONTROL_RSI,0.2,0.2,,34.9,0.68,10.41,-21.04,5.0,-5.51,-0.48,-0.07,-0.2,-9.13,-5.08,-6.36,-9.99,-8.58,-9.03,-8.0,-7.65,True,-5.51,-5.16,True,2019Q2
IDC,2019-05-08,CONTROL_RSI,35.0,35.0,,30.8,0.45,9.03,-2.66,16.28,-12.0,-1.0,-3.65,-2.2,1.11,1.34,1.21,2.77,-2.17,0.53,2.77,0.53,False,2.77,0.53,False,2019Q2
IDC,2019-07-12,CONTROL_RSI,0.3,0.3,,34.9,0.69,9.37,-8.32,22.41,-5.0,-1.49,-2.16,-1.95,9.93,9.95,9.94,-7.79,-9.09,-8.68,-8.0,-9.1,True,-5.23,-6.21,True,2019Q3
IDC,2019-08-26,CONTROL_RSI,30.0,30.0,,15.4,0.58,9.37,-15.58,8.86,-5.0,-1.49,-0.61,-0.98,-5.66,-5.75,-5.71,1.6,0.16,0.76,-8.0,-8.29,True,-5.0,-4.59,True,2019Q3
IDC,2019-10-16,CONTROL_RSI,20.9,20.9,,33.3,0.44,8.45,0.0,37.51,-8.59,3.43,3.58,3.5,12.66,10.93,11.89,6.15,7.8,6.89,6.15,6.89,False,6.15,6.89,False,2019Q4
IDC,2020-01-02,CONTROL_RSI,17.1,17.1,,34.3,0.42,9.32,-15.02,2.15,-5.0,-3.22,-3.2,-3.21,-2.68,0.2,-1.47,-15.02,8.92,-4.94,-8.0,0.67,True,-5.36,-4.94,True,2020Q1
IDC,2020-03-11,CONTROL_RSI,19.6,19.6,,30.8,0.52,9.27,-18.99,15.64,-5.82,-8.09,-1.39,-4.59,-9.71,-7.12,-8.36,3.24,-12.36,-4.93,-8.0,-5.97,True,-5.82,-3.79,True,2020Q1
IDC,2020-04-09,CONTROL_RSI,27.0,27.0,,31.6,0.4,8.37,-10.27,28.08,-7.92,0.0,-4.02,-1.63,1.19,-8.85,-2.87,16.13,2.38,10.57,-8.0,-8.52,True,-7.92,-8.44,True,2020Q2
IDC,2020-06-23,CONTROL_RSI,2.6,2.6,,34.1,0.49,9.27,-5.39,34.52,-5.53,-4.31,-1.47,-2.91,6.47,7.98,7.22,30.1,27.12,28.62,30.1,28.62,False,30.1,28.62,False,2020Q2
IDC,2021-02-04,CONTROL_RSI,14.3,14.3,,34.5,1.34,19.85,-18.74,7.91,-12.0,7.15,1.89,0.11,-4.38,-10.37,-12.4,-9.52,-23.36,-28.04,-8.0,-13.69,True,-12.0,-25.57,True,2021Q1
IDC,2021-03-11,CONTROL_RSI,12.3,12.3,,30.9,1.4,19.29,-16.38,9.49,-5.13,-1.09,-1.83,-2.13,4.98,1.06,-0.51,0.52,-11.94,-16.94,-8.0,-5.28,True,-5.13,-2.41,True,2021Q1
IDC,2021-04-22,CONTROL_RSI,31.7,31.7,,29.4,1.38,16.79,-13.34,25.19,-5.0,-1.19,-2.42,-2.88,10.3,3.67,1.13,-3.63,-7.39,-8.83,-12.09,-20.02,True,-5.0,-12.79,True,2021Q2
IDC,2021-07-05,CONTROL_RSI,30.0,30.0,,19.7,1.37,18.17,-19.92,46.78,-5.0,-11.23,-3.18,-0.24,-5.89,-0.31,1.72,45.62,50.52,52.31,-8.0,3.11,True,-5.0,1.19,True,2021Q3
IDC,2021-11-26,CONTROL_RSI,26.2,26.2,,31.3,1.31,41.61,-30.74,15.45,-6.84,-5.89,-0.57,1.1,-9.9,-9.62,-9.54,-6.63,-7.02,-7.14,-8.0,-4.83,True,-6.84,-3.67,True,2021Q4
IDC,2021-12-28,CONTROL_RSI,17.7,17.7,,31.4,1.47,38.64,-25.41,12.03,-12.0,-4.06,-6.35,-7.43,-18.92,-17.34,-16.59,8.23,8.38,8.45,-8.0,-8.16,True,-12.0,-12.16,True,2021Q4
IDC,2022-01-27,CONTROL_RSI,24.9,24.9,,31.8,1.52,31.43,-19.76,37.73,-12.0,15.46,13.36,12.27,27.27,24.92,23.7,-6.81,1.49,5.78,-8.0,8.48,True,-12.0,1.35,True,2022Q1
IDC,2022-04-15,CONTROL_RSI,32.1,32.1,,31.7,1.63,32.11,-30.71,6.26,-5.0,-12.83,-2.93,3.29,-18.69,-3.96,5.28,2.27,21.59,33.72,-8.0,0.48,True,-5.0,4.49,True,2022Q2
IDC,2022-09-07,CONTROL_RSI,24.5,24.5,,33.4,1.45,34.2,-58.6,5.44,-5.0,4.21,4.64,4.84,-18.77,-4.66,1.73,-38.6,-21.43,-13.66,-8.0,-2.7,True,-5.0,0.3,True,2022Q3
IDC,2022-10-10,CONTROL_RSI,22.2,22.2,,31.2,1.51,27.54,-48.58,9.8,-11.35,7.84,5.21,3.86,-14.6,-9.32,-6.6,-22.0,-22.97,-23.46,-14.6,-7.26,True,-14.6,-7.26,True,2022Q4
IDC,2022-11-08,CONTROL_RSI,38.8,38.8,,26.6,1.54,23.7,-40.25,6.08,-12.0,-27.09,-22.95,-20.72,-13.16,-19.0,-22.15,-4.81,-12.99,-17.39,-18.23,-13.68,True,-18.23,-13.68,True,2022Q4
IDC,2022-12-29,CONTROL_RSI,28.2,28.2,,28.6,1.61,19.2,-1.56,34.38,-9.45,8.13,4.51,2.31,23.44,16.38,12.07,30.31,24.24,20.53,30.31,20.53,False,30.31,20.53,False,2022Q4
IDC,2023-04-25,CONTROL_RSI,10.7,10.7,,31.4,1.63,23.9,-7.11,23.22,-5.0,2.13,0.26,-0.94,10.59,6.62,4.11,20.59,5.43,-4.18,20.59,-4.18,False,-7.11,-8.11,True,2023Q2
IDC,2023-08-21,CONTROL_RSI,14.1,14.1,,31.8,1.18,27.81,-7.7,25.89,-7.04,7.05,5.32,5.0,14.31,11.88,11.44,17.87,22.8,23.69,17.87,23.69,False,-7.04,3.77,True,2023Q3
IDC,2023-11-01,CONTROL_RSI,34.5,34.5,,30.4,1.23,28.5,-9.93,23.86,-10.21,12.91,6.69,5.25,13.16,8.82,7.82,21.72,9.6,6.81,21.72,6.81,False,21.72,6.81,False,2023Q4
IDC,2024-04-15,CONTROL_RSI,7.5,7.5,,32.7,1.24,37.4,-8.88,24.44,-5.0,-1.44,-0.37,-0.12,13.58,8.75,7.58,13.13,8.11,6.9,-8.0,-3.8,True,-5.0,-0.54,True,2024Q2
IDC,2024-06-28,CONTROL_RSI,20.5,20.5,,28.2,1.03,41.39,-10.73,7.15,-6.49,5.63,2.64,2.54,-0.34,-0.36,-0.36,0.34,-2.96,-3.08,-8.0,-9.54,True,-6.49,-8.03,True,2024Q2
IDC,2024-07-26,CONTROL_RSI,15.2,15.2,,29.9,1.07,40.9,-12.42,7.92,-5.0,-2.08,2.7,3.03,4.65,2.06,1.88,-6.21,-8.07,-8.2,-8.0,-9.47,True,-5.0,-6.47,True,2024Q3
IDC,2024-09-10,CONTROL_RSI,28.8,28.8,,25.4,1.09,41.25,-14.86,1.89,-5.0,-0.17,-1.02,-1.09,-3.59,-5.79,-5.98,-8.02,-6.92,-6.83,-8.0,-8.92,True,-5.0,-5.92,True,2024Q3
IDC,2024-10-08,CONTROL_RSI,25.6,25.6,,26.5,1.06,39.49,-11.07,5.52,-10.74,-0.18,-0.61,-0.64,3.57,4.57,4.62,0.0,0.33,0.35,-8.0,-2.29,True,-10.74,-6.95,True,2024Q4
IDC,2024-11-26,CONTROL_RSI,15.1,15.1,,30.0,1.08,39.0,-10.49,4.51,-11.58,-2.72,-2.64,-2.63,1.79,-0.84,-1.06,3.79,-1.56,-2.01,-9.59,-10.27,True,3.79,-2.01,False,2024Q4
IDC,2025-01-06,CONTROL_RSI,30.7,30.7,,22.2,1.13,38.43,-34.84,6.06,-5.0,-2.21,-0.6,-0.4,-1.28,-2.82,-3.01,-34.84,-22.44,-20.89,-8.25,-8.24,True,-8.25,-8.24,True,2025Q1
IDC,2025-03-14,CONTROL_RSI,20.7,20.7,,28.6,1.22,38.36,-41.19,1.28,-6.97,-0.36,-0.34,-0.34,-32.04,-24.31,-22.58,-23.31,-22.17,-21.91,-10.3,-9.88,True,-10.3,-9.88,True,2025Q1
IDC,2025-06-18,CONTROL_RSI,14.3,14.3,,30.2,1.37,30.23,-3.64,35.83,-5.87,6.98,5.54,5.01,11.58,0.91,-3.05,21.67,-3.48,-12.79,21.67,-12.79,False,21.67,-12.79,False,2025Q2
IDC,2025-07-22,CONTROL_RSI,18.8,18.8,,28.7,1.35,33.22,-9.51,23.6,-5.0,-2.65,-1.86,-1.59,13.73,4.2,0.88,-8.52,-22.44,-27.3,-8.0,-26.78,True,-5.0,-22.48,True,2025Q3
IDC,2025-09-22,CONTROL_RSI,9.3,9.3,,32.6,1.31,34.17,-18.91,6.41,-5.0,-5.38,-7.01,-7.51,-12.76,-14.49,-15.02,-5.5,-8.2,-9.02,-8.0,-14.5,True,-5.0,-7.12,True,2025Q3
IDC,2025-10-24,CONTROL_RSI,3.1,3.1,,34.7,1.16,29.81,-3.39,40.49,-9.21,7.58,12.26,13.0,12.65,14.32,14.59,37.0,25.86,24.1,37.0,24.1,False,37.0,24.1,False,2025Q4
IDC,2025-12-09,CONTROL_RSI,6.0,6.0,,33.0,0.93,32.55,-11.52,40.46,-5.12,-1.08,3.22,2.93,4.55,-2.26,-1.8,18.49,21.5,21.3,-8.0,-11.59,True,-5.12,-1.41,True,2025Q4
IDC,2026-03-20,CONTROL_RSI,4.4,4.4,,33.5,0.98,34.9,0.0,26.76,-5.79,22.01,20.02,20.06,20.77,8.08,8.34,8.25,-4.04,-3.78,8.25,-3.78,False,8.25,-3.78,False,2026Q1
IDC,2026-04-29,CONTROL_RSI,27.7,27.7,,25.8,0.96,39.44,-25.46,2.43,-5.0,-0.89,-2.22,-2.17,-3.52,-2.13,-2.18,-20.13,-9.35,-9.73,-8.0,-10.2,True,-5.0,-7.95,True,2026Q2
IDC,2026-06-23,CONTROL_RSI,21.7,21.7,,27.8,1.01,36.21,-19.64,0.97,-5.0,0.25,0.57,0.57,-9.86,1.07,1.19,-8.31,-4.39,-4.34,-8.0,-4.08,True,-5.0,-3.4,True,2026Q2
IDC,2026-07-21,CONTROL_RSI,15.9,15.9,,29.7,0.98,32.98,-11.76,6.73,-7.58,-2.67,-1.24,-1.28,-1.76,-1.61,-1.61,,,,-8.0,-11.72,True,-7.58,-11.3,True,2026Q3
IDC,2026-08-28,CONTROL_RSI,11.3,11.3,,31.2,0.82,32.5,-10.46,6.15,-5.0,-5.23,-5.64,-5.57,3.38,7.37,6.66,,,,-8.0,-6.8,True,-5.0,-5.34,True,2026Q3
IDC,2019-03-08,CONTROL_RANDOM,,,,41.3,0.64,9.41,-12.65,25.82,-5.0,20.72,17.78,18.83,8.08,6.59,7.12,0.11,2.62,1.72,-8.0,-7.02,True,-5.0,-4.02,True,2019Q1
IDC,2019-05-21,CONTROL_RANDOM,,,,52.9,0.46,9.22,-4.66,24.4,-8.71,-0.98,0.59,-0.26,5.31,9.09,7.03,6.4,8.23,7.23,6.4,7.23,False,6.4,7.23,False,2019Q2
IDC,2019-07-29,CONTROL_RANDOM,,,,52.4,0.65,9.28,-14.76,23.6,-6.23,19.94,23.61,22.34,0.97,3.43,2.58,-5.28,-3.92,-4.39,-8.0,-7.08,True,-6.23,-4.45,True,2019Q3
IDC,2019-08-14,CONTROL_RANDOM,,,,58.4,0.62,9.76,-18.95,4.51,-7.28,-1.43,-5.53,-3.98,-6.97,-10.01,-8.86,-2.46,-9.19,-6.64,-8.0,-9.38,True,-7.28,-8.67,True,2019Q3
IDC,2020-01-09,CONTROL_RANDOM,,,,45.5,0.48,8.82,-11.34,7.94,-5.0,2.27,0.42,1.39,3.97,6.44,5.14,-6.24,14.09,3.43,-8.5,6.28,True,-5.0,4.86,True,2020Q1
IDC,2020-02-12,CONTROL_RANDOM,,,,58.5,0.79,9.17,-18.1,2.73,-6.76,1.09,0.99,1.01,-2.73,15.19,11.47,-7.63,3.24,0.98,-8.0,6.82,True,-6.76,7.44,True,2020Q1
IDC,2020-02-20,CONTROL_RANDOM,,,,50.0,0.77,9.27,-18.99,1.62,-6.07,-0.54,5.42,4.05,-8.63,15.72,10.11,-7.01,2.07,-0.02,-8.0,5.86,True,-6.07,7.79,True,2020Q1
IDC,2020-03-06,CONTROL_RANDOM,,,,43.8,0.66,8.92,-15.81,20.18,-5.0,-1.68,12.93,7.98,-11.21,3.53,-1.46,9.53,8.6,8.92,-8.0,0.61,True,-5.0,3.61,True,2020Q1
IDC,2020-04-22,CONTROL_RANDOM,,,,51.4,0.45,8.02,0.0,33.67,-8.68,3.74,5.26,4.43,11.85,0.89,6.9,22.44,11.18,17.37,22.44,17.37,False,22.44,17.37,False,2020Q2
IDC,2020-07-13,CONTROL_RANDOM,,,,64.9,0.48,9.72,-5.25,33.54,-9.88,-0.51,-0.13,-0.33,3.7,6.24,4.93,27.78,21.45,24.72,27.78,24.72,False,27.78,24.72,False,2020Q3
IDC,2020-07-14,CONTROL_RANDOM,,,,67.6,0.49,9.72,-5.25,33.54,-9.92,1.54,3.57,2.53,3.7,6.67,5.14,27.78,22.5,25.22,27.78,25.22,False,27.78,25.22,False,2020Q3
IDC,2020-09-10,CONTROL_RANDOM,,,,85.4,0.44,11.7,-2.99,50.09,-8.44,3.5,2.14,2.9,5.73,1.77,3.97,43.5,28.58,36.89,43.5,36.89,False,43.5,36.89,False,2020Q3
IDC,2020-11-05,CONTROL_RANDOM,,,,54.0,0.54,13.33,-4.58,83.27,-10.07,1.2,-1.63,-0.32,25.96,17.26,21.29,32.11,21.92,26.64,32.11,26.64,False,32.11,26.64,False,2020Q4
IDC,2020-12-04,CONTROL_RANDOM,,,,70.5,0.45,16.79,-12.69,45.5,-12.0,0.3,-3.58,-1.46,13.64,3.08,8.86,14.23,0.8,8.16,-12.69,-14.11,True,-12.69,-14.11,True,2020Q4
IDC,2021-03-08,CONTROL_RANDOM,,,,39.1,1.41,19.24,-16.16,9.77,-5.03,-1.87,-3.5,-4.18,2.6,-4.21,-7.01,1.3,-17.06,-24.62,-8.0,-8.15,True,-5.03,-5.19,True,2021Q1
IDC,2021-09-10,CONTROL_RANDOM,,,,62.5,1.24,22.39,-2.05,126.22,-12.0,7.06,6.67,6.58,23.63,20.0,19.13,74.9,69.82,68.6,74.9,68.6,False,74.9,68.6,False,2021Q3
IDC,2021-12-07,CONTROL_RANDOM,,,,51.9,1.38,43.86,-34.29,9.53,-12.0,0.0,-1.99,-2.74,-15.48,-21.14,-23.29,-14.16,-16.39,-17.24,-8.0,-10.95,True,-12.0,-12.97,True,2021Q4
IDC,2022-04-12,CONTROL_RANDOM,,,,37.7,1.57,33.99,-34.54,6.77,-5.0,-8.77,-3.64,-0.75,-30.98,-12.02,-1.3,-11.24,8.51,19.67,-8.0,-5.12,True,-5.0,-4.9,True,2022Q2
IDC,2022-08-03,CONTROL_RANDOM,,,,64.9,1.49,37.03,-39.89,10.32,-11.67,-2.35,-2.32,-2.3,-0.22,-2.2,-3.17,-28.38,-10.45,-1.7,-8.0,-6.89,True,-11.67,-6.08,True,2022Q3
IDC,2022-12-16,CONTROL_RANDOM,,,,59.9,1.54,22.5,-19.47,14.67,-12.0,-16.8,-10.28,-6.75,5.07,1.8,0.04,1.87,3.9,5.01,-8.0,-2.87,True,-17.6,-13.02,True,2022Q4
IDC,2023-02-24,CONTROL_RANDOM,,,,50.7,1.63,23.88,-13.32,9.88,-9.43,-3.02,-2.78,-2.64,-1.01,-3.21,-4.6,9.09,5.68,3.53,-12.56,-13.88,True,-12.56,-13.88,True,2023Q1
IDC,2023-07-12,CONTROL_RANDOM,,,,50.0,1.3,27.75,-5.01,16.83,-9.44,2.05,0.94,0.6,8.86,3.63,2.05,12.65,14.59,15.17,12.65,15.17,False,12.65,15.17,False,2023Q3
IDC,2023-07-13,CONTROL_RANDOM,,,,57.5,1.3,28.0,-5.86,15.79,-10.26,2.25,0.82,0.4,7.0,1.61,0.01,13.07,15.25,15.9,13.07,15.9,False,13.07,15.9,False,2023Q3
IDC,2023-09-12,CONTROL_RANDOM,,,,77.2,1.14,30.78,-16.6,13.74,-7.78,1.43,3.26,3.51,4.35,12.21,13.28,9.26,19.07,20.4,-8.0,12.08,True,-7.78,12.3,True,2023Q3
IDC,2023-10-09,CONTROL_RANDOM,,,,53.1,1.11,31.52,-18.56,11.07,-10.3,4.41,6.33,6.54,-6.03,-0.49,0.1,8.98,8.93,8.92,-8.0,1.8,True,-10.3,0.88,True,2023Q4
IDC,2023-10-30,CONTROL_RANDOM,,,,40.0,1.22,28.83,-10.96,22.44,-5.0,2.74,-0.58,-1.32,10.72,5.95,4.89,18.66,6.48,3.77,-8.0,-11.49,True,-5.0,-8.49,True,2023Q4
IDC,2024-04-24,CONTROL_RANDOM,,,,33.1,1.17,36.86,-1.11,26.26,-9.43,13.97,10.46,9.85,18.01,11.76,10.68,10.58,8.46,8.1,10.58,8.1,False,10.58,8.1,False,2024Q2
IDC,2024-05-06,CONTROL_RANDOM,,,,61.1,1.17,41.67,-9.26,11.69,-12.0,2.76,2.94,2.97,5.76,2.71,2.19,-0.34,-0.3,-0.29,-0.34,-0.29,False,-0.34,-0.29,False,2024Q2
IDC,2024-07-09,CONTROL_RANDOM,,,,50.9,1.04,44.07,-16.16,0.64,-7.33,-6.4,-4.32,-4.25,-5.6,0.55,0.77,-10.07,-8.15,-8.08,-8.0,-3.44,True,-7.33,-2.24,True,2024Q3
IDC,2024-07-12,CONTROL_RANDOM,,,,48.3,1.03,43.16,-17.01,2.27,-5.0,-2.94,-0.65,-0.57,-1.48,2.71,2.84,-7.85,-7.68,-7.67,-8.0,-4.33,True,-5.0,-3.76,True,2024Q3
IDC,2024-07-23,CONTROL_RANDOM,,,,32.6,1.06,40.76,-12.12,8.29,-5.0,2.06,-0.06,-0.19,6.75,1.97,1.67,-3.29,-8.18,-8.48,-8.0,-11.41,True,-5.0,-8.41,True,2024Q3
IDC,2024-10-10,CONTROL_RANDOM,,,,30.2,1.08,39.42,-10.91,5.71,-10.55,0.0,0.17,0.19,1.95,4.68,4.91,-2.51,0.7,0.97,-8.0,-1.05,True,-10.55,-5.56,True,2024Q4
IDC,2024-10-11,CONTROL_RANDOM,,,,27.6,1.04,39.49,-11.07,5.52,-10.78,-0.71,0.58,0.64,2.68,6.25,6.41,-2.51,1.32,1.49,-8.0,-0.64,True,-10.78,-5.29,True,2024Q4
IDC,2025-02-10,CONTROL_RANDOM,,,,54.0,1.12,37.87,-40.43,7.63,-9.5,0.0,-1.0,-1.13,5.39,0.08,-0.56,-21.73,-23.14,-23.31,-9.14,-14.51,True,-9.5,-6.35,True,2025Q1
IDC,2025-02-14,CONTROL_RANDOM,,,,38.9,1.1,38.01,-40.65,7.23,-8.62,5.74,3.59,3.37,0.37,-4.26,-4.73,-19.31,-21.21,-21.4,-9.47,-13.69,True,-9.47,-13.69,True,2025Q1
IDC,2025-04-25,CONTROL_RANDOM,,,,37.7,1.33,27.38,-5.33,30.68,-12.0,4.02,1.14,0.19,17.06,8.34,5.45,24.54,1.31,-6.39,24.54,-6.39,False,24.54,-6.39,False,2025Q2
IDC,2025-06-04,CONTROL_RANDOM,,,,52.1,1.37,30.74,-5.95,33.57,-9.97,-3.09,-1.36,-0.71,13.53,10.89,9.9,19.1,-5.75,-14.97,19.1,-14.97,False,19.1,-14.97,False,2025Q2
IDC,2025-11-28,CONTROL_RANDOM,,,,61.8,0.94,33.84,-14.89,35.11,-12.0,-2.78,-6.0,-5.81,-5.88,-9.17,-8.98,18.88,11.86,12.27,-8.0,-5.11,True,-12.0,-18.5,True,2025Q4
IDC,2026-03-18,CONTROL_RANDOM,,,,38.1,0.99,37.96,-8.06,16.54,-12.0,7.59,10.89,10.85,12.17,5.17,5.26,0.0,-6.3,-6.22,-8.06,-1.7,True,0.0,-6.22,False,2026Q1
IDC,2026-06-25,CONTROL_RANDOM,,,,30.5,1.01,35.86,-18.85,1.95,-5.0,-0.98,-1.24,-1.24,-7.14,2.08,2.21,-6.3,-3.31,-3.27,-8.0,-4.9,True,-5.0,-4.25,True,2026Q2
VGC,2019-11-22,WATCH,50.0,50.0,15.0,22.2,0.65,13.08,-7.87,0.76,-5.0,0.0,1.9,1.23,-2.22,-0.33,-1.0,0.54,7.51,5.05,0.54,5.05,False,-5.0,-3.09,True,2019Q4
VGC,2020-03-12,WATCH,63.4,63.4,0.0,30.9,0.74,11.37,-17.77,20.32,-5.0,-5.28,-1.76,-2.67,-1.58,-5.69,-4.62,19.44,-2.91,2.89,-8.0,-1.06,True,-5.63,-6.65,True,2020Q1
VGC,2020-03-16,PANIC70_ANY,71.1,71.1,0.0,18.2,0.76,10.73,-12.86,27.49,-5.0,-11.28,-2.32,-4.47,4.01,-3.33,-1.57,25.16,5.9,10.53,-11.93,-5.12,True,-5.0,1.03,True,2020Q1
VGC,2021-05-27,WATCH,43.4,43.4,0.0,8.9,0.68,22.11,-2.44,26.59,-5.0,9.0,3.93,5.57,5.65,-0.64,1.39,26.59,24.94,25.47,26.59,25.47,False,26.59,25.47,False,2021Q2
VGC,2021-07-12,WATCH,41.4,41.4,10.0,26.2,0.72,21.57,0.0,39.68,-5.0,5.93,7.71,7.22,20.91,15.81,17.23,28.51,23.14,24.63,28.51,24.63,False,28.51,24.63,False,2021Q3
VGC,2022-04-19,WATCH,51.0,51.0,0.0,32.7,1.49,36.6,-34.84,24.73,-5.0,-2.98,0.44,2.12,-12.76,-1.28,4.38,12.68,28.54,36.36,-11.5,-5.08,True,-5.0,-2.61,True,2022Q2
VGC,2022-04-26,PANIC70_ANY,74.4,74.4,10.0,19.0,1.42,34.34,-30.55,43.88,-11.25,2.48,2.66,2.74,-4.16,-0.69,0.77,38.41,48.7,53.02,-11.12,-7.05,True,-11.25,-8.03,True,2022Q2
VGC,2022-09-19,WATCH,41.4,41.4,0.0,27.5,1.37,47.37,-56.66,5.17,-5.0,-6.99,-3.23,-1.85,-5.95,6.29,10.78,-22.97,-9.39,-4.41,-8.0,-0.28,True,-5.0,-0.75,True,2022Q3
VGC,2022-10-25,WATCH,50.7,50.7,20.0,29.8,1.34,34.08,-39.76,8.77,-5.61,-4.64,-6.88,-7.65,-26.82,-21.35,-19.49,-4.4,-15.13,-18.79,-8.0,-7.52,True,-5.61,-9.26,True,2022Q4
VGC,2022-12-29,WATCH,46.3,46.3,25.0,29.7,1.49,27.85,-9.26,20.0,-7.19,7.43,3.82,2.03,11.49,4.43,0.94,2.23,-3.85,-6.85,-8.0,-10.2,True,-7.19,-8.02,True,2022Q4
VGC,2023-10-31,WATCH,46.0,46.0,0.0,27.6,1.46,36.98,-1.05,36.48,-5.0,17.17,8.97,5.16,24.23,17.06,13.73,18.58,4.84,-1.54,18.58,-1.54,False,18.58,-1.54,False,2023Q4
VGC,2024-04-19,WATCH,45.0,45.0,0.0,15.1,1.4,43.77,-2.99,14.12,-5.0,3.18,0.42,-0.67,11.13,2.91,-0.36,2.17,-5.49,-8.54,2.17,-8.54,False,2.17,-8.54,False,2024Q2
VGC,2024-07-29,WATCH,57.2,57.2,0.0,10.8,1.22,41.33,-17.57,0.85,-5.0,-15.99,-13.03,-12.39,-5.9,-8.58,-9.16,-12.17,-12.99,-13.16,-8.0,-6.02,True,-5.0,-3.02,True,2024Q3
VGC,2024-08-05,PANIC70_ANY,73.3,73.3,0.0,11.3,1.26,36.07,-5.54,11.34,-5.0,0.11,-2.64,-3.36,2.52,-3.38,-4.93,1.39,-4.21,-5.67,1.39,-5.67,False,-5.0,-6.14,True,2024Q3
VGC,2025-04-03,WATCH,54.1,54.1,10.0,24.3,1.1,37.96,-13.83,12.14,-5.0,-3.32,-10.4,-11.13,3.9,-5.63,-6.61,5.3,-13.91,-15.88,-13.46,-7.28,True,-13.46,-7.28,True,2025Q2
VGC,2025-04-09,PANIC70_ANY,70.1,70.1,10.0,9.5,1.18,35.13,-6.89,21.18,-8.79,3.96,-0.43,-1.22,18.39,7.47,5.51,14.69,-6.7,-10.53,14.69,-10.53,False,14.69,-10.53,False,2025Q2
VGC,2025-09-10,WATCH,50.0,50.0,35.0,23.3,1.1,50.28,-21.32,10.34,-5.0,3.4,1.79,1.63,-4.46,-9.2,-9.65,-17.12,-23.13,-23.71,-8.0,-14.18,True,-5.0,-5.47,True,2025Q3
VGC,2025-10-15,WATCH,52.7,52.7,0.0,20.3,1.18,46.7,-20.94,1.71,-5.0,-11.82,-7.43,-6.62,-6.12,1.42,2.81,-8.14,-14.53,-15.71,-8.0,0.59,True,-5.0,3.59,True,2025Q4
VGC,2026-03-03,WATCH,40.0,40.0,25.0,29.5,1.0,45.44,-13.05,3.19,-5.0,-4.97,-0.8,-0.79,-3.32,2.26,2.27,-11.4,-13.67,-13.68,-11.4,-3.01,True,-11.4,-3.01,True,2026Q1
VGC,2026-07-20,WATCH,47.1,47.1,0.0,14.3,0.96,36.31,-6.36,25.31,-5.0,-1.54,1.5,1.38,10.99,11.07,11.07,,,,22.0,20.59,False,-5.0,-3.12,True,2026Q3
VGC,2020-03-31,ENTRY_V2,63.3,80.5,60.0,21.7,0.86,10.23,-2.05,43.11,-11.16,10.46,-4.95,-2.77,14.66,-1.07,1.15,34.41,8.52,12.18,34.41,12.18,False,34.41,12.18,False,2020Q1
VGC,2020-04-07,ENTRY_V2_LOOSE,,80.5,45.0,44.8,0.86,10.66,-1.31,44.65,-12.0,4.69,-0.34,0.36,15.38,5.43,6.81,36.68,22.14,24.16,36.68,24.16,False,36.68,24.16,False,2020Q2
VGC,2022-04-27,ENTRY_V2_LOOSE,72.3,74.4,45.0,25.8,1.43,35.12,-32.09,40.69,-12.0,-6.78,-0.58,2.07,-4.67,-0.27,1.61,32.55,44.73,49.95,-13.1,-6.78,True,-13.1,-6.78,True,2022Q2
VGC,2024-08-16,ENTRY_V2_LOOSE,22.3,76.8,45.0,39.2,1.3,38.29,-7.73,4.88,-12.0,1.23,-0.41,-0.9,-4.1,-4.54,-4.67,1.36,2.42,2.73,1.36,2.73,False,1.36,2.73,False,2024Q3
VGC,2024-08-19,ENTRY_V2,,76.8,65.0,42.9,1.3,39.16,-9.78,2.55,-12.0,-0.69,-2.03,-2.43,-2.91,-3.51,-3.7,-0.89,1.62,2.37,-8.0,-7.13,True,-0.89,2.37,False,2024Q3
VGC,2025-04-18,ENTRY_V2,15.4,92.5,60.0,34.6,1.03,37.47,-11.02,16.6,-12.0,-6.0,-6.53,-6.55,6.33,-1.33,-1.57,13.13,-8.96,-9.66,-8.0,-7.21,True,13.13,-9.66,False,2025Q2
VGC,2025-04-22,ENTRY_V2_LOOSE,62.3,92.5,45.0,26.2,1.06,35.27,-4.96,23.87,-10.48,3.03,1.03,0.91,14.35,4.73,4.19,17.27,-4.89,-6.14,17.27,-6.14,False,17.27,-6.14,False,2025Q2
VGC,2019-03-25,CONTROL_RSI,8.7,8.7,,32.1,1.1,14.23,-13.84,1.41,-5.1,-0.98,-2.61,-2.76,-9.07,-9.77,-9.84,-4.29,-3.29,-3.19,-8.0,-7.12,True,-5.1,-8.21,True,2019Q1
VGC,2019-04-23,CONTROL_RSI,30.0,30.0,,14.8,0.93,12.81,-4.29,15.93,-5.0,5.78,6.98,6.89,4.22,6.1,5.96,7.34,5.07,5.24,7.34,5.24,False,7.34,5.24,False,2019Q2
VGC,2019-06-05,CONTROL_RSI,5.0,5.0,,33.3,0.9,13.31,-2.78,11.57,-5.0,2.03,2.17,2.15,4.36,2.08,2.31,1.43,-1.43,-1.15,1.43,-1.15,False,1.43,-1.15,False,2019Q2
VGC,2019-07-29,CONTROL_RSI,5.6,5.6,,33.1,0.97,13.86,-6.64,3.32,-5.0,-0.51,3.17,3.07,-4.62,-2.15,-2.22,-1.52,-0.15,-0.19,-1.52,-0.19,False,-5.0,-1.42,True,2019Q3
VGC,2019-08-26,CONTROL_RSI,30.0,30.0,,11.8,0.87,13.01,-0.54,10.07,-5.0,3.54,4.42,4.3,5.15,5.05,5.06,1.31,-0.14,0.05,1.31,0.05,False,1.31,0.05,False,2019Q3
VGC,2019-10-07,CONTROL_RSI,30.0,30.0,,14.6,0.71,13.5,-5.78,5.26,-5.0,1.85,0.89,1.17,-0.74,-4.88,-3.68,-3.11,-0.81,-1.48,-3.11,-1.48,False,-5.0,-2.87,True,2019Q4
VGC,2019-11-04,CONTROL_RSI,0.7,0.7,,34.8,0.7,13.4,-10.07,1.04,-5.0,-0.52,-0.09,-0.22,-2.69,4.09,2.05,-7.16,2.31,-0.55,-8.0,-2.96,True,-5.0,-0.11,True,2019Q4
VGC,2019-12-02,CONTROL_RSI,30.0,30.0,,19.5,0.56,13.11,-8.09,1.37,-5.0,-0.76,-1.07,-0.93,-0.23,-0.6,-0.44,0.31,7.41,4.27,-8.0,-7.51,True,-5.0,-4.51,True,2019Q4
VGC,2020-01-21,CONTROL_RSI,14.6,14.6,,30.1,0.34,12.79,-26.9,3.91,-6.46,-2.74,3.41,-0.67,1.72,10.9,4.81,-7.74,13.81,-0.49,-11.1,-3.44,True,-7.19,0.22,True,2020Q1
VGC,2020-04-01,CONTROL_RSI,26.5,26.5,,31.0,0.87,10.91,-4.86,34.19,-12.0,3.3,-6.88,-5.57,12.74,1.66,3.08,24.11,4.16,6.72,24.11,6.72,False,24.11,6.72,False,2020Q2
VGC,2020-07-29,CONTROL_RSI,31.8,31.8,,30.7,0.85,14.12,-1.06,30.03,-5.0,6.94,1.44,2.28,16.78,6.93,8.43,22.31,1.58,4.74,22.31,4.74,False,22.31,4.74,False,2020Q3
VGC,2020-10-08,CONTROL_RSI,30.0,30.0,,15.2,0.74,17.2,-4.83,24.48,-5.0,0.41,-2.18,-1.51,1.28,-0.77,-0.23,17.03,-4.82,0.87,17.03,0.87,False,17.03,0.87,False,2020Q4
VGC,2021-03-11,CONTROL_RSI,10.0,10.0,,31.8,0.69,25.31,-13.87,12.49,-5.0,0.59,-0.15,0.08,3.87,-0.05,1.19,-10.94,-23.41,-19.49,-8.02,-13.73,True,-5.0,-3.67,True,2021Q1
VGC,2021-04-19,CONTROL_RSI,12.9,12.9,,30.9,0.69,25.09,-14.03,13.47,-7.25,6.74,9.75,8.82,-6.9,-8.17,-7.78,-7.37,-9.86,-9.1,-8.0,-8.89,True,-7.25,-8.13,True,2021Q2
VGC,2021-05-20,CONTROL_RSI,31.7,31.7,,10.6,0.67,23.28,-7.35,15.89,-5.0,-2.32,-6.06,-4.84,2.02,-6.22,-3.54,13.7,7.09,9.24,13.7,9.24,False,-5.0,-6.63,True,2021Q2
VGC,2021-07-08,CONTROL_RSI,30.0,30.0,,23.9,0.72,21.96,-1.78,37.2,-5.0,5.83,11.31,9.76,5.83,8.25,7.56,22.86,24.32,23.91,22.86,23.91,False,22.86,23.91,False,2021Q3
VGC,2021-09-24,CONTROL_RSI,14.5,14.5,,30.9,0.67,26.94,-7.5,80.36,-5.37,-4.64,-3.78,-4.06,4.64,2.11,2.95,69.67,60.34,63.43,69.67,63.43,False,-5.79,-5.2,True,2021Q3
VGC,2022-01-24,CONTROL_RSI,27.8,27.8,,30.2,1.29,35.82,-10.66,48.24,-5.0,12.59,8.33,7.08,17.17,13.07,11.86,-0.87,5.1,6.86,-9.58,-0.74,True,-5.0,1.25,True,2022Q1
VGC,2022-03-11,CONTROL_RSI,7.6,7.6,,32.6,1.51,39.01,-38.86,36.12,-5.0,2.38,-0.06,-1.3,4.0,4.28,4.42,-0.36,10.02,15.28,-8.0,-0.3,True,-6.18,1.52,True,2022Q1
VGC,2022-05-05,CONTROL_RSI,6.9,6.9,,34.2,1.4,36.83,-35.24,38.58,-12.0,-26.85,-15.55,-11.04,-8.09,-4.67,-3.31,35.7,45.24,49.05,-17.13,-12.94,True,-17.13,-12.94,True,2022Q2
VGC,2022-07-06,CONTROL_RSI,33.4,33.4,,31.7,1.39,37.57,-6.52,57.17,-5.0,10.22,7.33,6.21,26.3,17.14,13.58,5.86,11.3,13.42,5.86,13.42,False,5.86,13.42,False,2022Q3
VGC,2022-09-30,CONTROL_RSI,23.3,23.3,,31.9,1.4,42.98,-52.23,7.33,-10.45,3.47,10.76,13.69,-21.48,-12.89,-9.44,-34.34,-21.96,-16.98,-8.0,5.04,True,-10.84,6.4,True,2022Q3
VGC,2022-11-22,CONTROL_RSI,37.5,37.5,,27.0,1.42,24.94,-5.01,48.64,-12.0,22.13,11.52,7.02,20.33,12.83,9.65,18.64,7.48,2.75,18.64,2.75,False,18.64,2.75,False,2022Q4
VGC,2023-01-03,CONTROL_RSI,35.1,35.1,,29.1,1.5,30.17,-16.24,10.77,-12.0,0.56,-0.15,-0.5,-0.83,-3.11,-4.25,-0.53,-3.64,-5.19,-8.0,-7.34,True,-12.0,-8.39,True,2023Q1
VGC,2023-02-13,CONTROL_RSI,23.4,23.4,,31.7,1.52,27.43,-7.87,17.57,-5.0,12.29,8.74,6.87,-0.91,-0.43,-0.18,15.02,12.94,11.85,15.02,11.85,False,-5.0,-1.78,True,2023Q1
VGC,2023-03-13,CONTROL_RSI,3.2,3.2,,33.9,1.53,27.97,-9.65,36.18,-5.18,-8.33,-6.72,-5.87,8.47,6.55,5.53,33.71,28.17,25.21,-8.0,-4.18,True,-5.18,-1.35,True,2023Q1
VGC,2023-04-25,CONTROL_RSI,28.9,28.9,,26.0,1.61,27.1,-1.7,52.32,-5.0,8.12,6.24,5.1,23.32,19.36,16.95,52.18,37.02,27.81,52.18,27.81,False,52.18,27.81,False,2023Q2
VGC,2023-08-18,CONTROL_RSI,10.7,10.7,,33.6,1.44,36.64,-4.89,31.8,-5.0,6.28,4.18,3.24,23.25,19.08,17.23,19.46,24.09,26.15,19.46,26.15,False,19.46,26.15,False,2023Q3
VGC,2023-09-26,CONTROL_RSI,14.6,14.6,,34.7,1.47,38.51,-4.99,31.06,-5.0,7.09,8.06,8.52,14.33,17.68,19.26,20.88,24.3,25.92,20.88,25.92,False,20.88,25.92,False,2023Q3
VGC,2023-11-01,CONTROL_RSI,28.5,28.5,,31.1,1.47,38.89,-1.54,29.78,-8.99,11.88,5.66,2.73,21.93,17.59,15.56,15.22,3.11,-2.58,15.22,-2.58,False,15.22,-2.58,False,2023Q4
VGC,2023-12-22,CONTROL_RSI,13.8,13.8,,30.4,1.44,46.29,-6.57,14.47,-5.0,-0.76,-3.24,-4.33,-4.13,-10.76,-13.65,10.72,-5.4,-12.44,10.72,-12.44,False,-5.0,-11.49,True,2023Q4
VGC,2024-04-15,CONTROL_RSI,35.9,35.9,,23.0,1.4,45.94,-7.58,8.73,-5.0,-3.79,-2.72,-2.29,4.18,-0.66,-2.59,-0.76,-5.78,-7.79,-0.76,-7.79,False,-5.0,0.03,True,2024Q2
VGC,2024-06-21,CONTROL_RSI,6.3,6.3,,32.9,1.29,46.29,-26.4,3.95,-5.0,-1.32,0.76,1.36,-6.76,-4.69,-4.09,-20.67,-19.4,-19.04,-8.64,-3.68,True,-5.0,-2.33,True,2024Q2
VGC,2024-07-22,CONTROL_RSI,39.2,39.2,,23.3,1.26,42.29,-19.44,2.27,-5.0,-2.98,-2.05,-1.81,-7.4,-8.66,-8.99,-12.04,-14.41,-15.02,-8.0,-5.02,True,-5.0,-4.48,True,2024Q3
VGC,2024-09-10,CONTROL_RSI,30.6,30.6,,24.0,1.31,35.68,-1.29,12.53,-5.0,2.91,2.07,1.8,6.56,4.36,3.68,7.01,8.11,8.45,7.01,8.45,False,7.01,8.45,False,2024Q3
VGC,2024-10-21,CONTROL_RSI,0.4,0.4,,34.9,1.28,37.24,-5.42,19.5,-5.0,-1.32,0.12,0.52,-3.6,2.26,3.9,19.39,22.83,23.78,19.39,23.78,False,-5.0,1.36,True,2024Q4
VGC,2025-03-11,CONTROL_RSI,8.1,8.1,,32.4,1.21,45.17,-27.58,5.56,-5.0,2.19,3.16,3.36,-22.23,-9.57,-6.97,-13.19,-11.59,-11.27,-9.72,-0.01,True,-9.72,-0.01,True,2025Q1
VGC,2025-04-18,CONTROL_RSI,15.4,15.4,,34.6,1.03,37.47,-11.02,16.6,-12.0,-6.0,-6.53,-6.55,6.33,-1.33,-1.57,13.13,-8.96,-9.66,-8.0,-7.21,True,13.13,-9.66,False,2025Q2
VGC,2025-09-08,CONTROL_RSI,26.5,26.5,,33.1,1.09,51.09,-22.57,8.59,-5.0,2.62,-0.53,-0.82,-5.09,-8.51,-8.83,-20.28,-25.65,-26.15,-8.0,-13.83,True,-5.0,-6.89,True,2025Q3
VGC,2025-10-08,CONTROL_RSI,20.1,20.1,,31.9,1.26,47.5,-22.27,4.53,-5.0,-0.57,-4.33,-5.32,-9.43,-5.9,-4.98,-17.81,-22.84,-24.16,-8.0,-3.09,True,-5.0,-7.11,True,2025Q4
VGC,2025-11-05,CONTROL_RSI,12.1,12.1,,31.0,1.1,42.75,-13.64,15.53,-7.62,2.55,4.07,4.23,-2.53,-7.39,-7.88,15.53,6.49,5.58,-8.0,-7.35,True,-7.62,-13.63,True,2025Q4
VGC,2025-12-08,CONTROL_RSI,6.3,6.3,,32.9,1.07,40.26,-8.3,36.93,-5.0,-2.81,2.43,2.78,1.64,-3.07,-3.39,7.0,10.53,10.76,-8.0,-0.47,True,-5.0,2.53,True,2025Q4
VGC,2026-03-05,CONTROL_RSI,29.2,29.2,,34.0,0.96,44.54,-11.72,1.37,-5.0,-3.48,2.34,2.09,-5.28,1.22,0.94,-10.78,-11.77,-11.73,-9.61,-3.0,True,-9.61,-3.0,True,2026Q1
VGC,2026-04-29,CONTROL_RSI,31.7,31.7,,24.6,0.98,40.26,-15.18,6.78,-5.0,5.39,4.06,4.08,0.0,1.4,1.37,-13.31,-2.53,-2.7,-8.0,-1.31,True,-5.0,-3.57,True,2026Q2
VGC,2026-05-29,CONTROL_RSI,30.0,30.0,,22.5,0.96,40.17,-15.36,5.38,-5.0,-3.76,0.36,0.21,0.57,1.24,1.22,1.82,6.03,5.88,-8.0,-1.6,True,-5.0,-3.76,True,2026Q2
VGC,2026-07-21,CONTROL_RSI,35.5,35.5,,16.4,0.96,36.69,-7.33,24.01,-5.0,-0.52,0.91,0.85,11.2,11.35,11.35,,,,20.74,19.09,False,-5.0,-1.66,True,2026Q3
VGC,2019-01-23,CONTROL_RANDOM,,,,73.2,1.1,13.01,-5.23,16.68,-9.2,3.15,2.92,2.9,7.84,1.58,0.93,1.54,-6.29,-7.1,1.54,-7.1,False,1.54,-7.1,False,2019Q1
VGC,2019-07-08,CONTROL_RANDOM,,,,56.4,0.97,14.03,-7.77,5.84,-5.0,3.35,1.6,1.66,-1.71,-1.65,-1.65,-2.21,-4.9,-4.81,-2.21,-4.81,False,-5.77,-5.71,True,2019Q3
VGC,2019-08-22,CONTROL_RANDOM,,,,35.0,0.9,13.22,-2.12,8.32,-5.0,0.53,1.95,1.8,4.84,5.91,5.8,0.53,0.06,0.11,0.53,0.11,False,0.53,0.11,False,2019Q3
VGC,2019-11-13,CONTROL_RANDOM,,,,30.8,0.69,13.29,-9.33,0.3,-5.0,-0.53,2.03,1.25,-2.11,2.4,1.02,-5.64,1.89,-0.41,-8.0,-3.56,True,-5.0,-0.56,True,2019Q4
VGC,2020-04-15,CONTROL_RANDOM,,,,73.6,0.84,11.23,-0.62,38.47,-12.0,5.08,4.97,4.99,10.15,1.89,3.21,33.75,21.38,23.37,33.75,23.37,False,33.75,23.37,False,2020Q2
VGC,2020-07-16,CONTROL_RANDOM,,,,71.4,0.82,15.1,-8.48,21.59,-6.81,-3.77,1.3,0.4,4.97,7.57,7.11,13.91,7.91,8.97,-8.48,-0.15,True,-6.81,-2.63,True,2020Q3
VGC,2020-09-25,CONTROL_RANDOM,,,,50.0,0.72,17.65,-7.25,20.62,-6.95,-2.15,-2.53,-2.43,-2.78,-7.12,-5.9,9.35,-9.3,-4.06,9.35,-4.06,False,-6.95,-9.48,True,2020Q3
VGC,2020-12-14,CONTROL_RANDOM,,,,40.3,0.69,19.23,-1.56,52.31,-5.0,4.26,2.25,2.87,5.04,-6.63,-3.02,33.18,21.49,25.11,33.18,25.11,False,33.18,25.11,False,2020Q4
VGC,2021-06-03,CONTROL_RANDOM,,,,45.6,0.7,24.14,-10.65,21.58,-11.28,-8.7,-7.58,-7.92,-3.56,-7.45,-6.28,10.15,14.09,12.9,-8.0,-6.25,True,10.15,12.9,False,2021Q2
VGC,2021-06-18,CONTROL_RANDOM,,,,53.7,0.74,23.44,-7.98,28.54,-9.04,0.3,-2.05,-1.43,-2.69,6.78,4.28,14.12,16.14,15.61,14.12,15.61,False,14.12,15.61,False,2021Q2
VGC,2021-06-28,CONTROL_RANDOM,,,,53.5,0.72,23.59,-8.56,27.72,-8.07,-4.28,-0.48,-1.53,-0.64,8.69,6.11,15.68,19.63,18.54,-8.56,-2.87,True,-8.56,-2.87,True,2021Q2
VGC,2021-07-01,CONTROL_RANDOM,,,,65.5,0.72,23.05,-6.42,30.72,-5.0,-0.35,4.98,3.51,2.86,10.79,8.6,10.8,16.68,15.05,10.8,15.05,False,-5.0,-3.25,True,2021Q3
VGC,2021-07-16,CONTROL_RANDOM,,,,46.5,0.72,22.89,-3.06,31.63,-7.29,1.18,3.23,2.66,19.57,14.06,15.58,16.51,9.39,11.35,16.51,11.35,False,16.51,11.35,False,2021Q3
VGC,2021-10-07,CONTROL_RANDOM,,,,56.9,0.72,28.03,-6.67,73.35,-12.0,-4.71,-6.66,-6.13,19.16,12.53,14.36,47.77,38.09,40.76,47.77,40.76,False,47.77,40.76,False,2021Q4
VGC,2021-12-13,CONTROL_RANDOM,,,,75.5,0.78,45.78,-22.28,6.14,-12.0,-1.68,-1.85,-1.82,-8.15,-10.47,-9.96,-15.73,-14.58,-14.84,-8.85,-7.83,True,-12.0,-12.67,True,2021Q4
VGC,2021-12-14,CONTROL_RANDOM,,,,71.7,0.78,43.68,-18.54,11.24,-12.0,-3.57,-3.68,-3.66,-8.2,-9.55,-9.26,-9.8,-8.8,-9.02,-8.0,-8.68,True,-12.0,-10.77,True,2021Q4
VGC,2022-04-22,CONTROL_RANDOM,,,,26.0,1.53,36.87,-35.31,28.02,-12.0,-1.38,0.73,1.84,-11.17,-3.24,0.94,24.49,37.82,44.84,-8.0,-5.34,True,-12.0,-9.34,True,2022Q2
VGC,2022-05-06,CONTROL_RANDOM,,,,30.9,1.41,33.6,-29.02,52.89,-8.66,-25.39,-14.61,-10.17,0.74,2.53,3.27,47.77,54.02,56.6,-8.0,-6.71,True,-8.66,-7.38,True,2022Q2
VGC,2022-06-01,CONTROL_RANDOM,,,,62.7,1.43,33.48,-3.41,76.37,-12.0,16.1,15.54,15.3,28.32,36.23,39.65,67.83,68.73,69.12,67.83,69.12,False,67.83,69.12,False,2022Q2
VGC,2022-10-31,CONTROL_RANDOM,,,,31.3,1.38,34.75,-40.92,6.68,-12.0,-16.75,-11.61,-9.65,-12.69,-12.44,-12.34,-11.25,-15.23,-16.76,-8.86,-6.86,True,-12.0,-6.97,True,2022Q4
VGC,2022-11-17,CONTROL_RANDOM,,,,24.0,1.42,25.19,-9.25,47.16,-12.0,5.44,5.0,4.81,39.9,31.08,27.36,23.42,11.07,5.86,23.42,5.86,False,23.42,5.86,False,2022Q4
VGC,2022-12-22,CONTROL_RANDOM,,,,38.9,1.49,29.51,-14.37,13.25,-7.12,-4.78,-3.16,-2.37,7.46,-0.25,-4.0,-9.01,-11.8,-13.16,-8.0,-5.22,True,-7.12,-4.34,True,2022Q4
VGC,2022-12-23,CONTROL_RANDOM,,,,40.2,1.47,30.34,-16.71,10.15,-9.7,-0.96,-3.33,-4.46,7.55,-1.43,-5.67,-11.63,-15.03,-16.64,-8.0,-7.42,True,-9.7,-13.18,True,2022Q4
VGC,2023-03-02,CONTROL_RANDOM,,,,47.5,1.55,28.43,-11.12,21.03,-7.1,0.88,-0.56,-1.34,-2.64,-5.19,-6.6,18.99,15.42,13.46,-8.0,-5.76,True,-7.1,-4.87,True,2023Q1
VGC,2023-04-14,CONTROL_RANDOM,,,,62.5,1.59,28.93,-7.92,41.65,-5.11,-5.46,-4.36,-3.7,5.88,4.42,3.56,38.13,27.45,21.1,38.13,21.1,False,-5.11,-3.35,True,2023Q2
VGC,2023-05-29,CONTROL_RANDOM,,,,69.3,1.56,34.0,-2.09,26.79,-12.0,2.74,0.0,-1.52,7.76,2.62,-0.25,9.76,0.34,-4.92,9.76,-4.92,False,9.76,-4.92,False,2023Q2
VGC,2023-10-25,CONTROL_RANDOM,,,,51.5,1.4,42.9,-14.71,17.65,-9.13,-5.08,-4.4,-4.14,3.03,2.5,2.3,4.66,-4.45,-8.06,-8.0,-0.96,True,-9.13,-2.1,True,2023Q4
VGC,2024-01-25,CONTROL_RANDOM,,,,40.6,1.45,44.46,-4.5,19.19,-5.0,5.29,5.36,5.39,8.61,1.38,-1.84,1.57,-2.08,-3.72,1.57,-3.72,False,1.57,-3.72,False,2024Q1
VGC,2024-03-21,CONTROL_RANDOM,,,,61.2,1.35,51.42,-17.43,3.05,-10.76,-1.17,-1.36,-1.43,-15.56,-8.43,-5.92,-7.95,-8.01,-8.03,-8.0,-1.15,True,-10.76,-3.81,True,2024Q1
VGC,2024-10-11,CONTROL_RANDOM,,,,58.4,1.29,38.42,-8.33,12.68,-5.0,-2.94,-1.65,-1.27,1.12,4.68,5.71,11.74,15.56,16.67,-8.0,-0.05,True,-5.0,-2.35,True,2024Q4
VGC,2024-11-21,CONTROL_RANDOM,,,,53.4,1.3,37.11,-1.46,28.97,-6.93,1.91,0.16,-0.36,5.55,3.23,2.53,27.76,21.6,19.75,27.76,19.75,False,27.76,19.75,False,2024Q4
VGC,2025-03-21,CONTROL_RANDOM,,,,48.5,1.21,46.61,-29.82,0.0,-6.76,-5.77,-4.56,-4.3,-28.17,-18.66,-16.63,-16.54,-18.54,-18.97,-12.51,-3.97,True,-6.76,-6.26,True,2025Q1
VGC,2025-06-18,CONTROL_RANDOM,,,,43.3,1.07,39.17,-2.53,57.88,-5.0,3.19,1.75,1.65,8.22,-2.45,-3.24,36.38,11.23,9.38,36.38,9.38,False,36.38,9.38,False,2025Q2
VGC,2025-09-25,CONTROL_RANDOM,,,,45.3,1.1,54.32,-32.03,2.14,-8.36,-12.39,-11.14,-11.01,-23.27,-24.26,-24.36,-29.86,-32.12,-32.34,-8.0,-7.08,True,-8.36,-7.44,True,2025Q3
VGC,2025-10-30,CONTROL_RANDOM,,,,28.1,1.1,42.57,-13.27,11.6,-8.31,-1.88,2.34,2.78,-2.77,-4.05,-4.19,-0.56,-10.2,-11.2,-8.0,-6.5,True,-8.31,-6.81,True,2025Q4
VGC,2025-12-12,CONTROL_RANDOM,,,,29.3,1.05,38.24,-1.6,44.17,-5.32,2.22,-4.17,-4.51,19.56,4.46,3.65,14.51,10.38,10.16,14.51,10.16,False,14.51,10.16,False,2025Q4
VGC,2026-02-05,CONTROL_RANDOM,,,,69.3,1.02,52.21,-24.32,1.8,-12.0,-9.37,-12.49,-12.56,-17.66,-13.56,-13.47,-21.72,-29.05,-29.2,-8.1,-7.25,True,-12.0,-11.15,True,2026Q1
VGC,2026-04-14,CONTROL_RANDOM,,,,57.5,1.0,44.35,-14.21,1.8,-9.61,-5.93,-9.84,-9.85,-7.1,-14.97,-14.98,-11.34,-12.08,-12.08,-8.0,-10.58,True,-9.61,-13.35,True,2026Q2
VGC,2026-04-20,CONTROL_RANDOM,,,,45.8,0.98,43.55,-12.63,0.76,-7.87,-7.99,-8.11,-8.11,-7.12,-8.48,-8.46,-10.68,-7.2,-7.27,-8.0,-8.12,True,-7.87,-7.98,True,2026Q2
VGC,2026-06-15,CONTROL_RANDOM,,,,47.4,0.95,40.07,-15.15,5.64,-5.08,0.82,-2.52,-2.35,-0.7,-0.59,-0.6,2.32,3.06,3.02,-8.0,-4.59,True,-5.08,-1.66,True,2026Q2
SZC,2019-09-04,WATCH,48.7,48.7,0.0,29.3,1.03,11.75,-18.98,2.38,-9.61,-10.47,-10.08,-10.07,-8.26,-9.54,-9.58,-16.0,-15.04,-15.01,-8.0,-7.4,True,-9.61,-9.01,True,2019Q3
SZC,2020-01-16,WATCH,41.1,41.1,30.0,25.5,0.73,8.72,-22.13,20.3,-5.0,-3.9,0.16,-0.93,15.14,19.56,18.37,8.26,26.83,21.83,-9.75,-6.14,True,-9.75,-6.14,True,2020Q1
SZC,2020-03-12,WATCH,57.7,57.7,15.0,27.9,1.09,7.87,-13.72,63.02,-5.0,4.7,8.22,8.54,2.16,-1.94,-2.32,59.47,37.12,35.09,-8.0,2.87,True,-5.0,5.87,True,2020Q1
SZC,2020-10-28,WATCH,41.4,41.4,0.0,15.3,1.17,13.06,0.0,90.05,-5.0,12.71,10.62,10.27,33.46,23.94,22.33,76.26,49.24,44.65,76.26,44.65,False,76.26,44.65,False,2020Q4
SZC,2021-04-22,WATCH,46.0,46.0,0.0,23.1,1.02,20.57,-9.33,23.53,-5.0,-2.63,-3.85,-3.88,3.45,-3.18,-3.33,7.73,3.97,3.89,-8.0,-12.25,True,-5.0,-9.25,True,2021Q2
SZC,2021-07-06,WATCH,40.2,40.2,0.0,16.6,1.01,20.45,-5.23,49.39,-5.0,-3.18,2.35,2.38,23.13,24.61,24.62,39.02,40.49,40.5,39.02,40.5,False,-5.0,-0.66,True,2021Q3
SZC,2021-11-22,WATCH,53.9,53.9,0.0,22.0,1.35,29.58,0.0,70.22,-5.0,20.22,18.06,17.31,33.27,31.09,30.33,70.22,65.72,64.16,70.22,64.16,False,70.22,64.16,False,2021Q4
SZC,2022-04-19,WATCH,42.9,42.9,0.0,20.9,1.4,38.82,-38.56,2.65,-5.0,-14.32,-10.91,-9.53,-23.8,-12.32,-7.68,-23.49,-7.63,-1.22,-10.43,-8.19,True,-10.43,-8.19,True,2022Q2
SZC,2022-06-21,WATCH,50.0,50.0,0.0,23.8,1.45,24.39,-2.21,42.44,-5.0,16.32,13.1,11.66,22.76,21.57,21.04,24.64,20.07,18.03,24.64,18.03,False,24.64,18.03,False,2022Q2
SZC,2022-09-19,WATCH,42.4,42.4,0.0,17.1,1.5,28.77,-56.31,2.57,-5.0,-8.1,-4.34,-2.48,-26.07,-13.82,-7.74,-36.74,-23.16,-16.41,-8.0,-2.38,True,-5.0,-0.34,True,2022Q3
SZC,2022-10-25,WATCH,65.0,65.0,20.0,22.3,1.5,16.84,-25.36,22.51,-5.0,1.66,-0.58,-1.71,-7.48,-2.02,0.73,9.86,-0.87,-6.26,-8.0,-4.17,True,-5.0,-9.09,True,2022Q4
SZC,2022-11-10,PANIC70_ANY,70.9,70.9,0.0,18.0,1.56,14.39,-12.65,43.36,-7.64,9.38,7.88,7.04,24.74,14.6,8.94,15.77,6.48,1.29,-12.44,-10.47,True,-12.44,-10.47,True,2022Q4
SZC,2024-08-05,WATCH,54.1,54.1,0.0,26.4,1.3,32.27,-2.73,13.42,-5.0,2.85,0.1,-0.72,5.14,-0.76,-2.52,11.28,5.69,4.02,11.28,4.02,False,11.28,4.02,False,2024Q3
SZC,2025-03-28,WATCH,44.9,44.9,0.0,20.0,1.3,38.08,-32.93,2.28,-5.0,-18.41,-4.65,-0.46,-28.1,-21.46,-19.44,-9.22,-13.63,-14.97,-12.37,-2.15,True,-5.83,2.48,True,2025Q1
SZC,2025-04-11,PANIC70_ANY,90.1,90.1,15.0,16.4,1.04,32.45,-21.29,13.78,-12.0,-15.04,-12.78,-12.69,-4.1,-10.43,-10.67,4.41,-12.65,-13.29,-12.48,-10.4,True,-12.48,-10.4,True,2025Q2
SZC,2025-10-21,WATCH,43.9,43.9,0.0,20.3,1.05,28.41,-5.49,12.85,-5.11,3.52,3.1,3.08,7.18,8.96,9.05,4.19,-7.74,-8.37,4.19,-8.37,False,-5.11,-8.3,True,2025Q4
SZC,2026-03-09,PANIC70_ANY,72.0,72.0,10.0,25.7,0.87,26.85,-20.34,8.27,-5.0,4.58,1.83,2.18,-2.31,-3.09,-2.99,-19.44,-29.92,-28.59,-8.0,-20.11,True,-5.0,-18.16,True,2026Q1
SZC,2026-03-23,WATCH,45.9,45.9,10.0,21.7,0.91,26.47,-20.63,7.33,-5.32,4.46,1.5,1.77,1.59,-11.15,-9.96,-17.23,-29.41,-28.27,-8.0,-23.16,True,-5.32,-20.32,True,2026Q1
SZC,2026-05-11,WATCH,43.6,43.6,0.0,12.0,0.93,24.66,-35.0,2.15,-5.0,-1.91,-2.95,-2.88,-13.26,-7.97,-8.32,-28.26,-22.14,-22.55,-9.61,-8.15,True,-5.0,-5.99,True,2026Q2
SZC,2026-05-29,PANIC70_ANY,78.4,78.4,0.0,18.7,0.93,21.82,-26.54,5.22,-5.0,-3.25,0.86,0.57,-2.38,-1.72,-1.76,-14.99,-10.77,-11.07,-8.0,-6.81,True,-5.0,-3.81,True,2026Q2
SZC,2026-07-06,WATCH,45.3,45.3,0.0,18.6,0.92,20.06,-20.09,2.14,-5.0,-2.34,-0.49,-0.65,-11.81,-8.37,-8.66,-16.25,-10.66,-11.13,-8.28,-3.44,True,-5.0,-3.19,True,2026Q3
SZC,2022-11-18,ENTRY_V2_LOOSE,,70.9,40.0,41.8,1.55,15.98,-5.76,29.1,-12.0,11.58,8.07,6.13,16.21,9.33,5.54,15.39,4.01,-2.28,15.39,-2.28,False,15.39,-2.28,False,2022Q4
SZC,2022-11-23,ENTRY_V2,,70.9,65.0,41.9,1.55,15.15,-0.59,36.17,-12.0,20.33,10.42,4.94,8.12,-0.34,-5.02,11.62,1.36,-4.31,11.62,-4.31,False,11.62,-4.31,False,2022Q4
SZC,2025-04-24,ENTRY_V2_LOOSE,41.7,90.1,40.0,29.4,1.11,27.84,-2.62,32.61,-11.76,2.84,0.95,0.74,15.73,6.39,5.35,25.0,1.76,-0.81,25.0,-0.81,False,25.0,-0.81,False,2025Q2
SZC,2019-04-17,CONTROL_RSI,4.5,4.5,,34.4,0.37,8.27,-3.26,57.07,-5.0,0.0,-0.48,-0.18,18.74,17.01,18.1,44.74,43.44,44.26,44.74,44.26,False,44.74,44.26,False,2019Q2
SZC,2019-06-27,CONTROL_RSI,5.6,5.6,,33.1,0.7,10.26,-3.8,48.83,-5.0,12.87,9.6,10.58,20.66,15.49,17.04,4.19,-0.36,1.0,4.19,1.0,False,4.19,1.0,False,2019Q2
SZC,2019-08-29,CONTROL_RSI,12.3,12.3,,32.4,1.09,12.8,-25.63,0.0,-5.0,-17.11,-16.48,-16.42,-18.44,-20.1,-20.26,-22.73,-22.34,-22.3,-13.13,-12.83,True,-13.13,-12.83,True,2019Q3
SZC,2019-10-08,CONTROL_RSI,0.8,0.8,,34.7,1.16,10.32,-11.63,4.94,-5.0,-7.17,-7.84,-7.95,-3.59,-7.34,-7.94,-0.58,1.56,1.9,-8.0,-4.65,True,-5.0,-5.68,True,2019Q4
SZC,2019-11-12,CONTROL_RSI,25.5,25.5,,26.5,0.94,10.12,-22.83,6.52,-5.78,2.27,4.09,3.98,-7.61,-1.99,-2.33,-3.66,4.28,3.79,-8.0,-2.5,True,-5.78,-0.28,True,2019Q4
SZC,2019-12-10,CONTROL_RSI,30.0,30.0,,14.8,0.86,9.29,-15.93,16.04,-5.0,2.48,3.46,3.32,2.48,2.52,2.52,-9.15,10.77,7.96,-8.0,-5.86,True,-5.0,-5.47,True,2019Q4
SZC,2020-01-14,CONTROL_RSI,15.7,15.7,,32.2,0.8,9.07,-25.14,15.66,-6.97,0.88,-1.57,-1.09,13.78,17.8,17.0,-4.41,14.91,11.07,-8.0,-5.43,True,-6.97,-4.39,True,2020Q1
SZC,2020-03-10,CONTROL_RSI,29.8,29.8,,32.6,1.12,9.35,-27.38,37.22,-7.2,-10.37,0.99,2.35,-13.37,-3.51,-2.33,32.09,25.4,24.6,-15.83,-4.98,True,-15.83,-4.98,True,2020Q1
SZC,2020-06-29,CONTROL_RSI,22.3,22.3,,29.6,1.17,10.83,-7.57,53.46,-5.0,3.69,0.5,-0.04,21.61,24.4,24.87,46.54,37.48,35.95,46.54,35.95,False,46.54,35.95,False,2020Q2
SZC,2020-09-30,CONTROL_RSI,15.6,15.6,,29.8,1.15,15.63,-16.44,27.83,-5.0,1.34,0.39,0.24,-13.44,-14.42,-14.57,17.4,0.11,-2.56,-8.89,-13.24,True,-5.0,-9.26,True,2020Q3
SZC,2020-11-03,CONTROL_RSI,13.3,13.3,,30.6,1.15,14.24,0.0,82.58,-9.79,8.71,6.91,6.64,24.51,16.07,14.8,63.13,53.67,52.24,63.13,52.24,False,63.13,52.24,False,2020Q4
SZC,2021-03-23,CONTROL_RSI,7.5,7.5,,32.5,1.0,23.76,-21.51,6.94,-5.0,-4.12,-6.01,-6.0,-13.09,-18.08,-18.07,1.73,-15.65,-15.62,-8.0,-7.38,True,-6.73,-6.12,True,2021Q1
SZC,2021-04-20,CONTROL_RSI,4.6,4.6,,33.6,1.02,21.28,-12.36,19.41,-5.0,-4.18,-2.21,-2.18,0.0,-2.66,-2.71,0.0,1.65,1.67,-8.0,-9.12,True,-5.0,-1.41,True,2021Q2
SZC,2021-07-05,CONTROL_RSI,30.0,30.0,,23.4,0.98,21.87,-11.39,39.69,-5.0,-8.41,-0.36,-0.5,16.19,21.76,21.67,29.72,34.62,34.54,-8.0,0.0,True,-5.0,-2.46,True,2021Q3
SZC,2021-11-19,CONTROL_RSI,23.1,23.1,,32.5,1.32,32.42,-8.76,51.57,-5.0,2.81,0.57,-0.14,18.45,16.73,16.18,45.25,41.73,40.62,45.25,40.62,False,45.25,40.62,False,2021Q4
SZC,2022-03-14,CONTROL_RSI,21.9,21.9,,32.6,1.48,41.35,-35.77,15.19,-5.0,8.78,4.71,2.74,4.55,2.31,1.23,-17.36,-6.23,-0.85,-8.0,-1.82,True,-5.0,-1.05,True,2022Q1
SZC,2022-04-15,CONTROL_RSI,6.0,6.0,,33.0,1.38,42.68,-44.12,1.43,-5.94,-28.84,-18.94,-15.14,-31.47,-16.74,-11.09,-31.96,-12.64,-5.23,-9.04,-2.36,True,-9.04,-2.36,True,2022Q2
SZC,2022-05-23,CONTROL_RSI,35.0,35.0,,29.1,1.39,28.8,-17.19,23.68,-10.99,11.11,5.06,2.67,-15.62,-11.82,-10.32,12.99,8.41,6.6,-8.0,-3.6,True,-10.99,-5.69,True,2022Q2
SZC,2022-06-20,CONTROL_RSI,39.6,39.6,,29.1,1.44,25.96,-8.13,33.82,-5.0,8.13,4.28,2.59,17.91,17.46,17.26,20.3,14.1,11.38,20.3,11.38,False,-5.0,-4.2,True,2022Q2
SZC,2022-09-15,CONTROL_RSI,28.0,28.0,,25.7,1.48,31.23,-59.75,0.0,-7.54,-7.49,-4.27,-2.71,-31.09,-16.49,-9.46,-42.52,-27.12,-19.7,-8.0,-5.09,True,-7.88,-4.96,True,2022Q3
SZC,2022-10-14,CONTROL_RSI,31.0,31.0,,29.6,1.56,21.03,-40.23,6.42,-11.25,-13.88,-7.5,-3.94,-31.29,-20.62,-14.69,-18.02,-18.01,-18.01,-9.37,0.57,True,-11.25,-1.31,True,2022Q4
SZC,2022-11-14,CONTROL_RSI,30.2,30.2,,31.4,1.54,14.17,-11.29,45.59,-5.75,14.33,11.51,9.98,28.44,15.33,8.2,21.45,8.27,1.08,21.45,1.08,False,21.45,1.08,False,2022Q4
SZC,2023-01-05,CONTROL_RSI,3.2,3.2,,33.9,1.49,17.58,-8.02,13.65,-12.0,0.74,0.3,0.08,-1.02,-1.0,-0.99,9.44,8.1,7.44,-8.0,-3.65,True,9.44,7.44,False,2023Q1
SZC,2023-02-14,CONTROL_RSI,14.4,14.4,,32.0,1.49,16.6,-2.59,31.27,-5.0,3.31,1.66,0.86,2.95,0.54,-0.64,25.9,23.15,21.8,25.9,21.8,False,25.9,21.8,False,2023Q1
SZC,2023-06-19,CONTROL_RSI,3.4,3.4,,33.9,1.64,21.36,0.0,41.1,-5.0,7.77,5.19,3.53,14.0,7.82,3.85,31.79,21.11,14.25,31.79,14.25,False,31.79,14.25,False,2023Q2
SZC,2023-08-25,CONTROL_RSI,11.1,11.1,,31.7,1.36,26.26,-14.32,23.61,-9.57,8.15,3.44,1.72,0.57,3.56,4.65,22.09,28.44,30.76,-8.0,10.49,True,-9.57,8.93,True,2023Q3
SZC,2023-10-03,CONTROL_RSI,21.9,21.9,,33.7,1.46,24.72,-8.98,36.85,-5.0,16.38,12.39,10.57,-2.1,3.95,6.7,33.09,31.7,31.07,-8.0,0.81,True,-5.0,3.81,True,2023Q4
SZC,2023-10-31,CONTROL_RSI,33.9,33.9,,32.1,1.46,23.61,-4.7,46.17,-5.0,16.56,8.36,4.61,33.88,26.71,23.44,38.92,25.19,18.92,38.92,18.92,False,38.92,18.92,False,2023Q4
SZC,2024-04-15,CONTROL_RSI,28.7,28.7,,28.4,1.36,34.24,-1.84,23.34,-5.0,7.3,8.37,8.75,17.67,12.83,11.1,7.04,2.02,0.22,7.04,0.22,False,7.04,0.22,False,2024Q2
SZC,2024-06-17,CONTROL_RSI,30.0,30.0,,21.0,1.17,38.72,-18.93,3.1,-5.0,-5.11,-3.33,-3.03,-5.35,-5.49,-5.51,-15.7,-13.9,-13.6,-8.0,-4.89,True,-5.0,-2.92,True,2024Q2
SZC,2024-07-22,CONTROL_RSI,20.9,20.9,,28.5,1.28,35.03,-10.39,3.17,-5.0,0.8,1.73,1.98,1.2,-0.06,-0.41,-0.91,-3.28,-3.94,-8.0,-5.96,True,-7.62,-5.58,True,2024Q3
SZC,2024-09-09,CONTROL_RSI,30.0,30.0,,22.3,1.38,33.24,-2.92,20.64,-5.0,0.12,0.98,1.3,0.69,0.52,0.46,14.41,15.99,16.59,14.41,16.59,False,14.41,16.59,False,2024Q3
SZC,2024-12-30,CONTROL_RSI,4.2,4.2,,33.6,1.44,38.35,-4.33,13.48,-5.0,1.2,2.87,3.6,5.29,5.5,5.59,0.5,-3.09,-4.66,0.5,-4.66,False,0.5,-4.66,False,2024Q4
SZC,2025-03-19,CONTROL_RSI,4.3,4.3,,33.9,1.28,40.84,-37.46,1.03,-5.0,-1.22,-1.0,-0.94,-30.02,-21.9,-19.62,-25.73,-27.24,-27.67,-12.19,-2.83,True,-5.0,-4.1,True,2025Q1
SZC,2025-04-25,CONTROL_RSI,25.9,25.9,,33.2,1.11,27.93,-2.94,32.19,-11.83,7.27,4.39,4.08,16.36,7.65,6.7,26.92,3.7,1.16,26.92,1.16,False,26.92,1.16,False,2025Q2
SZC,2025-06-13,CONTROL_RSI,20.4,20.4,,28.2,1.15,29.96,-0.13,24.47,-5.0,8.18,4.77,4.24,15.85,3.9,2.05,7.98,-17.14,-21.03,7.98,-21.03,False,7.98,-21.03,False,2025Q2
SZC,2025-09-04,CONTROL_RSI,19.2,19.2,,28.6,1.13,33.53,-18.25,3.25,-7.91,-1.97,0.25,0.53,-6.65,-3.17,-2.73,-12.59,-11.76,-11.65,-8.0,-11.49,True,-7.91,-11.39,True,2025Q3
SZC,2025-10-03,CONTROL_RSI,14.0,14.0,,30.3,1.23,31.73,-15.38,2.84,-5.0,1.64,-3.86,-5.13,-7.63,-4.27,-3.49,-14.21,-19.1,-20.23,-8.0,-5.29,True,-5.0,-2.29,True,2025Q4
SZC,2025-10-31,CONTROL_RSI,13.0,13.0,,30.7,0.94,29.69,-9.57,7.98,-9.33,-3.97,-0.08,-0.31,-1.75,-5.22,-5.02,-1.28,-10.91,-10.33,-8.0,-12.87,True,-9.33,-14.2,True,2025Q4
SZC,2025-12-05,CONTROL_RSI,11.6,11.6,,31.1,0.87,29.41,-9.35,20.64,-5.0,-5.81,0.53,-0.33,-2.41,-8.34,-7.55,-2.58,-0.93,-1.15,-8.0,-6.64,True,-5.0,0.45,True,2025Q4
SZC,2026-03-03,CONTROL_RSI,23.4,23.4,,30.3,0.81,31.3,-31.5,1.21,-5.0,-8.47,-4.3,-5.09,-11.66,-6.08,-7.14,-28.79,-31.06,-30.63,-14.22,-7.44,True,-5.3,-3.7,True,2026Q1
SZC,2026-04-29,CONTROL_RSI,28.4,28.4,,25.5,0.92,25.99,-37.4,1.12,-5.0,-6.19,-7.52,-7.42,-14.24,-12.84,-12.95,-37.4,-26.62,-27.49,-8.0,-10.09,True,-5.0,-6.22,True,2026Q2
SZC,2026-06-01,CONTROL_RSI,38.9,38.9,,28.8,0.91,22.48,-28.69,2.14,-6.17,-4.85,-2.02,-2.26,-5.25,-6.05,-5.98,-16.86,-13.94,-14.19,-8.0,-7.91,True,-6.17,-3.46,True,2026Q2
SZC,2026-07-01,CONTROL_RSI,15.3,15.3,,29.9,0.91,21.58,-25.72,0.65,-5.0,-5.93,-4.37,-4.52,-21.08,-14.39,-15.01,-20.3,-15.37,-15.83,-8.0,-6.72,True,-5.0,-3.72,True,2026Q3
SZC,2026-07-30,CONTROL_RSI,37.9,37.9,,21.0,0.91,17.17,-5.65,14.09,-8.57,7.16,6.96,6.98,8.85,5.02,5.35,,,,-2.74,-2.46,False,-2.74,-2.46,False,2026Q3
SZC,2026-09-15,CONTROL_RSI,21.8,21.8,,27.7,0.88,17.7,-8.47,5.08,-5.0,2.26,2.88,2.81,,,,,,,-8.0,-5.39,True,-5.0,-1.35,True,2026Q3
SZC,2019-06-04,CONTROL_RANDOM,,,,66.7,0.64,10.53,-5.22,45.01,-10.46,3.7,3.94,3.86,0.28,-0.13,0.02,24.6,22.42,23.2,24.6,23.2,False,24.6,23.2,False,2019Q2
SZC,2019-08-07,CONTROL_RANDOM,,,,71.7,0.93,14.06,-32.29,3.41,-12.0,-4.91,-6.3,-6.2,-19.7,-20.55,-20.48,-28.02,-33.16,-32.78,-8.0,-9.29,True,-13.58,-14.87,True,2019Q3
SZC,2019-10-16,CONTROL_RANDOM,,,,25.4,1.13,9.58,-4.8,13.05,-5.0,10.75,10.9,10.92,3.03,1.29,1.06,-3.86,-1.2,-0.84,-3.86,-0.84,False,-3.86,-0.84,False,2019Q4
SZC,2019-12-06,CONTROL_RANDOM,,,,39.2,0.86,9.27,-15.75,16.29,-5.0,2.16,2.41,2.38,10.14,10.66,10.59,-0.32,12.79,11.0,-8.0,-5.56,True,-5.0,-5.17,True,2019Q4
SZC,2020-02-17,CONTROL_RANDOM,,,,63.7,1.14,10.09,-32.71,12.19,-12.0,-2.78,-0.12,0.25,-15.76,4.43,7.28,1.98,13.48,15.1,-9.61,-6.59,True,-12.0,3.03,True,2020Q1
SZC,2020-03-11,CONTROL_RANDOM,,,,31.5,1.06,8.61,-21.14,49.01,-5.0,-5.34,1.36,1.74,-5.34,-2.76,-2.61,45.06,29.46,28.57,-8.0,-3.9,True,-6.62,-2.52,True,2020Q1
SZC,2020-03-19,CONTROL_RANDOM,,,,18.8,1.08,8.33,-18.49,54.02,-9.79,-6.84,-2.38,-2.01,13.33,4.21,3.45,35.89,18.61,17.17,-8.28,1.57,True,-9.79,0.07,True,2020Q1
SZC,2020-03-27,CONTROL_RANDOM,,,,28.9,1.04,7.64,-11.13,67.93,-5.0,3.8,-8.67,-9.23,32.85,17.29,16.6,46.34,17.61,16.33,-8.25,-10.81,True,-8.25,-10.81,True,2020Q1
SZC,2020-06-08,CONTROL_RANDOM,,,,65.9,1.12,12.29,-18.55,35.23,-12.0,-9.76,-4.65,-4.04,-8.62,-4.32,-3.81,26.93,28.1,28.24,-11.39,-6.59,True,-12.0,-3.34,True,2020Q2
SZC,2020-07-14,CONTROL_RANDOM,,,,55.0,1.19,11.69,-1.2,42.17,-12.0,10.27,12.3,12.68,31.22,34.19,34.75,35.5,30.23,29.23,35.5,29.23,False,35.5,29.23,False,2020Q3
SZC,2020-07-23,CONTROL_RANDOM,,,,87.6,1.16,13.4,-8.06,24.03,-12.0,3.21,9.75,10.78,16.57,16.5,16.49,8.06,-2.41,-4.06,8.06,-4.06,False,8.06,-4.06,False,2020Q3
SZC,2020-08-14,CONTROL_RANDOM,,,,80.2,1.1,15.71,-16.87,5.79,-12.0,0.89,-1.54,-1.78,3.06,-2.63,-3.18,-2.55,-14.79,-15.99,-9.36,-21.83,True,-12.0,-21.45,True,2020Q3
SZC,2020-10-30,CONTROL_RANDOM,,,,19.6,1.16,13.89,-1.73,78.69,-7.5,7.85,5.05,4.59,22.1,13.79,12.42,68.03,45.36,41.63,68.03,41.63,False,68.03,41.63,False,2020Q4
SZC,2020-12-03,CONTROL_RANDOM,,,,74.2,0.99,17.76,-5.69,46.4,-11.9,-3.83,-6.39,-6.36,13.8,3.92,4.06,39.92,25.36,25.57,39.92,25.57,False,39.92,25.57,False,2020Q4
SZC,2021-04-05,CONTROL_RANDOM,,,,38.2,1.01,22.99,-18.88,10.53,-10.15,-0.78,-2.0,-2.0,-12.88,-13.56,-13.56,-1.04,-16.2,-16.28,-8.0,-8.44,True,-10.15,-9.69,True,2021Q2
SZC,2021-04-09,CONTROL_RANDOM,,,,42.5,1.0,23.4,-20.3,8.59,-6.89,-7.05,-8.97,-8.98,-7.82,-9.86,-9.86,-9.19,-20.34,-20.37,-8.0,-8.16,True,-6.89,-7.04,True,2021Q2
SZC,2021-09-29,CONTROL_RANDOM,,,,50.0,1.23,28.68,-2.13,43.13,-7.6,10.95,8.95,8.48,28.42,21.04,19.32,33.68,24.89,22.85,33.68,22.85,False,33.68,22.85,False,2021Q3
SZC,2021-10-11,CONTROL_RANDOM,,,,70.4,1.26,32.42,-8.76,36.86,-12.0,7.25,7.16,7.14,8.95,4.11,2.87,34.82,25.61,23.24,-8.76,-15.03,True,34.82,23.24,False,2021Q4
SZC,2021-11-18,CONTROL_RANDOM,,,,35.8,1.29,34.41,-14.04,42.81,-5.0,-3.69,-5.27,-5.73,15.81,15.13,14.93,37.2,34.41,33.6,-14.04,-13.49,True,-14.04,-13.49,True,2021Q4
SZC,2022-02-09,CONTROL_RANDOM,,,,64.7,1.46,46.18,-40.52,11.0,-12.0,1.97,2.15,2.23,-3.79,-1.7,-0.74,-33.85,-19.47,-12.87,-8.49,-2.26,True,-12.0,-4.46,True,2022Q1
SZC,2022-02-11,CONTROL_RANDOM,,,,76.0,1.46,47.39,-42.03,8.17,-12.0,-0.38,-2.0,-2.75,-12.87,-10.15,-8.88,-39.48,-22.81,-15.06,-8.0,-6.72,True,-12.0,-8.01,True,2022Q1
SZC,2022-10-05,CONTROL_RANDOM,,,,20.3,1.53,23.95,-47.52,0.13,-7.66,-10.69,-5.77,-3.18,-29.39,-21.66,-17.58,-32.23,-23.55,-18.97,-19.12,-10.44,True,-19.12,-10.44,True,2022Q4
SZC,2022-10-11,CONTROL_RANDOM,,,,17.8,1.53,19.67,-36.1,13.78,-5.21,9.41,4.04,1.17,-25.93,-23.89,-22.8,-10.63,-15.57,-18.21,-12.51,-11.22,True,-5.21,-2.17,True,2022Q4
SZC,2022-11-09,CONTROL_RANDOM,,,,16.1,1.6,14.17,-11.29,45.59,-6.33,4.09,4.66,4.99,23.22,15.44,10.8,22.79,14.53,9.6,-11.08,-5.86,True,-11.08,-5.86,True,2022Q4
SZC,2022-11-14,CONTROL_RANDOM,,,,31.4,1.54,14.17,-11.29,45.59,-5.75,14.33,11.51,9.98,28.44,15.33,8.2,21.45,8.27,1.08,21.45,1.08,False,21.45,1.08,False,2022Q4
SZC,2023-02-07,CONTROL_RANDOM,,,,48.6,1.49,17.46,-7.39,19.53,-5.0,-1.43,0.38,1.28,-3.55,-1.83,-0.98,19.53,20.85,21.51,19.53,21.51,False,-5.0,-1.66,True,2023Q1
SZC,2023-05-10,CONTROL_RANDOM,,,,67.3,1.52,21.27,-6.63,30.61,-12.0,-5.64,-6.35,-6.72,4.47,0.64,-1.34,28.35,14.19,6.85,28.35,6.85,False,28.35,6.85,False,2023Q2
SZC,2023-08-31,CONTROL_RANDOM,,,,51.8,1.33,28.07,-19.84,18.03,-12.0,3.95,2.82,2.45,-10.51,-1.31,1.69,13.82,24.87,28.46,-8.0,2.06,True,-12.0,9.88,True,2023Q3
SZC,2023-09-12,CONTROL_RANDOM,,,,82.0,1.33,29.36,-23.37,14.34,-12.0,1.02,2.85,3.45,-2.01,5.85,8.44,10.93,20.74,23.98,-8.0,2.2,True,-12.0,-0.18,True,2023Q3
SZC,2024-03-14,CONTROL_RANDOM,,,,74.4,1.43,40.26,-16.52,4.89,-6.98,-3.35,-4.78,-5.39,-8.05,-9.06,-9.5,-1.19,-4.18,-5.45,-8.0,-7.02,True,-6.98,-6.01,True,2024Q1
SZC,2024-04-26,CONTROL_RANDOM,,,,50.5,1.19,37.11,-10.7,13.8,-11.23,3.96,0.95,0.39,8.06,3.59,2.76,-6.47,-8.2,-8.53,-8.0,-9.93,True,-6.47,-8.53,False,2024Q2
SZC,2024-05-30,CONTROL_RANDOM,,,,58.7,1.18,40.1,-21.72,0.7,-6.22,-3.09,-4.61,-4.88,-10.9,-9.08,-8.75,-12.64,-13.98,-14.22,-8.0,-6.67,True,-6.22,-4.9,True,2024Q2
SZC,2024-08-26,CONTROL_RANDOM,,,,75.8,1.34,34.67,-6.92,15.66,-7.48,-2.13,-1.25,-0.95,-0.55,-1.48,-1.8,6.11,10.12,11.47,6.11,11.47,False,6.11,11.47,False,2024Q3
SZC,2024-09-25,CONTROL_RANDOM,,,,59.0,1.36,34.9,-4.64,16.91,-8.35,-4.64,-3.72,-3.38,0.37,2.9,3.82,13.58,16.32,17.32,13.58,17.32,False,13.58,17.32,False,2024Q3
SZC,2024-10-25,CONTROL_RANDOM,,,,64.8,1.51,35.36,-1.7,15.64,-5.0,-0.14,0.5,0.83,4.69,6.14,6.87,9.25,9.78,10.05,9.25,10.05,False,9.25,10.05,False,2024Q4
SZC,2024-12-03,CONTROL_RANDOM,,,,43.8,1.55,37.89,-3.17,14.86,-8.83,4.62,2.89,1.94,3.4,1.61,0.62,11.32,5.64,2.5,11.32,2.5,False,11.32,2.5,False,2024Q4
SZC,2024-12-24,CONTROL_RANDOM,,,,70.6,1.45,40.29,-8.94,8.02,-5.43,-2.76,-3.36,-3.64,-2.28,-2.09,-2.01,0.12,-4.77,-6.97,-8.0,-4.97,True,-5.43,-3.63,True,2024Q4
SZC,2025-02-14,CONTROL_RANDOM,,,,54.2,1.2,39.6,-35.51,9.9,-5.0,3.61,1.46,1.03,3.71,-0.92,-1.85,-21.77,-23.67,-24.05,-9.44,-5.0,True,-9.44,-5.0,True,2025Q1
SZC,2025-06-02,CONTROL_RANDOM,,,,59.6,1.14,32.45,-9.8,14.92,-10.34,-7.24,-5.37,-5.12,8.97,6.24,5.87,-0.28,-24.61,-27.92,-8.0,-5.81,True,-0.28,-27.92,False,2025Q2
SZC,2025-08-20,CONTROL_RANDOM,,,,49.2,1.14,35.03,-21.75,1.31,-5.11,-6.71,-7.07,-7.12,-6.85,-4.44,-4.12,-11.59,-10.38,-10.21,-8.0,-3.88,True,-5.91,-1.79,True,2025Q3
DIG,2020-01-31,WATCH,48.0,48.0,0.0,23.9,1.15,5.97,-14.57,20.94,-5.0,1.84,0.3,0.06,7.87,11.38,11.93,-0.84,15.46,17.98,-8.0,24.42,True,-5.0,16.52,True,2020Q1
DIG,2020-02-03,PANIC70_ANY,77.8,77.8,0.0,19.2,1.21,6.0,-15.0,20.33,-5.0,2.67,2.1,1.98,12.5,16.68,17.54,-2.17,15.08,18.67,-8.17,26.95,True,-5.17,16.62,True,2020Q1
DIG,2020-03-12,WATCH,42.0,42.0,25.0,35.0,1.1,5.69,-10.37,22.32,-5.0,4.92,8.44,8.79,0.0,-4.1,-4.52,20.91,-1.44,-3.69,-8.0,3.43,True,-5.0,6.43,True,2020Q1
DIG,2020-03-23,PANIC70_ANY,75.8,75.8,0.0,24.2,1.07,5.51,-7.44,28.31,-5.0,-2.36,-1.75,-1.71,7.44,-7.91,-8.93,15.97,-14.33,-16.34,15.97,-16.34,False,-5.0,-4.35,True,2020Q1
DIG,2020-07-29,WATCH,45.3,45.3,15.0,23.3,0.83,6.29,-2.54,65.98,-7.46,1.59,-3.91,-3.0,8.27,-1.59,0.04,58.51,37.78,41.21,58.51,41.21,False,58.51,41.21,False,2020Q3
DIG,2021-01-28,WATCH,45.6,45.6,25.0,34.3,1.1,12.99,0.0,36.41,-5.0,18.4,5.52,4.18,22.02,4.95,3.17,20.55,-5.3,-8.0,20.55,-8.0,False,20.55,-8.0,False,2021Q1
DIG,2021-02-01,PANIC70_ANY,74.4,74.4,0.0,23.1,1.05,14.29,-3.29,24.0,-12.0,5.95,-1.57,-1.93,10.92,-1.14,-1.71,8.19,-11.57,-12.51,8.19,-12.51,False,8.19,-12.51,False,2021Q1
DIG,2021-07-07,WATCH,41.1,41.1,0.0,26.0,1.11,15.38,-8.26,57.61,-6.94,-0.26,6.55,7.32,20.61,23.71,24.05,30.62,34.15,34.55,-8.0,1.23,True,-6.94,2.29,True,2021Q3
DIG,2022-01-18,WATCH,45.5,45.5,25.0,38.6,1.69,52.09,-23.75,40.16,-5.0,9.1,6.12,4.06,19.37,14.25,10.73,-16.95,-12.19,-8.91,-8.0,-14.92,True,-5.53,-10.26,True,2022Q1
DIG,2022-01-27,PANIC70_ANY,71.8,71.8,25.0,26.3,1.73,49.21,-28.79,48.36,-7.55,-6.26,-8.36,-9.9,30.71,28.35,26.64,-17.11,-8.81,-2.75,-13.19,-16.74,True,-13.19,-16.74,True,2022Q1
DIG,2022-04-12,WATCH,40.8,40.8,0.0,28.1,1.8,52.82,-60.26,2.54,-5.29,-12.02,-6.9,-2.83,-37.79,-18.83,-3.75,-51.33,-31.58,-15.88,-8.1,-7.99,True,-8.1,-7.99,True,2022Q2
DIG,2022-06-13,WATCH,43.5,43.5,25.0,31.4,1.6,31.43,-33.22,11.07,-5.0,-32.99,-29.62,-27.58,-8.75,-5.57,-3.65,-9.16,-10.91,-11.96,-8.53,-11.59,True,-8.53,-11.59,True,2022Q2
DIG,2022-09-08,WATCH,41.9,41.9,0.0,25.2,1.61,28.88,-73.44,4.5,-5.0,-4.81,-4.23,-3.87,-24.72,-8.18,1.95,-49.03,-36.04,-28.09,-8.0,-3.35,True,-5.0,-0.35,True,2022Q3
DIG,2022-09-26,PANIC70_ANY,70.5,70.5,0.0,20.5,1.53,25.69,-70.14,1.28,-7.84,-14.44,-6.0,-1.54,-35.07,-19.8,-11.72,-46.83,-33.72,-26.78,-8.0,-2.1,True,-7.84,-1.94,True,2022Q3
DIG,2022-10-06,WATCH,49.7,49.7,0.0,18.3,1.51,21.04,-63.55,3.52,-5.0,-0.95,-0.94,-0.94,-35.65,-29.55,-26.47,-44.58,-39.42,-36.81,-10.84,-6.99,True,-10.84,-6.99,True,2022Q4
DIG,2022-10-27,PANIC70_ANY,84.6,84.6,35.0,24.7,1.45,16.64,-53.91,2.94,-12.0,-18.63,-14.85,-13.17,-36.3,-30.04,-27.25,-16.65,-23.04,-25.9,-11.78,-11.43,True,-12.0,-11.65,True,2022Q4
DIG,2022-11-03,WATCH,65.0,65.0,20.0,24.3,1.49,14.44,-46.88,15.24,-5.08,-34.21,-28.88,-26.3,1.94,-5.18,-8.64,-10.18,-18.22,-22.12,-18.63,-14.71,True,-18.63,-14.71,True,2022Q4
DIG,2022-12-29,WATCH,45.2,45.2,35.0,30.8,1.56,12.24,-27.7,19.28,-12.0,-1.39,-5.0,-7.02,5.96,-1.1,-5.03,-4.0,-10.08,-13.47,-8.0,-12.02,True,-12.0,-15.24,True,2022Q4
DIG,2023-02-14,WATCH,48.3,48.3,0.0,25.0,1.54,10.81,-18.13,59.57,-5.0,7.86,6.21,5.33,-11.38,-13.79,-15.09,52.45,49.7,48.22,-8.0,-6.16,True,-5.0,-5.07,True,2023Q1
DIG,2023-03-14,WATCH,50.0,50.0,0.0,22.5,1.55,9.38,-1.71,96.48,-8.67,6.5,7.6,8.2,49.57,47.92,47.02,76.12,70.04,66.72,76.12,66.72,False,76.12,66.72,False,2023Q1
DIG,2023-09-25,WATCH,40.3,40.3,0.0,27.8,1.61,19.17,-18.94,16.8,-5.0,-0.63,2.23,3.97,-9.39,-5.48,-3.09,10.02,14.76,17.66,-8.0,-4.87,True,-6.36,-3.25,True,2023Q3
DIG,2024-04-19,WATCH,44.9,44.9,0.0,31.4,1.34,23.0,-15.26,5.7,-6.73,-4.78,-7.54,-8.48,3.57,-4.65,-7.48,-12.39,-20.05,-22.69,-8.0,-17.64,True,-6.73,-10.43,True,2024Q2
DIG,2024-07-17,WATCH,46.0,46.0,20.0,28.3,1.18,20.03,-13.48,4.24,-5.0,-1.05,1.92,2.46,-9.59,-5.86,-5.19,-13.48,-14.69,-14.91,-8.0,-0.31,True,-5.0,-3.49,True,2024Q3
DIG,2024-10-15,WATCH,51.8,51.8,0.0,11.8,1.33,16.56,-13.29,6.64,-5.0,3.2,3.9,4.13,1.45,4.09,4.97,-10.63,-7.96,-7.08,-8.0,-7.18,True,-5.0,-2.38,True,2024Q4
DIG,2025-04-03,WATCH,50.9,50.9,0.0,22.2,1.06,14.07,-20.9,14.29,-5.0,-4.9,-11.99,-12.4,-10.16,-19.69,-20.25,8.46,-10.75,-11.87,-13.36,-7.43,True,-13.36,-7.43,True,2025Q2
DIG,2025-04-10,PANIC70_ANY,79.4,79.4,0.0,19.9,1.1,12.52,-11.1,31.87,-5.03,2.0,-0.81,-1.1,4.23,-6.21,-7.28,28.83,8.13,6.02,-8.0,-10.34,True,-5.03,-6.08,True,2025Q2
DIG,2026-01-09,WATCH,44.2,44.2,20.0,29.7,1.34,15.09,-22.8,6.56,-5.0,1.59,0.73,0.43,-3.11,3.56,5.86,-8.42,-1.96,0.26,-11.86,-9.41,True,-5.0,0.54,True,2026Q1
DIG,2026-03-02,WATCH,65.3,65.3,0.0,25.5,1.2,13.21,-11.81,8.55,-5.0,-9.99,-0.42,1.47,1.74,11.44,13.35,-6.81,-7.31,-7.41,-9.69,3.32,True,-9.69,3.32,True,2026Q1
DIG,2026-03-10,PANIC70_ANY,77.5,77.5,0.0,5.8,1.12,11.93,-0.75,20.2,-5.0,6.37,4.11,3.84,14.25,9.44,8.87,-0.75,-7.6,-8.4,-0.75,-8.4,False,-0.75,-8.4,False,2026Q1
DIG,2026-07-27,WATCH,64.3,64.3,20.0,27.4,0.94,8.82,-1.25,24.04,-5.0,14.4,6.92,7.39,21.43,13.09,13.62,,,,5.44,-0.54,False,5.44,-0.54,False,2026Q3
DIG,2026-07-28,PANIC70_ANY,72.9,72.9,20.0,26.3,0.94,9.42,-7.54,16.14,-9.69,7.11,1.54,1.86,15.71,7.47,7.95,,,,-1.27,-5.55,False,-1.27,-5.55,False,2026Q3
DIG,2020-02-12,ENTRY_V2,,77.8,65.0,46.2,1.21,6.57,-22.37,9.89,-12.0,6.7,6.6,6.58,-7.15,10.77,14.45,-3.5,7.37,9.6,-13.39,9.17,True,-13.39,9.17,True,2020Q1
DIG,2020-04-08,ENTRY_V2_LOOSE,16.1,70.4,45.0,30.9,0.93,5.56,-0.54,27.16,-10.88,7.91,3.97,4.23,11.15,0.87,1.55,21.04,6.39,7.36,21.04,7.36,False,21.04,7.36,False,2020Q2
DIG,2021-02-05,ENTRY_V2_LOOSE,17.5,74.4,45.0,32.3,1.05,15.38,-6.76,15.21,-12.0,4.55,0.29,0.08,7.09,1.99,1.73,4.23,-7.75,-8.35,4.23,-8.35,False,4.23,-8.35,False,2021Q1
DIG,2021-02-18,ENTRY_V2,,74.4,75.0,41.6,1.02,15.82,-6.76,12.01,-12.0,7.52,6.85,6.83,6.57,3.7,3.63,-4.3,-13.07,-13.26,-4.3,-13.26,False,-4.3,-13.26,False,2021Q1
DIG,2022-02-16,ENTRY_V2,,73.6,65.0,50.9,1.55,58.3,-46.21,25.23,-12.0,0.24,0.06,-0.05,5.06,7.12,8.25,-40.6,-22.93,-13.23,-8.0,-4.18,True,-12.0,-10.45,True,2022Q1
DIG,2022-02-17,ENTRY_V2_LOOSE,,73.6,45.0,47.1,1.59,56.83,-44.82,28.47,-12.0,3.66,3.35,3.17,11.77,13.46,14.46,-34.82,-17.86,-7.77,-8.0,-3.83,True,-12.0,-10.18,True,2022Q1
DIG,2022-10-18,ENTRY_V2_LOOSE,13.2,73.0,40.0,32.2,1.49,21.62,-64.52,0.74,-12.0,-28.12,-21.39,-18.08,-59.25,-47.78,-42.14,-42.65,-41.83,-41.43,-8.0,-1.66,True,-12.07,-1.02,True,2022Q4
DIG,2022-11-23,ENTRY_V2_LOOSE,49.4,85.0,45.0,25.2,1.44,9.3,-0.86,78.92,-12.0,48.28,38.37,34.04,41.18,32.72,29.03,21.08,10.82,6.34,21.08,6.34,False,21.08,6.34,False,2022Q4
DIG,2022-11-28,ENTRY_V2,,85.0,60.0,47.5,1.47,12.11,-15.11,37.41,-12.0,20.89,16.94,15.11,6.11,6.53,6.73,-15.11,-18.25,-19.72,-8.0,-13.06,True,-15.11,-19.72,True,2022Q4
DIG,2025-05-05,ENTRY_V2,,72.0,75.0,42.1,1.14,12.36,-0.97,68.61,-12.0,3.96,0.02,-0.52,22.41,14.14,13.02,51.78,31.76,29.05,51.78,29.05,False,51.78,29.05,False,2025Q2
DIG,2025-05-06,ENTRY_V2_LOOSE,0.4,72.0,55.0,36.1,1.14,12.44,-1.61,67.52,-12.0,4.9,-0.63,-1.38,24.44,16.01,14.86,53.3,31.82,28.9,53.3,28.9,False,53.3,28.9,False,2025Q2
DIG,2026-03-19,ENTRY_V2_LOOSE,6.6,77.5,55.0,32.8,1.12,12.78,-7.75,12.21,-11.23,6.65,8.17,8.36,5.95,-1.03,-1.9,-2.9,-9.23,-10.02,-2.9,-10.02,False,-2.9,-10.02,False,2026Q1
DIG,2026-07-30,ENTRY_V2_LOOSE,51.4,72.9,40.0,29.1,0.94,9.81,-11.21,11.52,-12.0,2.85,2.65,2.66,9.58,5.75,5.97,,,,-8.0,-7.4,True,-5.2,-4.91,False,2026Q3
DIG,2026-08-10,ENTRY_V2,,72.9,75.0,52.4,0.93,10.38,-16.09,5.39,-12.0,-3.66,-0.91,-1.09,-3.18,-3.97,-3.92,,,,-8.0,-7.98,True,-12.0,-10.54,True,2026Q3
DIG,2019-03-22,CONTROL_RSI,10.3,10.3,,31.6,1.09,7.52,-11.17,3.32,-5.0,0.0,-1.23,-1.34,-2.26,-1.39,-1.31,-10.24,-8.46,-8.31,-8.0,-7.84,True,-5.0,-3.41,True,2019Q1
DIG,2019-05-14,CONTROL_RSI,11.9,11.9,,31.0,0.96,7.17,-13.81,0.7,-5.0,-0.98,-2.61,-2.55,-5.44,-4.02,-4.07,-13.11,-12.9,-12.91,-8.0,-5.53,True,-5.86,-3.89,True,2019Q2
DIG,2019-06-11,CONTROL_RSI,7.6,7.6,,32.5,0.92,6.78,-8.85,14.6,-5.0,-0.74,0.4,0.3,-4.42,-5.78,-5.67,8.41,6.72,6.86,-8.0,-8.38,True,-5.0,-3.98,True,2019Q2
DIG,2019-08-06,CONTROL_RSI,32.9,32.9,,20.6,0.84,6.23,-0.8,27.61,-5.0,3.37,3.19,3.22,17.98,16.98,17.15,11.72,8.45,8.99,11.72,8.99,False,11.72,8.99,False,2019Q3
DIG,2019-10-21,CONTROL_RSI,30.0,30.0,,20.9,0.92,7.27,-8.94,3.58,-5.0,-1.38,-2.63,-2.53,-2.06,-4.59,-4.39,-7.15,-5.53,-5.66,-8.0,-5.74,True,-5.0,-8.0,True,2019Q4
DIG,2019-12-03,CONTROL_RSI,6.1,6.1,,33.0,1.03,6.83,-15.23,8.05,-5.0,1.9,0.93,0.9,4.98,3.49,3.45,0.73,6.95,7.13,-12.59,-9.96,True,-5.0,-5.76,True,2019Q4
DIG,2020-01-15,CONTROL_RSI,28.6,28.6,,25.5,1.18,6.75,-24.44,6.96,-5.0,-3.41,-2.62,-2.48,3.85,6.86,7.41,-11.11,7.25,10.61,-11.56,-6.78,True,-5.0,-1.26,True,2020Q1
DIG,2020-03-16,CONTROL_RSI,35.0,35.0,,35.0,1.09,5.71,-10.68,23.82,-5.0,-2.28,6.68,7.5,3.33,-4.01,-4.69,11.91,-7.35,-9.12,-8.0,1.78,True,-5.0,4.78,True,2020Q1
DIG,2020-06-30,CONTROL_RSI,17.9,17.9,,29.0,0.9,6.23,-4.49,24.24,-6.65,8.03,3.58,4.01,2.57,7.02,6.58,21.35,11.57,12.53,21.35,12.53,False,21.35,12.53,False,2020Q2
DIG,2020-07-30,CONTROL_RSI,31.2,31.2,,24.1,0.83,6.23,-1.61,67.58,-6.55,3.05,-3.76,-2.63,8.83,-2.75,-0.82,62.6,41.91,45.36,62.6,45.36,False,62.6,45.36,False,2020Q3
DIG,2021-02-03,CONTROL_RSI,16.4,16.4,,34.4,1.04,15.07,-4.84,17.58,-12.0,6.17,0.65,0.45,5.84,-0.34,-0.57,5.04,-7.81,-8.29,5.04,-8.29,False,5.04,-8.29,False,2021Q1
DIG,2021-04-28,CONTROL_RSI,6.0,6.0,,35.0,1.12,15.14,-6.8,26.42,-5.0,1.52,-0.48,-0.71,20.41,12.87,11.99,8.85,5.79,5.43,8.85,5.43,False,-5.0,-8.47,True,2021Q2
DIG,2021-06-24,CONTROL_RSI,9.0,9.0,,32.6,1.14,16.98,-16.9,42.76,-5.93,0.41,-2.35,-2.74,-7.48,0.72,1.88,26.38,29.44,29.88,-8.0,-5.74,True,-5.93,-3.67,True,2021Q2
DIG,2021-09-23,CONTROL_RSI,10.4,10.4,,31.5,1.14,21.26,-9.41,192.47,-5.93,-4.09,-2.77,-2.59,33.96,31.26,30.9,186.17,176.78,175.5,-8.8,-7.67,True,-8.8,-7.67,True,2021Q3
DIG,2022-04-08,CONTROL_RSI,21.4,21.4,,32.5,1.75,56.77,-63.03,1.16,-7.82,-14.97,-9.5,-5.36,-37.82,-21.08,-8.45,-57.65,-36.05,-19.75,-8.0,-6.13,True,-7.82,-5.95,True,2022Q2
DIG,2022-05-11,CONTROL_RSI,28.9,28.9,,34.7,1.67,38.04,-44.82,10.2,-12.0,-2.63,1.15,3.67,-4.21,-5.55,-6.45,-14.98,-12.18,-10.3,-8.6,6.7,True,-12.0,3.3,True,2022Q2
DIG,2022-07-01,CONTROL_RSI,28.8,28.8,,30.3,1.57,24.94,-8.7,39.98,-12.0,7.5,11.74,14.17,29.35,27.29,26.1,0.72,5.93,8.92,-8.7,-1.28,True,0.72,8.92,False,2022Q3
DIG,2022-08-30,CONTROL_RSI,10.4,10.4,,31.9,1.6,30.34,-74.72,4.45,-5.0,-0.53,1.64,2.94,-20.14,-8.83,-2.07,-65.06,-41.17,-26.89,-8.0,-4.53,True,-5.0,0.24,True,2022Q3
DIG,2022-10-18,CONTROL_RSI,13.2,13.2,,32.2,1.49,21.62,-64.52,0.74,-12.0,-28.12,-21.39,-18.08,-59.25,-47.78,-42.14,-42.65,-41.83,-41.43,-8.0,-1.66,True,-12.07,-1.02,True,2022Q4
DIG,2022-12-30,CONTROL_RSI,25.5,25.5,,33.2,1.56,11.75,-24.68,24.26,-8.06,4.85,0.7,-1.61,4.17,-1.21,-4.22,3.4,-3.23,-6.93,-8.0,-12.98,True,-8.06,-12.26,True,2022Q4
DIG,2023-02-15,CONTROL_RSI,14.1,14.1,,32.9,1.55,11.62,-23.84,48.45,-11.17,0.0,-0.24,-0.37,-15.75,-15.39,-15.19,47.42,46.02,45.25,-11.53,-9.97,True,-11.53,-9.97,True,2023Q1
DIG,2023-03-15,CONTROL_RSI,20.2,20.2,,31.3,1.56,9.54,-1.68,93.19,-10.09,6.92,7.96,8.55,48.74,47.97,47.54,79.14,72.86,69.32,79.14,69.32,False,79.14,69.32,False,2023Q1
DIG,2023-07-12,CONTROL_RSI,15.1,15.1,,30.0,1.58,17.29,-1.85,41.53,-7.45,9.43,8.31,7.67,21.46,16.22,13.2,9.2,11.14,12.26,9.2,12.26,False,9.2,12.26,False,2023Q3
DIG,2023-09-22,CONTROL_RSI,7.5,7.5,,34.8,1.63,20.8,-25.29,7.64,-5.0,-1.59,1.38,3.24,-21.39,-13.24,-8.14,-0.19,8.1,13.29,-8.0,1.9,True,-5.0,0.02,True,2023Q3
DIG,2023-10-20,CONTROL_RSI,29.0,29.0,,29.9,1.73,16.68,-4.62,37.89,-10.27,-0.96,4.84,9.05,27.16,27.42,27.61,31.06,25.94,22.23,31.06,22.23,False,31.06,22.23,False,2023Q4
DIG,2024-04-17,CONTROL_RSI,27.3,27.3,,33.8,1.33,22.84,-12.52,6.44,-5.0,-0.7,-3.13,-3.92,4.64,-2.65,-5.02,-12.52,-19.96,-22.38,-8.0,-17.86,True,-5.0,-8.99,True,2024Q2
DIG,2024-06-11,CONTROL_RSI,6.6,6.6,,32.8,1.23,22.51,-21.9,4.0,-5.0,-2.71,-2.3,-2.21,-4.18,-4.25,-4.26,-18.66,-17.8,-17.6,-8.0,-6.44,True,-5.0,-4.74,True,2024Q2
DIG,2024-07-18,CONTROL_RSI,6.1,6.1,,34.2,1.2,20.23,-19.97,3.21,-5.19,-2.03,0.57,1.09,-4.25,-2.44,-2.09,-17.94,-18.4,-18.49,-8.0,-3.46,True,-5.19,-1.11,True,2024Q3
DIG,2024-08-15,CONTROL_RSI,13.3,13.3,,30.8,1.26,18.35,-11.77,13.79,-6.35,11.77,7.13,5.93,0.0,-2.5,-3.14,-9.54,-10.88,-11.23,-8.0,-13.4,True,-6.35,-11.75,True,2024Q3
DIG,2024-09-16,CONTROL_RSI,33.3,33.3,,12.0,1.36,17.7,-9.89,8.53,-5.0,4.86,1.88,0.81,-6.21,-9.53,-10.71,-3.22,-5.81,-6.73,-8.0,-12.49,True,-5.0,-9.49,True,2024Q3
DIG,2024-10-14,CONTROL_RSI,30.0,30.0,,24.3,1.34,17.33,-17.14,1.9,-5.0,-4.67,-3.28,-2.8,-4.21,-0.87,0.27,-13.39,-10.53,-9.55,-8.0,-4.54,True,-5.14,-5.0,True,2024Q4
DIG,2024-11-14,CONTROL_RSI,0.1,0.1,,35.0,1.22,16.48,-15.59,5.4,-5.0,1.46,1.56,1.58,1.7,-1.0,-1.6,-6.98,-10.51,-11.28,-8.0,-9.69,True,-5.0,-7.51,True,2024Q4
DIG,2024-12-20,CONTROL_RSI,19.8,19.8,,29.6,1.3,15.82,-12.07,10.05,-5.0,-2.53,-3.29,-3.52,-4.36,-3.07,-2.67,4.17,-1.33,-3.01,-8.0,-6.4,True,-5.0,-3.4,True,2024Q4
DIG,2025-01-22,CONTROL_RSI,1.4,1.4,,34.5,1.19,15.01,-25.85,15.99,-7.5,2.13,0.05,-0.35,7.86,2.87,1.9,-20.12,-18.81,-18.55,-12.79,-1.98,True,-12.79,-1.98,True,2025Q1
DIG,2025-04-24,CONTROL_RSI,36.9,36.9,,30.7,1.12,12.19,-1.97,53.57,-12.0,4.76,2.87,2.64,13.78,4.43,3.3,43.97,20.73,17.92,43.97,17.92,False,43.97,17.92,False,2025Q2
DIG,2025-10-03,CONTROL_RSI,30.7,30.7,,28.6,1.51,18.76,-15.25,26.23,-5.0,13.17,7.67,4.85,-2.93,0.42,2.15,-12.47,-17.36,-19.86,-8.0,-5.62,True,-5.0,-3.08,True,2025Q4
DIG,2025-11-03,CONTROL_RSI,15.1,15.1,,34.0,1.46,18.16,-21.53,12.44,-5.0,4.68,6.19,6.88,3.91,-2.21,-5.02,-16.91,-29.08,-34.67,-8.0,-10.52,True,-5.0,-7.6,True,2025Q4
DIG,2025-12-10,CONTROL_RSI,2.0,2.0,,34.5,1.47,18.4,-36.68,0.49,-5.0,-8.21,-6.26,-5.35,-14.89,-24.66,-29.2,-29.78,-28.78,-28.32,-8.0,-2.49,True,-7.45,-1.94,True,2025Q4
DIG,2026-01-13,CONTROL_RSI,7.9,7.9,,32.6,1.35,15.8,-26.27,1.52,-8.96,-7.15,-5.85,-5.4,-3.54,2.4,4.45,-12.53,-6.79,-4.81,-8.0,-6.25,True,-8.96,-1.4,True,2026Q1
DIG,2026-02-27,CONTROL_RSI,7.1,7.1,,33.8,1.18,13.3,-12.41,7.82,-5.0,-10.3,1.6,3.7,0.75,12.13,14.15,-4.21,-3.55,-3.44,-10.3,3.7,True,-5.0,-1.38,True,2026Q1
DIG,2026-05-21,CONTROL_RSI,11.4,11.4,,31.7,0.95,12.92,-31.73,3.33,-5.0,-4.72,-2.97,-3.05,-5.42,-1.61,-1.8,-21.13,-12.29,-12.72,-8.0,-2.67,True,-5.0,-1.48,True,2026Q2
DIG,2026-07-03,CONTROL_RSI,15.3,15.3,,29.9,0.9,11.6,-23.97,4.14,-5.0,2.84,6.73,6.35,-13.79,-7.9,-8.48,-17.67,-11.06,-11.7,-8.0,-1.75,True,-5.0,1.25,True,2026Q3
DIG,2026-08-03,CONTROL_RSI,20.9,20.9,,31.2,0.97,10.0,-12.9,9.4,-12.0,3.8,3.32,3.34,4.7,-0.29,-0.12,,,,-8.0,-8.86,True,-12.0,-11.68,True,2026Q3
DIG,2026-09-16,CONTROL_RSI,30.0,30.0,,24.2,0.88,9.9,-12.02,4.04,-5.0,-0.71,0.83,0.65,,,,,,,-8.0,-5.57,True,-5.0,-3.92,True,2026Q3
DIG,2019-06-13,CONTROL_RANDOM,,,,35.7,0.91,6.7,-7.76,15.97,-5.0,0.75,-0.37,-0.27,-3.28,-6.1,-5.86,6.57,3.88,4.11,6.57,4.11,False,-5.82,-7.36,True,2019Q2
DIG,2019-06-17,CONTROL_RANDOM,,,,44.4,0.91,6.75,-8.44,15.11,-5.0,0.0,-1.52,-1.39,-3.26,-7.11,-6.77,3.85,1.36,1.58,-8.0,-9.82,True,-5.0,-6.41,True,2019Q2
DIG,2019-07-02,CONTROL_RANDOM,,,,35.8,0.85,6.48,-4.63,19.91,-5.0,0.0,-1.38,-1.17,0.46,-2.79,-2.31,16.2,13.05,13.51,16.2,13.51,False,16.2,13.51,False,2019Q3
DIG,2019-07-24,CONTROL_RANDOM,,,,56.2,0.86,6.73,-8.17,18.13,-5.31,-2.53,-3.59,-3.44,4.61,3.55,3.7,9.21,8.97,9.01,-8.0,-6.07,True,-6.24,-4.31,True,2019Q3
DIG,2019-09-19,CONTROL_RANDOM,,,,45.8,0.91,7.3,-8.9,8.9,-7.17,2.47,2.44,2.44,0.68,1.53,1.45,-2.47,0.68,0.4,-8.0,-4.51,True,-7.17,-5.37,True,2019Q3
DIG,2019-10-07,CONTROL_RANDOM,,,,57.0,0.93,7.77,-14.41,0.9,-9.67,-2.06,-3.02,-2.95,-8.75,-12.89,-12.62,-7.72,-5.42,-5.57,-8.0,-9.64,True,-9.67,-11.11,True,2019Q4
DIG,2019-10-11,CONTROL_RANDOM,,,,65.8,0.92,7.64,-12.96,0.26,-5.0,-4.84,-3.73,-3.82,-9.55,-11.78,-11.61,-7.2,-3.61,-3.89,-8.0,-8.39,True,-5.0,-3.98,True,2019Q4
DIG,2020-05-04,CONTROL_RANDOM,,,,48.5,0.94,5.71,0.0,26.97,-5.0,11.03,1.59,2.19,12.78,-1.84,-0.9,12.43,5.86,6.28,12.43,6.28,False,12.43,6.28,False,2020Q2
DIG,2020-09-03,CONTROL_RANDOM,,,,58.7,0.76,6.68,-0.45,74.25,-5.0,6.14,6.92,6.74,34.13,32.58,32.95,68.71,55.97,58.98,68.71,58.98,False,68.71,58.98,False,2020Q3
DIG,2020-09-15,CONTROL_RANDOM,,,,83.3,0.72,7.43,-2.42,91.25,-11.85,1.08,-0.6,-0.14,24.09,19.33,20.64,81.16,65.37,69.72,81.16,69.72,False,81.16,69.72,False,2020Q3
DIG,2021-02-23,CONTROL_RANDOM,,,,61.3,1.02,16.36,-9.84,8.31,-12.0,2.26,2.04,2.03,-3.12,-1.22,-1.17,5.13,-4.46,-4.69,-8.0,-6.09,True,5.13,-4.69,False,2021Q1
DIG,2021-06-02,CONTROL_RANDOM,,,,66.7,1.14,18.29,-22.85,29.03,-12.0,-9.73,-8.12,-7.9,-5.14,-10.48,-11.21,18.97,22.25,22.7,-8.0,-6.96,True,-12.0,-12.81,True,2021Q2
DIG,2021-11-05,CONTROL_RANDOM,,,,78.3,1.29,37.18,-1.8,125.15,-12.0,22.3,20.92,20.52,15.81,18.76,19.63,14.74,11.69,10.79,14.74,10.79,False,14.74,10.79,False,2021Q4
DIG,2022-01-05,CONTROL_RANDOM,,,,73.7,1.56,73.01,-45.6,14.66,-12.0,-5.03,-3.29,-2.31,-33.24,-32.21,-31.63,-23.98,-22.66,-21.92,-11.63,-8.91,True,-12.0,-4.85,True,2022Q1
DIG,2022-01-28,CONTROL_RANDOM,,,,26.2,1.71,49.81,-29.65,46.58,-8.3,-0.94,0.85,2.11,26.32,26.3,26.29,-22.0,-12.79,-6.28,-20.26,-21.01,True,-20.26,-21.01,True,2022Q1
DIG,2022-03-24,CONTROL_RANDOM,,,,62.5,1.65,70.34,-70.16,1.24,-12.0,-7.42,-8.51,-9.21,-46.49,-33.87,-25.71,-67.97,-45.91,-31.65,-8.0,-7.74,True,-12.0,-11.12,True,2022Q1
DIG,2022-03-25,CONTROL_RANDOM,,,,60.6,1.65,65.73,-68.07,4.78,-12.0,-3.36,-5.66,-7.15,-38.76,-28.76,-22.26,-63.33,-43.1,-29.96,-8.0,-11.59,True,-13.02,-14.34,True,2022Q1
DIG,2022-04-08,CONTROL_RANDOM,,,,32.5,1.75,56.77,-63.03,1.16,-7.82,-14.97,-9.5,-5.36,-37.82,-21.08,-8.45,-57.65,-36.05,-19.75,-8.0,-6.13,True,-7.82,-5.95,True,2022Q2
DIG,2022-07-11,CONTROL_RANDOM,,,,71.1,1.58,27.25,-22.79,28.11,-12.0,0.0,-2.08,-3.28,22.57,13.51,8.29,-18.28,-11.36,-7.38,-8.0,-10.74,True,-12.0,-8.97,True,2022Q3
DIG,2022-11-07,CONTROL_RANDOM,,,,13.3,1.5,11.75,-34.72,41.62,-5.0,-29.87,-24.77,-22.24,24.6,15.46,10.93,3.74,-7.84,-13.58,-13.19,-11.06,True,-13.19,-11.06,True,2022Q4
DIG,2022-11-24,CONTROL_RANDOM,,,,28.5,1.44,10.28,-2.43,61.87,-12.0,43.19,30.29,24.64,25.78,19.12,16.2,4.77,-1.99,-4.95,4.77,-4.95,False,4.77,-4.95,False,2022Q4
DIG,2023-02-23,CONTROL_RANDOM,,,,38.2,1.56,11.66,-24.1,51.11,-11.09,-17.84,-15.29,-13.86,-10.81,-10.35,-10.1,45.88,44.91,44.37,-11.84,-10.2,True,-11.84,-10.2,True,2023Q1
DIG,2023-04-12,CONTROL_RANDOM,,,,86.1,1.67,14.27,-9.67,33.22,-12.0,-1.96,0.06,1.43,20.04,20.51,20.83,20.6,13.06,7.97,-8.0,-5.32,True,20.6,7.97,False,2023Q2
DIG,2023-08-17,CONTROL_RANDOM,,,,63.3,1.43,22.43,-30.72,9.09,-9.69,-1.83,1.73,3.26,-0.36,0.91,1.45,-9.99,-0.43,3.69,-8.0,-2.58,True,-9.69,-4.27,True,2023Q3
DIG,2023-11-08,CONTROL_RANDOM,,,,71.5,1.75,19.9,-3.67,17.04,-12.0,6.98,6.17,5.56,8.39,7.94,7.6,13.32,8.29,4.53,13.32,4.53,False,13.32,4.53,False,2023Q4
DIG,2024-01-23,CONTROL_RANDOM,,,,55.1,1.75,21.9,-3.15,26.44,-5.0,0.96,1.92,2.64,0.55,-6.17,-11.21,5.39,2.89,1.01,5.39,1.01,False,5.39,1.01,False,2024Q1
DIG,2024-05-10,CONTROL_RANDOM,,,,43.6,1.33,23.49,-22.73,3.49,-11.23,0.89,-1.46,-2.25,-3.45,-6.85,-7.99,-21.71,-16.89,-15.28,-8.0,-11.65,True,-11.23,-13.42,True,2024Q2
DIG,2024-05-30,CONTROL_RANDOM,,,,39.6,1.28,22.8,-22.89,3.55,-5.0,-1.1,-2.61,-3.03,-5.0,-3.18,-2.68,-10.04,-11.38,-11.75,-8.0,-8.03,True,-5.0,-6.4,True,2024Q2
DIG,2024-07-10,CONTROL_RANDOM,,,,49.0,1.16,21.78,-19.47,3.54,-5.0,-7.48,-6.19,-5.99,-14.23,-7.82,-6.81,-18.73,-17.09,-16.83,-8.0,-5.98,True,-5.0,-2.98,True,2024Q3
DIG,2024-08-05,CONTROL_RANDOM,,,,28.3,1.27,18.76,-13.7,11.3,-5.77,-2.61,-5.36,-6.11,-0.64,-6.54,-8.15,-10.66,-16.25,-17.77,-8.0,-16.88,True,-5.77,-9.25,True,2024Q3
DIG,2024-09-05,CONTROL_RANDOM,,,,54.9,1.31,18.68,-14.61,2.84,-5.0,-3.91,-2.61,-2.2,-5.03,-5.22,-5.28,-11.35,-9.95,-9.51,-8.0,-9.33,True,-5.0,-3.66,True,2024Q3
DIG,2025-01-22,CONTROL_RANDOM,,,,34.5,1.19,15.01,-25.85,15.99,-7.5,2.13,0.05,-0.35,7.86,2.87,1.9,-20.12,-18.81,-18.55,-12.79,-1.98,True,-12.79,-1.98,True,2025Q1
DIG,2025-05-14,CONTROL_RANDOM,,,,59.9,1.13,13.25,-7.62,57.28,-11.61,-2.11,-2.09,-2.08,16.15,15.48,15.39,43.92,23.56,20.87,43.92,20.87,False,43.92,20.87,False,2025Q2
DIG,2025-06-04,CONTROL_RANDOM,,,,76.6,1.14,15.78,-9.06,41.38,-12.0,-2.47,-0.74,-0.5,-3.3,-5.94,-6.31,26.87,2.02,-1.45,-8.0,-5.39,True,26.87,-1.45,False,2025Q2
DIG,2025-06-17,CONTROL_RANDOM,,,,61.8,1.12,14.96,-2.34,56.02,-6.25,-0.33,-1.56,-1.71,9.83,0.55,-0.59,41.91,18.43,15.54,41.91,15.54,False,41.91,15.54,False,2025Q2
DIG,2025-08-08,CONTROL_RANDOM,,,,64.6,1.2,20.1,-12.69,17.81,-12.0,1.09,-1.76,-2.32,1.29,-1.99,-2.64,-5.42,-9.44,-10.23,-8.0,-9.73,True,-12.0,-16.59,True,2025Q3
DIG,2025-08-22,CONTROL_RANDOM,,,,56.7,1.22,19.84,-11.54,19.35,-5.92,8.52,7.22,6.93,11.14,11.27,11.3,0.35,1.0,1.14,-8.0,-4.86,True,-5.92,-4.9,True,2025Q3
DIG,2026-03-25,CONTROL_RANDOM,,,,50.6,1.11,13.07,-9.79,9.72,-10.54,2.83,0.83,0.62,1.38,-11.19,-12.52,-9.79,-22.28,-23.6,-8.0,-16.59,True,-9.79,-23.6,False,2026Q1
DIG,2026-05-29,CONTROL_RANDOM,,,,26.6,0.94,12.5,-29.44,1.12,-5.0,-5.28,-1.16,-1.41,-4.88,-4.21,-4.25,-15.12,-10.91,-11.16,-8.0,-7.73,True,-5.0,-1.13,True,2026Q2
DIG,2026-06-05,CONTROL_RANDOM,,,,19.6,0.93,12.03,-26.68,5.07,-5.0,1.91,3.16,3.08,-6.65,-7.82,-7.75,-11.8,-12.11,-12.09,-8.0,-9.34,True,-5.0,-6.1,True,2026Q2
NVL,2019-01-08,WATCH,42.3,42.3,0.0,23.1,0.54,29.7,-7.1,8.65,-5.0,-0.54,-2.61,-1.65,-0.54,-6.72,-3.85,-2.09,-12.38,-7.61,-2.09,-7.61,False,-2.09,-7.61,False,2019Q1
NVL,2020-03-20,WATCH,50.0,50.0,15.0,15.5,0.51,25.95,-2.2,15.84,-5.0,2.77,7.45,5.14,3.93,-6.44,-1.31,15.41,-7.69,3.73,15.41,3.73,False,15.41,3.73,False,2020Q1
NVL,2022-10-10,WATCH,51.6,51.6,0.0,7.3,0.62,69.99,-82.71,2.91,-5.0,-0.91,-3.55,-2.55,-31.53,-26.25,-28.25,-81.53,-82.49,-82.12,-8.0,-7.49,True,-5.0,-2.68,True,2022Q4
NVL,2022-11-07,WATCH,69.9,69.9,10.0,3.4,0.6,47.92,-74.75,0.0,-5.0,-30.15,-25.05,-27.07,-60.31,-69.44,-65.83,-72.45,-84.04,-79.45,-13.38,-12.52,True,-13.38,-12.52,True,2022Q4
NVL,2022-11-08,PANIC70_ANY,71.4,71.4,10.0,2.9,0.59,44.6,-72.87,0.0,-5.0,-30.11,-25.97,-27.68,-60.25,-66.08,-63.68,-70.7,-78.87,-75.5,-13.36,-11.63,True,-13.36,-11.63,True,2022Q4
NVL,2022-12-05,WATCH,66.3,66.3,25.0,16.1,0.57,19.48,-52.36,0.51,-12.0,-13.71,-9.9,-11.55,-33.62,-29.72,-31.41,-47.64,-43.99,-45.57,-15.14,-13.15,True,-15.14,-13.15,True,2022Q4
NVL,2022-12-06,PANIC70_ANY,72.6,72.6,25.0,16.9,0.6,17.73,-47.66,1.02,-6.04,-3.67,-4.02,-3.88,-28.65,-29.52,-29.18,-42.98,-43.86,-43.51,-13.31,-13.6,True,-13.31,-13.6,True,2022Q4
NVL,2023-01-04,WATCH,47.2,47.2,55.0,22.9,0.68,12.93,-28.23,12.45,-10.3,6.73,5.94,6.19,1.08,-0.43,0.05,-5.34,-7.51,-6.82,-8.58,-8.29,True,-14.69,-14.07,True,2023Q1
NVL,2023-02-14,WATCH,46.9,46.9,20.0,31.0,0.67,10.3,-9.9,37.57,-5.0,7.57,5.92,6.47,1.75,-0.66,0.14,21.07,18.32,19.23,-8.0,-8.22,True,-5.44,-5.65,True,2023Q1
NVL,2023-02-15,PANIC70_ANY,76.6,76.6,20.0,27.8,0.66,10.62,-12.62,33.43,-6.43,2.64,2.4,2.48,-3.01,-2.66,-2.78,18.64,17.24,17.72,-8.29,-7.62,True,-6.43,-4.56,True,2023Q1
NVL,2023-09-25,WATCH,52.2,52.2,10.0,25.3,1.76,14.59,-23.1,18.37,-5.0,-9.18,-6.33,-4.17,-13.64,-9.73,-6.77,6.31,11.05,14.64,-8.0,-2.99,True,-5.0,0.01,True,2023Q3
NVL,2024-04-16,WATCH,41.4,41.4,0.0,26.3,1.2,14.68,-21.39,1.29,-5.0,-4.36,-3.01,-2.74,-10.08,-14.64,-15.56,-20.78,-25.66,-26.65,-8.0,-3.66,True,-6.88,-3.81,True,2024Q2
NVL,2024-05-08,PANIC70_ANY,76.2,76.2,0.0,21.2,1.13,12.88,-23.99,8.62,-5.04,2.17,0.9,0.74,5.36,2.9,2.59,-19.72,-17.66,-17.39,-8.0,-10.56,True,-5.04,-5.16,True,2024Q2
NVL,2024-07-17,WATCH,52.3,52.3,0.0,21.6,0.96,11.31,-14.24,10.26,-5.0,-7.78,-4.81,-4.94,-8.58,-4.85,-5.01,-13.09,-14.3,-14.24,-8.0,-6.77,True,-5.0,-3.77,True,2024Q3
NVL,2024-09-16,WATCH,42.3,42.3,25.0,16.6,1.17,10.34,-10.25,6.29,-5.0,1.35,-1.63,-2.13,-6.67,-9.99,-10.54,-5.32,-7.91,-8.34,-8.0,-11.72,True,-5.0,-8.01,True,2024Q3
NVL,2025-01-14,WATCH,61.1,61.1,0.0,24.5,1.27,8.5,-14.35,22.71,-5.0,-5.65,-6.4,-6.6,2.71,-1.78,-2.98,1.65,2.95,3.3,-8.0,2.34,True,-5.0,-5.95,True,2025Q1
NVL,2025-04-03,PANIC70_ANY,70.7,70.7,0.0,13.2,1.1,8.23,-11.54,81.77,-5.0,3.52,-3.56,-4.28,41.31,31.78,30.81,67.19,47.99,46.04,-11.54,-5.36,True,-11.54,-5.36,True,2025Q2
NVL,2025-04-04,WATCH,64.5,64.5,0.0,8.7,1.14,8.4,-13.33,78.1,-5.0,1.67,-2.99,-3.64,35.24,27.21,26.09,67.14,48.92,46.37,67.14,46.37,False,67.14,46.37,False,2025Q2
NVL,2025-08-22,WATCH,47.3,47.3,0.0,24.7,1.03,14.82,-24.9,12.15,-5.0,7.76,6.46,6.42,0.61,0.74,0.75,-2.5,-1.85,-1.83,-9.04,-9.27,True,-5.0,-4.88,True,2025Q3
NVL,2025-10-22,WATCH,40.3,40.3,20.0,38.5,1.03,12.97,-14.19,14.96,-6.29,-1.77,-1.11,-1.09,7.48,8.95,9.0,-7.79,-20.63,-21.03,-8.0,-7.99,True,-6.29,-6.28,True,2025Q4
NVL,2025-12-12,WATCH,41.4,41.4,35.0,13.3,1.18,12.24,-24.59,10.54,-5.0,4.08,-2.3,-3.45,-2.7,-17.8,-20.52,-1.96,-6.09,-6.83,-8.0,-22.18,True,-5.0,-20.92,True,2025Q4
NVL,2026-01-27,WATCH,41.2,41.2,0.0,25.7,1.04,10.76,-14.22,80.2,-5.0,7.71,10.23,10.34,-4.74,-3.68,-3.64,63.94,63.05,63.01,-9.85,0.64,True,-5.0,-3.9,True,2026Q1
NVL,2026-03-04,WATCH,55.2,55.2,20.0,28.8,1.03,10.57,-12.68,83.44,-6.42,3.5,10.45,10.64,21.48,29.23,29.44,24.03,24.62,24.64,-8.23,2.08,True,-8.23,2.08,True,2026Q1
NVL,2026-05-20,WATCH,40.6,40.6,0.0,21.2,0.88,14.91,-23.74,0.0,-6.74,-6.77,-3.82,-4.17,-11.47,-6.78,-7.35,-10.8,-2.74,-3.7,-8.0,-5.39,True,-6.74,-4.63,True,2026Q2
NVL,2026-09-28,WATCH,42.3,42.3,0.0,25.4,0.79,10.22,-6.07,3.72,-5.0,1.76,2.96,2.71,,,,,,,1.76,2.71,False,1.76,2.71,False,2026Q3
NVL,2026-09-30,PANIC70_ANY,85.0,85.0,0.0,20.0,0.8,10.25,-3.32,2.93,-8.98,,,,,,,,,,1.46,1.76,False,1.46,1.76,False,2026Q3
NVL,2022-12-16,ENTRY_V2_LOOSE,,76.3,55.0,41.6,0.57,16.81,-44.79,3.81,-12.0,-22.84,-16.32,-19.12,-23.08,-26.34,-24.95,-39.32,-37.28,-38.16,-11.01,-9.1,True,-12.0,-10.1,True,2022Q4
NVL,2023-02-23,ENTRY_V2_LOOSE,45.8,76.6,40.0,28.9,0.71,11.03,-15.87,28.47,-10.05,-13.33,-10.78,-11.51,-0.36,0.09,-0.04,10.97,10.0,10.28,-8.7,-6.88,True,-10.05,-8.23,True,2023Q1
NVL,2024-05-15,ENTRY_V2_LOOSE,,76.2,50.0,42.0,1.12,13.25,-26.11,5.58,-8.12,0.38,-0.93,-1.09,0.0,-2.93,-3.29,-20.53,-16.08,-15.53,-8.0,-7.08,True,-8.12,-7.63,True,2024Q2
NVL,2024-05-21,ENTRY_V2,0.0,76.2,70.0,35.8,1.1,13.2,-25.83,5.98,-7.49,-0.98,-0.39,-0.33,-2.73,-2.69,-2.69,-21.97,-18.07,-17.68,-8.0,-6.18,True,-7.49,-5.24,True,2024Q2
NVL,2025-04-18,ENTRY_V2,,70.7,65.0,42.9,1.08,9.0,-0.22,68.22,-12.0,17.44,16.92,16.88,28.22,20.56,19.94,68.22,46.13,44.34,68.22,44.34,False,68.22,44.34,False,2025Q2
NVL,2019-01-02,CONTROL_RSI,5.9,5.9,,33.0,0.53,32.83,-15.96,0.0,-5.0,-7.34,-8.3,-7.85,-11.42,-13.77,-12.67,-11.88,-22.8,-17.7,-8.0,-7.86,True,-5.0,-4.86,True,2019Q1
NVL,2019-01-30,CONTROL_RSI,28.0,28.0,,25.7,0.56,29.29,-3.52,10.17,-5.0,1.57,-2.0,-0.42,0.68,-7.42,-3.84,0.68,-2.77,-1.24,0.68,-1.24,False,0.68,-1.24,False,2019Q1
NVL,2019-03-29,CONTROL_RSI,13.0,13.0,,30.9,0.67,28.77,-1.77,9.84,-5.0,1.98,0.27,0.83,6.26,6.93,6.71,6.43,9.57,8.55,6.43,8.55,False,6.43,8.55,False,2019Q1
NVL,2019-06-18,CONTROL_RSI,3.4,3.4,,33.9,0.88,29.29,-2.29,14.2,-5.0,5.09,4.01,4.14,4.37,0.82,1.23,8.23,5.37,5.7,8.23,5.7,False,8.23,5.7,False,2019Q2
NVL,2019-07-31,CONTROL_RSI,26.2,26.2,,26.3,0.89,29.65,0.0,12.82,-5.0,2.06,3.87,3.66,7.25,8.73,8.56,4.82,4.49,4.53,4.82,4.53,False,4.82,4.53,False,2019Q3
NVL,2019-10-17,CONTROL_RSI,17.9,17.9,,29.1,0.89,31.03,-10.76,1.51,-5.0,0.16,-0.3,-0.25,-3.13,-4.94,-4.74,-8.93,-6.29,-6.59,-8.0,-4.55,True,-5.0,-6.86,True,2019Q4
NVL,2019-11-21,CONTROL_RSI,14.0,14.0,,34.1,0.91,29.39,-7.69,4.01,-5.0,-0.71,1.5,1.29,-2.62,1.04,0.7,-6.29,2.71,1.87,-6.29,1.87,False,-5.0,-1.0,True,2019Q4
NVL,2020-01-21,CONTROL_RSI,6.5,6.5,,33.9,0.87,28.67,-12.0,0.91,-5.0,-3.24,2.9,2.11,-3.59,5.59,4.41,-5.72,15.83,13.07,-8.0,11.86,True,-5.0,-0.76,True,2020Q1
NVL,2020-03-10,CONTROL_RSI,3.3,3.3,,33.9,0.59,27.23,-7.34,4.33,-5.0,-3.78,7.58,2.96,-1.87,7.99,3.98,3.2,-3.49,-0.77,3.2,-0.77,False,-5.0,1.74,True,2020Q1
NVL,2020-07-27,CONTROL_RSI,5.0,5.0,,33.3,0.4,32.27,-2.73,4.12,-5.0,3.01,-2.19,0.93,0.15,-10.95,-4.28,-0.81,-20.17,-8.54,-0.81,-8.54,False,-0.81,-8.54,False,2020Q3
NVL,2020-08-24,CONTROL_RSI,30.0,30.0,,22.3,0.4,31.96,-2.1,4.01,-5.0,1.28,-1.11,0.34,2.25,-2.52,0.36,-1.13,-12.91,-5.79,-1.13,-5.79,False,-1.13,-5.79,False,2020Q3
NVL,2020-10-08,CONTROL_RSI,8.9,8.9,,32.0,0.43,31.85,-3.2,15.67,-5.0,0.5,-2.09,-0.62,0.19,-1.86,-0.7,5.02,-16.84,-4.47,5.02,-4.47,False,5.02,-4.47,False,2020Q4
NVL,2020-11-16,CONTROL_RSI,1.2,1.2,,34.6,0.43,31.8,-3.05,36.45,-5.0,-0.63,-4.84,-2.43,5.82,-4.62,1.35,32.36,11.4,23.39,32.36,23.39,False,32.36,23.39,False,2020Q4
NVL,2021-07-14,CONTROL_RSI,15.1,15.1,,32.9,0.66,72.61,-1.75,6.69,-5.0,1.85,0.77,1.14,0.58,-5.14,-3.2,0.96,-7.96,-4.93,0.96,-4.93,False,0.96,-4.93,False,2021Q3
NVL,2021-08-13,CONTROL_RSI,5.0,5.0,,33.3,0.49,73.03,-2.31,8.11,-5.0,1.26,5.55,3.38,-0.48,0.35,-0.07,0.38,-7.57,-3.54,0.38,-3.54,False,0.38,-3.54,False,2021Q3
NVL,2021-09-14,CONTROL_RSI,6.8,6.8,,32.7,0.48,72.61,-1.75,13.4,-5.0,0.1,-0.72,-0.3,-0.39,-4.28,-2.26,10.58,2.13,6.51,10.58,6.51,False,10.58,6.51,False,2021Q3
NVL,2021-11-18,CONTROL_RSI,22.7,22.7,,28.6,0.62,72.33,-2.07,16.18,-5.0,7.89,6.32,6.92,12.28,11.6,11.86,0.22,-2.57,-1.5,0.22,-1.5,False,0.22,-1.5,False,2021Q4
NVL,2022-01-14,CONTROL_RSI,14.2,14.2,,30.8,0.68,75.72,-9.27,7.69,-5.0,-4.75,-0.99,-2.21,-4.27,-5.26,-4.93,0.0,5.99,4.04,-8.0,-8.13,True,-5.0,-4.26,True,2022Q1
NVL,2022-02-24,CONTROL_RSI,29.2,29.2,,25.3,0.76,70.64,-5.22,15.43,-5.0,0.65,-0.05,0.12,9.29,9.04,9.1,3.14,18.29,14.73,3.14,14.73,False,-5.0,10.96,True,2022Q1
NVL,2022-04-25,CONTROL_RSI,18.5,18.5,,29.0,0.81,73.97,-10.11,3.37,-5.0,1.37,-4.49,-3.39,-2.62,-1.31,-1.56,-7.37,-0.6,-1.88,-8.0,-1.52,True,-5.0,-2.06,True,2022Q2
NVL,2022-06-22,CONTROL_RSI,13.1,13.1,,30.6,0.73,69.26,-4.0,15.72,-5.0,-0.68,-3.74,-2.9,-1.07,-4.2,-3.35,13.33,9.59,10.61,13.33,10.61,False,13.33,10.61,False,2022Q2
NVL,2022-10-05,CONTROL_RSI,26.8,26.8,,26.1,0.63,75.72,-84.02,1.1,-5.0,-7.92,-3.01,-4.84,-21.46,-13.73,-16.61,-82.13,-73.44,-76.69,-8.04,-4.48,True,-8.04,-4.48,True,2022Q4
NVL,2022-11-02,CONTROL_RSI,37.2,37.2,,14.6,0.57,62.98,-80.79,0.0,-5.8,-34.09,-27.75,-30.48,-65.77,-68.23,-67.17,-78.09,-84.59,-81.79,-18.18,-16.14,True,-18.18,-16.14,True,2022Q4
NVL,2023-01-03,CONTROL_RSI,34.7,34.7,,27.7,0.69,13.53,-31.41,7.46,-12.0,1.7,0.99,1.21,-2.44,-4.72,-4.0,-12.27,-15.37,-14.4,-12.64,-12.34,True,-12.64,-12.34,True,2023Q1
NVL,2023-02-17,CONTROL_RSI,39.0,39.0,,33.4,0.66,10.94,-15.17,29.52,-9.21,-9.23,-5.6,-6.82,-6.31,-2.85,-4.01,12.25,11.44,11.71,-8.0,-5.59,True,-9.21,-6.79,True,2023Q1
NVL,2023-05-05,CONTROL_RSI,17.3,17.3,,34.2,0.97,12.47,-5.61,39.94,-5.13,0.0,-2.13,-2.08,0.0,-5.21,-5.07,39.62,22.42,22.87,39.62,22.87,False,-5.13,-7.03,True,2023Q2
NVL,2023-09-19,CONTROL_RSI,17.7,17.7,,35.0,1.68,15.88,-29.35,11.34,-5.0,-9.89,-5.03,-1.73,-24.43,-15.42,-9.29,-1.13,6.99,12.52,-8.12,2.23,True,-5.0,3.25,True,2023Q3
NVL,2023-10-17,CONTROL_RSI,13.9,13.9,,33.7,1.8,12.79,-12.28,35.03,-5.08,0.0,1.96,3.54,17.36,17.47,17.55,21.66,18.23,15.48,-8.0,2.12,True,-5.08,-2.56,True,2023Q4
NVL,2023-12-22,CONTROL_RSI,9.6,9.6,,31.8,1.71,15.33,-3.65,9.65,-6.62,0.91,-1.57,-3.33,2.41,-4.22,-8.92,7.5,-8.61,-20.03,7.5,-20.03,False,7.5,-20.03,False,2023Q4
NVL,2024-03-07,CONTROL_RSI,2.4,2.4,,34.2,1.58,15.65,-20.64,11.82,-5.0,-2.62,-1.93,-1.52,7.99,9.36,10.16,-13.29,-14.15,-14.65,-8.0,-0.95,True,-5.3,-1.88,True,2024Q1
NVL,2024-04-15,CONTROL_RSI,8.3,8.3,,34.9,1.21,14.96,-19.45,0.94,-5.0,-6.15,-5.08,-4.86,-11.76,-16.6,-17.61,-18.52,-23.54,-24.58,-8.62,-4.28,True,-8.62,-4.28,True,2024Q2
NVL,2024-06-20,CONTROL_RSI,12.0,12.0,,31.3,0.99,12.6,-22.3,1.51,-5.0,-2.54,0.55,0.54,-12.78,-11.2,-11.21,-17.94,-15.9,-15.92,-8.0,-7.7,True,-5.0,-4.7,True,2024Q2
NVL,2024-07-18,CONTROL_RSI,13.6,13.6,,31.4,0.96,11.4,-15.35,9.39,-5.0,-10.53,-7.93,-8.02,-3.25,-1.44,-1.51,-15.35,-15.81,-15.79,-8.0,-4.72,True,-7.63,-4.35,True,2024Q3
NVL,2024-09-11,CONTROL_RSI,23.0,23.0,,34.5,1.17,10.9,-14.86,0.83,-5.0,-3.85,-4.87,-5.05,-8.53,-10.75,-11.13,-8.07,-8.8,-8.92,-8.0,-8.05,True,-5.0,-3.22,True,2024Q3
NVL,2024-10-09,CONTROL_RSI,6.9,6.9,,32.7,1.27,9.97,-6.92,6.52,-5.0,-3.21,-2.97,-2.9,0.0,2.32,2.94,-2.31,0.41,1.15,-2.31,1.15,False,-5.0,-4.0,True,2024Q4
NVL,2024-12-10,CONTROL_RSI,7.9,7.9,,32.4,1.26,9.83,-18.41,1.42,-5.0,-0.92,-0.35,-0.2,-3.76,-1.61,-1.05,-2.34,-6.51,-7.57,-8.0,-4.29,True,-5.0,-3.45,True,2024Q4
NVL,2025-01-13,CONTROL_RSI,34.3,34.3,,28.0,1.24,8.77,-16.99,18.93,-5.0,-4.79,-5.71,-5.93,-1.6,-5.11,-5.97,-1.37,0.61,1.1,-8.0,-8.78,True,-5.0,-6.49,True,2025Q1
NVL,2025-04-11,CONTROL_RSI,31.7,31.7,,31.9,1.11,8.63,-2.67,73.35,-12.0,10.2,12.46,12.72,29.43,23.1,22.38,65.35,48.3,46.35,65.35,46.35,False,65.35,46.35,False,2025Q2
NVL,2025-08-25,CONTROL_RSI,28.7,28.7,,29.5,1.02,14.82,-24.9,12.15,-5.0,7.15,1.9,1.81,-0.34,-3.72,-3.78,-5.94,-8.69,-8.74,-9.04,-12.31,True,-5.0,-7.91,True,2025Q3
NVL,2025-10-28,CONTROL_RSI,15.2,15.2,,34.3,1.02,12.37,-10.02,20.53,-6.66,2.67,4.51,4.55,15.68,16.01,16.02,-6.71,-17.68,-17.91,-8.0,-1.62,True,-6.66,-4.61,True,2025Q4
NVL,2025-12-08,CONTROL_RSI,5.3,5.3,,33.2,1.16,13.48,-31.53,1.04,-5.47,-7.2,-1.96,-1.12,-8.9,-13.62,-14.37,-18.84,-15.32,-14.76,-8.0,0.19,True,-5.47,2.72,True,2025Q4
NVL,2026-01-20,CONTROL_RSI,27.8,27.8,,25.7,1.03,11.63,-20.64,48.84,-5.04,-5.5,-1.56,-1.46,0.43,1.29,1.31,48.84,49.89,49.91,-8.0,-5.46,True,-5.04,-3.23,True,2026Q1
NVL,2026-03-02,CONTROL_RSI,37.5,37.5,,28.7,1.05,10.67,-13.5,81.72,-5.0,-7.87,1.7,2.22,22.49,32.19,32.72,30.65,30.15,30.12,-9.09,2.37,True,-9.09,2.37,True,2026Q1
NVL,2026-05-19,CONTROL_RSI,7.8,7.8,,33.3,0.88,15.42,-26.26,0.0,-7.24,-7.78,-6.07,-6.27,-14.07,-8.78,-9.42,-12.78,-6.8,-7.52,-8.95,-7.57,True,-8.95,-7.57,True,2026Q2
NVL,2026-07-06,CONTROL_RSI,17.6,17.6,,30.6,0.89,12.16,-21.05,16.37,-6.5,-0.41,1.44,1.23,9.38,12.82,12.43,-14.06,-8.47,-9.11,-8.0,-5.11,True,-6.5,-3.61,True,2026Q3
NVL,2026-08-27,CONTROL_RSI,16.5,16.5,,29.5,0.81,13.15,-27.0,1.14,-5.0,-1.83,-1.49,-1.55,-22.43,-18.91,-19.59,,,,-8.67,-6.69,True,-5.0,-4.49,True,2026Q3
NVL,2019-02-22,CONTROL_RANDOM,,,,67.5,0.57,30.06,-5.99,7.35,-5.0,1.7,1.9,1.82,-3.59,-0.98,-2.1,-0.53,2.08,0.96,-0.53,0.96,False,-5.0,-4.57,True,2019Q1
NVL,2019-05-07,CONTROL_RANDOM,,,,51.8,0.75,29.18,-1.92,8.64,-5.0,3.02,0.33,0.99,6.51,6.37,6.41,1.61,-2.76,-1.68,1.61,-1.68,False,1.61,-1.68,False,2019Q2
NVL,2019-07-17,CONTROL_RANDOM,,,,50.0,0.89,31.08,-4.95,7.63,-5.0,-3.28,-4.89,-4.72,2.32,2.29,2.3,2.32,1.02,1.17,2.32,1.17,False,2.32,1.17,False,2019Q3
NVL,2019-09-10,CONTROL_RANDOM,,,,39.9,0.83,31.75,-10.17,5.2,-5.0,2.77,0.14,0.58,0.82,-1.06,-0.74,-8.72,-8.34,-8.41,-8.0,-11.69,True,-5.0,-8.94,True,2019Q3
NVL,2019-11-14,CONTROL_RANDOM,,,,35.0,0.85,30.16,-10.05,1.36,-5.0,-2.88,0.59,0.08,-6.3,-1.68,-2.36,-7.49,0.22,-0.91,-8.0,-2.61,True,-5.11,-0.1,True,2019Q4
NVL,2019-12-10,CONTROL_RANDOM,,,,23.3,0.83,28.26,-6.19,8.17,-5.0,1.1,2.08,1.92,1.1,1.14,1.14,-4.0,15.92,12.61,-4.0,12.61,False,-5.0,5.86,True,2019Q4
NVL,2019-12-18,CONTROL_RANDOM,,,,41.9,0.82,28.31,-10.88,7.98,-5.0,3.25,2.41,2.56,1.62,-1.36,-0.83,-7.45,17.89,13.43,-8.0,9.6,True,-5.0,4.98,True,2019Q4
NVL,2019-12-26,CONTROL_RANDOM,,,,49.1,0.8,28.87,-12.61,5.89,-5.0,-0.69,-0.49,-0.53,-0.35,2.74,2.11,-7.62,23.23,16.92,-8.0,2.15,True,-5.0,-3.41,True,2019Q4
NVL,2020-03-13,CONTROL_RANDOM,,,,38.2,0.52,27.13,-7.0,5.12,-5.0,-1.51,10.58,4.72,-1.7,-2.9,-2.32,3.21,-11.18,-4.21,3.21,-4.21,False,-5.0,-4.28,True,2020Q1
NVL,2020-04-22,CONTROL_RANDOM,,,,68.0,0.4,26.97,-1.89,25.18,-5.0,0.59,2.11,1.2,1.52,-9.43,-2.87,17.72,6.46,13.22,17.72,13.22,False,17.72,13.22,False,2020Q2
NVL,2020-05-05,CONTROL_RANDOM,,,,65.4,0.41,26.97,-1.89,25.18,-5.0,0.0,-8.72,-3.54,3.45,-11.39,-2.58,20.99,17.92,19.74,20.99,19.74,False,20.99,19.74,False,2020Q2
NVL,2020-05-28,CONTROL_RANDOM,,,,55.3,0.41,27.74,-1.48,21.7,-6.05,1.12,-1.74,-0.04,15.57,16.69,16.03,16.69,17.48,17.01,16.69,17.01,False,16.69,17.01,False,2020Q2
NVL,2020-08-14,CONTROL_RANDOM,,,,52.4,0.4,32.37,-3.34,2.69,-5.0,0.0,-2.43,-0.97,1.27,-4.41,-0.99,-1.61,-13.85,-6.48,-1.61,-6.48,False,-1.61,-6.48,False,2020Q3
NVL,2020-09-18,CONTROL_RANDOM,,,,60.4,0.41,32.83,-6.09,1.74,-5.38,-0.79,-1.68,-1.16,-2.04,-6.37,-3.83,0.79,-16.85,-6.49,0.79,-6.49,False,-5.38,-10.01,True,2020Q3
NVL,2021-01-18,CONTROL_RANDOM,,,,62.3,0.53,37.2,-7.47,53.66,-12.0,13.15,17.67,15.53,12.85,13.88,13.39,51.56,44.97,48.09,51.56,48.09,False,51.56,48.09,False,2021Q1
NVL,2021-01-22,CONTROL_RANDOM,,,,77.6,0.66,41.1,-4.43,54.23,-12.0,1.27,12.32,8.57,0.75,-1.13,-0.49,53.6,48.83,50.45,53.6,50.45,False,53.6,50.45,False,2021Q1
NVL,2021-07-26,CONTROL_RANDOM,,,,33.9,0.66,74.02,-3.62,4.66,-5.81,0.47,-4.22,-2.61,0.47,-1.57,-0.87,-2.86,-11.67,-8.64,-2.86,-8.64,False,-2.86,-8.64,False,2021Q3
NVL,2021-08-05,CONTROL_RANDOM,,,,59.3,0.52,76.13,-6.29,3.7,-6.31,-4.16,-5.02,-4.61,-2.96,-2.68,-2.82,0.09,-7.85,-4.02,0.09,-4.02,False,0.09,-4.02,False,2021Q3
NVL,2021-09-17,CONTROL_RANDOM,,,,42.5,0.48,72.61,-1.75,13.4,-5.0,-0.59,1.45,0.38,-1.27,-4.44,-2.78,8.83,-0.31,4.46,8.83,4.46,False,8.83,4.46,False,2021Q3
NVL,2021-12-03,CONTROL_RANDOM,,,,69.9,0.62,77.54,-11.4,8.37,-9.17,1.91,-0.37,0.5,5.98,0.28,2.47,-9.49,-11.6,-10.79,-8.0,-9.22,True,-9.17,-11.37,True,2021Q4
NVL,2021-12-08,CONTROL_RANDOM,,,,77.4,0.62,80.36,-14.51,4.57,-7.89,0.88,-0.75,-0.14,-0.72,-5.93,-3.97,-11.29,-12.23,-11.87,-8.0,-8.0,True,-7.89,-7.89,True,2021Q4
NVL,2022-08-15,CONTROL_RANDOM,,,,82.1,0.71,75.26,-44.84,6.5,-10.55,0.61,0.87,0.79,4.66,6.89,6.26,-44.84,-19.19,-26.54,-8.0,4.97,True,-10.55,4.46,True,2022Q3
NVL,2022-08-22,CONTROL_RANDOM,,,,69.9,0.72,74.43,-61.04,7.69,-5.0,1.98,-0.09,0.5,4.96,8.05,7.17,-61.04,-38.36,-44.82,-8.0,6.1,True,-6.45,5.59,True,2022Q3
NVL,2022-09-21,CONTROL_RANDOM,,,,61.6,0.65,77.57,-80.19,1.78,-5.0,0.95,7.14,4.98,-10.6,1.22,-2.9,-78.69,-66.61,-70.82,-10.24,-1.67,True,-5.0,3.92,True,2022Q3
NVL,2022-09-27,CONTROL_RANDOM,,,,54.7,0.63,78.03,-82.01,1.18,-5.0,-2.96,1.72,-0.02,-11.84,2.42,-2.9,-82.01,-69.95,-74.45,-8.0,-1.36,True,-5.0,-0.45,True,2022Q3
NVL,2022-12-15,CONTROL_RANDOM,,,,40.2,0.57,15.97,-41.89,9.27,-8.43,-12.71,-10.01,-11.17,-21.1,-22.82,-22.09,-35.82,-33.38,-34.42,-8.0,-6.37,True,-8.43,-6.8,True,2022Q4
NVL,2023-03-24,CONTROL_RANDOM,,,,60.8,0.83,11.36,-1.67,28.87,-12.0,4.49,1.48,2.0,14.17,14.79,14.68,19.1,11.7,12.97,19.1,12.97,False,19.1,12.97,False,2023Q1
NVL,2023-07-26,CONTROL_RANDOM,,,,79.7,1.65,15.97,-25.99,28.68,-12.0,7.26,6.49,6.0,14.46,15.49,16.15,-22.79,-13.79,-7.98,-8.64,0.09,True,-12.0,-3.27,True,2023Q3
NVL,2023-08-04,CONTROL_RANDOM,,,,78.3,1.58,18.75,-40.16,9.6,-12.0,4.64,4.34,4.16,7.36,6.35,5.77,-35.47,-19.78,-10.71,-8.0,-1.17,True,-12.0,-5.27,True,2023Q3
NVL,2024-02-07,CONTROL_RANDOM,,,,67.8,1.69,16.16,-23.14,8.29,-8.18,-2.29,-4.3,-5.69,-6.0,-11.09,-14.59,-18.87,-23.14,-26.07,-8.0,-12.55,True,-8.18,-12.73,True,2024Q1
NVL,2024-03-28,CONTROL_RANDOM,,,,66.3,1.34,16.39,-25.93,6.77,-10.53,3.11,6.02,7.0,-15.8,-9.9,-7.9,-23.67,-21.07,-20.19,-8.72,-0.75,True,-10.53,-2.56,True,2024Q1
NVL,2024-05-03,CONTROL_RANDOM,,,,20.4,1.2,13.62,-26.06,2.72,-6.02,-6.75,-7.84,-8.05,1.32,-3.01,-3.87,-25.4,-27.01,-27.33,-8.0,-9.74,True,-7.78,-10.09,True,2024Q2
NVL,2024-08-02,CONTROL_RANDOM,,,,33.3,1.06,10.62,-12.62,17.42,-10.27,-2.64,-3.56,-3.61,12.62,7.96,7.68,-6.97,-10.21,-10.41,-8.0,-12.61,True,-10.27,-15.53,True,2024Q3
NVL,2024-08-30,CONTROL_RANDOM,,,,80.7,1.14,11.77,-21.16,5.1,-7.67,-7.05,-5.63,-5.43,-13.34,-14.63,-14.81,-12.15,-9.84,-9.52,-8.0,-6.65,True,-7.67,-6.33,True,2024Q3
NVL,2024-10-03,CONTROL_RANDOM,,,,32.6,1.26,10.02,-7.39,5.99,-5.0,-0.5,-1.24,-1.43,-4.59,-2.71,-2.23,-5.99,-5.69,-5.62,-5.99,-5.62,False,-5.0,-5.06,True,2024Q4
NVL,2024-11-12,CONTROL_RANDOM,,,,57.6,1.25,9.79,-18.08,8.48,-5.25,6.13,8.25,8.78,-0.51,-2.6,-3.11,-14.91,-17.12,-17.66,-8.0,-7.27,True,-5.25,-4.0,True,2024Q4
NVL,2024-12-03,CONTROL_RANDOM,,,,47.8,1.24,9.88,-18.83,2.83,-5.0,-1.42,-3.14,-3.55,-2.83,-4.63,-5.05,-3.24,-8.92,-10.27,-8.0,-6.84,True,-5.0,-6.01,True,2024Q4
NVL,2025-01-21,CONTROL_RANDOM,,,,28.9,1.24,8.36,-12.92,27.63,-5.0,3.83,2.12,1.71,9.33,4.95,3.9,24.76,26.76,27.24,-12.92,2.38,True,-5.0,6.47,True,2025Q1
NVL,2025-05-19,CONTROL_RANDOM,,,,61.1,1.03,11.13,-4.58,60.11,-6.98,6.65,3.48,3.38,28.21,24.43,24.32,53.46,29.62,28.92,53.46,28.92,False,53.46,28.92,False,2025Q2
NVL,2025-08-08,CONTROL_RANDOM,,,,68.2,1.02,17.31,-33.33,2.95,-12.0,-3.99,-6.84,-6.91,-15.71,-19.0,-19.08,-26.63,-30.65,-30.74,-8.0,-12.72,True,-12.0,-15.5,True,2025Q3
PDR,2020-01-07,WATCH,65.3,65.3,0.0,26.9,0.59,10.08,-3.47,8.63,-5.0,4.96,3.55,4.13,6.15,7.87,7.16,3.08,23.39,15.0,3.08,15.0,False,3.08,15.0,False,2020Q1
PDR,2020-06-19,WATCH,44.0,44.0,15.0,18.9,0.46,11.58,-9.5,54.84,-11.48,-3.2,1.65,-0.97,-0.78,0.39,-0.24,52.42,49.58,51.12,-8.0,-6.52,True,52.42,51.12,False,2020Q2
PDR,2022-05-13,WATCH,53.1,53.1,0.0,24.9,0.89,44.5,-9.39,8.09,-5.0,-0.36,-1.25,-1.15,-6.0,-7.57,-7.39,1.15,-2.89,-2.43,-8.0,-9.63,True,-5.0,-6.39,True,2022Q2
PDR,2022-11-01,WATCH,43.1,43.1,0.0,12.6,0.67,35.39,-73.52,4.24,-5.0,-28.48,-23.85,-25.39,-67.73,-69.17,-68.69,-67.5,-71.77,-70.35,-11.36,-9.01,True,-11.36,-9.01,True,2022Q4
PDR,2022-11-29,PANIC70_ANY,85.0,85.0,40.0,4.2,0.59,11.42,-27.15,27.06,-12.0,15.76,15.42,15.56,-1.49,0.61,-0.25,-23.12,-23.13,-23.13,-8.0,-6.94,True,-12.0,-10.94,True,2022Q4
PDR,2022-11-30,WATCH,65.0,65.0,20.0,9.3,0.59,12.21,-31.86,18.84,-12.0,13.76,14.46,14.18,-8.19,-3.59,-5.46,-28.09,-24.95,-26.23,-8.0,-6.04,True,-12.0,-9.8,True,2022Q4
PDR,2023-02-08,WATCH,43.3,43.3,0.0,21.2,0.83,10.5,-20.76,13.9,-6.64,-12.38,-11.28,-11.47,-4.38,-3.06,-3.28,7.14,8.67,8.41,-9.62,-7.57,True,-9.62,-7.57,True,2023Q1
PDR,2023-02-13,PANIC70_ANY,71.0,71.0,0.0,11.8,0.83,9.2,-9.57,30.0,-5.0,6.41,2.86,3.45,7.28,7.76,7.68,26.85,24.77,25.11,-8.0,-6.09,True,-5.0,-3.09,True,2023Q1
PDR,2024-04-17,WATCH,50.4,50.4,40.0,25.0,1.32,22.59,-14.52,10.05,-5.0,-2.04,-4.46,-5.25,8.63,1.35,-1.02,-14.12,-21.56,-23.97,-8.0,-19.25,True,-5.0,-4.61,True,2024Q2
PDR,2024-04-19,PANIC70_ANY,75.3,75.3,0.0,21.1,1.36,22.38,-15.19,11.08,-5.0,-1.88,-4.63,-5.62,9.83,1.61,-1.35,-12.69,-20.35,-23.11,-8.0,-19.2,True,-5.0,-16.2,True,2024Q2
PDR,2024-07-17,WATCH,62.6,62.6,0.0,24.4,1.22,19.54,-20.88,10.18,-5.0,-5.02,-2.04,-1.38,-16.58,-12.85,-12.02,-0.97,-2.18,-2.45,-9.98,-6.85,True,-6.4,-4.83,True,2024Q3
PDR,2025-01-10,WATCH,43.2,43.2,10.0,24.4,1.75,16.67,-16.44,16.62,-5.0,4.44,2.57,1.17,6.06,2.3,-0.51,-8.34,-8.43,-8.5,-10.32,3.07,True,-6.12,-3.84,True,2025Q1
PDR,2025-04-03,WATCH,51.5,51.5,10.0,25.6,1.36,15.65,-10.99,11.5,-5.0,1.47,-5.61,-8.18,-1.79,-11.32,-14.77,5.62,-13.58,-20.55,-10.99,-3.35,True,-10.99,-3.35,True,2025Q2
PDR,2025-12-12,WATCH,48.3,48.3,0.0,26.8,1.39,19.75,-30.63,4.05,-5.0,3.8,-2.59,-5.1,-10.13,-25.23,-31.16,-22.78,-26.91,-28.54,-8.0,-22.42,True,-5.0,-7.63,True,2025Q4
PDR,2026-03-02,WATCH,61.0,61.0,0.0,25.0,1.25,15.45,-11.33,11.65,-5.0,-5.5,4.07,6.43,5.83,15.52,17.9,3.88,3.39,3.26,-8.0,3.93,True,-5.83,7.71,True,2026Q1
PDR,2026-07-20,WATCH,49.4,49.4,15.0,9.8,0.88,12.25,-15.1,5.71,-5.0,-6.12,-3.08,-3.44,-1.63,-1.55,-1.56,,,,-8.0,-4.73,True,-5.0,-3.27,True,2026Q3
PDR,2026-07-28,PANIC70_ANY,74.1,74.1,0.0,11.8,0.9,11.5,-8.26,12.61,-12.0,4.35,-1.22,-0.66,10.0,1.76,2.6,,,,-8.0,-13.23,True,-3.04,-7.12,False,2026Q3
PDR,2022-11-29,ENTRY_V2_LOOSE,85.0,85.0,40.0,4.2,0.59,11.42,-27.15,27.06,-12.0,15.76,15.42,15.56,-1.49,0.61,-0.25,-23.12,-23.13,-23.13,-8.0,-6.94,True,-12.0,-10.94,True,2022Q4
PDR,2022-12-06,ENTRY_V2,49.7,85.0,60.0,31.1,0.67,12.55,-33.71,15.62,-12.0,0.0,-0.35,-0.24,0.96,0.09,0.37,-20.0,-20.88,-20.59,-8.0,-7.47,True,-12.0,-10.49,True,2022Q4
PDR,2024-05-03,ENTRY_V2_LOOSE,35.1,75.3,45.0,27.7,1.33,22.84,-23.38,8.84,-9.69,3.37,2.29,1.94,5.39,1.06,-0.35,-20.75,-22.36,-22.88,-8.0,-13.86,True,-9.69,-15.56,True,2024Q2
PDR,2026-08-04,ENTRY_V2,12.9,74.1,65.0,31.4,0.93,12.25,-13.88,5.71,-12.0,-1.22,-1.69,-1.66,-1.63,-3.69,-3.55,,,,-8.0,-8.01,True,-12.0,-11.78,True,2026Q3
PDR,2026-08-05,ENTRY_V2_LOOSE,11.7,74.1,45.0,31.4,0.93,11.95,-11.72,8.37,-12.0,0.0,1.07,0.99,0.42,-2.15,-1.97,,,,-8.0,-7.79,True,-6.69,-5.36,False,2026Q3
PDR,2019-01-02,CONTROL_RSI,30.0,30.0,,20.4,0.73,8.1,-2.22,15.8,-5.0,3.09,2.13,2.38,2.1,-0.25,0.38,13.09,2.17,5.09,13.09,5.09,False,13.09,5.09,False,2019Q1
PDR,2019-08-21,CONTROL_RSI,10.1,10.1,,31.6,0.94,10.43,-2.78,1.92,-5.0,-0.38,1.4,1.31,-1.44,-0.83,-0.86,-0.77,-2.13,-2.06,-0.77,-2.06,False,-0.77,-2.06,False,2019Q3
PDR,2019-10-02,CONTROL_RSI,30.0,30.0,,25.0,0.82,10.32,-1.94,8.24,-5.0,0.29,0.12,0.15,0.0,-1.34,-1.1,2.13,4.88,4.38,2.13,4.38,False,2.13,4.38,False,2019Q4
PDR,2019-11-28,CONTROL_RSI,30.0,30.0,,24.4,0.65,10.32,-5.72,8.24,-5.0,6.1,6.88,6.61,5.91,6.69,6.42,4.07,12.99,9.9,4.07,9.9,False,-5.0,-3.51,True,2019Q4
PDR,2019-12-26,CONTROL_RSI,28.6,28.6,,30.5,0.61,10.54,-7.69,5.5,-5.0,0.57,0.77,0.69,2.09,5.17,3.98,-1.99,28.86,16.89,-1.99,16.89,False,-5.0,-5.08,True,2019Q4
PDR,2020-03-09,CONTROL_RSI,3.6,3.6,,33.8,0.47,10.29,-2.43,25.95,-5.0,2.43,10.79,6.38,1.17,9.25,4.99,19.34,10.44,15.14,19.34,15.14,False,19.34,15.14,False,2020Q1
PDR,2020-06-17,CONTROL_RSI,20.2,20.2,,32.4,0.47,10.97,-4.65,56.61,-5.0,1.73,1.3,1.53,6.38,3.34,4.95,56.61,52.14,54.51,56.61,54.51,False,56.61,54.51,False,2020Q2
PDR,2021-07-15,CONTROL_RSI,15.0,15.0,,30.5,0.77,53.52,-8.26,8.84,-5.0,1.61,3.55,3.1,5.04,0.17,1.29,1.49,-6.3,-4.51,-8.0,-10.73,True,-5.0,-5.29,True,2021Q3
PDR,2021-08-19,CONTROL_RSI,30.0,30.0,,21.6,0.76,54.07,-9.19,13.17,-5.0,-3.51,0.97,-0.12,-7.38,-4.83,-5.45,2.74,-3.93,-2.3,-8.0,-6.16,True,-7.03,-2.84,True,2021Q3
PDR,2021-09-22,CONTROL_RSI,11.5,11.5,,31.2,0.8,49.65,-1.11,23.36,-5.0,1.13,1.77,1.64,19.54,17.01,17.51,20.79,11.46,13.29,20.79,13.29,False,20.79,13.29,False,2021Q3
PDR,2021-11-10,CONTROL_RSI,6.8,6.8,,33.2,0.77,54.75,-5.72,11.87,-5.0,0.44,0.11,0.18,10.76,10.56,10.6,1.0,-1.5,-0.93,1.0,-0.93,False,-5.0,-3.67,True,2021Q4
PDR,2021-12-29,CONTROL_RSI,2.8,2.8,,34.1,0.67,57.08,-11.07,2.91,-5.0,0.0,-2.52,-1.69,-2.37,-1.56,-1.82,-0.32,-2.02,-1.46,-8.0,-5.69,True,-5.0,-3.28,True,2021Q4
PDR,2022-02-28,CONTROL_RSI,0.8,0.8,,34.8,0.71,52.17,-18.54,11.65,-5.0,2.47,3.83,3.43,8.24,7.99,8.06,-12.94,1.02,-3.09,-8.0,1.47,True,-5.0,2.21,True,2022Q1
PDR,2022-04-14,CONTROL_RSI,2.1,2.1,,34.3,0.8,54.81,-26.44,1.04,-5.0,-0.95,5.25,4.02,-13.01,3.45,0.2,-19.72,0.37,-3.6,-8.0,-0.96,True,-5.0,-0.33,True,2022Q2
PDR,2022-05-18,CONTROL_RSI,18.4,18.4,,31.9,0.88,46.09,-12.52,1.11,-6.2,-2.71,-7.44,-6.87,-7.79,-9.88,-9.63,-2.71,-6.08,-5.67,-8.0,-9.14,True,-6.2,-7.8,True,2022Q2
PDR,2022-06-15,CONTROL_RSI,36.1,36.1,,23.8,0.9,41.41,-2.63,18.59,-5.0,5.46,8.58,8.28,6.67,10.34,9.99,8.28,6.46,6.63,8.28,6.63,False,8.28,6.63,False,2022Q2
PDR,2022-09-08,CONTROL_RSI,21.4,21.4,,28.0,0.88,44.76,-79.07,1.47,-5.0,0.0,0.58,0.51,-7.48,9.06,7.05,-70.84,-57.85,-59.43,-8.0,-1.09,True,-5.0,-4.97,True,2022Q3
PDR,2022-10-06,CONTROL_RSI,13.4,13.4,,30.5,0.79,42.08,-77.73,0.59,-5.0,-2.69,-2.68,-2.68,-25.45,-19.35,-20.63,-72.96,-67.79,-68.88,-8.0,-3.22,True,-5.0,-0.86,True,2022Q4
PDR,2022-11-07,CONTROL_RSI,38.0,38.0,,0.0,0.72,27.19,-65.54,0.0,-5.0,-30.16,-25.06,-26.49,-52.3,-61.43,-58.87,-62.01,-73.59,-70.34,-13.39,-12.36,True,-13.39,-12.36,True,2022Q4
PDR,2022-12-22,CONTROL_RSI,14.4,14.4,,34.5,0.74,11.21,-25.78,14.54,-12.0,1.52,3.14,2.71,2.23,-5.48,-3.45,-5.98,-8.77,-8.04,-8.56,-7.19,True,-12.0,-10.62,True,2022Q4
PDR,2023-02-01,CONTROL_RSI,12.2,12.2,,34.2,0.82,11.88,-29.97,0.0,-7.63,-15.15,-13.7,-13.96,-26.09,-22.2,-22.9,-3.2,0.51,-0.16,-8.0,-6.95,True,-7.63,-6.58,True,2023Q1
PDR,2023-03-01,CONTROL_RSI,20.0,20.0,,31.8,0.89,8.74,-3.32,40.27,-7.88,14.87,13.24,13.42,18.65,16.68,16.9,38.79,35.03,35.44,38.79,35.44,False,38.79,35.44,False,2023Q1
PDR,2023-09-26,CONTROL_RSI,24.7,24.7,,33.7,1.73,18.66,-12.59,32.48,-5.0,4.93,5.9,6.61,8.95,12.29,14.73,18.33,21.75,24.25,-9.43,5.77,True,-5.0,11.94,True,2023Q3
PDR,2023-12-22,CONTROL_RSI,1.9,1.9,,34.4,1.69,22.59,-1.86,19.61,-7.51,0.0,-2.49,-4.21,2.97,-3.67,-8.27,18.5,2.39,-8.81,18.5,-8.81,False,18.5,-8.81,False,2023Q4
PDR,2024-03-11,CONTROL_RSI,11.3,11.3,,31.5,1.59,22.75,-6.99,23.16,-5.0,5.54,4.97,4.63,18.42,16.2,14.88,3.78,-0.69,-3.34,3.78,-3.34,False,-5.0,2.48,True,2024Q1
PDR,2024-04-15,CONTROL_RSI,13.5,13.5,,32.8,1.31,24.68,-14.26,0.73,-5.0,-8.31,-7.24,-6.91,-3.2,-8.04,-9.51,-13.17,-18.19,-19.72,-8.47,-3.78,True,-8.47,-3.78,True,2024Q2
PDR,2024-06-11,CONTROL_RSI,4.1,4.1,,33.6,1.23,23.43,-34.02,5.72,-5.0,-2.99,-2.58,-2.49,-8.71,-8.78,-8.8,-14.64,-13.78,-13.58,-8.0,-7.86,True,-5.0,-4.74,True,2024Q2
PDR,2024-07-09,CONTROL_RSI,0.1,0.1,,35.0,1.2,21.67,-28.66,4.06,-5.0,-10.48,-8.4,-7.98,-23.95,-17.8,-16.56,-11.12,-9.19,-8.8,-8.0,-5.5,True,-5.0,-3.66,True,2024Q3
PDR,2024-08-08,CONTROL_RSI,39.0,39.0,,27.8,1.32,16.11,-1.99,33.64,-6.86,8.07,5.03,4.06,20.11,16.83,15.78,21.54,19.03,18.24,21.54,18.24,False,21.54,18.24,False,2024Q3
PDR,2024-10-10,CONTROL_RSI,2.5,2.5,,34.2,1.58,19.31,-6.47,7.41,-5.0,0.21,0.38,0.48,2.38,5.11,6.69,-6.01,-2.8,-0.94,-6.01,-0.94,False,-5.0,-4.0,True,2024Q4
PDR,2024-11-14,CONTROL_RSI,1.0,1.0,,34.7,1.55,18.89,-12.49,9.79,-5.0,1.69,1.8,1.85,5.4,2.7,1.21,-6.41,-9.93,-11.88,-8.0,-10.22,True,-5.0,-7.22,True,2024Q4
PDR,2024-12-25,CONTROL_RSI,17.3,17.3,,29.2,1.75,18.89,-12.49,3.18,-5.0,0.21,1.86,3.1,-6.41,-5.57,-4.95,-5.4,-8.67,-11.12,-8.0,-4.07,True,-5.0,-1.07,True,2024Q4
PDR,2025-01-23,CONTROL_RSI,1.6,1.6,,34.5,1.83,17.36,-19.76,11.98,-6.51,3.74,2.48,1.43,6.16,2.5,-0.54,-16.24,-13.67,-11.52,-9.85,-2.78,True,-9.85,-2.78,True,2025Q1
PDR,2025-03-31,CONTROL_RSI,3.1,3.1,,34.0,1.75,17.96,-22.44,1.28,-5.0,-22.44,-5.78,6.77,-19.32,-13.76,-9.58,-6.96,-11.76,-15.38,-12.86,0.81,True,-5.0,6.11,True,2025Q1
PDR,2025-09-23,CONTROL_RSI,27.2,27.2,,25.9,1.18,23.5,-21.49,14.89,-6.91,0.64,-1.18,-1.5,3.19,0.55,0.09,-18.3,-20.64,-21.05,-8.0,-8.75,True,-6.91,-7.66,True,2025Q3
PDR,2025-11-03,CONTROL_RSI,12.2,12.2,,34.1,1.35,21.05,-21.14,10.93,-5.0,0.71,2.22,2.75,4.51,-1.61,-3.75,-17.81,-29.99,-34.24,-8.0,-10.33,True,-5.0,-7.41,True,2025Q4
PDR,2025-12-10,CONTROL_RSI,2.7,2.7,,34.1,1.37,21.4,-35.98,0.47,-5.0,-10.98,-9.03,-8.31,-16.36,-26.12,-29.76,-27.1,-26.1,-25.73,-8.0,-2.84,True,-7.71,-2.55,True,2025Q4
PDR,2026-01-09,CONTROL_RSI,35.4,35.4,,33.6,1.31,17.1,-19.88,8.19,-5.0,4.09,3.23,2.96,1.17,7.85,9.94,-3.51,2.95,4.97,-9.94,-7.55,True,-5.0,-5.0,True,2026Q1
PDR,2026-02-27,CONTROL_RSI,30.4,30.4,,28.4,1.23,15.4,-11.04,12.01,-5.0,-5.52,6.38,9.09,7.79,19.17,21.77,7.14,7.8,7.95,-8.0,5.05,True,-5.0,-1.22,True,2026Q1
PDR,2026-06-04,CONTROL_RSI,5.6,5.6,,34.4,0.91,15.15,-31.35,1.98,-5.0,-1.65,0.61,0.41,-3.96,-5.54,-5.4,-18.15,-18.1,-18.1,-8.0,-8.52,True,-5.0,-5.52,True,2026Q2
PDR,2026-07-03,CONTROL_RSI,16.1,16.1,,29.6,0.82,14.55,-28.52,0.69,-5.0,-5.15,-1.27,-1.96,-18.9,-13.01,-14.06,-22.68,-16.06,-17.24,-8.0,-4.97,True,-5.0,-1.81,True,2026Q3
PDR,2026-08-03,CONTROL_RSI,37.7,37.7,,25.0,0.93,11.9,-11.34,8.82,-12.0,1.68,1.2,1.24,2.52,-2.47,-2.12,,,,-8.0,-8.83,True,-6.3,-5.99,False,2026Q3
PDR,2026-09-15,CONTROL_RSI,10.3,10.3,,31.6,0.94,11.5,-8.26,3.91,-5.0,1.3,1.93,1.89,,,,,,,-8.0,-6.33,True,-5.0,-3.33,True,2026Q3
PDR,2019-10-11,CONTROL_RANDOM,,,,50.0,0.81,10.28,-3.89,8.66,-5.0,0.68,1.79,1.58,1.07,-1.16,-0.73,-3.89,-0.3,-0.98,-3.89,-0.98,False,-3.89,-0.98,False,2019Q4
PDR,2019-12-31,CONTROL_RANDOM,,,,42.1,0.63,10.83,-10.16,1.11,-5.52,-0.83,-0.82,-0.82,-0.18,2.08,1.25,-4.8,22.11,12.29,-8.0,-7.91,True,-5.52,-5.43,True,2019Q4
PDR,2020-01-03,CONTROL_RANDOM,,,,35.6,0.66,10.54,-7.69,3.89,-5.0,-3.32,-3.64,-3.53,1.71,5.04,3.91,-1.23,21.21,13.59,-1.23,13.59,False,-5.0,-4.05,True,2020Q1
PDR,2020-01-06,CONTROL_RANDOM,,,,40.1,0.64,10.58,-8.03,3.5,-5.0,0.38,-0.79,-0.37,1.13,3.34,2.54,-1.61,20.13,12.22,-1.61,12.22,False,-5.0,7.41,True,2020Q1
PDR,2020-10-09,CONTROL_RANDOM,,,,45.9,0.58,18.3,-3.55,44.7,-5.0,-0.49,-1.88,-1.3,11.37,9.09,10.04,40.33,18.65,27.74,40.33,27.74,False,40.33,27.74,False,2020Q4
PDR,2021-01-29,CONTROL_RANDOM,,,,61.7,0.65,27.78,-3.6,63.93,-11.89,10.22,7.71,8.58,12.02,1.46,5.13,58.64,40.28,46.66,58.64,46.66,False,58.64,46.66,False,2021Q1
PDR,2021-02-05,CONTROL_RANDOM,,,,63.5,0.72,30.07,-6.12,51.45,-12.0,7.15,2.89,4.1,11.31,6.21,7.65,45.13,33.16,36.56,45.13,36.56,False,45.13,36.56,False,2021Q1
PDR,2021-03-10,CONTROL_RANDOM,,,,45.7,0.75,32.12,-0.47,62.42,-6.55,5.76,3.12,3.77,17.53,11.99,13.35,57.25,44.45,47.6,57.25,47.6,False,57.25,47.6,False,2021Q1
PDR,2021-08-06,CONTROL_RANDOM,,,,70.5,0.77,57.33,-14.36,6.73,-8.0,-1.83,-4.03,-3.53,-9.86,-9.27,-9.4,0.1,-7.56,-5.81,-8.0,-7.31,True,-8.0,-7.31,True,2021Q3
PDR,2021-08-12,CONTROL_RANDOM,,,,73.5,0.77,56.77,-13.51,7.79,-5.0,-8.0,-6.25,-6.65,-12.96,-11.98,-12.2,-0.21,-8.23,-6.39,-8.0,-6.66,True,-5.0,-5.45,True,2021Q3
PDR,2022-03-14,CONTROL_RANDOM,,,,43.1,0.71,53.58,-20.68,8.72,-6.73,4.59,0.52,1.71,4.24,2.0,2.66,-17.71,-6.58,-9.83,-8.0,0.59,True,-6.73,-1.66,True,2022Q1
PDR,2022-03-24,CONTROL_RANDOM,,,,58.6,0.76,57.57,-29.96,1.18,-10.76,-1.16,-2.25,-1.99,-9.9,2.71,-0.25,-24.74,-2.68,-7.87,-8.0,-4.56,True,-10.76,-4.87,True,2022Q1
PDR,2022-08-01,CONTROL_RANDOM,,,,61.4,0.86,44.59,-16.51,10.14,-5.0,0.94,-1.38,-1.04,3.36,-0.63,-0.05,-14.82,1.62,-0.75,-8.0,-1.97,True,-5.0,-5.73,True,2022Q3
PDR,2022-09-05,CONTROL_RANDOM,,,,54.4,0.88,45.76,-79.52,1.46,-5.0,-5.31,-2.87,-3.17,-6.58,9.16,7.23,-76.6,-57.26,-59.64,-8.0,-4.88,True,-5.0,-2.86,True,2022Q3
PDR,2022-10-10,CONTROL_RANDOM,,,,35.7,0.8,41.99,-77.69,0.0,-7.15,-0.98,-3.61,-3.07,-35.25,-29.96,-31.04,-70.11,-71.07,-70.88,-8.0,-5.02,True,-7.15,-3.28,True,2022Q4
PDR,2022-12-14,CONTROL_RANDOM,,,,55.5,0.7,12.55,-33.71,2.31,-10.56,-14.66,-12.13,-12.88,-6.69,-7.74,-7.43,-18.65,-18.26,-18.38,-8.0,-7.28,True,-10.56,-8.81,True,2022Q4
PDR,2023-01-03,CONTROL_RANDOM,,,,44.2,0.85,12.34,-32.58,4.05,-12.0,0.32,-0.39,-0.28,-16.29,-18.57,-18.22,-9.16,-12.26,-11.79,-8.0,-9.49,True,-12.0,-13.42,True,2023Q1
PDR,2023-02-22,CONTROL_RANDOM,,,,23.3,0.89,9.03,-7.86,32.45,-10.62,-2.77,-1.22,-1.4,11.18,12.02,11.93,26.02,24.9,25.03,26.02,25.03,False,26.02,25.03,False,2023Q1
PDR,2023-10-18,CONTROL_RANDOM,,,,47.1,1.79,18.99,-14.11,30.17,-6.69,-0.42,3.88,7.27,20.7,18.65,17.03,21.59,16.9,13.2,-11.01,-0.76,True,-6.69,5.42,True,2023Q4
PDR,2023-10-24,CONTROL_RANDOM,,,,51.9,1.75,20.08,-18.77,23.11,-12.0,-12.5,-6.47,-1.91,19.17,18.5,18.0,16.43,10.77,6.5,-8.0,-0.74,True,-12.0,0.41,True,2023Q4
PDR,2023-11-17,CONTROL_RANDOM,,,,78.7,1.67,23.13,-7.96,9.77,-12.0,-3.8,-4.05,-4.22,-4.89,-5.48,-5.89,6.7,-6.63,-15.62,6.7,-15.62,False,6.7,-15.62,False,2023Q4
PDR,2023-12-12,CONTROL_RANDOM,,,,41.5,1.7,22.8,-6.62,11.36,-5.0,-3.16,-0.58,1.23,2.02,-0.84,-2.84,3.11,-8.77,-17.09,3.11,-17.09,False,-5.0,-0.84,True,2023Q4
PDR,2023-12-20,CONTROL_RANDOM,,,,43.4,1.7,21.92,-0.59,20.21,-5.0,5.7,2.72,0.64,5.34,-2.44,-7.86,20.21,3.28,-8.51,20.21,-8.51,False,20.21,-8.51,False,2023Q4
PDR,2024-01-31,CONTROL_RANDOM,,,,52.0,1.66,23.42,-9.65,19.64,-5.0,6.11,2.69,0.43,2.35,-6.74,-12.76,-3.03,-10.57,-15.56,-8.0,-10.09,True,-5.0,-6.73,True,2024Q1
PDR,2024-03-20,CONTROL_RANDOM,,,,47.6,1.44,24.39,-13.24,14.88,-8.71,10.09,8.49,7.79,-10.13,-2.64,0.66,-6.81,-7.58,-7.92,-8.0,2.79,True,-8.71,2.08,True,2024Q1
PDR,2024-05-03,CONTROL_RANDOM,,,,27.7,1.33,22.84,-23.38,8.84,-9.69,3.37,2.29,1.94,5.39,1.06,-0.35,-20.75,-22.36,-22.88,-8.0,-13.86,True,-9.69,-15.56,True,2024Q2
PDR,2024-10-16,CONTROL_RANDOM,,,,19.7,1.48,18.33,-8.84,13.15,-5.0,7.86,9.82,10.76,3.55,7.5,9.4,-8.84,-4.77,-2.83,-8.0,-1.99,True,-5.0,-0.89,True,2024Q4
PDR,2025-05-12,CONTROL_RANDOM,,,,50.0,1.23,15.56,-6.88,36.25,-10.97,-0.9,-2.63,-3.03,5.59,3.77,3.36,22.11,2.43,-2.05,22.11,-2.05,False,22.11,-2.05,False,2025Q2
PDR,2025-06-11,CONTROL_RANDOM,,,,58.9,1.19,16.16,-5.75,68.32,-5.0,2.29,-0.04,-0.49,9.41,-0.01,-1.81,44.8,21.85,17.45,44.8,17.45,False,-5.75,-7.28,True,2025Q2
PDR,2025-06-13,CONTROL_RANDOM,,,,52.3,1.2,15.23,0.0,78.59,-5.0,8.8,5.39,4.72,19.44,7.48,5.14,53.64,28.53,23.61,53.64,23.61,False,53.64,23.61,False,2025Q2
PDR,2025-06-23,CONTROL_RANDOM,,,,43.6,1.2,16.71,-3.05,62.78,-10.46,-2.45,-3.34,-3.52,13.05,2.51,0.41,40.34,18.41,14.03,40.34,14.03,False,40.34,14.03,False,2025Q2
PDR,2025-07-09,CONTROL_RANDOM,,,,69.3,1.19,17.82,-5.44,52.64,-10.5,8.59,4.91,4.19,11.95,1.89,-0.06,29.63,11.65,8.18,29.63,8.18,False,29.63,8.18,False,2025Q3
PDR,2025-08-21,CONTROL_RANDOM,,,,74.2,1.21,23.3,-12.02,16.74,-12.0,5.36,5.26,5.24,1.5,4.19,4.74,-1.29,-0.07,0.18,-8.0,-8.01,True,-12.0,-9.96,True,2025Q3
PDR,2025-10-27,CONTROL_RANDOM,,,,46.5,1.31,21.9,-24.2,7.31,-5.0,4.34,4.09,4.01,-0.46,-1.22,-1.45,-16.89,-31.15,-35.58,-8.0,-7.92,True,-5.0,-5.33,True,2025Q4
PDR,2025-11-20,CONTROL_RANDOM,,,,51.7,1.39,22.45,-26.06,1.56,-10.93,0.22,-2.49,-3.54,-14.03,-17.55,-18.91,-22.94,-36.38,-41.58,-8.0,-8.04,True,-10.93,-10.97,True,2025Q4
PDR,2025-12-16,CONTROL_RANDOM,,,,21.8,1.39,19.5,-29.74,5.38,-7.5,2.82,-3.29,-5.69,-10.26,-22.1,-26.75,-22.31,-20.38,-19.62,-8.0,-23.56,True,-7.5,-23.06,True,2025Q4
PDR,2025-12-19,CONTROL_RANDOM,,,,26.4,1.39,19.45,-29.56,5.66,-7.2,0.77,-1.41,-2.25,-10.54,-20.32,-24.11,-21.34,-17.89,-16.55,-8.0,-20.15,True,-7.2,-19.35,True,2025Q4
PDR,2026-01-13,CONTROL_RANDOM,,,,24.0,1.31,18.0,-23.89,2.78,-9.85,-3.33,-2.03,-1.62,-0.56,5.38,7.24,-8.61,-2.87,-1.07,-8.0,-5.94,True,-9.85,-7.79,True,2026Q1
PDR,2026-04-20,CONTROL_RANDOM,,,,46.3,1.07,16.2,-20.06,6.48,-7.3,1.54,1.42,1.41,-2.47,-3.83,-3.92,-16.98,-13.5,-13.27,-8.0,-6.11,True,-7.3,-5.41,True,2026Q2
PDR,2026-07-06,CONTROL_RANDOM,,,,11.1,0.83,14.0,-25.71,4.64,-5.0,-0.71,1.14,0.82,-13.57,-10.12,-10.71,-20.0,-14.41,-15.35,-8.0,-3.61,True,-5.0,-3.35,True,2026Q3
DXG,2019-03-25,WATCH,57.7,57.7,0.0,18.0,1.37,10.15,-19.01,7.78,-5.0,2.56,0.94,0.33,-1.38,-2.09,-2.35,-13.3,-12.56,-12.28,-10.05,-8.33,True,-5.0,-5.58,True,2019Q1
DXG,2019-05-06,PANIC70_ANY,79.6,79.6,0.0,21.9,1.47,8.99,-8.57,2.0,-5.0,-1.56,-1.98,-2.17,-7.79,-6.73,-6.23,-6.79,-9.36,-10.57,-8.0,-5.73,True,-6.79,-4.59,True,2019Q2
DXG,2019-05-07,WATCH,62.6,62.6,0.0,18.2,1.47,8.52,-5.16,7.63,-5.0,5.52,2.83,1.55,-1.64,-1.78,-1.85,-5.16,-9.54,-11.61,-5.16,-11.61,False,-5.0,-11.45,True,2019Q2
DXG,2019-08-06,WATCH,63.9,63.9,0.0,11.4,1.23,7.47,-10.58,40.7,-5.0,9.37,9.19,9.15,16.6,15.61,15.38,22.49,19.22,18.46,22.49,18.46,False,-5.0,-5.91,True,2019Q3
DXG,2019-11-25,WATCH,40.1,40.1,0.0,22.8,0.72,8.53,-26.73,3.05,-5.0,-4.22,-1.87,-2.54,-2.81,-1.02,-1.53,-16.65,-8.41,-10.75,-8.0,-8.19,True,-5.0,-4.25,True,2019Q4
DXG,2020-01-30,WATCH,40.9,40.9,0.0,26.2,0.95,7.34,-41.83,10.49,-5.0,0.41,2.37,2.27,-4.36,3.71,3.28,-21.39,-1.71,-2.75,-11.72,-8.71,True,-11.72,-8.71,True,2020Q1
DXG,2020-02-03,PANIC70_ANY,85.0,85.0,0.0,14.6,1.18,6.48,-34.1,25.15,-5.0,15.59,15.02,14.92,14.2,18.37,19.15,-9.57,7.68,10.87,-8.0,25.51,True,-6.33,15.04,True,2020Q1
DXG,2020-03-23,WATCH,63.8,63.8,0.0,27.8,1.24,5.69,-24.96,35.85,-5.0,-19.33,-18.72,-18.57,1.41,-13.95,-17.71,32.16,1.86,-5.56,-11.25,-10.44,True,-5.0,-10.5,True,2020Q1
DXG,2020-03-24,PANIC70_ANY,70.3,70.3,0.0,21.0,1.25,5.8,-26.38,33.28,-9.42,-20.69,-22.25,-22.64,-2.41,-17.96,-21.83,28.62,-1.47,-8.95,-8.0,-12.9,True,-12.93,-11.53,True,2020Q1
DXG,2020-07-21,WATCH,56.2,56.2,0.0,15.7,1.26,5.98,-15.89,15.89,-5.0,-12.54,-4.2,-2.03,-10.37,-9.02,-8.68,10.37,1.1,-1.31,-11.87,-0.53,True,-5.0,-0.09,True,2020Q3
DXG,2020-07-24,PANIC70_ANY,70.0,70.0,0.0,10.6,1.25,5.27,-4.55,37.57,-5.0,1.9,-0.69,-1.33,6.83,-2.56,-4.89,37.57,18.65,13.95,37.57,13.95,False,37.57,13.95,False,2020Q3
DXG,2021-07-19,WATCH,52.8,52.8,0.0,25.8,1.23,11.96,-5.94,26.42,-5.0,4.01,1.33,0.72,17.81,8.19,6.01,22.99,11.06,8.36,22.99,8.36,False,22.99,8.36,False,2021Q3
DXG,2022-01-18,WATCH,47.4,47.4,0.0,31.7,1.73,20.16,-3.72,60.32,-5.0,15.38,12.4,10.21,36.51,31.39,27.64,9.47,14.23,17.73,9.47,17.73,False,9.47,17.73,False,2022Q1
DXG,2022-04-12,WATCH,49.8,49.8,0.0,21.9,1.7,25.54,-54.11,7.75,-5.0,-10.65,-5.53,-1.95,-28.39,-9.43,3.8,-43.34,-23.6,-9.83,-8.0,0.7,True,-5.0,-1.87,True,2022Q2
DXG,2022-05-16,WATCH,50.0,50.0,20.0,24.0,1.55,15.84,-26.01,23.61,-5.0,13.95,8.02,4.76,-3.28,-8.95,-12.07,16.1,7.98,3.51,-8.0,-16.79,True,-5.0,-21.91,True,2022Q2
DXG,2022-06-15,WATCH,52.4,52.4,0.0,29.2,1.5,14.71,-20.33,37.25,-6.77,-6.46,-3.33,-1.76,0.68,4.35,6.2,14.14,12.32,11.4,-9.72,-3.98,True,-9.72,-3.98,True,2022Q2
DXG,2022-09-08,WATCH,42.0,42.0,0.0,24.4,1.47,16.89,-67.97,6.28,-5.63,-0.77,-0.19,0.09,-34.04,-17.5,-9.77,-41.15,-28.16,-22.08,-8.23,0.6,True,-5.63,2.28,True,2022Q3
DXG,2022-10-06,WATCH,52.1,52.1,0.0,24.0,1.48,11.85,-54.35,0.59,-5.0,-5.15,-5.14,-5.14,-27.26,-21.16,-18.22,-26.75,-21.59,-19.1,-8.0,-0.22,True,-5.0,2.78,True,2022Q4
DXG,2022-11-07,WATCH,65.0,65.0,10.0,24.2,1.65,7.49,-27.77,42.72,-5.0,-22.43,-17.33,-14.02,27.77,18.64,12.71,13.62,2.04,-5.48,-8.0,-6.9,True,-5.0,-3.9,True,2022Q4
DXG,2022-11-16,PANIC70_ANY,74.1,74.1,40.0,28.6,1.62,6.44,-2.64,65.99,-12.0,4.66,5.2,5.54,59.63,48.88,42.25,17.86,6.69,-0.2,17.86,-0.2,False,17.86,-0.2,False,2022Q4
DXG,2023-02-13,WATCH,47.1,47.1,0.0,26.3,1.72,7.42,-11.46,37.2,-5.0,8.36,4.81,2.24,-2.29,-1.81,-1.46,34.5,32.42,30.91,-8.0,-4.06,True,-5.0,-6.4,True,2023Q1
DXG,2023-09-26,WATCH,52.1,52.1,25.0,31.4,1.76,12.4,-15.97,17.82,-5.0,-2.26,-1.29,-0.54,-5.81,-2.46,0.08,11.05,14.47,17.07,-8.0,-4.0,True,-7.74,-6.03,True,2023Q3
DXG,2024-04-17,WATCH,54.1,54.1,0.0,26.8,1.29,11.72,-18.34,8.96,-5.0,-0.85,-3.28,-3.98,7.42,0.14,-1.97,-17.15,-24.58,-26.73,-8.0,-19.15,True,-5.0,-16.15,True,2024Q2
DXG,2024-07-05,WATCH,53.2,53.2,0.0,23.1,1.2,10.72,-19.12,13.71,-5.0,-4.01,-3.58,-3.5,-18.1,-10.53,-9.05,6.72,6.52,6.48,-8.0,-6.45,True,-5.0,-4.61,True,2024Q3
DXG,2024-12-25,WATCH,47.8,47.8,15.0,24.0,1.71,11.72,-10.15,10.07,-5.0,-3.67,-2.02,-0.84,-2.47,-1.64,-1.05,2.99,-0.29,-2.62,-8.0,-4.14,True,-5.0,-4.51,True,2024Q4
DXG,2025-04-03,WATCH,57.5,57.5,0.0,28.3,1.32,10.38,-11.18,45.76,-5.0,4.34,-2.75,-5.02,15.9,6.37,3.32,42.77,23.57,17.42,-11.18,-3.77,True,-11.18,-3.77,True,2025Q2
DXG,2025-04-04,PANIC70_ANY,77.7,77.7,0.0,8.7,1.36,9.97,-7.52,53.06,-5.0,5.32,0.66,-1.0,21.87,13.84,10.98,50.45,32.22,25.74,50.45,25.74,False,50.45,25.74,False,2025Q2
DXG,2025-10-02,WATCH,43.0,43.0,0.0,19.0,1.14,17.54,-19.73,17.5,-5.0,3.53,-2.29,-3.12,1.25,1.97,2.07,-11.97,-16.72,-17.4,-8.0,-8.04,True,-5.0,-6.88,True,2025Q4
DXG,2026-01-09,WATCH,49.8,49.8,0.0,28.3,1.17,13.64,-17.67,7.4,-5.0,0.95,0.09,-0.06,-3.52,3.16,4.32,-0.66,5.8,6.92,-8.0,-0.21,True,-5.0,-5.15,True,2026Q1
DXG,2026-03-09,WATCH,40.4,40.4,0.0,31.5,1.12,11.4,-1.49,26.93,-5.0,5.79,3.04,2.7,6.93,6.15,6.05,12.72,2.24,0.94,12.72,0.94,False,12.72,0.94,False,2026Q1
DXG,2026-07-20,WATCH,42.6,42.6,35.0,22.9,0.93,11.05,-15.84,9.95,-5.0,-7.24,-4.19,-4.39,0.0,0.08,0.08,,,,-8.0,-5.45,True,-5.0,-3.16,True,2026Q3
DXG,2019-05-15,ENTRY_V2_LOOSE,19.6,85.0,45.0,29.1,1.48,9.01,-25.86,1.78,-9.28,0.78,0.11,-0.21,-4.88,-2.21,-0.94,-21.98,-21.88,-21.83,-8.0,-3.51,True,-9.28,-11.62,True,2019Q2
DXG,2020-02-11,ENTRY_V2_LOOSE,,85.0,45.0,42.8,1.4,7.52,-43.22,7.85,-12.0,-3.19,-1.92,-1.41,-7.05,6.7,12.17,-19.68,-7.73,-2.98,-11.04,-6.42,True,-13.43,12.04,True,2020Q1
DXG,2020-02-12,ENTRY_V2,,85.0,65.0,45.2,1.4,7.58,-43.67,6.99,-12.0,-3.17,-3.27,-3.31,-14.12,3.8,10.97,-18.73,-7.86,-3.52,-11.74,-7.63,True,-14.12,10.97,True,2020Q1
DXG,2020-08-07,ENTRY_V2_LOOSE,1.8,71.8,45.0,34.6,1.23,5.58,-6.09,31.54,-12.0,0.0,-0.6,-0.73,3.76,-1.56,-2.79,25.27,14.58,12.13,25.27,12.13,False,25.27,12.13,False,2020Q3
DXG,2020-08-10,ENTRY_V2,,71.8,90.0,43.4,1.23,5.69,-7.91,30.05,-12.0,-4.22,-4.08,-4.05,2.11,-2.81,-3.95,28.47,17.6,15.09,28.47,15.09,False,28.47,15.09,False,2020Q3
DXG,2022-11-16,ENTRY_V2_LOOSE,74.1,74.1,40.0,28.6,1.62,6.44,-2.64,65.99,-12.0,4.66,5.2,5.54,59.63,48.88,42.25,17.86,6.69,-0.2,17.86,-0.2,False,17.86,-0.2,False,2022Q4
DXG,2022-11-29,ENTRY_V2,,74.1,60.0,54.0,1.66,8.45,-22.25,26.51,-12.0,5.56,5.22,4.99,3.55,5.65,7.03,-18.22,-18.24,-18.25,-8.88,-9.87,True,-12.0,-13.0,True,2022Q4
DXG,2025-04-21,ENTRY_V2_LOOSE,7.1,85.9,40.0,38.9,1.21,10.53,-5.32,70.75,-12.0,7.88,5.81,5.37,19.28,9.87,7.87,62.01,37.38,32.17,62.01,32.17,False,62.01,32.17,False,2025Q2
DXG,2025-04-23,ENTRY_V2,,85.9,65.0,42.2,1.23,11.06,-1.72,62.57,-12.0,3.71,1.47,0.96,20.34,10.05,7.68,54.7,30.44,24.85,54.7,24.85,False,54.7,24.85,False,2025Q2
DXG,2019-01-02,CONTROL_RSI,9.9,9.9,,32.7,1.39,10.62,-5.74,14.88,-5.0,3.3,2.34,1.96,1.51,-0.84,-1.75,-1.13,-12.05,-16.31,-1.13,-16.31,False,-5.0,-17.55,True,2019Q1
DXG,2019-03-21,CONTROL_RSI,17.8,17.8,,31.3,1.36,10.62,-22.6,3.01,-5.0,-2.26,-1.84,-1.69,-4.24,-2.3,-1.62,-18.64,-16.03,-15.1,-8.0,-6.52,True,-5.0,-2.92,True,2019Q1
DXG,2019-04-26,CONTROL_RSI,22.4,22.4,,27.5,1.46,9.92,-17.14,1.11,-5.0,-10.79,-7.54,-6.05,-11.09,-10.12,-9.68,-13.91,-15.56,-16.32,-8.0,-4.89,True,-7.96,-4.86,True,2019Q2
DXG,2019-05-31,CONTROL_RSI,5.0,5.0,,33.3,1.47,8.5,-21.41,6.59,-5.0,1.65,0.67,0.21,2.71,1.44,0.85,-0.35,-3.43,-4.88,-9.65,-11.35,True,-5.0,-8.02,True,2019Q2
DXG,2019-07-31,CONTROL_RSI,16.1,16.1,,32.9,1.23,8.1,-17.53,29.75,-5.0,-13.21,-11.4,-10.98,12.59,14.07,14.41,15.56,15.22,15.14,-8.0,-4.46,True,-5.19,-1.64,True,2019Q3
DXG,2019-10-07,CONTROL_RSI,8.7,8.7,,32.4,0.96,9.53,-15.84,3.78,-5.0,2.83,1.87,1.91,-1.47,-5.61,-5.45,-9.86,-7.56,-7.65,-8.0,-7.43,True,-5.0,-8.13,True,2019Q4
DXG,2019-11-22,CONTROL_RSI,38.6,38.6,,28.3,0.73,8.76,-28.65,0.34,-5.0,-5.37,-3.47,-3.99,-7.76,-5.88,-6.39,-18.15,-11.18,-13.09,-8.0,-6.7,True,-5.0,-5.02,True,2019Q4
DXG,2020-01-16,CONTROL_RSI,20.3,20.3,,28.2,0.96,7.94,-46.22,2.14,-5.0,-13.85,-9.79,-9.96,-5.29,-0.87,-1.05,-21.28,-2.71,-3.48,-8.0,-4.11,True,-5.0,-5.99,True,2020Q1
DXG,2020-04-06,CONTROL_RSI,30.1,30.1,,34.4,1.21,5.27,-7.59,46.68,-12.0,0.57,-2.44,-3.06,9.3,2.38,0.95,28.65,15.58,12.89,28.65,12.89,False,28.65,12.89,False,2020Q2
DXG,2020-07-09,CONTROL_RSI,9.5,9.5,,31.8,1.26,6.84,-26.46,1.75,-9.36,-3.51,-3.32,-3.27,-18.42,-14.73,-13.78,-5.26,-9.95,-11.17,-9.06,-7.33,True,-9.36,-7.63,True,2020Q3
DXG,2020-08-06,CONTROL_RSI,12.4,12.4,,31.5,1.23,5.63,-6.93,30.37,-12.0,1.78,0.58,0.3,2.66,-3.0,-4.29,23.62,12.56,10.03,23.62,10.03,False,23.62,10.03,False,2020Q3
DXG,2021-06-18,CONTROL_RSI,33.8,33.8,,31.4,1.22,13.98,-19.53,5.08,-7.2,3.15,0.8,0.29,-14.88,-5.41,-3.36,-8.66,-6.63,-6.2,-8.0,-6.33,True,-7.2,-5.54,True,2021Q2
DXG,2021-07-16,CONTROL_RSI,17.6,17.6,,30.3,1.21,12.44,-9.57,21.54,-5.0,0.48,2.53,2.97,13.26,7.75,6.57,17.68,10.56,9.03,17.68,9.03,False,17.68,9.03,False,2021Q3
DXG,2021-08-26,CONTROL_RSI,9.9,9.9,,32.8,1.28,12.38,-1.21,54.04,-5.0,5.25,2.12,1.25,5.65,2.72,1.91,43.05,30.56,27.11,43.05,27.11,False,43.05,27.11,False,2021Q3
DXG,2022-04-08,CONTROL_RSI,23.2,23.2,,29.8,1.66,27.28,-57.04,1.98,-5.0,-10.63,-5.15,-1.56,-27.97,-11.23,-0.25,-50.33,-28.73,-14.56,-8.0,-1.84,True,-5.0,-1.73,True,2022Q2
DXG,2022-05-24,CONTROL_RSI,35.7,35.7,,28.3,1.5,18.02,-34.96,11.1,-12.0,2.05,-2.87,-5.35,-28.58,-22.99,-20.17,8.49,5.52,4.03,-8.0,-14.25,True,-12.0,-18.25,True,2022Q2
DXG,2022-06-23,CONTROL_RSI,29.7,29.7,,34.7,1.48,13.76,-7.92,46.73,-12.0,-2.47,-3.15,-3.48,8.87,8.54,8.38,23.47,21.11,19.98,23.47,19.98,False,23.47,19.98,False,2022Q2
DXG,2022-08-30,CONTROL_RSI,8.2,8.2,,33.2,1.45,17.57,-69.21,4.1,-5.0,-2.33,-0.16,0.81,-21.29,-9.98,-4.92,-59.08,-35.18,-24.5,-8.0,3.58,True,-5.0,-0.25,True,2022Q3
DXG,2022-10-18,CONTROL_RSI,27.7,27.7,,30.9,1.54,11.44,-52.71,2.71,-12.0,-28.23,-21.5,-17.9,-45.72,-34.25,-28.11,-22.29,-21.47,-21.04,-8.0,-1.48,True,-12.76,-1.39,True,2022Q4
DXG,2022-11-21,CONTROL_RSI,32.9,32.9,,27.1,1.63,7.22,-13.16,48.06,-12.0,13.16,4.94,-0.26,26.45,19.18,14.58,3.74,-6.8,-13.47,-10.39,-9.35,True,-12.0,-10.96,True,2022Q4
DXG,2023-01-06,CONTROL_RSI,1.0,1.0,,34.7,1.73,9.06,-27.48,13.91,-12.0,-3.42,-4.22,-4.8,-18.76,-17.39,-16.38,0.33,-0.34,-0.83,-8.0,-10.28,True,-12.0,-11.51,True,2023Q1
DXG,2023-02-16,CONTROL_RSI,39.6,39.6,,27.4,1.74,7.63,-13.89,33.42,-12.0,-7.6,-5.77,-4.42,4.46,5.76,6.73,24.51,24.37,24.27,-9.83,-3.64,True,-12.0,-5.81,True,2023Q1
DXG,2023-07-12,CONTROL_RSI,5.0,5.0,,33.3,1.94,10.25,-0.29,54.15,-6.99,5.66,4.54,3.49,25.95,20.72,15.77,14.93,16.87,18.7,14.93,18.7,False,14.93,18.7,False,2023Q3
DXG,2023-09-27,CONTROL_RSI,35.2,35.2,,34.6,1.79,12.94,-19.47,12.91,-11.39,-12.6,-9.14,-6.41,-14.22,-5.7,1.04,6.72,11.17,14.69,-11.59,-7.7,True,-11.59,-7.7,True,2023Q3
DXG,2024-01-29,CONTROL_RSI,1.4,1.4,,34.5,1.68,13.52,-17.53,10.95,-5.0,-1.85,-2.91,-3.63,-1.33,-9.32,-14.73,-9.02,-14.6,-18.38,-8.0,-13.66,True,-5.0,-11.87,True,2024Q1
DXG,2024-03-11,CONTROL_RSI,6.2,6.2,,32.9,1.56,12.59,-11.44,19.14,-5.0,5.72,5.15,4.83,15.09,12.87,11.64,-5.16,-9.64,-12.12,-8.0,-0.37,True,-6.91,0.72,True,2024Q1
DXG,2024-04-16,CONTROL_RSI,35.5,35.5,,29.6,1.28,12.8,-21.64,0.31,-5.49,-8.13,-6.77,-6.4,-3.05,-7.6,-8.88,-21.64,-26.53,-27.9,-10.08,-6.8,True,-10.08,-6.8,True,2024Q2
DXG,2024-06-11,CONTROL_RSI,17.1,17.1,,29.3,1.26,11.94,-27.39,3.02,-5.0,-3.35,-2.94,-2.84,-12.98,-13.05,-13.07,-6.95,-6.09,-5.87,-8.0,-7.81,True,-5.0,-1.97,True,2024Q2
DXG,2024-07-09,CONTROL_RSI,38.1,38.1,,20.5,1.2,10.43,-16.87,16.87,-5.0,-6.9,-4.83,-4.42,-9.01,-2.86,-1.65,4.79,6.72,7.1,-8.0,-5.51,True,-5.0,-2.51,True,2024Q3
DXG,2024-09-12,CONTROL_RSI,11.2,11.2,,31.3,1.51,10.57,-0.95,23.18,-5.0,6.15,4.67,3.92,5.11,2.32,0.91,20.44,19.11,18.43,20.44,18.43,False,20.44,18.43,False,2024Q3
DXG,2024-10-15,CONTROL_RSI,14.7,14.7,,30.1,1.5,10.75,-2.05,22.14,-5.0,11.07,11.77,12.12,9.77,12.41,13.72,4.28,6.94,8.27,4.28,8.27,False,4.28,8.27,False,2024Q4
DXG,2024-12-26,CONTROL_RSI,37.1,37.1,,23.7,1.72,11.51,-8.51,12.08,-5.0,-3.91,-1.62,0.04,-2.0,-0.23,1.05,2.95,0.5,-1.28,-8.0,-4.13,True,-5.0,-1.13,True,2024Q4
DXG,2025-04-14,CONTROL_RSI,10.1,10.1,,34.3,1.22,10.57,-5.68,47.3,-12.0,-0.66,2.22,2.84,17.41,11.83,10.63,41.53,23.27,19.34,41.53,19.34,False,41.53,19.34,False,2025Q2
DXG,2025-09-30,CONTROL_RSI,35.8,35.8,,30.8,1.14,18.25,-22.85,12.93,-5.0,-0.77,-2.74,-3.01,0.71,-0.54,-0.71,-12.77,-19.85,-20.82,-8.0,-8.93,True,-5.0,-3.69,True,2025Q3
DXG,2025-11-25,CONTROL_RSI,3.0,3.0,,34.2,1.21,16.23,-22.74,3.76,-5.0,0.25,-3.62,-4.44,-1.91,-8.84,-10.32,-18.36,-31.14,-33.86,-8.0,-6.51,True,-5.0,-3.51,True,2025Q4
DXG,2026-01-12,CONTROL_RSI,22.3,22.3,,29.1,1.17,14.52,-22.66,0.9,-9.51,-6.68,-7.74,-7.92,-11.23,-4.83,-3.74,-7.23,-1.99,-1.09,-8.0,-8.72,True,-9.51,-10.23,True,2026Q1
DXG,2026-03-12,CONTROL_RSI,33.3,33.3,,24.6,1.13,11.93,-4.02,21.29,-8.41,2.93,5.87,6.24,12.15,9.07,8.69,10.23,3.98,3.2,10.23,3.2,False,10.23,3.2,False,2026Q1
DXG,2026-06-01,CONTROL_RSI,7.1,7.1,,32.6,0.96,13.2,-26.06,2.65,-5.48,-1.52,1.32,1.2,-4.17,-4.96,-4.93,-10.61,-7.68,-7.8,-8.0,-8.87,True,-5.48,-6.71,True,2026Q2
DXG,2026-07-03,CONTROL_RSI,21.9,21.9,,29.5,0.88,12.15,-19.67,2.47,-5.0,-0.41,3.47,2.99,-10.7,-4.81,-5.53,-16.05,-9.43,-10.25,-9.05,-2.38,True,-5.0,1.07,True,2026Q3
DXG,2026-07-31,CONTROL_RSI,38.8,38.8,,25.4,0.88,10.3,-9.71,17.96,-7.85,7.28,5.46,5.68,14.56,9.83,10.39,,,,-8.0,-8.71,True,-7.85,-8.56,True,2026Q3
DXG,2026-09-15,CONTROL_RSI,20.1,20.1,,28.9,0.8,10.6,-12.26,5.66,-5.0,0.0,0.62,0.5,,,,,,,-8.0,-5.35,True,-5.0,-3.77,True,2026Q3
DXG,2019-02-14,CONTROL_RANDOM,,,,84.1,1.4,11.45,-27.25,6.55,-7.54,-0.61,-4.5,-6.07,-1.57,-7.06,-9.28,-22.1,-24.6,-25.61,-8.0,-12.41,True,-7.54,-11.94,True,2019Q1
DXG,2019-04-16,CONTROL_RANDOM,,,,55.1,1.46,10.38,-20.81,0.67,-5.0,-3.56,-3.54,-3.53,-15.22,-16.24,-16.71,-16.09,-15.61,-15.39,-8.0,-7.55,True,-5.0,-3.36,True,2019Q2
DXG,2019-10-30,CONTROL_RANDOM,,,,42.4,0.78,9.42,-27.39,3.72,-5.0,1.8,-0.51,0.01,-12.0,-8.95,-9.62,-27.39,-20.97,-22.39,-8.0,-6.09,True,-5.0,-3.2,True,2019Q4
DXG,2019-11-22,CONTROL_RANDOM,,,,28.3,0.73,8.76,-28.65,0.34,-5.0,-5.37,-3.47,-3.99,-7.76,-5.88,-6.39,-18.15,-11.18,-13.09,-8.0,-6.7,True,-5.0,-5.02,True,2019Q4
DXG,2020-02-10,CONTROL_RANDOM,,,,39.9,1.39,7.31,-41.59,10.94,-12.0,2.87,3.17,3.29,2.05,12.07,15.97,-20.79,-8.22,-3.32,-8.48,-5.34,True,-16.96,8.26,True,2020Q1
DXG,2020-03-25,CONTROL_RANDOM,,,,26.1,1.21,5.74,-25.61,34.67,-8.46,-14.29,-16.14,-16.54,-1.39,-14.12,-16.81,30.49,4.48,-1.04,-12.02,-7.32,True,-12.02,-7.32,True,2020Q1
DXG,2020-05-21,CONTROL_RANDOM,,,,71.3,1.24,6.81,-26.14,13.51,-12.0,-1.76,-2.36,-2.51,10.43,9.35,9.09,-15.86,-14.86,-14.62,-8.66,-9.01,True,-12.0,-12.35,True,2020Q2
DXG,2020-08-04,CONTROL_RANDOM,,,,30.8,1.23,5.69,-7.91,29.0,-12.0,-1.23,-3.57,-4.12,5.62,-3.61,-5.77,18.63,7.57,4.98,18.63,4.98,False,18.63,4.98,False,2020Q3
DXG,2020-08-06,CONTROL_RANDOM,,,,31.5,1.23,5.63,-6.93,30.37,-12.0,1.78,0.58,0.3,2.66,-3.0,-4.29,23.62,12.56,10.03,23.62,10.03,False,23.62,10.03,False,2020Q3
DXG,2020-09-15,CONTROL_RANDOM,,,,48.6,1.31,5.98,-1.0,51.0,-5.81,4.01,2.33,1.81,9.87,5.1,3.63,48.49,32.71,27.82,48.49,27.82,False,48.49,27.82,False,2020Q3
DXG,2020-10-12,CONTROL_RANDOM,,,,56.2,1.3,6.46,-1.39,60.84,-10.08,12.23,10.32,9.75,16.87,14.16,13.34,56.35,32.99,25.91,56.35,25.91,False,56.35,25.91,False,2020Q4
DXG,2021-03-09,CONTROL_RANDOM,,,,43.5,1.21,14.04,-6.77,24.22,-11.79,3.35,1.44,1.04,2.07,-4.68,-6.07,17.24,0.49,-2.96,17.24,-2.96,False,17.24,-2.96,False,2021Q1
DXG,2021-03-11,CONTROL_RANDOM,,,,50.0,1.2,14.33,-8.65,21.7,-12.0,4.95,4.21,4.06,3.35,-0.57,-1.37,-0.42,-12.88,-15.41,-8.65,-12.16,True,-0.42,-15.41,False,2021Q1
DXG,2021-04-15,CONTROL_RANDOM,,,,60.8,1.15,14.39,-13.34,21.2,-5.0,-7.23,-4.87,-4.53,-4.73,-6.13,-6.33,-7.99,-10.79,-11.2,-9.03,-6.7,True,-5.0,-5.32,True,2021Q2
DXG,2021-07-16,CONTROL_RANDOM,,,,30.3,1.21,12.44,-9.57,21.54,-5.0,0.48,2.53,2.97,13.26,7.75,6.57,17.68,10.56,9.03,17.68,9.03,False,17.68,9.03,False,2021Q3
DXG,2022-04-19,CONTROL_RANDOM,,,,21.7,1.74,24.08,-51.33,5.23,-5.0,1.83,5.24,7.76,-23.75,-12.27,-3.82,-37.92,-22.05,-10.37,-8.0,-5.23,True,-6.64,-3.87,True,2022Q2
DXG,2022-05-30,CONTROL_RANDOM,,,,43.2,1.49,18.93,-38.09,6.66,-12.0,-22.08,-22.29,-22.4,-23.56,-18.09,-15.4,2.91,4.29,4.97,-8.0,-8.0,True,-12.0,-12.16,True,2022Q2
DXG,2022-10-19,CONTROL_RANDOM,,,,34.7,1.54,11.24,-51.87,1.78,-12.0,-22.15,-19.49,-18.06,-40.93,-32.7,-28.3,-21.8,-22.18,-22.38,-11.21,-1.04,True,-12.0,-1.83,True,2022Q4
DXG,2022-11-15,CONTROL_RANDOM,,,,30.3,1.62,5.41,0.0,97.6,-5.0,20.89,12.9,7.97,78.19,58.28,46.01,40.3,19.49,6.67,40.3,6.67,False,40.3,6.67,False,2022Q4
DXG,2023-01-31,CONTROL_RANDOM,,,,65.4,1.71,10.22,-35.71,0.98,-12.0,-16.73,-12.92,-10.22,-31.31,-24.66,-19.94,-16.05,-9.42,-4.72,-10.08,-4.32,True,-12.33,-8.44,True,2023Q1
DXG,2023-02-03,CONTROL_RANDOM,,,,56.2,1.71,8.96,-26.67,7.92,-6.58,-17.86,-15.17,-13.26,-17.86,-13.63,-10.63,1.12,4.09,6.2,-8.0,-7.95,True,-6.58,-6.54,True,2023Q1
DXG,2024-07-15,CONTROL_RANDOM,,,,22.2,1.18,10.32,-15.99,18.12,-5.0,-5.91,-1.93,-1.23,-6.3,-2.21,-1.49,5.91,5.64,5.59,-8.0,-5.41,True,-5.91,-5.14,True,2024Q3
DXG,2024-07-18,CONTROL_RANDOM,,,,26.1,1.21,10.11,-14.24,20.57,-7.13,0.3,2.9,3.44,0.3,2.1,2.48,6.73,6.27,6.18,-8.0,-3.42,True,-7.13,-2.55,True,2024Q3
DXG,2024-07-23,CONTROL_RANDOM,,,,25.4,1.2,9.67,-10.34,26.06,-7.42,3.0,0.88,0.45,16.75,11.98,11.02,19.34,14.45,13.46,-8.0,-4.33,True,-7.42,-3.76,True,2024Q3
DXG,2024-08-19,CONTROL_RANDOM,,,,58.4,1.39,10.5,-1.33,18.86,-12.0,9.62,8.28,7.76,8.19,7.59,7.35,9.62,12.13,13.1,9.62,13.1,False,9.62,13.1,False,2024Q3
DXG,2024-10-24,CONTROL_RANDOM,,,,66.2,1.44,11.65,-9.61,12.7,-11.07,3.43,3.91,4.13,3.69,6.3,7.45,-4.12,-3.22,-2.82,-8.0,-6.4,True,-4.12,-2.82,False,2024Q4
DXG,2024-11-27,CONTROL_RANDOM,,,,54.8,1.49,12.66,-16.82,3.71,-12.0,1.97,0.28,-0.56,-9.08,-11.21,-12.25,-3.48,-8.21,-10.53,-8.0,-11.31,True,-12.0,-15.07,True,2024Q4
DXG,2025-02-25,CONTROL_RANDOM,,,,49.2,1.64,11.62,-20.65,17.13,-8.25,2.58,2.62,2.64,6.45,4.85,3.82,14.54,11.89,10.18,-10.67,1.22,True,-10.67,1.22,True,2025Q1
DXG,2025-05-19,CONTROL_RANDOM,,,,71.4,1.23,12.22,-0.9,60.47,-8.48,8.92,5.75,5.02,15.96,12.18,11.32,54.66,30.82,25.38,54.66,25.38,False,54.66,25.38,False,2025Q2
DXG,2025-07-09,CONTROL_RANDOM,,,,77.6,1.18,15.53,-6.5,38.38,-8.58,11.85,8.17,7.52,16.36,6.29,4.51,20.03,2.05,-1.14,20.03,-1.14,False,20.03,-1.14,False,2025Q3
DXG,2025-07-11,CONTROL_RANDOM,,,,70.6,1.16,14.91,-2.62,44.13,-5.0,11.2,10.27,10.13,27.1,18.57,17.25,21.46,6.07,3.69,21.46,3.69,False,21.46,3.69,False,2025Q3
DXG,2025-07-31,CONTROL_RANDOM,,,,66.6,1.2,17.54,-5.7,22.52,-10.13,7.01,1.83,0.82,14.03,2.39,0.11,5.02,-6.5,-8.76,5.02,-8.76,False,5.02,-8.76,False,2025Q3
DXG,2025-10-27,CONTROL_RANDOM,,,,47.8,1.08,17.59,-26.95,6.99,-8.46,0.51,0.26,0.24,-8.24,-9.0,-9.07,-21.43,-35.69,-36.88,-8.0,-8.27,True,-8.46,-8.74,True,2025Q4
DXG,2025-11-04,CONTROL_RANDOM,,,,46.3,1.19,17.54,-27.25,1.03,-12.0,-4.22,-3.27,-3.09,-7.24,-12.36,-13.35,-22.98,-34.0,-36.14,-8.0,-3.15,True,-12.0,-11.96,True,2025Q4
DXG,2026-01-05,CONTROL_RANDOM,,,,52.8,1.23,14.78,-24.02,1.49,-5.0,-3.86,-9.84,-11.2,-9.47,-10.47,-10.69,-17.52,-10.95,-9.45,-8.0,-12.95,True,-5.0,-9.95,True,2026Q1
DXG,2026-02-03,CONTROL_RANDOM,,,,40.7,1.11,13.38,-16.07,5.9,-6.79,2.62,3.55,3.66,-9.19,-4.48,-3.94,2.91,-1.59,-2.1,-8.0,-8.27,True,-6.79,-7.06,True,2026Q1
DXG,2026-04-23,CONTROL_RANDOM,,,,51.6,1.12,12.72,-15.09,13.76,-5.0,8.96,8.0,7.89,5.19,5.12,5.12,-12.74,-1.81,-0.52,-8.0,-3.88,True,-5.0,-3.23,True,2026Q2
DXG,2026-05-06,CONTROL_RANDOM,,,,56.4,1.04,14.04,-30.48,3.06,-11.85,0.0,-1.48,-1.53,-8.12,-4.65,-4.52,-24.5,-16.45,-16.16,-8.0,-7.97,True,-11.85,-10.79,True,2026Q2
DXG,2026-06-15,CONTROL_RANDOM,,,,44.6,0.92,13.1,-25.5,3.44,-5.84,-4.96,-8.31,-8.03,-6.11,-6.0,-6.01,-17.94,-17.2,-17.26,-8.0,-9.77,True,-5.84,-9.37,True,2026Q2
DXG,2026-07-01,CONTROL_RANDOM,,,,43.9,0.86,12.65,-22.85,0.79,-5.0,-5.14,-3.58,-3.8,-16.21,-9.51,-10.45,-19.76,-14.84,-15.53,-8.0,-2.19,True,-5.0,-3.79,True,2026Q3
KDH,2019-07-15,WATCH,47.6,47.6,0.0,23.3,0.49,12.89,-2.95,17.3,-5.0,-0.7,-2.18,-1.42,5.2,6.04,5.61,13.5,12.19,12.86,13.5,12.86,False,13.5,12.86,False,2019Q3
KDH,2020-02-14,WATCH,44.7,44.7,25.0,25.9,0.68,14.05,-27.83,2.7,-5.0,0.43,4.18,2.96,-16.09,4.23,-2.34,-5.34,5.97,2.31,-8.47,3.73,True,-5.0,2.43,True,2020Q1
KDH,2020-03-13,PANIC70_ANY,73.3,73.3,15.0,23.1,0.84,12.22,-17.02,14.73,-5.96,-9.9,2.19,0.25,-4.26,-5.46,-5.27,10.72,-3.67,-1.36,-8.0,2.16,True,-5.96,4.2,True,2020Q1
KDH,2020-03-17,WATCH,56.2,56.2,0.0,24.7,0.85,12.2,-16.89,14.92,-7.2,-8.11,-0.47,-1.58,-2.21,-6.67,-6.02,9.26,-2.12,-0.46,-8.0,1.23,True,-7.2,2.03,True,2020Q1
KDH,2021-11-22,WATCH,51.0,51.0,0.0,22.0,0.88,29.37,0.0,33.71,-5.0,8.04,5.88,6.15,16.75,14.58,14.85,25.81,21.31,21.87,25.81,21.87,False,25.81,21.87,False,2021Q4
KDH,2022-05-09,WATCH,42.0,42.0,35.0,26.4,1.17,29.17,-12.65,2.67,-5.0,-2.37,-1.35,-1.18,-5.42,-9.48,-10.18,0.21,0.15,0.14,-8.0,-1.48,True,-5.0,0.49,True,2022Q2
KDH,2022-09-16,WATCH,55.8,55.8,0.0,13.0,0.94,25.55,-46.93,1.45,-5.0,-12.95,-8.32,-8.61,-24.74,-10.13,-11.05,-17.81,-1.62,-2.63,-8.1,-6.83,True,-5.0,-3.41,True,2022Q3
KDH,2022-09-26,PANIC70_ANY,72.4,72.4,0.0,6.6,0.95,22.46,-39.63,4.05,-5.0,-12.51,-4.07,-4.52,-29.74,-14.47,-15.27,-13.71,-0.6,-1.29,-8.0,-4.35,True,-5.0,-1.35,True,2022Q3
KDH,2022-10-25,WATCH,57.7,57.7,20.0,26.7,1.1,15.85,-14.45,47.44,-5.57,9.02,6.78,6.56,3.6,9.06,9.6,30.85,20.12,19.07,-10.41,-8.32,True,-10.41,-8.32,True,2022Q4
KDH,2023-09-25,WATCH,40.4,40.4,0.0,23.6,1.32,23.67,-5.03,14.87,-5.0,0.21,3.06,3.97,6.84,10.76,11.99,5.11,9.86,11.36,5.11,11.36,False,-5.0,-2.44,True,2023Q3
KDH,2025-03-12,WATCH,42.7,42.7,0.0,20.1,0.79,29.09,-24.2,4.23,-5.0,1.24,2.12,1.93,-14.06,-5.58,-7.39,-8.42,-6.89,-7.22,-13.44,-6.07,True,-5.95,0.29,True,2025Q1
KDH,2025-04-04,PANIC70_ANY,86.9,86.9,0.0,13.4,0.95,23.73,-7.08,20.31,-5.0,3.62,-1.03,-0.79,8.98,0.95,1.37,13.78,-4.45,-3.49,13.78,-3.49,False,-5.0,-8.98,True,2025Q2
KDH,2025-04-11,WATCH,64.1,64.1,20.0,31.6,1.05,25.0,-8.56,15.28,-12.0,-1.8,0.46,0.58,6.72,0.39,0.07,12.2,-4.85,-5.71,-8.0,-4.78,True,12.2,-5.71,False,2025Q2
KDH,2025-12-12,WATCH,41.2,41.2,0.0,22.6,1.14,30.3,-20.96,9.57,-5.0,9.41,3.02,2.11,-4.13,-19.23,-21.37,-13.53,-17.66,-18.25,-8.0,-21.73,True,-5.0,-20.41,True,2025Q4
KDH,2026-03-09,WATCH,56.7,56.7,20.0,25.5,1.0,24.5,-11.84,10.0,-5.0,6.94,4.19,4.19,2.04,1.26,1.26,-6.53,-17.01,-17.01,-8.0,-22.94,True,-5.0,-19.05,True,2026Q1
KDH,2026-05-20,WATCH,44.3,44.3,0.0,12.3,0.95,22.5,-28.0,7.33,-5.43,2.22,5.18,5.04,2.22,6.91,6.68,-21.11,-13.05,-13.44,-8.0,-4.19,True,-5.43,-2.54,True,2026Q2
KDH,2026-07-13,WATCH,41.2,41.2,0.0,21.3,0.88,19.8,-26.26,0.76,-5.0,-9.6,-6.1,-6.53,-8.08,-6.98,-7.11,,,,-8.0,-5.57,True,-5.0,-5.54,True,2026Q3
KDH,2026-09-15,WATCH,41.1,41.1,0.0,20.0,0.86,15.6,-6.41,4.17,-5.0,1.6,2.23,2.14,,,,,,,-4.81,-2.26,False,-5.0,-2.46,True,2026Q3
KDH,2020-04-08,ENTRY_V2,34.8,72.3,60.0,34.4,0.76,11.3,0.0,25.58,-12.0,5.58,1.63,2.59,9.47,-0.82,1.68,23.81,9.15,12.7,23.81,12.7,False,23.81,12.7,False,2020Q2
KDH,2022-10-10,ENTRY_V2_LOOSE,78.6,80.0,40.0,19.0,1.03,19.61,-30.85,19.17,-9.73,0.76,-1.87,-1.94,-22.23,-16.95,-16.8,6.68,5.72,5.69,-8.0,-6.36,True,-9.73,-4.74,True,2022Q4
KDH,2025-04-16,ENTRY_V2_LOOSE,39.2,86.9,40.0,30.7,1.05,23.77,-3.83,21.41,-9.95,3.66,1.85,1.77,11.27,1.83,1.37,19.31,-2.25,-3.29,19.31,-3.29,False,19.31,-3.29,False,2025Q2
KDH,2019-01-15,CONTROL_RSI,2.5,2.5,,34.2,0.7,13.18,-1.52,10.93,-5.0,0.0,0.36,0.25,3.64,-2.86,-0.94,5.31,-0.28,1.37,5.31,1.37,False,5.31,1.37,False,2019Q1
KDH,2019-03-25,CONTROL_RSI,0.7,0.7,,34.8,0.67,13.5,-5.19,8.3,-5.0,4.59,2.97,3.51,0.81,0.11,0.34,2.59,3.34,3.09,2.59,3.09,False,-5.0,-3.79,True,2019Q1
KDH,2019-04-26,CONTROL_RSI,19.0,19.0,,28.7,0.6,13.59,-7.95,5.3,-5.0,-4.19,-0.95,-2.23,-0.15,0.82,0.44,-7.95,-9.6,-8.94,-7.95,-8.94,False,-5.0,-3.04,True,2019Q2
KDH,2019-07-08,CONTROL_RSI,6.0,6.0,,33.0,0.48,13.44,-6.92,12.5,-5.0,-4.76,-6.51,-5.59,-2.98,-2.91,-2.95,8.63,5.94,7.35,8.63,7.35,False,-5.0,-5.36,True,2019Q3
KDH,2019-10-16,CONTROL_RSI,12.0,12.0,,31.0,0.46,14.6,-0.82,8.7,-5.0,5.75,5.9,5.82,3.97,2.24,3.18,1.58,4.24,2.79,1.58,2.79,False,1.58,2.79,False,2019Q4
KDH,2019-11-25,CONTROL_RSI,22.4,22.4,,27.5,0.43,15.27,-8.97,3.6,-5.0,0.72,3.07,1.74,1.9,3.69,2.67,-7.07,1.16,-3.51,-8.0,-5.86,True,-5.0,-3.24,True,2019Q4
KDH,2020-01-03,CONTROL_RSI,3.4,3.4,,33.9,0.64,15.27,-33.6,0.52,-5.0,-2.88,-3.2,-3.08,-5.5,-2.17,-3.37,-29.08,-6.63,-14.74,-8.0,-5.7,True,-5.0,-3.26,True,2020Q1
KDH,2020-02-07,CONTROL_RSI,15.0,15.0,,30.0,0.67,14.4,-29.58,1.81,-5.0,-1.46,-1.5,-1.49,-7.43,3.15,-0.32,-14.93,-0.18,-5.02,-8.0,0.84,True,-5.0,2.11,True,2020Q1
KDH,2020-03-11,CONTROL_RSI,9.9,9.9,,32.3,0.77,12.86,-21.15,9.02,-5.0,-5.37,1.33,-0.21,-10.34,-7.76,-8.35,5.83,-9.77,-6.17,-8.0,-5.01,True,-5.0,-2.01,True,2020Q1
KDH,2021-03-09,CONTROL_RSI,21.4,21.4,,28.0,0.96,19.16,-3.44,30.27,-5.0,2.09,0.18,0.25,0.0,-6.75,-6.48,25.73,8.98,9.64,25.73,9.64,False,25.73,9.64,False,2021Q1
KDH,2021-08-26,CONTROL_RSI,4.5,4.5,,34.0,0.83,25.96,-0.27,34.44,-5.0,6.82,3.68,4.23,9.44,6.5,7.01,19.72,7.23,9.39,19.72,9.39,False,19.72,9.39,False,2021Q3
KDH,2021-12-06,CONTROL_RSI,15.7,15.7,,33.4,0.94,29.75,0.0,32.0,-5.0,11.36,6.94,7.22,27.9,20.19,20.68,17.55,13.29,13.56,17.55,13.56,False,17.55,13.56,False,2021Q4
KDH,2022-01-24,CONTROL_RSI,12.1,12.1,,33.1,1.38,33.2,-7.83,13.98,-5.0,3.7,-0.55,-2.19,11.3,7.19,5.61,-3.31,2.66,4.95,-3.31,4.95,False,-5.0,7.38,True,2022Q1
KDH,2022-03-09,CONTROL_RSI,12.2,12.2,,30.9,1.31,35.24,-25.77,4.48,-5.0,-0.37,1.23,1.72,-0.96,-2.13,-2.48,-21.71,-8.66,-4.68,-8.0,7.31,True,-5.0,-0.39,True,2022Q1
KDH,2022-04-08,CONTROL_RSI,9.7,9.7,,31.8,1.31,34.77,-26.72,0.58,-5.0,-1.58,3.89,5.6,-17.0,-0.26,4.96,-23.07,-1.46,5.27,-8.0,7.6,True,-5.0,5.38,True,2022Q2
KDH,2022-05-11,CONTROL_RSI,37.3,37.3,,26.3,1.16,29.44,-13.45,0.92,-5.99,-3.7,0.08,0.7,-4.76,-6.1,-6.32,-0.48,2.33,2.79,-8.0,2.68,True,-7.88,2.8,True,2022Q2
KDH,2022-06-15,CONTROL_RSI,27.1,27.1,,27.2,1.03,25.99,-1.69,14.62,-5.0,0.12,3.24,3.33,6.39,10.06,10.16,3.5,1.68,1.63,3.5,1.63,False,3.5,1.63,False,2022Q2
KDH,2022-08-22,CONTROL_RSI,3.6,3.6,,33.8,0.96,28.18,-51.88,2.77,-5.0,0.53,-1.54,-1.45,-16.15,-13.05,-13.18,-42.55,-19.88,-20.81,-8.0,-6.51,True,-5.0,-4.21,True,2022Q3
KDH,2022-10-03,CONTROL_RSI,38.1,38.1,,0.0,0.97,19.53,-30.57,19.66,-5.0,-6.14,2.03,1.78,-12.29,-6.63,-6.8,1.38,9.7,9.45,-8.0,-1.28,True,-5.0,0.29,True,2022Q4
KDH,2022-11-01,CONTROL_RSI,17.9,17.9,,33.0,1.12,17.13,-20.84,36.43,-12.0,-10.97,-6.34,-5.79,20.2,18.76,18.59,16.7,12.43,11.93,-9.87,-3.56,True,-12.0,-5.69,True,2022Q4
KDH,2022-12-23,CONTROL_RSI,25.3,25.3,,26.8,1.45,19.69,-8.43,9.9,-8.37,6.86,4.48,3.4,6.86,-2.12,-6.2,2.08,-1.31,-2.86,-8.0,-8.73,True,-8.37,-9.09,True,2022Q4
KDH,2023-03-02,CONTROL_RSI,9.3,9.3,,33.2,1.43,18.78,-3.99,22.84,-5.0,6.02,4.58,3.97,10.44,7.88,6.79,18.8,15.23,13.71,18.8,13.71,False,18.8,13.71,False,2023Q1
KDH,2023-08-18,CONTROL_RSI,37.1,37.1,,27.3,1.22,24.68,-8.91,12.8,-5.0,8.06,5.96,5.5,8.06,3.89,2.97,7.01,11.64,12.66,-8.0,-2.98,True,-5.0,-2.53,True,2023Q3
KDH,2023-09-22,CONTROL_RSI,30.2,30.2,,25.8,1.37,24.79,-9.32,9.68,-5.0,-1.49,1.47,2.58,0.52,8.68,11.71,1.01,9.3,12.38,-8.0,-0.85,True,-5.0,-0.77,True,2023Q3
KDH,2023-11-03,CONTROL_RSI,0.3,0.3,,34.9,1.19,24.63,-2.35,10.39,-10.85,6.7,5.05,4.73,9.38,5.84,5.16,4.02,-4.98,-6.73,4.02,-6.73,False,4.02,-6.73,False,2023Q4
KDH,2023-12-19,CONTROL_RSI,5.0,5.0,,33.3,1.21,24.88,-3.01,27.37,-5.0,1.81,-0.37,-0.83,3.98,-2.48,-3.86,23.55,7.31,3.87,23.55,3.87,False,23.55,3.87,False,2023Q4
KDH,2024-04-15,CONTROL_RSI,36.5,36.5,,13.3,0.99,28.02,-5.6,17.99,-5.0,1.89,2.96,2.95,8.85,4.01,4.07,11.49,6.47,6.53,11.49,6.53,False,-5.0,-1.45,True,2024Q2
KDH,2024-07-22,CONTROL_RSI,4.8,4.8,,33.4,1.04,29.79,-7.05,10.71,-5.0,-0.13,0.79,0.83,4.73,3.47,3.42,1.78,-0.59,-0.69,1.78,-0.69,False,-5.1,-3.43,True,2024Q3
KDH,2024-10-15,CONTROL_RSI,30.0,30.0,,24.2,1.06,30.41,-5.82,8.22,-5.0,-0.46,0.24,0.28,0.13,2.77,2.92,1.48,4.14,4.29,1.48,4.29,False,-5.0,1.16,True,2024Q4
KDH,2024-11-15,CONTROL_RSI,12.2,12.2,,31.2,1.03,29.68,-3.5,10.88,-5.0,0.47,-0.87,-0.91,5.96,2.23,2.13,3.67,-1.24,-1.37,3.67,-1.37,False,3.67,-1.37,False,2024Q4
KDH,2025-01-07,CONTROL_RSI,1.5,1.5,,34.5,0.89,30.91,-28.66,3.69,-5.0,0.58,1.38,1.3,0.0,-1.67,-1.49,-23.81,-17.57,-18.22,-11.48,-10.31,True,-5.0,-11.34,True,2025Q1
KDH,2025-02-21,CONTROL_RSI,13.0,13.0,,32.6,0.77,30.59,-27.92,1.63,-5.0,-0.13,-0.98,-0.78,-3.11,-5.56,-4.99,-16.35,-17.58,-17.29,-10.56,-6.52,True,-5.0,-7.12,True,2025Q1
KDH,2025-03-21,CONTROL_RSI,6.2,6.2,,33.6,0.81,29.36,-24.9,2.18,-5.0,0.95,2.17,1.93,-18.87,-9.36,-11.22,-6.51,-8.5,-8.12,-14.24,-7.41,True,-6.81,-1.15,True,2025Q1
KDH,2025-04-21,CONTROL_RSI,38.5,38.5,,28.8,1.05,24.36,-6.16,21.92,-12.0,-1.68,-3.76,-3.87,5.05,-4.36,-4.86,19.05,-5.58,-6.89,19.05,-6.89,False,19.05,-6.89,False,2025Q2
KDH,2025-09-17,CONTROL_RSI,11.3,11.3,,33.1,1.11,33.7,-10.98,8.16,-5.0,0.0,0.58,0.65,1.48,-3.95,-4.53,-3.56,-4.94,-5.08,-8.01,-7.19,True,-5.0,-3.01,True,2025Q3
KDH,2025-12-08,CONTROL_RSI,4.2,4.2,,33.6,1.11,33.4,-28.29,0.6,-5.0,-5.39,-0.15,0.43,-8.68,-13.4,-13.92,-23.35,-19.83,-19.44,-8.0,-0.15,True,-5.0,2.85,True,2025Q4
KDH,2026-01-12,CONTROL_RSI,34.5,34.5,,23.3,1.09,30.0,-20.5,2.83,-7.46,-2.33,-3.39,-3.48,-8.0,-1.6,-1.04,-12.67,-7.42,-6.97,-8.0,-6.25,True,-7.46,-5.71,True,2026Q1
KDH,2026-02-09,CONTROL_RSI,7.7,7.7,,32.5,1.06,26.55,-12.99,8.29,-6.54,6.4,0.04,-0.34,-1.32,1.28,1.43,-11.86,-21.31,-21.86,-9.79,-3.58,True,-9.79,-3.58,True,2026Q1
KDH,2026-03-23,CONTROL_RSI,16.0,16.0,,32.1,1.02,24.5,-11.84,10.0,-5.11,6.12,3.16,3.1,4.9,-7.84,-8.12,-6.12,-18.31,-18.58,-8.0,-26.03,True,-5.11,-22.21,True,2026Q1
KDH,2026-04-29,CONTROL_RSI,33.7,33.7,,25.8,1.02,25.6,-35.94,0.59,-5.0,-7.23,-8.55,-8.59,-11.52,-10.13,-10.09,-35.94,-25.16,-24.89,-8.0,-9.67,True,-5.0,-6.13,True,2026Q2
KDH,2026-06-26,CONTROL_RSI,19.2,19.2,,28.9,0.82,21.6,-29.63,2.31,-5.0,-5.09,-3.75,-3.99,-24.07,-13.39,-15.29,-27.31,-22.31,-23.2,-8.0,-5.0,True,-5.0,-3.89,True,2026Q2
KDH,2026-07-30,CONTROL_RSI,38.3,38.3,,25.0,0.89,17.6,-17.05,6.82,-10.16,1.99,1.78,1.81,3.41,-0.43,0.01,,,,-8.0,-9.19,True,-10.16,-11.35,True,2026Q3
KDH,2026-09-14,CONTROL_RSI,11.8,11.8,,34.7,0.9,15.55,-6.11,4.5,-5.0,2.89,1.68,1.8,,,,,,,-4.5,-2.69,False,-5.0,-3.19,True,2026Q3
KDH,2019-01-30,CONTROL_RANDOM,,,,24.1,0.7,13.22,-0.83,10.59,-5.0,0.3,-3.27,-2.19,2.8,-5.31,-2.85,-0.53,-3.98,-2.93,-0.53,-2.93,False,-0.53,-2.93,False,2019Q1
KDH,2019-04-16,CONTROL_RANDOM,,,,54.3,0.62,13.86,-8.01,3.25,-5.0,-1.8,-1.78,-1.79,-3.82,-4.84,-4.46,-6.35,-5.87,-6.05,-8.0,-7.71,True,-5.0,-3.35,True,2019Q2
KDH,2019-05-15,CONTROL_RANDOM,,,,34.7,0.63,13.24,-5.51,8.08,-5.0,2.34,1.67,1.92,4.15,6.83,5.85,2.42,2.51,2.48,2.42,2.48,False,-5.0,-6.22,True,2019Q2
KDH,2019-10-23,CONTROL_RANDOM,,,,60.0,0.44,14.98,-2.94,5.94,-5.26,1.34,0.33,0.89,1.54,1.63,1.58,-0.2,0.8,0.24,-0.2,0.24,False,-0.2,0.24,False,2019Q4
KDH,2019-11-08,CONTROL_RANDOM,,,,74.1,0.43,15.64,-11.13,1.15,-5.36,-3.52,-1.52,-2.65,-0.51,5.08,1.92,-7.42,1.25,-3.66,-8.0,-4.32,True,-5.36,-2.2,True,2019Q4
KDH,2019-11-21,CONTROL_RANDOM,,,,54.3,0.43,15.18,-8.43,4.22,-5.0,0.72,2.94,1.68,1.52,5.17,3.09,-7.05,1.96,-3.17,-8.0,-5.2,True,-5.0,-2.57,True,2019Q4
KDH,2019-12-16,CONTROL_RANDOM,,,,69.0,0.5,15.82,-27.12,0.0,-5.0,-1.64,-1.27,-1.46,-6.26,-6.78,-6.52,-23.07,-0.75,-12.01,-8.0,-7.88,True,-5.0,-4.3,True,2019Q4
KDH,2021-04-23,CONTROL_RANDOM,,,,69.6,1.02,22.23,-4.77,21.37,-12.0,2.11,1.7,1.69,3.64,-1.59,-1.68,12.6,11.03,11.01,12.6,11.01,False,12.6,11.01,False,2021Q2
KDH,2021-07-21,CONTROL_RANDOM,,,,40.3,0.84,24.97,-0.72,22.55,-5.59,8.89,7.1,7.38,13.66,5.47,6.77,21.19,11.37,12.93,21.19,12.93,False,21.19,12.93,False,2021Q3
KDH,2021-09-23,CONTROL_RANDOM,,,,69.3,0.83,28.69,-2.86,21.65,-5.0,-1.67,-0.35,-0.58,8.43,5.74,6.21,20.01,10.62,12.26,20.01,12.26,False,20.01,12.26,False,2021Q3
KDH,2022-01-19,CONTROL_RANDOM,,,,47.0,1.41,35.52,-8.67,6.53,-7.84,-3.66,-5.87,-6.78,1.52,-2.36,-3.97,-5.77,-1.62,0.1,-8.0,-11.99,True,-7.84,-11.82,True,2022Q1
KDH,2022-03-07,CONTROL_RANDOM,,,,51.8,1.29,36.2,-27.73,1.71,-5.0,-5.66,-3.33,-2.66,-1.88,-4.07,-4.71,-23.01,-9.61,-5.72,-8.0,2.16,True,-5.0,-1.43,True,2022Q1
KDH,2022-03-18,CONTROL_RANDOM,,,,40.1,1.31,35.24,-27.7,4.48,-5.94,2.53,1.96,1.78,-2.89,1.74,3.17,-24.21,-8.06,-3.06,-8.0,6.55,True,-5.94,3.34,True,2022Q1
KDH,2022-03-22,CONTROL_RANDOM,,,,45.8,1.34,36.27,-29.75,1.52,-8.66,-0.94,0.08,0.42,-9.59,-0.59,2.45,-27.41,-5.8,1.51,-8.0,4.05,True,-8.66,3.39,True,2022Q1
KDH,2022-04-19,CONTROL_RANDOM,,,,29.6,1.23,34.77,-26.72,0.0,-5.03,-7.68,-4.26,-3.46,-18.67,-7.18,-4.49,-21.46,-5.59,-1.86,-8.0,-0.01,True,-6.7,-4.73,True,2022Q2
KDH,2022-08-30,CONTROL_RANDOM,,,,37.2,0.95,28.33,-52.14,0.11,-5.0,-5.86,-3.69,-3.8,-25.59,-14.28,-14.85,-40.45,-16.56,-17.75,-8.0,-4.84,True,-5.0,-2.52,True,2022Q3
KDH,2022-09-26,CONTROL_RANDOM,,,,6.6,0.95,22.46,-39.63,4.05,-5.0,-12.51,-4.07,-4.52,-29.74,-14.47,-15.27,-13.71,-0.6,-1.29,-8.0,-4.35,True,-5.0,-1.35,True,2022Q3
KDH,2023-01-18,CONTROL_RANDOM,,,,54.6,1.46,20.85,-13.53,8.3,-8.82,-4.12,-2.49,-1.74,-3.98,-0.16,1.59,2.54,6.77,8.7,-8.0,1.88,True,-8.82,1.07,True,2023Q1
KDH,2023-01-19,CONTROL_RANDOM,,,,47.7,1.46,20.77,-13.19,8.71,-8.33,-2.5,0.82,2.33,-5.97,0.72,3.78,2.74,9.14,12.06,-8.0,4.15,True,-8.33,3.82,True,2023Q1
KDH,2023-04-25,CONTROL_RANDOM,,,,44.2,1.45,21.3,-2.63,21.17,-5.0,5.63,3.76,2.91,5.63,1.67,-0.12,20.8,5.64,-1.22,20.8,-1.22,False,20.8,-1.22,False,2023Q2
KDH,2023-05-09,CONTROL_RANDOM,,,,59.3,1.4,22.2,-3.69,28.42,-7.68,-3.56,-4.02,-4.2,3.06,-2.04,-4.09,21.17,5.56,-0.69,21.17,-0.69,False,21.17,-0.69,False,2023Q2
KDH,2023-09-29,CONTROL_RANDOM,,,,37.5,1.3,24.57,-8.51,10.66,-7.53,-0.77,0.76,1.22,-3.79,5.97,8.87,1.91,5.15,6.11,-8.0,-5.02,True,-7.53,-4.55,True,2023Q3
KDH,2024-07-01,CONTROL_RANDOM,,,,48.3,1.02,30.58,-9.45,8.11,-5.42,1.34,-1.43,-1.49,-2.71,-1.62,-1.59,6.34,3.75,3.7,-8.0,-6.19,True,-5.42,-3.77,True,2024Q3
KDH,2024-07-22,CONTROL_RANDOM,,,,33.4,1.04,29.79,-7.05,10.71,-5.0,-0.13,0.79,0.83,4.73,3.47,3.42,1.78,-0.59,-0.69,1.78,-0.69,False,-5.1,-3.43,True,2024Q3
KDH,2025-02-06,CONTROL_RANDOM,,,,61.4,0.85,31.45,-29.89,0.0,-5.0,-2.16,-2.48,-2.44,-3.02,-7.27,-6.64,-16.76,-16.59,-16.61,-13.0,-10.18,True,-5.0,-9.06,True,2025Q1
KDH,2025-03-21,CONTROL_RANDOM,,,,33.6,0.81,29.36,-24.9,2.18,-5.0,0.95,2.17,1.93,-18.87,-9.36,-11.22,-6.51,-8.5,-8.12,-14.24,-7.41,True,-6.81,-1.15,True,2025Q1
KDH,2025-03-28,CONTROL_RANDOM,,,,43.3,0.76,29.55,-25.38,1.52,-5.0,-19.86,-6.11,-9.35,-18.95,-12.31,-13.88,-10.8,-15.21,-14.17,-8.0,-3.13,True,-7.41,-2.54,True,2025Q1
KDH,2025-06-12,CONTROL_RANDOM,,,,62.2,1.08,26.64,-2.06,43.02,-5.0,3.04,0.28,0.05,3.42,-7.6,-8.5,30.63,5.94,3.93,30.63,3.93,False,30.63,3.93,False,2025Q2
KDH,2025-08-01,CONTROL_RANDOM,,,,43.3,1.11,27.7,-0.72,37.55,-5.0,15.52,8.59,7.8,33.57,20.99,19.55,24.19,11.3,9.82,24.19,9.82,False,24.19,9.82,False,2025Q3
KDH,2025-09-04,CONTROL_RANDOM,,,,52.9,1.11,36.95,-18.81,1.49,-12.0,-5.82,-3.6,-3.35,-14.07,-10.59,-10.2,-5.28,-4.45,-4.35,-8.0,-4.91,True,-12.0,-8.13,True,2025Q3
KDH,2025-09-19,CONTROL_RANDOM,,,,37.3,1.1,34.1,-13.78,6.89,-5.0,0.44,-0.15,-0.21,-7.48,-6.26,-6.13,-13.2,-12.55,-12.49,-8.0,-14.74,True,-5.0,-4.28,True,2025Q3
KDH,2025-11-07,CONTROL_RANDOM,,,,53.5,1.11,32.1,-19.31,12.77,-5.0,9.35,5.82,5.44,4.05,-5.69,-6.75,-16.36,-28.46,-29.76,-8.0,-11.33,True,-5.61,-8.93,True,2025Q4
KDH,2025-12-03,CONTROL_RANDOM,,,,47.8,1.11,34.45,-30.48,1.6,-5.45,-5.66,-3.56,-3.32,-7.4,-10.46,-10.81,-30.48,-25.72,-25.17,-8.0,-2.31,True,-5.45,-6.2,True,2025Q4
KDH,2025-12-30,CONTROL_RANDOM,,,,43.8,1.14,31.5,-24.29,3.17,-5.0,-9.21,-15.29,-16.11,-12.7,-16.57,-17.1,-19.68,-15.32,-14.73,-8.0,-14.9,True,-5.0,-11.9,True,2025Q4
KDH,2025-12-31,CONTROL_RANDOM,,,,43.8,1.13,31.5,-24.29,3.17,-5.0,-7.3,-12.35,-12.99,-13.65,-14.73,-14.87,-20.63,-14.36,-13.56,-8.0,-13.1,True,-5.0,-10.1,True,2025Q4
KDH,2026-02-09,CONTROL_RANDOM,,,,32.5,1.06,26.55,-12.99,8.29,-6.54,6.4,0.04,-0.34,-1.32,1.28,1.43,-11.86,-21.31,-21.86,-9.79,-3.58,True,-9.79,-3.58,True,2026Q1
KDH,2026-03-04,CONTROL_RANDOM,,,,47.7,0.99,26.7,-19.1,2.81,-6.29,-4.12,2.83,2.79,-2.06,5.7,5.65,-14.04,-13.45,-13.46,-10.3,-0.32,True,-10.3,-0.32,True,2026Q1
KDH,2026-04-24,CONTROL_RANDOM,,,,62.0,1.01,25.6,-32.03,0.59,-5.0,-5.47,-8.65,-8.68,-10.16,-10.89,-10.9,-29.69,-21.54,-21.48,-8.0,-10.78,True,-5.0,-6.35,True,2026Q2
KDH,2026-05-13,CONTROL_RANDOM,,,,1.8,0.95,23.3,-30.47,3.65,-5.0,-4.08,-4.09,-4.09,0.21,5.39,5.15,-23.61,-16.65,-16.97,-8.0,-6.26,True,-5.0,-5.83,True,2026Q2
KDH,2026-05-26,CONTROL_RANDOM,,,,39.0,0.95,23.4,-30.77,3.21,-9.18,-2.14,1.61,1.42,-6.2,-5.57,-5.6,-25.64,-17.01,-17.45,-8.0,-6.61,True,-9.18,-7.79,True,2026Q2
NLG,2019-09-04,WATCH,54.1,54.1,10.0,20.0,0.98,18.5,-3.73,4.05,-5.0,1.24,1.63,1.62,1.57,0.28,0.3,-3.35,-2.39,-2.4,-3.35,-2.4,False,-3.35,-2.4,False,2019Q3
NLG,2020-03-11,WATCH,41.7,41.7,0.0,31.8,1.0,15.07,-22.03,10.75,-5.0,-7.5,-0.8,-0.78,-4.64,-2.06,-2.05,9.16,-6.44,-6.48,-9.69,-5.53,True,-9.69,-5.53,True,2020Q1
NLG,2020-03-24,PANIC70_ANY,87.6,87.6,15.0,18.1,1.04,12.58,-2.62,39.98,-10.44,9.78,8.21,8.16,14.23,-1.32,-1.89,36.49,6.4,5.31,36.49,5.31,False,36.49,5.31,False,2020Q1
NLG,2022-01-12,WATCH,42.6,42.6,25.0,32.6,1.45,49.41,-19.81,5.87,-7.71,-7.23,-4.23,-2.88,-5.5,-5.34,-5.26,-11.03,-7.59,-6.03,-8.0,-2.45,True,-7.71,-2.17,True,2022Q1
NLG,2022-04-20,WATCH,40.6,40.6,10.0,24.4,1.67,41.15,-32.2,4.54,-5.0,-4.67,-3.29,-2.37,-5.78,5.24,12.62,-20.87,-6.76,2.69,-8.0,-0.82,True,-6.83,0.35,True,2022Q2
NLG,2022-06-13,WATCH,42.6,42.6,0.0,30.3,1.36,33.21,-15.99,15.6,-5.0,-11.68,-8.31,-7.09,-2.35,0.83,1.98,3.88,2.14,1.51,-8.0,-4.3,True,-5.21,-1.51,True,2022Q2
NLG,2022-09-19,WATCH,43.6,43.6,0.0,10.1,1.29,31.57,-55.05,1.65,-5.0,-13.24,-9.48,-8.39,-26.51,-14.27,-10.71,-17.17,-3.59,0.36,-8.0,-3.98,True,-5.0,-5.28,True,2022Q3
NLG,2022-09-22,PANIC70_ANY,76.8,76.8,0.0,18.4,1.29,31.14,-54.43,1.38,-5.58,-16.06,-9.42,-7.5,-31.86,-15.96,-11.37,-14.61,-1.41,2.41,-8.0,-3.1,True,-7.35,-2.46,True,2022Q3
NLG,2022-10-25,WATCH,59.5,59.5,20.0,26.8,1.4,18.33,-22.59,54.06,-5.0,9.17,6.92,6.03,4.26,9.72,11.89,35.79,25.06,20.81,-11.51,-8.85,True,-11.51,-8.85,True,2022Q4
NLG,2024-04-16,WATCH,40.9,40.9,15.0,21.2,1.31,34.56,-9.26,16.49,-5.58,-3.79,-2.44,-2.01,11.92,7.36,5.93,12.96,8.07,6.54,-8.0,-3.26,True,-7.12,-3.75,True,2024Q2
NLG,2025-01-07,WATCH,50.3,50.3,0.0,18.6,1.26,29.32,-21.49,10.3,-5.0,-2.56,-1.76,-1.55,-0.14,-1.8,-2.23,-16.03,-9.79,-8.17,-9.52,-5.93,True,-9.52,-5.93,True,2025Q1
NLG,2025-04-04,WATCH,59.1,59.1,0.0,17.5,1.21,24.71,-7.53,47.15,-5.0,4.13,-0.53,-1.51,14.0,5.98,4.29,42.45,24.23,20.39,42.45,20.39,False,-5.0,-10.09,True,2025Q2
NLG,2025-04-09,PANIC70_ANY,70.8,70.8,0.0,8.2,1.19,24.62,-7.19,47.68,-8.73,2.36,-2.03,-2.87,19.98,9.06,6.98,44.23,22.85,18.76,44.23,18.76,False,44.23,18.76,False,2025Q2
NLG,2025-12-26,WATCH,47.8,47.8,0.0,22.7,1.1,29.58,-19.74,5.48,-5.0,1.66,-5.74,-6.5,-3.82,-7.83,-8.25,-0.98,0.78,0.96,-8.0,-12.43,True,-5.0,-11.18,True,2025Q4
NLG,2026-07-22,WATCH,40.7,40.7,0.0,14.6,0.98,22.35,-14.32,16.11,-5.0,-3.58,-8.4,-8.3,4.92,0.73,0.82,,,,-8.0,-8.27,True,-5.15,-5.41,True,2026Q3
NLG,2026-09-28,WATCH,40.1,40.1,0.0,15.5,0.76,21.7,-1.84,1.84,-5.0,-1.15,0.05,-0.24,,,,,,,-1.15,-0.24,False,-1.15,-0.24,False,2026Q3
NLG,2020-04-01,ENTRY_V2_LOOSE,,99.0,45.0,44.0,1.04,13.81,-5.07,27.52,-12.0,4.06,-6.12,-6.58,7.68,-3.41,-3.9,20.13,0.19,-0.7,20.13,-0.7,False,20.13,-0.7,False,2020Q2
NLG,2020-04-08,ENTRY_V2,,99.0,65.0,48.8,0.93,14.21,-6.12,23.93,-12.0,-1.9,-5.84,-5.55,10.27,-0.01,0.75,21.25,6.6,7.69,21.25,7.69,False,21.25,7.69,False,2020Q2
NLG,2025-04-16,ENTRY_V2_LOOSE,33.1,70.8,40.0,31.0,1.15,24.53,-6.85,49.69,-8.92,1.1,-0.71,-0.97,23.32,13.87,12.49,45.29,23.74,20.58,45.29,20.58,False,45.29,20.58,False,2025Q2
NLG,2019-01-02,CONTROL_RSI,32.3,32.3,,24.5,1.12,16.47,-3.89,10.99,-6.2,-0.73,-1.69,-1.81,2.55,0.2,-0.09,8.44,-2.48,-3.84,8.44,-3.84,False,8.44,-3.84,False,2019Q1
NLG,2019-06-04,CONTROL_RSI,19.3,19.3,,28.6,1.06,18.74,-2.77,12.81,-5.0,2.19,2.43,2.44,0.96,0.55,0.52,5.66,3.48,3.35,5.66,3.35,False,5.66,3.35,False,2019Q2
NLG,2019-08-29,CONTROL_RSI,2.3,2.3,,34.7,0.96,19.83,-10.19,0.2,-5.0,-7.87,-7.24,-7.26,-8.52,-10.19,-10.12,-9.03,-8.63,-8.64,-8.0,-7.74,True,-7.87,-7.61,True,2019Q3
NLG,2019-11-21,CONTROL_RSI,1.3,1.3,,34.6,0.69,18.43,-11.39,1.74,-5.0,-2.28,-0.06,-0.75,-5.26,-1.6,-2.74,-11.39,-2.39,-5.18,-8.0,-3.51,True,-5.0,-2.18,True,2019Q4
NLG,2019-12-20,CONTROL_RSI,8.7,8.7,,32.1,0.67,17.46,-32.7,7.39,-5.0,4.52,3.95,4.14,6.47,3.68,4.61,-29.67,1.63,-8.82,-8.36,-4.9,True,-5.0,-1.1,True,2019Q4
NLG,2020-02-18,CONTROL_RSI,27.7,27.7,,29.3,0.88,17.23,-31.8,2.67,-5.0,-4.82,-1.53,-1.92,-17.53,1.77,-0.52,-9.46,0.19,-0.95,-8.0,2.95,True,-5.0,-2.8,True,2020Q1
NLG,2020-03-27,CONTROL_RSI,34.8,34.8,,31.9,1.07,12.94,-5.33,36.09,-12.0,5.18,-7.29,-8.16,10.82,-4.74,-5.82,29.75,1.03,-0.97,29.75,-0.97,False,29.75,-0.97,False,2020Q1
NLG,2020-06-30,CONTROL_RSI,2.5,2.5,,34.2,0.89,16.59,-0.6,16.94,-5.0,2.83,-1.62,-1.12,2.83,7.28,6.79,14.04,4.27,5.36,14.04,5.36,False,14.04,5.36,False,2020Q2
NLG,2021-03-10,CONTROL_RSI,10.8,10.8,,31.4,0.88,26.52,-6.22,19.91,-5.06,-2.98,-5.62,-5.29,-1.13,-6.67,-5.98,7.84,-4.96,-3.37,7.84,-3.37,False,-5.06,-4.47,True,2021Q1
NLG,2021-07-08,CONTROL_RSI,10.7,10.7,,31.4,0.91,28.98,-5.66,21.43,-5.0,-2.1,3.38,2.89,15.25,17.67,17.45,11.18,12.64,12.51,11.18,12.51,False,-5.0,1.28,True,2021Q3
NLG,2021-08-23,CONTROL_RSI,11.4,11.4,,31.2,0.78,31.5,-1.94,68.73,-5.0,5.3,2.79,3.34,2.29,-1.86,-0.96,59.78,46.61,49.49,59.78,49.49,False,59.78,49.49,False,2021Q3
NLG,2021-09-24,CONTROL_RSI,20.9,20.9,,28.0,0.83,32.11,-3.8,78.82,-5.0,-1.21,-0.35,-0.5,28.25,25.71,26.15,65.84,56.5,58.1,65.84,58.1,False,65.84,58.1,False,2021Q3
NLG,2022-01-11,CONTROL_RSI,8.7,8.7,,32.8,1.46,48.56,-18.41,7.72,-5.0,-9.29,-6.18,-4.74,-4.04,-4.24,-4.33,-7.37,-6.23,-5.71,-11.92,-7.0,True,-6.84,-7.51,True,2022Q1
NLG,2022-04-08,CONTROL_RSI,25.0,25.0,,26.8,1.71,45.84,-39.14,1.29,-5.0,-5.96,-0.48,3.39,-13.57,3.17,15.0,-33.2,-11.6,3.66,-8.0,-1.65,True,-5.0,1.35,True,2022Q2
NLG,2022-06-06,CONTROL_RSI,8.8,8.8,,33.1,1.35,36.36,-23.27,5.8,-5.0,-4.87,-0.61,0.9,-15.9,-7.82,-4.96,2.12,2.56,2.72,-8.66,-2.89,True,-5.0,1.11,True,2022Q2
NLG,2022-07-04,CONTROL_RSI,10.1,10.1,,32.7,1.39,31.05,-14.17,23.64,-12.0,4.44,6.41,7.17,13.75,10.15,8.75,-13.33,-7.3,-4.96,-8.0,-5.22,True,-12.0,-8.31,True,2022Q3
NLG,2022-09-08,CONTROL_RSI,2.2,2.2,,34.9,1.3,34.93,-59.38,0.89,-5.0,-4.92,-4.34,-4.17,-38.62,-22.08,-17.08,-27.51,-14.52,-10.59,-8.0,-4.24,True,-5.0,-4.24,True,2022Q3
NLG,2022-10-14,CONTROL_RSI,27.8,27.8,,31.0,1.39,22.86,-37.93,23.53,-12.0,-13.6,-7.22,-4.74,-28.48,-17.81,-13.67,5.64,5.65,5.66,-8.0,0.87,True,-12.0,-3.13,True,2022Q4
NLG,2023-01-10,CONTROL_RSI,9.9,9.9,,33.9,1.47,24.15,-17.68,15.53,-5.0,0.17,-3.62,-5.41,-2.9,-1.95,-1.5,15.53,14.47,13.97,-8.32,-5.86,True,-5.0,-5.27,True,2023Q1
NLG,2023-03-08,CONTROL_RSI,21.9,21.9,,27.7,1.42,22.49,-11.61,35.66,-7.72,-6.0,-5.7,-5.57,13.16,11.23,10.42,26.55,21.05,18.76,-8.0,-6.59,True,-7.72,-6.31,True,2023Q1
NLG,2023-07-07,CONTROL_RSI,16.1,16.1,,29.7,1.29,28.03,-0.32,27.54,-5.0,14.23,11.56,10.78,22.69,14.04,11.5,4.07,5.29,5.65,4.07,5.65,False,4.07,5.65,False,2023Q3
NLG,2023-08-18,CONTROL_RSI,20.0,20.0,,30.2,1.38,31.14,-17.76,14.8,-5.0,5.91,3.81,3.02,8.03,3.86,2.29,3.37,8.0,9.74,-8.0,-5.29,True,-5.0,-2.22,True,2023Q3
NLG,2023-09-25,CONTROL_RSI,25.8,25.8,,30.1,1.47,29.03,-11.78,17.22,-5.0,-1.21,1.65,2.98,6.37,10.29,12.12,10.58,15.32,17.55,-8.0,7.66,True,-5.0,-2.14,True,2023Q3
NLG,2024-01-15,CONTROL_RSI,10.2,10.2,,31.6,1.51,31.45,-0.16,28.71,-5.0,8.36,6.0,4.8,8.65,1.72,-1.79,9.6,3.92,1.04,9.6,1.04,False,9.6,1.04,False,2024Q1
NLG,2024-02-26,CONTROL_RSI,6.9,6.9,,32.7,1.49,32.89,-4.65,23.08,-5.0,13.23,9.89,8.25,18.15,13.82,11.69,17.09,13.93,12.39,17.09,12.39,False,17.09,12.39,False,2024Q1
NLG,2024-04-15,CONTROL_RSI,38.5,38.5,,22.2,1.3,34.91,-10.17,15.33,-5.0,-3.27,-2.2,-1.88,9.68,4.85,3.4,11.31,6.29,4.8,-8.0,-3.33,True,-7.02,-2.35,True,2024Q2
NLG,2024-06-21,CONTROL_RSI,24.0,24.0,,27.0,1.31,36.24,-9.16,10.15,-5.0,2.35,4.42,5.08,0.39,2.46,3.11,2.7,3.98,4.37,-8.0,1.55,True,-5.0,-0.43,True,2024Q2
NLG,2024-07-22,CONTROL_RSI,0.5,0.5,,34.8,1.27,36.38,-9.51,4.01,-6.17,1.95,2.88,3.13,-0.99,-2.25,-2.6,-5.14,-7.51,-8.16,-8.0,-1.04,True,-6.17,-4.13,True,2024Q3
NLG,2024-10-07,CONTROL_RSI,5.0,5.0,,33.3,1.35,35.62,-11.34,1.49,-5.0,-2.86,-3.58,-3.83,-1.74,0.32,1.05,-8.96,-8.55,-8.4,-8.0,-2.16,True,-5.0,-5.8,True,2024Q4
NLG,2024-11-18,CONTROL_RSI,6.1,6.1,,33.3,1.24,33.27,-15.99,3.46,-5.0,2.68,0.92,0.49,-0.81,-4.17,-4.98,-13.2,-18.76,-20.1,-8.0,-10.67,True,-5.0,-9.03,True,2024Q4
NLG,2024-12-19,CONTROL_RSI,20.9,20.9,,30.8,1.27,32.34,-13.57,0.96,-5.0,-0.15,-1.71,-2.13,-9.74,-9.26,-9.13,-6.18,-12.14,-13.74,-8.0,-7.13,True,-5.0,-4.13,True,2024Q4
NLG,2025-01-17,CONTROL_RSI,30.0,30.0,,22.7,1.3,29.37,-22.2,10.11,-5.0,5.41,5.17,5.1,-1.23,-5.59,-6.88,-19.34,-15.11,-13.85,-9.67,-5.59,True,-9.67,-5.59,True,2025Q1
NLG,2025-02-21,CONTROL_RSI,6.8,6.8,,32.7,1.27,29.14,-21.59,8.1,-5.3,4.87,4.03,3.8,4.12,1.66,1.0,5.49,4.25,3.92,-8.96,-0.4,True,-8.96,-0.4,True,2025Q1
NLG,2025-04-14,CONTROL_RSI,21.6,21.6,,33.2,1.15,25.6,-10.74,42.03,-12.0,-7.46,-4.58,-4.16,17.66,12.08,11.27,36.45,18.18,15.53,-8.0,-4.7,True,36.45,15.53,False,2025Q2
NLG,2025-09-18,CONTROL_RSI,15.9,15.9,,29.7,1.11,36.72,-13.43,7.27,-5.0,0.38,1.01,1.08,3.27,-0.32,-0.71,-12.09,-10.63,-10.48,-8.0,-6.31,True,-5.0,-4.09,True,2025Q3
NLG,2025-11-19,CONTROL_RSI,7.1,7.1,,32.6,1.08,35.71,-26.24,0.7,-5.0,-1.9,-3.86,-4.03,-13.72,-15.24,-15.36,-21.0,-33.61,-34.66,-8.0,-7.67,True,-5.0,-4.67,True,2025Q4
NLG,2025-12-17,CONTROL_RSI,37.9,37.9,,25.9,1.12,30.66,-22.57,5.28,-5.8,-0.82,-4.83,-5.32,-3.69,-16.88,-18.46,-15.53,-10.49,-9.88,-8.0,-21.49,True,-5.8,-18.66,True,2025Q4
NLG,2026-02-06,CONTROL_RSI,7.3,7.3,,34.8,0.99,26.88,-11.68,10.79,-5.0,4.95,-0.16,-0.12,2.19,6.52,6.49,-1.64,-10.43,-10.36,-8.0,-10.72,True,-5.0,-7.43,True,2026Q1
NLG,2026-04-21,CONTROL_RSI,3.3,3.3,,33.9,1.02,27.57,-14.04,2.29,-5.0,-1.09,-2.15,-2.17,-6.93,-9.74,-9.79,-14.04,-9.08,-8.98,-8.0,-12.37,True,-5.0,-9.49,True,2026Q2
NLG,2026-05-22,CONTROL_RSI,18.8,18.8,,28.7,1.0,25.12,-23.77,12.26,-5.9,4.46,6.15,6.16,5.89,6.88,6.88,-5.45,2.48,2.5,-8.0,3.1,True,-5.9,1.89,True,2026Q2
NLG,2026-07-06,CONTROL_RSI,22.7,22.7,,27.4,0.97,25.45,-24.75,2.75,-5.0,-0.59,1.26,1.2,-14.15,-10.7,-10.81,-13.95,-8.35,-8.54,-8.0,-2.22,True,-5.0,-3.09,True,2026Q3
NLG,2026-08-04,CONTROL_RSI,16.3,16.3,,30.6,0.98,22.1,-3.62,17.42,-12.0,2.49,2.03,2.04,15.38,13.33,13.37,,,,-2.94,-1.52,False,-2.94,-1.52,False,2026Q3
NLG,2026-09-24,CONTROL_RSI,32.3,32.3,,17.0,0.78,22.8,-6.58,1.1,-5.0,-3.95,-1.94,-2.39,,,,,,,-5.92,-5.3,False,-5.0,-5.19,True,2026Q3
NLG,2019-02-22,CONTROL_RANDOM,,,,61.1,1.07,17.57,-4.38,15.08,-5.0,0.4,0.61,0.62,-4.04,-1.43,-1.26,13.43,16.05,16.22,13.43,16.22,False,13.43,16.22,False,2019Q1
NLG,2019-03-08,CONTROL_RANDOM,,,,39.7,1.04,17.12,-1.87,18.11,-5.0,5.67,2.72,2.6,9.05,7.57,7.5,12.85,15.36,15.47,12.85,15.47,False,12.85,15.47,False,2019Q1
NLG,2019-08-15,CONTROL_RANDOM,,,,65.2,0.94,20.39,-12.65,1.62,-5.08,-1.28,-3.08,-2.97,-7.85,-9.38,-9.29,-10.1,-14.4,-14.15,-10.4,-10.66,True,-10.4,-10.66,True,2019Q3
NLG,2019-09-12,CONTROL_RANDOM,,,,24.8,0.95,18.73,-5.07,2.78,-5.0,-2.3,-3.76,-3.68,0.85,-0.76,-0.68,-3.52,-2.24,-2.31,-3.52,-2.31,False,-5.0,-4.48,True,2019Q3
NLG,2019-10-04,CONTROL_RANDOM,,,,52.8,0.85,18.89,-7.73,1.91,-6.66,-0.53,-0.95,-0.88,-1.54,-4.87,-4.35,-3.39,-0.92,-1.3,-3.39,-1.3,False,-6.66,-3.39,True,2019Q4
NLG,2019-10-09,CONTROL_RANDOM,,,,56.5,0.87,18.92,-7.88,1.37,-5.85,-1.0,-1.11,-1.09,-1.69,-5.25,-4.78,-5.29,-2.89,-3.21,-5.29,-3.21,False,-5.87,-4.28,True,2019Q4
NLG,2019-11-07,CONTROL_RANDOM,,,,46.6,0.76,18.63,-10.9,0.64,-5.0,-0.91,0.74,0.35,-3.01,3.17,1.71,-6.66,2.72,0.51,-8.0,-3.65,True,-5.0,0.64,True,2019Q4
NLG,2019-11-11,CONTROL_RANDOM,,,,47.9,0.77,18.3,-9.29,2.46,-5.0,0.71,1.56,1.36,-0.55,5.03,3.75,-2.79,5.01,3.22,-8.0,-1.26,True,-5.0,-0.69,True,2019Q4
NLG,2020-02-27,CONTROL_RANDOM,,,,38.9,0.94,16.53,-28.92,6.41,-5.31,5.2,4.53,4.57,-18.45,2.94,1.65,-7.02,-3.86,-4.05,-8.0,-0.13,True,-5.31,2.55,True,2020Q1
NLG,2020-08-03,CONTROL_RANDOM,,,,46.4,0.82,17.23,-1.33,17.99,-5.0,4.93,2.48,2.93,8.65,0.28,1.82,15.38,3.45,5.65,15.38,5.65,False,15.38,5.65,False,2020Q3
NLG,2020-08-13,CONTROL_RANDOM,,,,67.8,0.8,18.15,-2.64,12.4,-8.97,1.49,1.43,1.44,4.3,-0.42,0.54,11.4,-0.03,2.28,11.4,2.28,False,11.4,2.28,False,2020Q3
NLG,2021-02-08,CONTROL_RANDOM,,,,51.5,0.8,24.34,-2.79,24.77,-8.25,11.75,3.8,5.37,9.57,1.41,3.03,18.12,2.03,5.21,18.12,5.21,False,18.12,5.21,False,2021Q1
NLG,2021-02-26,CONTROL_RANDOM,,,,68.0,0.86,27.28,-8.83,11.33,-12.0,-1.65,-0.91,-1.02,-3.89,-3.78,-3.79,6.52,-4.24,-2.74,-8.0,-6.92,True,6.52,-2.74,False,2021Q1
NLG,2021-06-24,CONTROL_RANDOM,,,,39.6,0.97,29.21,-6.4,20.47,-5.0,2.88,0.11,0.2,3.39,11.59,11.33,9.38,12.44,12.34,9.38,12.34,False,-5.0,1.02,True,2021Q2
NLG,2021-06-25,CONTROL_RANDOM,,,,49.2,0.97,29.44,-7.13,19.53,-5.0,0.65,-0.3,-0.27,8.93,17.89,17.61,8.8,12.18,12.07,8.8,12.07,False,-5.0,-4.35,True,2021Q2
NLG,2021-08-25,CONTROL_RANDOM,,,,34.9,0.78,31.76,-2.74,67.35,-5.59,9.73,6.92,7.53,-1.54,-2.72,-2.46,38.79,28.28,30.57,38.79,30.57,False,38.79,30.57,False,2021Q3
NLG,2021-11-03,CONTROL_RANDOM,,,,72.9,0.9,44.31,-10.58,29.59,-12.0,12.55,11.3,11.42,10.36,7.75,8.0,-3.86,-6.26,-6.02,-8.0,-10.2,True,-3.86,-6.02,False,2021Q4
NLG,2021-11-17,CONTROL_RANDOM,,,,58.2,0.91,49.95,-20.68,14.95,-12.0,-2.78,-4.47,-4.32,11.03,10.98,10.98,-5.85,-7.81,-7.63,-8.0,-6.24,True,-12.97,-12.22,True,2021Q4
NLG,2022-03-07,CONTROL_RANDOM,,,,53.7,1.73,46.18,-27.5,13.27,-7.12,-0.37,1.96,3.65,3.31,1.12,-0.48,-17.54,-4.13,5.61,-8.0,-1.64,True,-7.12,-0.76,True,2022Q1
NLG,2022-05-19,CONTROL_RANDOM,,,,51.2,1.39,39.83,-29.95,5.9,-10.31,3.51,-0.09,-1.5,-19.23,-17.34,-16.6,-8.18,-9.93,-10.61,-8.71,-14.39,True,-10.31,-15.99,True,2022Q2
NLG,2022-12-12,CONTROL_RANDOM,,,,67.2,1.51,24.06,-14.84,17.37,-11.82,11.22,12.44,13.06,1.29,-0.64,-1.63,-9.6,-12.15,-13.45,-8.0,-8.7,True,-12.84,-13.48,True,2022Q4
NLG,2023-01-27,CONTROL_RANDOM,,,,38.4,1.46,24.76,-19.71,14.05,-12.0,-2.46,0.07,1.25,-7.75,0.87,4.88,10.9,17.73,20.9,-8.0,1.69,True,-12.0,0.17,True,2023Q1
NLG,2023-02-27,CONTROL_RANDOM,,,,42.0,1.44,23.06,-13.79,32.31,-5.65,-3.21,-4.19,-4.63,-3.77,-6.36,-7.5,20.99,17.48,15.93,-9.06,-10.8,True,-5.65,-5.23,True,2023Q1
NLG,2023-03-17,CONTROL_RANDOM,,,,30.3,1.42,20.92,-4.97,46.56,-5.0,6.26,5.27,4.86,26.48,25.34,24.87,44.22,37.01,34.02,44.22,34.02,False,44.22,34.02,False,2023Q1
NLG,2023-04-03,CONTROL_RANDOM,,,,73.9,1.41,25.02,-1.4,25.5,-12.0,4.36,5.46,5.9,18.82,22.62,24.16,15.71,12.12,10.66,15.71,10.66,False,15.71,10.66,False,2023Q2
NLG,2023-05-10,CONTROL_RANDOM,,,,72.1,1.34,29.64,-8.4,18.39,-12.0,-6.48,-7.19,-7.43,-4.12,-7.94,-9.23,13.63,-0.53,-5.29,-8.0,-8.95,True,13.63,-5.29,False,2023Q2
NLG,2023-09-21,CONTROL_RANDOM,,,,48.7,1.46,32.63,-21.51,4.29,-5.0,-5.91,-2.3,-0.62,-9.01,-1.54,1.91,-4.01,3.93,7.61,-11.03,-3.77,True,-11.03,-3.77,True,2023Q3
NLG,2023-10-11,CONTROL_RANDOM,,,,32.9,1.46,29.65,-13.63,14.77,-10.8,-6.37,-0.55,2.13,8.74,12.3,13.94,10.05,10.09,10.11,-8.0,-1.46,True,-10.8,3.79,True,2023Q4
NLG,2023-12-20,CONTROL_RANDOM,,,,46.5,1.52,31.93,-1.66,24.02,-5.25,1.66,-1.32,-2.88,7.14,-0.64,-4.69,19.35,2.43,-6.39,19.35,-6.39,False,19.35,-6.39,False,2023Q4
NLG,2024-04-16,CONTROL_RANDOM,,,,21.2,1.31,34.56,-9.26,16.49,-5.58,-3.79,-2.44,-2.01,11.92,7.36,5.93,12.96,8.07,6.54,-8.0,-3.26,True,-7.12,-3.75,True,2024Q2
NLG,2024-05-27,CONTROL_RANDOM,,,,66.5,1.29,38.51,-14.52,4.13,-7.86,3.56,2.67,2.41,-4.15,-2.92,-2.56,-6.47,-6.49,-6.5,-8.0,-6.16,True,-7.86,-6.02,True,2024Q2
NLG,2024-06-25,CONTROL_RANDOM,,,,37.2,1.27,36.69,-10.28,8.8,-5.15,3.98,2.56,2.18,1.55,3.18,3.61,0.6,-0.44,-0.72,-8.0,-0.87,True,-5.15,-4.72,True,2024Q2
NLG,2024-08-26,CONTROL_RANDOM,,,,59.9,1.33,36.02,-9.61,5.05,-9.62,1.22,2.11,2.4,3.58,2.65,2.34,-6.64,-2.63,-1.32,-8.0,-1.67,True,-6.64,-1.32,False,2024Q3
NLG,2024-10-17,CONTROL_RANDOM,,,,26.8,1.24,34.87,-18.47,3.56,-5.0,-1.41,1.57,2.28,-3.96,1.66,3.01,-17.55,-13.25,-12.22,-8.0,-5.04,True,-5.0,1.96,True,2024Q4
NLG,2025-01-13,CONTROL_RANDOM,,,,19.8,1.29,28.88,-20.29,11.98,-5.0,0.9,-0.02,-0.28,-2.91,-6.42,-7.45,-12.74,-10.76,-10.18,-8.14,-5.62,True,-8.14,-5.62,True,2025Q1
NLG,2025-07-28,CONTROL_RANDOM,,,,69.6,1.12,38.39,-13.0,16.62,-10.6,-3.88,-2.89,-2.77,0.0,-6.72,-7.53,-3.65,-11.61,-12.57,-8.0,-13.21,True,-10.6,-16.57,True,2025Q3
NLG,2025-10-24,CONTROL_RANDOM,,,,57.0,1.11,37.28,-24.46,5.66,-10.89,-2.63,2.05,2.55,-5.66,-3.98,-3.8,-21.57,-32.71,-33.9,-8.0,-9.34,True,-10.89,-7.66,True,2025Q4
NLG,2025-11-19,CONTROL_RANDOM,,,,32.6,1.08,35.71,-26.24,0.7,-5.0,-1.9,-3.86,-4.03,-13.72,-15.24,-15.36,-21.0,-33.61,-34.66,-8.0,-7.67,True,-5.0,-4.67,True,2025Q4
NLG,2026-06-08,CONTROL_RANDOM,,,,45.1,0.97,25.36,-24.49,11.2,-5.0,10.41,9.92,9.94,1.14,-1.58,-1.5,1.34,-1.65,-1.56,-8.0,-4.3,True,-5.0,-2.0,True,2026Q2
NLG,2026-07-02,CONTROL_RANDOM,,,,56.1,0.94,26.3,-27.19,0.0,-5.52,-4.94,-2.86,-3.0,-15.59,-8.55,-9.01,-17.3,-12.02,-12.36,-8.0,-4.85,True,-5.52,-3.57,True,2026Q3
DCM,2019-01-21,WATCH,42.2,42.2,0.0,8.3,0.85,5.52,-7.25,2.9,-5.0,-2.72,-3.07,-3.02,-2.72,-10.86,-9.66,-5.62,-12.65,-11.61,-5.62,-11.61,False,-5.0,-4.62,True,2019Q1
DCM,2019-12-09,WATCH,43.9,43.9,20.0,6.7,0.5,4.4,-17.05,2.73,-5.0,0.91,2.14,1.53,-9.32,-7.56,-8.44,-11.36,4.64,-3.34,-8.0,-7.12,True,-5.0,-4.63,True,2019Q4
DCM,2020-01-08,WATCH,42.5,42.5,20.0,13.3,0.56,4.04,-16.34,9.16,-5.0,-1.73,-3.22,-2.57,0.0,2.27,1.27,5.2,26.25,17.0,-8.0,-6.14,True,-5.0,-3.14,True,2020Q1
DCM,2020-03-09,WATCH,52.9,52.9,25.0,31.3,0.79,3.75,-9.87,60.27,-5.0,-0.8,7.56,5.77,10.67,18.75,17.02,49.33,40.44,42.34,-9.6,-4.57,True,-9.6,-4.57,True,2020Q1
DCM,2020-03-12,PANIC70_ANY,70.8,70.8,0.0,28.4,0.85,3.39,-0.29,77.29,-5.0,15.93,19.45,18.93,21.83,17.72,18.32,72.57,50.22,53.47,72.57,53.47,False,72.57,53.47,False,2020Q1
DCM,2020-07-27,WATCH,66.9,66.9,0.0,24.4,0.87,5.23,-2.1,62.52,-5.0,3.63,-1.56,-0.9,15.3,4.19,5.61,57.55,38.19,40.66,57.55,40.66,False,57.55,40.66,False,2020Q3
DCM,2021-01-28,WATCH,63.4,63.4,0.0,27.1,0.92,8.0,0.0,61.5,-5.0,12.62,-0.25,0.76,46.75,29.69,31.03,41.87,16.02,18.06,41.87,18.06,False,41.87,18.06,False,2021Q1
DCM,2021-04-26,WATCH,42.3,42.3,15.0,23.5,0.99,10.9,-2.29,37.8,-6.17,2.84,-0.18,-0.16,8.99,1.6,1.65,21.74,15.17,15.21,21.74,15.21,False,21.74,15.21,False,2021Q2
DCM,2021-07-12,WATCH,50.2,50.2,0.0,24.3,0.98,11.82,-0.68,89.42,-5.0,7.7,9.47,9.44,41.03,35.93,36.02,79.86,74.49,74.58,79.86,74.58,False,79.86,74.58,False,2021Q3
DCM,2022-01-10,WATCH,45.2,45.2,0.0,28.6,0.99,23.81,-22.64,51.49,-5.0,-10.84,-6.53,-6.56,-8.69,-7.96,-7.97,24.99,26.75,26.74,-8.0,-7.49,True,-6.55,-6.04,True,2022Q1
DCM,2022-05-09,WATCH,54.0,54.0,10.0,28.7,1.05,22.61,-21.27,42.9,-5.0,-10.0,-8.98,-8.93,37.11,33.04,32.83,5.26,5.21,5.2,-8.0,-3.07,True,-5.79,-0.86,True,2022Q2
DCM,2022-06-27,WATCH,44.0,44.0,10.0,31.6,1.15,24.07,-17.49,26.84,-7.64,-8.81,-7.05,-6.8,-6.73,-5.29,-5.08,18.78,17.76,17.61,-8.0,-5.99,True,-7.64,-5.63,True,2022Q2
DCM,2022-09-29,WATCH,40.2,40.2,25.0,25.9,1.32,24.77,-28.26,6.1,-5.0,-12.64,-5.53,-3.22,0.0,7.88,10.43,-13.28,-4.78,-2.02,-8.0,-3.6,True,-5.0,-0.6,True,2022Q3
DCM,2022-11-14,WATCH,44.1,44.1,0.0,30.7,1.4,19.09,-6.91,24.67,-5.0,4.24,1.43,0.3,18.23,5.12,-0.13,2.83,-10.36,-15.65,2.83,-15.65,False,2.83,-15.65,False,2022Q4
DCM,2023-10-26,WATCH,52.6,52.6,0.0,26.6,1.28,24.11,-9.66,17.75,-5.03,2.99,1.35,0.89,12.11,8.69,7.74,9.66,-1.99,-5.25,-8.0,-4.23,True,-5.1,-1.33,True,2023Q4
DCM,2025-04-03,WATCH,60.8,60.8,0.0,12.0,1.02,25.54,-13.47,31.44,-5.0,7.67,0.59,0.48,18.87,9.34,9.19,24.2,4.99,4.69,-13.47,-7.77,True,-13.47,-7.77,True,2025Q2
DCM,2025-04-04,PANIC70_ANY,84.5,84.5,0.0,8.0,1.08,24.02,-7.99,39.76,-5.0,15.24,10.58,10.2,25.65,17.62,16.96,31.47,13.25,11.75,31.47,11.75,False,31.47,11.75,False,2025Q2
DCM,2026-06-16,WATCH,48.5,48.5,0.0,20.6,0.41,34.89,-18.31,0.95,-5.0,-3.96,-8.44,-5.79,-5.56,-4.71,-5.21,-6.99,-6.48,-6.78,-8.0,-8.07,True,-5.0,-6.49,True,2026Q2
DCM,2020-03-19,ENTRY_V2_LOOSE,,70.8,40.0,47.1,0.76,3.98,-13.32,52.51,-12.0,-6.03,-1.57,-2.63,17.84,8.72,10.89,42.96,25.69,29.8,-9.55,-2.3,True,-12.0,-5.1,True,2020Q1
DCM,2025-04-23,ENTRY_V2_LOOSE,,94.4,45.0,44.9,1.12,28.4,-1.9,18.2,-12.0,6.27,4.03,3.76,7.99,-2.3,-3.54,17.18,-7.08,-10.0,17.18,-10.0,False,17.18,-10.0,False,2025Q2
DCM,2019-01-03,CONTROL_RSI,14.7,14.7,,33.3,0.91,5.81,-11.88,2.24,-5.0,0.0,-3.44,-3.13,-9.81,-13.93,-13.56,-6.88,-20.24,-19.03,-8.0,-12.5,True,-5.0,-9.0,True,2019Q1
DCM,2019-01-31,CONTROL_RSI,32.1,32.1,,12.7,0.85,5.27,-5.5,7.78,-5.0,2.47,-1.8,-1.15,3.61,-4.43,-3.2,-5.31,-9.15,-8.57,-5.31,-8.57,False,-5.31,-11.08,True,2019Q1
DCM,2019-04-05,CONTROL_RSI,20.8,20.8,,28.1,0.79,5.43,-13.08,0.0,-5.0,-2.95,-1.72,-1.99,-7.73,-4.02,-4.82,-12.15,-10.75,-11.05,-8.1,-6.9,True,-5.0,-3.14,True,2019Q2
DCM,2019-05-09,CONTROL_RSI,27.4,27.4,,25.9,0.66,5.02,-5.98,4.18,-5.0,1.2,-1.55,-0.63,-1.79,-2.63,-2.35,-3.39,-7.67,-6.23,-3.39,-6.23,False,-5.0,-4.49,True,2019Q2
DCM,2019-06-06,CONTROL_RSI,19.3,19.3,,28.6,0.64,4.96,-5.44,2.02,-5.0,-0.81,-1.01,-0.94,-3.83,-6.32,-5.41,-2.02,-5.42,-4.18,-2.02,-4.18,False,-5.0,-5.87,True,2019Q2
DCM,2019-07-18,CONTROL_RSI,30.0,30.0,,15.0,0.61,4.77,-1.68,8.39,-5.0,-0.63,-2.19,-1.57,1.26,1.07,1.14,2.73,1.15,1.77,2.73,1.77,False,2.73,1.77,False,2019Q3
DCM,2019-08-16,CONTROL_RSI,9.9,9.9,,31.7,0.67,4.83,-3.11,9.32,-5.0,-1.24,-1.12,-1.16,3.52,2.23,2.66,-1.86,-5.35,-4.19,-1.86,-4.19,False,-1.86,-4.19,False,2019Q3
DCM,2019-10-09,CONTROL_RSI,30.0,30.0,,23.3,0.62,4.91,-13.24,7.54,-5.0,5.91,5.8,5.84,-1.83,-5.39,-4.02,-13.24,-10.84,-11.77,-8.0,-5.8,True,-5.0,-5.88,True,2019Q4
DCM,2019-11-06,CONTROL_RSI,30.0,30.0,,12.0,0.52,4.82,-24.27,0.41,-5.0,-3.11,-2.02,-2.55,-6.22,-0.34,-3.19,-20.12,-12.04,-15.96,-8.0,-5.11,True,-5.0,-2.63,True,2019Q4
DCM,2019-12-04,CONTROL_RSI,30.0,30.0,,10.5,0.51,4.52,-19.25,0.44,-5.0,-1.55,-1.46,-1.51,-5.75,-5.35,-5.55,-10.18,-2.17,-6.13,-8.0,-7.47,True,-5.0,-4.58,True,2019Q4
DCM,2020-01-07,CONTROL_RSI,32.3,32.3,,16.3,0.52,4.09,-17.36,7.82,-5.0,-2.93,-4.34,-3.66,-1.47,0.26,-0.58,2.93,23.25,13.43,-8.0,-6.59,True,-5.87,-4.46,True,2020Q1
DCM,2020-07-28,CONTROL_RSI,19.3,19.3,,33.8,0.89,5.3,-3.4,60.38,-5.0,4.34,-1.04,-0.46,14.15,4.28,5.34,57.92,38.44,40.54,57.92,40.54,False,57.92,40.54,False,2020Q3
DCM,2020-11-27,CONTROL_RSI,16.8,16.8,,29.4,1.04,8.49,-5.77,25.09,-5.0,1.18,-0.62,-0.69,13.19,5.33,5.03,22.97,5.69,5.03,22.97,5.03,False,-5.77,-10.37,True,2020Q4
DCM,2021-01-29,CONTROL_RSI,37.5,37.5,,34.3,0.93,8.91,-9.88,45.01,-12.0,-1.57,-4.09,-3.91,31.31,20.75,21.49,25.81,7.46,8.76,25.81,8.76,False,25.81,8.76,False,2021Q1
DCM,2021-04-22,CONTROL_RSI,39.3,39.3,,20.6,0.97,11.07,-5.33,35.68,-5.0,0.36,-0.86,-0.83,11.38,4.75,4.94,15.0,11.24,11.35,15.0,11.35,False,15.0,11.35,False,2021Q2
DCM,2021-07-07,CONTROL_RSI,4.3,4.3,,34.5,0.94,12.98,-10.63,67.72,-5.68,-3.31,3.5,3.12,20.8,23.9,23.72,59.55,63.08,62.88,-8.0,-1.73,True,-5.68,0.59,True,2021Q3
DCM,2021-09-23,CONTROL_RSI,11.9,11.9,,31.0,0.94,18.02,-13.37,66.15,-5.0,14.15,15.47,15.39,34.41,31.71,31.87,53.39,43.99,44.57,-8.32,-7.39,True,-8.32,-7.39,True,2021Q3
DCM,2022-01-28,CONTROL_RSI,36.8,36.8,,27.5,0.91,20.2,-1.04,78.56,-11.73,5.79,7.58,7.42,55.64,55.63,55.63,31.78,41.0,40.16,31.78,40.16,False,31.78,40.16,False,2022Q1
DCM,2022-05-06,CONTROL_RSI,36.6,36.6,,30.9,1.01,25.86,-31.17,24.94,-9.76,-26.37,-15.6,-15.48,22.0,23.79,23.81,-10.21,-3.96,-3.89,-10.02,-9.09,True,-10.02,-9.09,True,2022Q2
DCM,2022-06-24,CONTROL_RSI,24.2,24.2,,34.0,1.18,26.26,-24.37,16.26,-12.0,-11.12,-11.66,-11.76,-16.87,-16.82,-16.81,5.79,3.99,3.66,-10.85,-13.73,True,-12.0,-14.88,True,2022Q2
DCM,2022-10-03,CONTROL_RSI,35.1,35.1,,29.0,1.34,24.65,-27.91,6.29,-7.43,-7.51,0.67,3.46,1.26,6.91,8.85,-17.24,-8.92,-6.07,-8.0,-0.67,True,-7.43,-4.83,True,2022Q4
DCM,2022-11-17,CONTROL_RSI,31.3,31.3,,32.8,1.41,20.63,-8.97,15.37,-12.0,-2.23,-2.67,-2.86,8.24,-0.58,-4.22,-2.23,-14.59,-19.69,-8.0,-5.16,True,-2.23,-19.69,False,2022Q4
DCM,2022-12-26,CONTROL_RSI,35.0,35.0,,26.3,1.28,19.78,-11.88,11.17,-5.0,7.08,0.96,-0.73,4.15,-4.97,-7.51,-4.65,-11.78,-13.76,-8.0,-13.0,True,-5.0,-13.76,True,2022Q4
DCM,2023-02-16,CONTROL_RSI,4.8,4.8,,33.4,1.19,19.63,-11.21,4.13,-5.0,-2.95,-1.12,-0.77,-5.5,-4.19,-3.94,-5.91,-6.05,-6.07,-8.0,-4.14,True,-5.0,-4.4,True,2023Q1
DCM,2023-04-24,CONTROL_RSI,2.1,2.1,,34.3,1.05,18.08,-1.88,25.22,-5.0,-1.05,-0.52,-0.49,0.88,-0.83,-0.91,24.39,11.0,10.31,24.39,10.31,False,24.39,10.31,False,2023Q2
DCM,2023-10-25,CONTROL_RSI,28.6,28.6,,32.6,1.25,24.91,-12.57,13.97,-5.0,1.53,2.2,2.37,6.3,5.78,5.64,6.66,-2.45,-4.75,-8.0,-3.33,True,-5.0,-0.33,True,2023Q4
DCM,2023-12-22,CONTROL_RSI,2.6,2.6,,34.1,1.35,26.9,-3.31,15.61,-5.74,1.9,-0.59,-1.46,-2.19,-8.82,-11.14,10.56,-5.56,-11.18,10.56,-11.18,False,10.56,-11.18,False,2023Q4
DCM,2024-01-22,CONTROL_RSI,7.9,7.9,,32.4,1.32,26.57,-4.82,17.05,-5.0,2.37,2.74,2.85,7.3,2.78,1.36,-1.13,-2.96,-3.53,-1.13,-3.53,False,-1.13,-3.53,False,2024Q1
DCM,2024-04-15,CONTROL_RSI,37.8,37.8,,24.3,1.27,26.69,-5.25,39.83,-5.0,-1.57,-0.5,-0.21,17.01,12.17,10.85,31.81,26.79,25.42,31.81,25.42,False,-5.0,-0.43,True,2024Q2
DCM,2024-07-26,CONTROL_RSI,7.5,7.5,,32.5,1.28,32.73,-6.29,8.43,-8.93,-5.87,-1.09,0.26,0.4,-2.19,-2.92,-0.43,-2.29,-2.81,-0.43,-2.81,False,-0.43,-2.81,False,2024Q3
DCM,2024-10-15,CONTROL_RSI,10.9,10.9,,31.4,1.46,33.75,-9.93,2.13,-5.0,-3.44,-2.74,-2.42,0.0,2.64,3.85,-9.66,-7.0,-5.78,-8.0,-4.19,True,-5.0,2.2,True,2024Q4
DCM,2024-12-16,CONTROL_RSI,22.2,22.2,,27.6,1.37,32.86,-11.69,0.82,-5.0,0.0,0.36,0.49,-8.7,-6.43,-5.59,-7.06,-11.78,-13.54,-8.0,-4.26,True,-5.0,-2.99,True,2024Q4
DCM,2025-01-14,CONTROL_RSI,30.3,30.3,,18.5,1.28,30.0,-26.33,8.93,-5.0,-2.37,-3.12,-3.33,6.7,2.22,0.95,-7.73,-6.43,-6.06,-8.47,-8.11,True,-8.47,-8.11,True,2025Q1
DCM,2025-03-05,CONTROL_RSI,30.0,30.0,,25.0,1.05,31.34,-29.48,2.01,-5.0,-2.55,-3.95,-4.02,-12.38,-6.4,-6.1,-1.4,-4.29,-4.44,-12.38,-6.1,True,-5.0,-4.91,True,2025Q1
DCM,2025-04-02,CONTROL_RSI,30.0,30.0,,23.3,1.03,27.46,-19.52,22.25,-5.0,-6.34,-2.38,-2.24,11.22,12.98,13.04,16.02,7.25,6.95,-12.53,-1.15,True,-12.53,-1.15,True,2025Q2
DCM,2025-09-09,CONTROL_RSI,39.3,39.3,,26.3,1.02,35.78,-15.46,5.56,-5.0,1.59,0.1,0.07,-4.75,-7.87,-7.94,-10.42,-15.61,-15.71,-8.0,-7.96,True,-5.0,-5.39,True,2025Q3
DCM,2025-10-07,CONTROL_RSI,6.0,6.0,,33.0,0.93,33.89,-12.95,3.36,-5.0,-5.16,-8.51,-8.26,0.3,3.01,2.81,-8.79,-13.7,-13.33,-8.0,-4.48,True,-5.0,-8.1,True,2025Q4
DCM,2025-11-25,CONTROL_RSI,7.1,7.1,,32.6,0.94,31.81,-7.26,28.39,-5.0,0.75,-3.11,-2.86,-4.59,-11.52,-11.08,27.63,14.86,15.67,27.63,15.67,False,-5.0,-5.67,True,2025Q4
DCM,2025-12-23,CONTROL_RSI,10.1,10.1,,31.6,0.89,30.68,-2.77,63.01,-5.0,0.75,0.65,0.66,11.08,6.14,6.67,49.45,55.61,54.95,49.45,54.95,False,49.45,54.95,False,2025Q4
DCM,2026-04-28,CONTROL_RSI,14.3,14.3,,33.5,0.51,38.62,-26.2,11.76,-5.0,-1.58,-3.52,-2.56,-2.56,-1.74,-2.15,-23.49,-13.22,-18.27,-8.0,-5.61,True,-5.0,-3.58,True,2026Q2
DCM,2026-05-29,CONTROL_RSI,6.1,6.1,,33.1,0.42,37.63,-24.26,0.61,-5.0,-5.79,-1.67,-4.07,-11.56,-10.89,-11.28,-16.42,-12.21,-14.66,-8.0,-6.67,True,-5.0,-3.28,True,2026Q2
DCM,2026-06-26,CONTROL_RSI,24.3,24.3,,28.0,0.41,33.28,-14.36,4.87,-5.0,-1.86,-0.52,-1.32,-12.86,-2.18,-8.53,2.16,7.17,4.19,-8.0,-5.29,True,-5.0,-3.6,True,2026Q2
DCM,2026-07-27,CONTROL_RSI,21.5,21.5,,30.9,0.48,29.0,-0.86,22.07,-5.0,6.72,-0.76,3.1,6.38,-1.96,2.34,,,,16.21,13.11,False,16.21,13.11,False,2026Q3
DCM,2019-06-13,CONTROL_RANDOM,,,,14.8,0.63,4.89,-4.09,4.29,-5.0,-0.61,-1.73,-1.32,-2.66,-5.48,-4.45,3.27,0.59,1.57,3.27,1.57,False,3.27,1.57,False,2019Q2
DCM,2019-06-17,CONTROL_RANDOM,,,,22.2,0.64,4.89,-4.09,4.29,-5.0,-1.43,-2.95,-2.4,-2.66,-6.51,-5.11,2.04,-0.45,0.45,2.04,0.45,False,2.04,0.45,False,2019Q2
DCM,2019-07-02,CONTROL_RANDOM,,,,42.7,0.64,4.85,-3.3,6.6,-5.0,-1.86,-3.23,-2.74,1.86,-1.39,-0.23,2.68,-0.48,0.65,2.68,0.65,False,2.68,0.65,False,2019Q3
DCM,2019-07-24,CONTROL_RANDOM,,,,23.1,0.63,4.75,-1.26,11.16,-5.0,3.16,2.09,2.49,1.47,0.42,0.81,7.58,7.34,7.43,7.58,7.43,False,7.58,7.43,False,2019Q3
DCM,2019-09-19,CONTROL_RANDOM,,,,73.0,0.61,5.15,-14.95,2.52,-5.08,-2.52,-2.55,-2.54,-0.78,0.07,-0.26,-14.95,-11.8,-13.03,-8.0,-9.27,True,-5.08,-4.77,True,2019Q3
DCM,2019-10-07,CONTROL_RANDOM,,,,43.1,0.63,4.91,-12.63,7.54,-5.0,2.65,1.69,2.05,-1.43,-5.57,-4.02,-12.02,-9.72,-10.58,-8.0,-6.08,True,-5.0,-6.23,True,2019Q4
DCM,2019-10-11,CONTROL_RANDOM,,,,25.6,0.61,4.9,-16.12,7.76,-5.0,3.27,4.38,3.94,-2.45,-4.67,-3.81,-16.12,-12.53,-13.93,-8.0,-6.24,True,-5.0,-5.51,True,2019Q4
DCM,2020-05-04,CONTROL_RANDOM,,,,71.6,0.8,5.21,-0.19,25.53,-12.0,8.64,-0.81,1.07,5.18,-9.44,-6.53,5.95,-0.62,0.69,5.95,0.69,False,5.95,0.69,False,2020Q2
DCM,2020-09-03,CONTROL_RANDOM,,,,70.8,0.86,6.06,-0.66,51.65,-7.52,3.14,3.92,3.81,28.22,26.67,26.89,40.1,27.35,29.18,40.1,29.18,False,40.1,29.18,False,2020Q3
DCM,2020-09-15,CONTROL_RANDOM,,,,81.0,0.92,6.64,-1.66,38.4,-10.64,2.11,0.43,0.57,19.58,14.81,15.2,33.13,17.34,18.63,33.13,18.63,False,33.13,18.63,False,2020Q3
DCM,2021-02-23,CONTROL_RANDOM,,,,54.3,0.91,9.54,-4.09,35.43,-12.0,16.77,16.55,16.57,24.53,26.43,26.25,29.66,20.07,20.98,29.66,20.98,False,29.66,20.98,False,2021Q1
DCM,2021-06-02,CONTROL_RANDOM,,,,60.8,1.0,12.92,-10.22,40.02,-12.0,3.56,5.17,5.16,11.69,6.34,6.36,36.3,39.58,39.57,-8.0,-4.38,True,36.3,39.57,False,2021Q2
DCM,2021-11-05,CONTROL_RANDOM,,,,66.9,0.84,26.62,-30.8,12.47,-12.0,6.31,4.93,5.16,-3.57,-0.62,-1.1,-21.9,-24.95,-24.46,-8.0,-10.72,True,-12.0,-14.06,True,2021Q4
DCM,2022-01-05,CONTROL_RANDOM,,,,44.0,1.0,27.02,-31.83,33.49,-5.8,-16.06,-14.32,-14.33,-19.69,-18.66,-18.66,11.36,12.69,12.68,-8.0,-6.77,True,-5.92,-4.69,True,2022Q1
DCM,2022-01-28,CONTROL_RANDOM,,,,27.5,0.91,20.2,-1.04,78.56,-11.73,5.79,7.58,7.42,55.64,55.63,55.63,31.78,41.0,40.16,31.78,40.16,False,31.78,40.16,False,2022Q1
DCM,2022-03-24,CONTROL_RANDOM,,,,62.2,1.02,32.82,-45.76,9.9,-12.0,-1.98,-3.07,-3.09,-20.2,-7.59,-7.35,-23.89,-1.83,-1.42,-8.0,-9.67,True,-12.0,-13.54,True,2022Q1
DCM,2022-03-25,CONTROL_RANDOM,,,,59.3,1.01,33.55,-46.94,7.51,-12.0,-8.91,-11.21,-11.24,-17.38,-7.37,-7.25,-22.92,-2.69,-2.43,-8.0,-10.33,True,-12.0,-14.21,True,2022Q1
DCM,2022-04-08,CONTROL_RANDOM,,,,43.2,0.98,29.39,-39.44,15.28,-7.93,10.45,15.92,15.79,-25.18,-8.44,-8.85,-28.99,-7.39,-7.92,-8.0,3.6,True,-7.93,3.67,True,2022Q2
DCM,2022-07-11,CONTROL_RANDOM,,,,29.7,1.16,21.37,-0.56,42.86,-10.9,5.94,3.86,3.53,20.4,11.35,9.92,8.84,15.76,16.85,8.84,16.85,False,8.84,16.85,False,2022Q3
DCM,2022-11-07,CONTROL_RANDOM,,,,37.2,1.37,22.64,-21.51,5.12,-5.0,-15.68,-10.58,-8.69,2.56,-6.57,-9.95,-10.2,-21.78,-26.07,-8.0,-5.17,True,-5.0,-4.09,True,2022Q4
DCM,2022-11-24,CONTROL_RANDOM,,,,34.5,1.39,20.09,-9.21,18.47,-12.0,11.55,-1.35,-6.45,6.92,0.26,-2.37,-9.21,-15.96,-18.63,-8.0,-17.42,True,-9.21,-18.63,False,2022Q4
DCM,2023-02-23,CONTROL_RANDOM,,,,34.0,1.19,19.32,-9.78,4.81,-5.49,-5.59,-3.04,-2.57,-3.0,-2.55,-2.46,-5.8,-6.77,-6.95,-8.0,-4.97,True,-5.49,-2.45,True,2023Q1
DCM,2023-04-12,CONTROL_RANDOM,,,,49.2,1.06,19.24,-7.8,13.46,-5.89,-1.98,0.05,0.17,-4.0,-3.53,-3.5,10.65,3.11,2.68,10.65,2.68,False,-5.89,-2.97,True,2023Q2
DCM,2023-08-17,CONTROL_RANDOM,,,,67.9,0.83,25.39,-14.22,26.51,-5.0,-1.06,2.49,1.89,16.46,17.73,17.51,4.29,13.85,12.23,-8.0,3.27,True,-5.0,-1.85,True,2023Q3
DCM,2023-11-08,CONTROL_RANDOM,,,,46.1,1.34,26.44,-4.16,7.38,-12.0,2.38,1.57,1.29,4.31,3.86,3.7,4.8,-0.22,-1.92,4.8,-1.92,False,4.8,-1.92,False,2023Q4
DCM,2024-01-23,CONTROL_RANDOM,,,,27.6,1.33,26.27,-3.73,18.39,-5.0,2.09,3.05,3.36,9.82,3.1,0.92,-1.14,-3.64,-4.45,-1.14,-4.45,False,-1.14,-4.45,False,2024Q1
DCM,2024-05-10,CONTROL_RANDOM,,,,70.8,1.16,29.49,-2.58,26.55,-12.0,5.9,3.55,3.16,11.36,7.96,7.4,4.48,9.29,10.08,4.48,10.08,False,4.48,10.08,False,2024Q2
DCM,2024-05-30,CONTROL_RANDOM,,,,67.9,1.18,31.86,-4.43,17.14,-5.0,3.99,2.47,2.21,0.91,2.73,3.05,5.08,3.75,3.51,5.08,3.51,False,5.08,3.51,False,2024Q2
DCM,2024-07-10,CONTROL_RANDOM,,,,67.4,1.22,36.61,-16.83,0.0,-12.0,-7.07,-5.78,-5.5,-12.92,-6.51,-5.11,-8.17,-6.52,-6.17,-8.0,-5.88,True,-12.0,-8.56,True,2024Q3
DCM,2024-08-05,CONTROL_RANDOM,,,,34.7,1.33,31.39,-1.72,13.06,-5.27,3.7,0.95,0.03,3.82,-2.08,-4.06,6.82,1.23,-0.65,6.82,-0.65,False,6.82,-0.65,False,2024Q3
DCM,2024-09-05,CONTROL_RANDOM,,,,50.0,1.39,32.59,-2.73,8.9,-5.0,4.54,5.84,6.35,3.28,3.1,3.02,1.1,2.51,3.05,1.1,3.05,False,1.1,3.05,False,2024Q3
DCM,2025-01-22,CONTROL_RANDOM,,,,21.8,1.23,29.56,-25.24,10.55,-5.0,5.11,3.03,2.55,7.68,2.68,1.54,-3.79,-2.48,-2.17,-13.6,-10.15,True,-7.1,-5.55,True,2025Q1
DCM,2025-05-14,CONTROL_RANDOM,,,,76.1,1.1,30.18,-3.11,25.31,-6.78,-0.6,-0.57,-0.57,1.19,0.52,0.46,24.98,4.62,2.63,24.98,2.63,False,24.98,2.63,False,2025Q2
DCM,2025-06-04,CONTROL_RANDOM,,,,55.8,1.09,30.81,-3.34,34.57,-6.19,-0.88,0.86,1.01,2.95,0.31,0.08,19.83,-5.02,-7.19,19.83,-7.19,False,19.83,-7.19,False,2025Q2
DCM,2025-06-17,CONTROL_RANDOM,,,,65.8,1.11,32.77,-3.94,26.52,-10.37,-2.17,-3.39,-3.53,-1.04,-10.32,-11.31,12.08,-11.4,-13.9,12.08,-13.9,False,12.08,-13.9,False,2025Q2
DCM,2025-08-08,CONTROL_RANDOM,,,,85.4,1.02,39.71,-23.82,4.41,-12.0,3.2,0.35,0.29,-9.9,-13.18,-13.25,-14.4,-18.42,-18.5,-8.0,-11.49,True,-12.0,-14.97,True,2025Q3
DCM,2025-08-22,CONTROL_RANDOM,,,,55.6,1.01,36.68,-17.53,5.43,-5.47,2.21,0.91,0.9,-3.35,-3.22,-3.22,-8.89,-8.24,-8.24,-8.0,-7.58,True,-5.47,-3.94,True,2025Q3
DCM,2026-03-25,CONTROL_RANDOM,,,,45.7,0.68,42.97,-21.22,10.89,-12.0,1.21,-0.79,-0.15,-4.51,-17.08,-13.04,-21.22,-33.71,-29.7,-8.0,-15.83,True,-12.0,-20.25,True,2026Q1
DCM,2026-05-29,CONTROL_RANDOM,,,,33.1,0.42,37.63,-24.26,0.61,-5.0,-5.79,-1.67,-4.07,-11.56,-10.89,-11.28,-16.42,-12.21,-14.66,-8.0,-6.67,True,-5.0,-3.28,True,2026Q2
DCM,2026-06-05,CONTROL_RANDOM,,,,11.6,0.42,36.3,-21.49,0.8,-5.0,-3.11,-1.86,-2.58,-10.03,-11.2,-10.53,-10.19,-10.5,-10.32,-8.0,-9.3,True,-5.0,-4.67,True,2026Q2
DPM,2019-06-21,WATCH,51.4,51.4,0.0,26.0,0.61,5.19,-22.74,0.58,-5.0,-3.08,-4.78,-4.12,-7.13,-10.56,-9.21,-20.23,-25.21,-23.26,-8.0,-7.59,True,-5.0,-4.59,True,2019Q2
DPM,2020-01-31,WATCH,44.0,44.0,0.0,29.4,0.91,3.63,-8.82,39.94,-5.0,2.2,0.66,0.81,5.23,8.74,8.42,31.13,47.43,45.92,-8.0,7.33,True,-5.0,10.33,True,2020Q1
DPM,2020-03-12,WATCH,49.3,49.3,20.0,36.3,1.06,3.47,-4.61,48.41,-5.0,7.2,10.72,10.92,27.09,22.99,22.75,41.79,19.44,18.15,41.79,18.15,False,41.79,18.15,False,2020Q1
DPM,2021-01-28,PANIC70_ANY,72.5,72.5,0.0,22.7,1.06,5.17,0.0,44.87,-5.0,13.35,0.47,-0.26,33.46,16.4,15.43,31.33,5.48,4.02,31.33,4.02,False,31.33,4.02,False,2021Q1
DPM,2022-01-11,WATCH,47.4,47.4,0.0,21.2,0.97,16.1,-10.56,76.27,-6.45,-1.12,1.99,1.89,14.1,13.9,13.91,70.19,71.33,71.29,-8.0,-5.64,True,-6.45,-6.9,True,2022Q1
DPM,2022-05-10,WATCH,52.3,52.3,0.0,29.9,0.93,21.25,-23.86,24.09,-5.71,-6.45,-2.23,-2.52,19.29,18.33,18.39,-6.26,-2.74,-2.97,-10.16,-2.06,True,-10.16,-2.06,True,2022Q2
DPM,2022-06-24,WATCH,60.8,60.8,10.0,23.3,1.14,20.38,-20.61,14.43,-12.0,-7.26,-7.8,-7.88,-11.04,-10.99,-10.98,-0.25,-2.05,-2.31,-8.0,-10.79,True,-12.0,-14.79,True,2022Q2
DPM,2022-09-29,WATCH,42.2,42.2,10.0,25.1,1.26,18.56,-28.61,10.56,-5.0,-9.0,-1.89,-0.01,-1.24,6.64,8.72,-4.09,4.41,6.66,-8.0,-3.8,True,-5.0,-0.8,True,2022Q3
DPM,2022-11-14,WATCH,58.2,58.2,0.0,26.5,1.34,14.46,-8.37,30.08,-5.0,2.56,-0.25,-1.21,23.93,10.82,6.35,22.96,9.77,5.28,22.96,5.28,False,22.96,5.28,False,2022Q4
DPM,2023-05-22,WATCH,50.3,50.3,20.0,23.4,0.75,14.42,-2.22,32.25,-5.0,0.76,0.3,0.42,3.74,0.15,1.06,30.65,15.66,19.48,30.65,19.48,False,30.65,19.48,False,2023Q2
DPM,2023-10-26,WATCH,43.6,43.6,0.0,27.6,1.07,15.49,-10.01,9.81,-5.0,0.13,-1.51,-1.62,3.94,0.52,0.29,4.13,-7.52,-8.31,-8.0,-4.85,True,-5.0,-1.85,True,2023Q4
DPM,2024-04-19,WATCH,41.4,41.4,0.0,23.3,1.26,15.71,-2.67,24.82,-5.0,1.72,-1.03,-1.75,15.66,7.44,5.3,12.16,4.5,2.5,12.16,2.5,False,12.16,2.5,False,2024Q2
DPM,2025-04-03,WATCH,61.0,61.0,0.0,19.7,0.99,15.85,-10.28,28.77,-5.0,9.53,2.44,2.53,11.8,2.27,2.39,25.87,6.66,6.91,-10.28,-4.75,True,-10.28,-4.75,True,2025Q2
DPM,2025-04-09,PANIC70_ANY,81.3,81.3,0.0,8.9,1.06,15.41,0.0,33.81,-9.49,9.09,4.7,4.45,13.95,3.03,2.4,30.76,9.37,8.14,30.76,8.14,False,30.76,8.14,False,2025Q2
DPM,2025-10-02,WATCH,42.6,42.6,0.0,27.4,0.98,22.33,-9.63,5.46,-5.0,2.51,-3.32,-3.2,0.63,1.34,1.32,-7.34,-12.09,-12.0,-8.0,-7.68,True,-5.0,-4.11,True,2025Q4
DPM,2026-06-23,WATCH,40.2,40.2,20.0,19.0,0.51,21.58,-4.54,10.06,-5.0,0.23,0.55,0.4,-4.31,6.62,1.31,5.65,9.58,7.67,5.65,7.67,False,5.65,7.67,False,2026Q2
DPM,2021-02-05,ENTRY_V2_LOOSE,31.8,77.4,55.0,29.2,1.01,5.89,-4.92,27.16,-12.0,5.77,1.52,1.48,14.6,9.5,9.45,11.54,-0.43,-0.54,11.54,-0.54,False,11.54,-0.54,False,2021Q1
DPM,2021-02-18,ENTRY_V2,,77.4,85.0,42.4,0.97,6.21,-4.51,20.61,-12.0,-2.58,-3.25,-3.23,13.37,10.49,10.58,5.31,-3.46,-3.19,5.31,-3.19,False,5.31,-3.19,False,2021Q1
DPM,2025-04-18,ENTRY_V2_LOOSE,,81.3,45.0,42.3,1.09,17.1,-6.96,22.75,-12.0,-0.29,-0.82,-0.87,1.17,-6.49,-7.21,21.64,-0.46,-2.53,21.64,-2.53,False,21.64,-2.53,False,2025Q2
DPM,2019-02-25,CONTROL_RSI,19.9,19.9,,29.5,0.66,6.4,-17.66,1.25,-5.0,0.47,0.39,0.41,-4.06,-1.86,-2.61,-10.16,-8.49,-9.06,-8.0,-7.69,True,-5.31,-3.88,True,2019Q1
DPM,2019-03-25,CONTROL_RSI,9.1,9.1,,32.2,0.65,6.12,-16.99,0.49,-5.0,-2.78,-4.4,-3.83,-8.99,-9.69,-9.45,-15.2,-14.45,-14.71,-8.0,-8.79,True,-5.0,-6.13,True,2019Q1
DPM,2019-04-23,CONTROL_RSI,18.7,18.7,,29.3,0.55,5.47,-14.81,6.03,-5.0,0.0,1.21,0.66,5.12,4.55,4.81,-11.88,-13.16,-12.58,-8.0,-7.4,True,-5.0,-3.87,True,2019Q2
DPM,2019-06-17,CONTROL_RSI,11.2,11.2,,32.7,0.62,5.25,-23.62,0.95,-5.0,-2.48,-4.0,-3.43,-7.05,-10.89,-9.45,-22.67,-25.16,-24.22,-8.0,-7.83,True,-5.0,-5.89,True,2019Q2
DPM,2019-07-19,CONTROL_RSI,12.3,12.3,,30.9,0.77,4.82,-16.8,1.04,-5.0,-1.66,-3.37,-2.98,-9.13,-9.11,-9.12,1.04,-0.17,0.1,-8.0,-7.37,True,-5.0,-5.83,True,2019Q3
DPM,2019-08-16,CONTROL_RSI,14.0,14.0,,30.3,0.91,4.45,-9.89,10.11,-5.51,-2.7,-2.58,-2.59,-6.97,-8.26,-8.14,1.57,-1.91,-1.59,-8.0,-6.64,True,-5.51,-4.88,True,2019Q3
DPM,2019-09-24,CONTROL_RSI,3.3,3.3,,33.9,1.09,4.15,-2.89,18.07,-5.0,1.93,1.4,1.35,10.36,10.18,10.16,1.2,4.74,5.04,1.2,5.04,False,1.2,5.04,False,2019Q3
DPM,2019-11-04,CONTROL_RSI,27.3,27.3,,26.1,0.98,4.34,-20.74,5.53,-5.0,4.15,4.58,4.57,-6.22,0.56,0.41,-16.36,-6.89,-7.09,-8.0,-1.89,True,-5.0,-0.6,True,2019Q4
DPM,2019-12-02,CONTROL_RSI,30.6,30.6,,22.9,1.1,4.07,-15.48,6.63,-5.0,2.46,2.15,2.12,1.23,0.85,0.82,-0.25,6.86,7.58,-8.0,-5.61,True,-5.0,-2.61,True,2019Q4
DPM,2020-01-06,CONTROL_RSI,17.9,17.9,,29.0,0.88,4.04,-18.07,5.2,-5.0,0.74,-0.43,-0.28,-7.92,-5.71,-5.99,5.2,26.94,24.23,-8.0,-6.24,True,-5.0,-3.24,True,2020Q1
DPM,2020-02-10,CONTROL_RSI,14.5,14.5,,30.9,0.95,3.66,-9.56,38.8,-7.72,4.37,4.67,4.66,5.74,15.75,15.3,24.04,36.61,36.04,-8.0,9.32,True,-7.72,9.61,True,2020Q1
DPM,2020-06-12,CONTROL_RSI,2.3,2.3,,34.2,0.9,4.71,-7.43,23.78,-6.58,7.22,6.79,6.83,2.34,2.2,2.21,19.32,16.71,16.96,19.32,16.96,False,-6.58,1.99,True,2020Q2
DPM,2020-07-27,CONTROL_RSI,23.4,23.4,,34.5,0.94,4.44,-1.8,40.99,-5.0,6.08,0.89,1.18,21.62,10.51,11.13,32.21,12.85,13.92,32.21,13.92,False,32.21,13.92,False,2020Q3
DPM,2020-10-28,CONTROL_RSI,32.6,32.6,,24.3,1.11,5.5,-0.55,29.09,-5.0,7.64,5.55,5.32,8.91,-0.61,-1.66,20.91,-6.11,-9.11,20.91,-9.11,False,20.91,-9.11,False,2020Q4
DPM,2021-01-27,CONTROL_RSI,26.4,26.4,,31.2,1.07,5.59,-7.51,33.99,-5.0,2.5,-4.26,-4.72,20.21,8.04,7.21,20.21,0.97,-0.34,20.21,-0.34,False,-5.0,-8.47,True,2021Q1
DPM,2021-04-22,CONTROL_RSI,30.9,30.9,,23.4,0.98,6.72,-6.99,31.25,-5.0,0.0,-1.22,-1.2,1.64,-5.0,-4.86,20.09,16.33,16.41,20.09,16.41,False,-5.0,-6.17,True,2021Q2
DPM,2021-07-09,CONTROL_RSI,10.6,10.6,,33.5,0.94,7.42,-5.26,94.61,-5.0,3.77,11.47,10.99,54.72,53.77,53.83,90.3,89.13,89.2,90.3,89.2,False,90.3,89.2,False,2021Q3
DPM,2021-09-23,CONTROL_RSI,20.6,20.6,,28.1,0.8,12.9,-9.61,56.67,-5.0,9.3,10.62,10.36,33.57,30.87,31.41,43.18,33.79,35.68,-8.14,-7.35,True,-8.14,-7.35,True,2021Q3
DPM,2021-12-06,CONTROL_RSI,10.1,10.1,,34.9,1.08,17.07,-15.64,47.86,-6.3,9.49,5.07,4.73,8.44,0.73,0.13,45.17,40.91,40.58,-8.0,-14.0,True,-6.33,-12.33,True,2021Q4
DPM,2022-01-10,CONTROL_RSI,20.1,20.1,,34.2,0.97,15.99,-9.94,77.49,-5.0,-3.0,1.31,1.16,10.57,11.3,11.27,61.35,63.11,63.05,-8.0,-4.73,True,-5.0,-4.51,True,2022Q1
DPM,2022-05-23,CONTROL_RSI,21.6,21.6,,33.4,1.05,20.68,-21.76,27.51,-12.0,9.38,3.33,3.02,1.84,5.64,5.84,-4.79,-9.37,-9.6,-10.35,-7.76,True,-12.0,-11.93,True,2022Q2
DPM,2022-06-22,CONTROL_RSI,21.0,21.0,,34.7,1.12,18.54,-12.73,25.78,-5.0,4.37,1.31,0.95,6.69,3.56,3.18,7.77,4.03,3.59,-8.0,-6.8,True,-5.0,-6.85,True,2022Q2
DPM,2022-09-21,CONTROL_RSI,3.4,3.4,,34.0,1.22,20.19,-34.37,4.66,-5.51,-8.07,-1.89,-0.52,-4.11,7.71,10.32,-10.2,1.88,4.54,-8.0,-0.45,True,-5.51,-2.87,True,2022Q3
DPM,2022-11-04,CONTROL_RSI,26.2,26.2,,28.8,1.33,16.93,-21.74,11.1,-5.0,-9.75,-4.83,-3.18,-0.12,-10.62,-14.12,3.78,-3.91,-6.47,-8.0,-1.44,True,-7.5,-0.94,True,2022Q4
DPM,2023-02-22,CONTROL_RSI,8.8,8.8,,32.9,1.09,16.39,-13.85,4.03,-5.0,-3.48,-1.93,-1.79,-5.92,-5.08,-5.0,-11.78,-12.9,-13.01,-8.0,-6.57,True,-5.0,-1.97,True,2023Q1
DPM,2023-04-26,CONTROL_RSI,30.7,30.7,,10.5,0.93,14.96,-5.75,16.38,-5.0,0.13,-1.06,-0.97,-2.87,-6.39,-6.15,14.91,0.07,1.1,14.91,1.1,False,-5.0,-7.61,True,2023Q2
DPM,2023-05-29,CONTROL_RSI,5.9,5.9,,33.0,0.68,14.24,0.0,33.92,-5.0,4.56,1.83,2.71,11.94,6.79,8.45,25.35,15.93,18.96,25.35,18.96,False,25.35,18.96,False,2023Q2
DPM,2023-09-28,CONTROL_RSI,29.2,29.2,,27.5,1.05,18.44,-24.4,9.16,-7.23,1.3,3.83,3.96,-15.08,-6.69,-6.23,-13.34,-8.62,-8.36,-8.0,-3.28,True,-7.23,-2.7,True,2023Q3
DPM,2023-11-06,CONTROL_RSI,26.6,26.6,,28.7,1.18,15.61,-2.5,8.97,-12.0,2.37,0.25,-0.14,5.7,3.01,2.52,3.01,-4.13,-5.43,3.01,-5.43,False,3.01,-5.43,False,2023Q4
DPM,2023-12-22,CONTROL_RSI,18.8,18.8,,28.7,1.19,15.96,-0.81,15.23,-5.0,4.57,2.09,1.6,0.56,-6.07,-7.36,10.71,-5.4,-8.53,10.71,-8.53,False,10.71,-8.53,False,2023Q4
DPM,2024-01-22,CONTROL_RSI,15.9,15.9,,29.7,1.16,16.15,-5.63,13.87,-5.0,1.86,2.22,2.28,5.02,0.5,-0.21,-2.85,-4.68,-4.96,-2.85,-4.96,False,-5.0,-4.11,True,2024Q1
DPM,2024-04-15,CONTROL_RSI,30.8,30.8,,26.8,1.26,15.96,-4.51,22.87,-5.0,-1.69,-0.62,-0.34,7.83,3.0,1.72,15.54,10.52,9.19,15.54,9.19,False,15.54,9.19,False,2024Q2
DPM,2024-06-24,CONTROL_RSI,21.3,21.3,,28.1,1.23,17.6,-8.81,10.17,-5.0,1.53,0.42,0.16,-3.64,-1.73,-1.28,4.77,3.54,3.25,-8.0,-1.35,True,-5.0,-3.3,True,2024Q2
DPM,2024-07-23,CONTROL_RSI,4.1,4.1,,34.3,1.28,16.84,-4.69,12.83,-5.0,2.91,0.79,0.2,11.4,6.62,5.31,5.82,0.93,-0.42,5.82,-0.42,False,5.82,-0.42,False,2024Q3
DPM,2024-10-07,CONTROL_RSI,8.4,8.4,,32.2,1.32,18.19,-5.99,7.37,-5.0,-1.32,-2.03,-2.26,-4.73,-2.67,-2.01,-0.33,0.08,0.21,-0.33,0.21,False,-5.0,-2.17,True,2024Q4
DPM,2024-11-04,CONTROL_RSI,3.4,3.4,,33.9,1.35,17.41,-1.78,12.18,-5.0,0.75,0.75,0.75,6.66,6.26,6.12,4.77,2.78,2.08,4.77,2.08,False,4.77,2.08,False,2024Q4
DPM,2024-12-25,CONTROL_RSI,10.5,10.5,,31.5,1.15,18.34,-5.94,6.76,-5.0,0.44,2.09,2.34,-2.24,-1.4,-1.28,-0.16,-3.44,-3.94,-0.16,-3.94,False,-5.0,-0.92,True,2024Q4
DPM,2025-03-13,CONTROL_RSI,16.9,16.9,,29.4,0.97,18.5,-23.14,1.41,-5.0,-0.7,-0.4,-0.41,-6.16,0.2,0.0,-1.68,-1.46,-1.47,-8.0,-0.99,True,-5.0,2.01,True,2025Q1
DPM,2025-08-28,CONTROL_RSI,12.6,12.6,,34.8,1.03,25.23,-17.99,4.28,-5.39,-2.02,1.1,1.19,-6.86,-5.18,-5.13,-14.27,-12.51,-12.46,-8.0,-5.72,True,-5.39,-3.66,True,2025Q3
DPM,2025-10-03,CONTROL_RSI,35.4,35.4,,20.4,0.92,22.71,-11.14,3.7,-5.0,-0.22,-5.72,-5.26,-4.36,-1.0,-1.28,-6.43,-11.31,-10.91,-8.0,-5.99,True,-5.0,-2.99,True,2025Q4
DPM,2025-11-25,CONTROL_RSI,10.0,10.0,,31.7,0.87,21.68,-6.92,20.94,-5.0,0.65,-3.22,-2.71,-3.46,-10.39,-9.48,19.19,6.41,8.08,19.19,8.08,False,-5.0,-3.89,True,2025Q4
DPM,2025-12-23,CONTROL_RSI,10.0,10.0,,31.7,0.84,20.79,-2.07,61.23,-5.0,0.19,0.09,0.11,10.58,5.64,6.44,38.72,44.89,43.89,38.72,43.89,False,38.72,43.89,False,2025Q4
DPM,2026-04-01,CONTROL_RSI,25.3,25.3,,31.8,0.63,27.29,-22.46,1.91,-7.12,-2.24,-4.02,-3.37,-8.9,-18.79,-15.15,-21.11,-30.12,-26.8,-8.0,-14.08,True,-7.12,-13.2,True,2026Q2
DPM,2026-05-04,CONTROL_RSI,12.8,12.8,,32.1,0.56,24.53,-16.02,8.6,-5.0,1.71,-0.88,0.25,-4.0,-2.56,-3.19,-13.53,-4.23,-8.3,-8.0,-6.18,True,-5.0,-3.97,True,2026Q2
DPM,2026-06-02,CONTROL_RSI,16.2,16.2,,29.6,0.53,23.55,-12.53,2.17,-5.0,-4.2,-3.08,-3.61,-8.15,-10.51,-9.4,-5.52,-5.36,-5.44,-8.0,-9.3,True,-5.0,-4.41,True,2026Q2
DPM,2026-06-30,CONTROL_RSI,13.3,13.3,,30.6,0.5,21.72,-5.16,9.35,-5.0,4.33,4.66,4.5,-0.87,7.47,3.31,5.43,9.7,7.57,5.43,7.57,False,-5.0,-0.67,True,2026Q2
DPM,2019-02-22,CONTROL_RANDOM,,,,37.6,0.66,6.31,-16.48,3.33,-5.0,0.16,0.37,0.3,-3.01,-0.4,-1.3,-9.03,-6.42,-7.32,-8.0,-7.4,True,-5.0,-4.14,True,2019Q1
DPM,2019-03-08,CONTROL_RANDOM,,,,24.5,0.63,6.34,-16.88,1.89,-5.0,-0.32,-3.26,-2.18,-7.57,-9.06,-8.51,-11.99,-9.48,-10.4,-8.0,-8.26,True,-5.0,-5.0,True,2019Q1
DPM,2019-08-15,CONTROL_RANDOM,,,,35.5,0.91,4.41,-9.07,11.11,-5.0,0.0,-1.8,-1.64,-5.9,-7.43,-7.29,-1.13,-5.43,-5.04,-8.0,-7.48,True,-5.0,-4.48,True,2019Q3
DPM,2019-09-12,CONTROL_RANDOM,,,,35.5,1.04,4.14,-2.66,18.36,-5.0,2.17,0.71,0.66,11.11,9.5,9.44,0.72,2.01,2.05,0.72,2.05,False,0.72,2.05,False,2019Q3
DPM,2019-10-04,CONTROL_RANDOM,,,,69.7,1.06,4.5,-10.44,8.89,-8.74,3.33,2.92,2.89,-3.56,-6.89,-7.08,-7.78,-5.31,-5.17,-8.0,-6.65,True,-8.74,-7.38,True,2019Q4
DPM,2019-10-09,CONTROL_RANDOM,,,,75.8,1.05,4.69,-14.07,4.48,-12.0,0.43,0.32,0.32,-6.4,-9.96,-10.13,-13.22,-10.83,-10.71,-8.0,-11.77,True,-12.0,-10.73,True,2019Q4
DPM,2019-11-07,CONTROL_RANDOM,,,,30.5,0.99,4.42,-22.17,3.62,-5.0,0.68,2.33,2.32,-5.66,0.52,0.47,-16.06,-6.69,-6.76,-8.0,-0.89,True,-5.0,-1.22,True,2019Q4
DPM,2019-11-11,CONTROL_RANDOM,,,,40.8,1.03,4.36,-21.1,5.05,-5.0,0.0,0.85,0.88,-4.36,1.21,1.4,-12.16,-4.36,-4.1,-8.0,-2.1,True,-5.0,-0.92,True,2019Q4
DPM,2020-02-27,CONTROL_RANDOM,,,,56.0,1.03,3.83,-13.58,34.46,-5.0,3.39,2.72,2.7,-3.13,18.26,18.97,27.94,31.1,31.2,-8.62,4.94,True,-5.0,3.65,True,2020Q1
DPM,2020-08-03,CONTROL_RANDOM,,,,42.3,0.96,4.69,-1.07,33.48,-8.9,3.62,1.17,1.26,22.17,13.81,14.11,18.12,6.19,6.63,18.12,6.63,False,18.12,6.63,False,2020Q3
DPM,2020-08-13,CONTROL_RANDOM,,,,58.7,0.95,4.95,-3.23,26.46,-12.0,7.68,7.62,7.62,20.0,15.28,15.53,24.04,12.6,13.19,24.04,13.19,False,24.04,13.19,False,2020Q3
DPM,2021-02-08,CONTROL_RANDOM,,,,33.5,0.99,5.68,-0.35,31.87,-11.64,9.15,1.2,1.26,18.31,10.15,10.21,22.36,6.27,6.4,22.36,6.4,False,22.36,6.4,False,2021Q1
DPM,2021-02-26,CONTROL_RANDOM,,,,69.0,0.99,6.09,-0.33,22.99,-9.79,10.84,11.57,11.56,14.94,15.05,15.05,9.2,-1.56,-1.43,9.2,-1.43,False,9.2,-1.43,False,2021Q1
DPM,2021-06-24,CONTROL_RANDOM,,,,71.9,0.89,7.97,-11.79,77.92,-7.38,6.65,3.89,4.2,2.38,10.58,9.65,63.24,66.3,65.95,-8.0,-2.49,True,-7.38,-1.88,True,2021Q2
DPM,2021-06-25,CONTROL_RANDOM,,,,77.1,0.89,8.26,-14.89,71.67,-10.71,0.61,-0.34,-0.23,2.91,11.87,10.87,56.17,59.56,59.18,-8.0,-7.4,True,-10.71,-4.24,True,2021Q2
DPM,2021-08-25,CONTROL_RANDOM,,,,62.8,0.83,12.62,-7.61,60.14,-9.76,7.37,4.56,5.04,-5.55,-6.73,-6.52,36.37,25.86,27.66,36.37,27.66,False,36.37,27.66,False,2021Q3
DPM,2021-11-03,CONTROL_RANDOM,,,,60.7,0.81,17.19,-16.23,22.11,-7.56,13.73,12.48,12.71,7.16,4.54,5.03,-11.23,-13.63,-13.17,-8.0,-10.7,True,-7.56,-10.26,True,2021Q4
DPM,2021-11-17,CONTROL_RANDOM,,,,58.2,0.83,18.88,-23.73,11.18,-11.55,-3.92,-5.61,-5.33,-2.33,-2.38,-2.37,-1.32,-3.29,-2.96,-8.63,-7.02,True,-11.55,-8.05,True,2021Q4
DPM,2022-03-07,CONTROL_RANDOM,,,,86.2,0.99,24.51,-33.66,19.22,-12.0,-3.55,-1.22,-1.25,0.94,-1.26,-1.23,-1.06,12.34,12.19,-8.0,-6.27,True,-14.36,-1.48,True,2022Q1
DPM,2022-05-19,CONTROL_RANDOM,,,,35.4,1.07,20.07,-19.38,31.39,-12.0,7.37,3.77,3.53,19.13,21.02,21.15,-3.74,-5.48,-5.6,-8.87,-6.92,True,-12.0,-10.05,True,2022Q2
DPM,2022-12-12,CONTROL_RANDOM,,,,82.0,1.21,17.72,-15.46,6.15,-12.0,3.44,4.66,4.92,-3.16,-5.09,-5.5,-13.37,-15.93,-16.46,-8.0,-10.09,True,-12.0,-10.7,True,2022Q4
DPM,2023-01-27,CONTROL_RANDOM,,,,46.0,1.14,17.55,-14.64,4.44,-5.99,1.2,3.73,4.1,-9.86,-1.23,0.01,-14.25,-7.42,-6.44,-8.0,-1.45,True,-5.99,0.49,True,2023Q1
DPM,2023-02-27,CONTROL_RANDOM,,,,29.7,1.1,16.1,-12.42,5.9,-5.0,-4.1,-5.08,-5.18,-5.22,-7.8,-8.05,-11.18,-14.68,-15.02,-8.0,-9.39,True,-5.0,-7.29,True,2023Q1
DPM,2023-03-17,CONTROL_RANDOM,,,,40.6,1.05,15.28,-7.72,11.58,-5.0,0.46,-0.53,-0.58,1.64,0.49,0.44,-3.14,-10.35,-10.71,-3.14,-10.71,False,-5.5,-8.39,True,2023Q1
DPM,2023-04-03,CONTROL_RANDOM,,,,60.6,1.0,15.57,-9.44,9.51,-5.0,1.22,2.32,2.32,-4.62,-0.83,-0.84,1.35,-2.24,-2.23,-8.0,-7.01,True,-5.0,-1.26,True,2023Q2
DPM,2023-05-10,CONTROL_RANDOM,,,,35.4,0.89,14.98,-5.87,21.09,-5.0,-0.6,-1.31,-1.23,-0.27,-4.09,-3.66,17.02,2.86,4.47,17.02,4.47,False,-5.0,-5.83,True,2023Q2
DPM,2023-09-21,CONTROL_RANDOM,,,,66.0,0.98,18.71,-25.49,7.59,-5.0,-3.15,0.47,0.39,-4.76,2.71,2.56,-14.06,-6.11,-6.27,-8.0,-0.68,True,-5.29,-0.42,True,2023Q3
DPM,2023-10-11,CONTROL_RANDOM,,,,52.6,0.96,19.32,-27.85,4.19,-8.66,-9.27,-3.44,-3.68,-16.51,-12.94,-13.09,-13.98,-13.94,-13.94,-8.0,-3.71,True,-8.66,-4.37,True,2023Q4
DPM,2023-12-20,CONTROL_RANDOM,,,,46.8,1.19,16.1,-1.68,14.22,-5.0,1.06,-1.93,-2.5,0.81,-6.97,-8.46,8.26,-8.67,-11.91,8.26,-11.91,False,8.26,-11.91,False,2023Q4
DPM,2024-04-16,CONTROL_RANDOM,,,,30.5,1.26,16.2,-5.93,21.05,-5.0,-5.31,-3.96,-3.61,8.64,4.08,2.91,12.28,7.4,6.14,12.28,6.14,False,-5.0,-0.46,True,2024Q2
DPM,2024-05-27,CONTROL_RANDOM,,,,68.8,1.15,17.77,-9.68,10.35,-9.7,6.64,5.75,5.62,0.56,1.79,1.97,5.51,5.49,5.49,-8.0,-0.42,True,5.51,5.49,False,2024Q2
DPM,2024-06-25,CONTROL_RANDOM,,,,33.1,1.24,17.92,-10.44,8.2,-5.0,1.51,0.08,-0.25,-4.69,-3.06,-2.68,2.62,1.58,1.34,-8.0,-1.05,True,-5.0,-5.95,True,2024Q2
DPM,2024-08-26,CONTROL_RANDOM,,,,73.2,1.3,18.11,-5.58,4.69,-5.0,-0.61,0.28,0.55,2.98,2.05,1.77,-0.28,3.73,4.93,-0.28,4.93,False,-5.0,-1.46,True,2024Q3
DPM,2024-10-17,CONTROL_RANDOM,,,,31.2,1.38,17.9,-4.47,9.11,-5.0,-1.45,1.52,2.65,-2.46,3.16,5.29,-1.28,3.01,4.64,-1.28,4.64,False,-1.28,4.64,False,2024Q4
DPM,2025-01-13,CONTROL_RANDOM,,,,37.8,1.14,17.77,-19.98,10.19,-5.0,-0.84,-1.76,-1.89,5.4,1.89,1.39,-5.4,-3.42,-3.14,-10.8,-8.58,True,-10.8,-8.58,True,2025Q1
DPM,2025-07-28,CONTROL_RANDOM,,,,81.3,1.05,22.42,-7.72,24.89,-10.9,-0.76,0.23,0.28,11.73,5.01,4.66,-2.68,-10.64,-11.05,-2.68,-11.05,False,-2.68,-11.05,False,2025Q3
DPM,2025-10-24,CONTROL_RANDOM,,,,36.6,0.9,21.72,-7.09,9.94,-6.23,0.0,4.68,4.19,-0.18,1.49,1.32,6.26,-4.88,-3.72,6.26,-3.72,False,-6.23,-3.56,True,2025Q4
DPM,2025-11-19,CONTROL_RANDOM,,,,53.7,0.88,23.13,-12.75,6.66,-8.25,-5.66,-7.62,-7.38,-9.94,-11.46,-11.27,2.81,-9.79,-8.25,-8.0,-13.06,True,-8.25,-13.31,True,2025Q4
DPM,2026-06-08,CONTROL_RANDOM,,,,12.5,0.54,22.99,-10.4,1.35,-5.0,-3.26,-3.75,-3.52,-7.74,-10.47,-9.22,-0.83,-3.82,-2.44,-8.0,-9.33,True,-5.0,-7.1,True,2026Q2
DPM,2026-07-02,CONTROL_RANDOM,,,,25.2,0.5,21.53,-4.32,10.31,-5.0,1.76,3.84,2.81,2.42,9.45,5.97,4.04,9.32,6.7,4.04,6.7,False,4.04,6.7,False,2026Q3
CSV,2019-01-07,WATCH,42.6,42.6,60.0,25.6,0.87,7.27,-0.28,16.64,-5.0,6.05,4.0,4.27,2.89,-2.29,-1.61,11.0,0.11,1.54,11.0,1.54,False,11.0,1.54,False,2019Q1
CSV,2019-07-24,WATCH,49.6,49.6,0.0,12.9,0.49,7.05,-12.91,3.4,-5.0,0.43,-0.64,-0.1,-2.13,-3.18,-2.64,-8.65,-8.89,-8.77,-8.0,-7.13,True,-5.0,-4.37,True,2019Q3
CSV,2019-09-11,WATCH,51.6,51.6,15.0,5.1,0.54,6.44,-9.63,4.66,-5.0,-2.02,-4.56,-3.39,-0.62,-2.16,-1.45,-8.39,-7.45,-7.88,-8.0,-7.28,True,-5.0,-7.39,True,2019Q3
CSV,2019-10-22,WATCH,44.6,44.6,25.0,26.8,0.43,6.2,-6.13,4.52,-5.0,1.45,0.05,0.85,-2.9,-4.27,-3.49,-2.9,-1.61,-2.35,-2.9,-2.35,False,-5.0,-3.8,True,2019Q4
CSV,2020-03-05,WATCH,40.9,40.9,25.0,28.2,0.67,6.08,-16.78,16.94,-5.64,-11.51,2.79,-1.97,-9.54,7.58,1.88,12.34,13.21,12.92,-8.0,0.98,True,-5.64,3.34,True,2020Q1
CSV,2020-07-27,WATCH,42.0,42.0,0.0,27.2,0.85,5.89,0.0,54.67,-5.0,7.13,1.94,2.7,19.02,7.91,9.53,50.59,31.23,34.07,50.59,34.07,False,50.59,34.07,False,2020Q3
CSV,2021-10-11,WATCH,40.1,40.1,35.0,30.0,0.63,16.4,-17.93,21.95,-8.66,-6.4,-6.49,-6.46,11.95,7.12,8.92,-15.0,-24.21,-20.78,-8.0,-7.78,True,-8.66,-8.44,True,2021Q4
CSV,2021-12-06,WATCH,45.4,45.4,10.0,25.5,0.72,14.43,-22.94,42.69,-5.0,7.97,3.55,4.8,-3.4,-11.1,-8.93,40.19,35.94,37.14,-8.0,-12.58,True,-5.0,-7.2,True,2021Q4
CSV,2022-01-10,WATCH,44.3,44.3,0.0,19.4,0.77,13.07,-14.92,73.14,-5.0,-8.65,-4.34,-5.33,16.14,16.87,16.71,43.23,44.99,44.59,-8.0,-5.4,True,-5.0,-4.61,True,2022Q1
CSV,2022-04-26,WATCH,52.6,52.6,0.0,29.6,1.12,15.74,-24.97,18.74,-10.83,5.4,5.59,5.61,-2.1,1.38,1.78,-5.46,4.82,6.01,-8.51,-5.32,True,-12.52,-0.04,True,2022Q2
CSV,2022-09-26,WATCH,44.4,44.4,0.0,23.1,1.29,13.89,-46.08,2.02,-5.0,-9.86,-1.42,1.0,-5.9,9.37,13.76,-21.81,-8.7,-4.93,-8.0,-3.04,True,-5.04,-0.07,True,2022Q3
CSV,2022-11-09,WATCH,46.0,46.0,20.0,25.6,1.33,10.69,-29.93,12.35,-5.0,-16.74,-16.18,-16.0,6.92,-0.85,-3.4,-5.24,-13.5,-16.21,-18.99,-14.4,True,-18.99,-14.4,True,2022Q4
CSV,2022-11-16,PANIC70_ANY,73.1,73.1,20.0,9.7,1.36,8.73,-3.09,37.57,-12.0,7.67,8.22,8.42,33.33,22.59,18.72,18.21,7.05,3.03,18.21,3.03,False,18.21,3.03,False,2022Q4
CSV,2023-10-26,WATCH,48.9,48.9,0.0,29.4,1.31,13.03,-4.76,41.6,-5.0,4.91,3.27,2.77,10.82,7.4,6.35,41.6,29.94,26.35,41.6,26.35,False,41.6,26.35,False,2023Q4
CSV,2024-04-19,WATCH,43.0,43.0,0.0,26.5,1.36,20.29,-0.94,97.29,-5.0,7.0,4.25,3.25,21.98,13.77,10.79,85.56,77.9,75.13,85.56,75.13,False,85.56,75.13,False,2024Q2
CSV,2025-04-03,WATCH,61.1,61.1,0.0,22.0,1.14,32.05,-13.79,16.22,-5.0,3.34,-3.74,-4.7,5.46,-4.07,-5.36,11.39,-7.81,-10.41,-13.35,-6.99,True,-13.35,-6.99,True,2025Q2
CSV,2025-04-11,PANIC70_ANY,85.8,85.8,20.0,25.7,1.13,31.62,-10.31,17.81,-12.0,-3.7,-1.44,-1.15,9.99,3.66,2.85,14.64,-2.41,-4.61,-9.55,-7.93,True,14.64,-4.61,False,2025Q2
CSV,2025-10-20,WATCH,46.4,46.4,20.0,25.4,0.93,29.0,-8.28,14.48,-5.0,6.9,4.48,4.64,12.07,10.9,10.98,11.72,-1.93,-1.0,-8.0,-13.06,True,-5.0,-10.06,True,2025Q4
CSV,2025-12-26,WATCH,43.1,43.1,0.0,14.3,0.86,27.0,-4.44,27.78,-5.0,2.04,-5.36,-4.31,6.67,2.66,3.22,0.37,2.13,1.88,0.37,1.88,False,0.37,1.88,False,2025Q4
CSV,2026-03-20,WATCH,40.3,40.3,30.0,26.1,0.8,27.1,-17.53,7.01,-5.0,-0.55,-2.54,-2.15,2.03,-10.67,-8.14,-9.04,-21.33,-18.88,-8.0,-19.46,True,-5.0,-18.31,True,2026Q1
CSV,2026-07-06,WATCH,46.7,46.7,20.0,26.1,0.72,22.45,-14.25,11.8,-5.0,1.11,2.96,2.44,-2.9,0.55,-0.41,-10.69,-5.1,-6.67,-8.0,-1.29,True,-5.0,0.52,True,2026Q3
CSV,2022-11-25,ENTRY_V2_LOOSE,1.1,73.1,55.0,38.5,1.35,9.91,-6.76,21.19,-12.0,12.31,0.68,-3.39,1.41,0.85,0.65,-4.84,-9.44,-11.04,-4.84,-11.04,False,-4.84,-11.04,False,2022Q4
CSV,2022-11-28,ENTRY_V2,,73.1,75.0,46.7,1.37,10.62,-12.99,13.09,-12.0,7.82,3.87,2.42,-3.2,-2.78,-2.62,-9.32,-12.46,-13.61,-8.0,-12.72,True,-12.0,-14.14,True,2022Q4
CSV,2025-04-18,ENTRY_V2_LOOSE,53.2,85.8,45.0,29.2,1.18,31.13,-8.9,19.66,-12.0,0.77,0.24,0.15,5.62,-2.04,-3.44,15.64,-6.45,-10.49,15.64,-10.49,False,15.64,-10.49,False,2025Q2
CSV,2025-04-23,ENTRY_V2,14.4,85.8,65.0,36.0,1.21,31.37,-1.08,18.74,-12.0,9.15,6.91,6.44,9.31,-0.98,-3.14,16.03,-8.23,-13.32,16.03,-13.32,False,16.03,-13.32,False,2025Q2
CSV,2019-01-02,CONTROL_RSI,30.0,30.0,,18.7,0.88,7.2,-2.22,17.78,-5.0,5.97,5.01,5.13,3.47,1.13,1.41,12.5,1.58,2.89,12.5,2.89,False,12.5,2.89,False,2019Q1
CSV,2019-01-31,CONTROL_RSI,12.4,12.4,,30.9,0.88,7.41,-2.83,14.44,-5.0,0.94,-3.32,-2.81,1.21,-6.82,-5.85,0.27,-3.57,-3.11,0.27,-3.11,False,0.27,-3.11,False,2019Q1
CSV,2019-04-17,CONTROL_RSI,7.4,7.4,,32.5,0.75,7.58,-5.01,6.6,-5.0,-0.26,-0.74,-0.62,2.9,1.17,1.6,0.0,-1.3,-0.98,0.0,-0.98,False,-5.0,-4.07,True,2019Q2
CSV,2019-06-06,CONTROL_RSI,11.0,11.0,,31.3,0.63,7.72,-12.82,1.81,-5.12,-1.04,-1.24,-1.17,-0.52,-3.01,-2.08,-11.79,-15.19,-13.92,-8.0,-10.42,True,-5.12,-7.6,True,2019Q2
CSV,2019-07-18,CONTROL_RSI,6.1,6.1,,33.0,0.51,7.61,-19.32,0.0,-5.0,-6.57,-8.13,-7.37,-8.41,-8.6,-8.51,-16.43,-18.01,-17.23,-8.0,-8.54,True,-5.0,-5.59,True,2019Q3
CSV,2019-08-22,CONTROL_RSI,11.5,11.5,,31.2,0.57,6.95,-13.67,0.58,-5.0,-2.01,-0.6,-1.21,-11.65,-10.59,-11.05,-13.24,-13.71,-13.5,-8.0,-6.36,True,-5.0,-3.63,True,2019Q3
CSV,2019-09-20,CONTROL_RSI,30.4,30.4,,20.2,0.5,6.27,-7.18,7.5,-5.0,2.39,1.91,2.15,1.91,2.74,2.32,-4.63,-1.57,-3.11,-4.63,-3.11,False,-5.0,-3.95,True,2019Q3
CSV,2019-10-23,CONTROL_RSI,14.4,14.4,,30.2,0.43,6.24,-6.73,3.85,-5.0,0.0,-1.01,-0.43,-2.4,-2.31,-2.36,-1.28,-0.28,-0.85,-1.28,-0.85,False,-5.0,-3.72,True,2019Q4
CSV,2019-11-20,CONTROL_RSI,30.0,30.0,,25.0,0.34,6.05,-6.28,8.6,-5.0,-0.83,2.07,0.17,0.17,4.88,1.79,2.81,9.44,5.09,2.81,5.09,False,-5.0,-2.54,True,2019Q4
CSV,2020-01-13,CONTROL_RSI,28.1,28.1,,26.8,0.41,6.02,-15.95,9.14,-5.0,1.99,-0.09,1.14,4.65,8.62,6.28,-3.32,16.24,4.72,-12.13,-3.43,True,-5.0,-3.38,True,2020Q1
CSV,2020-03-03,CONTROL_RSI,18.0,18.0,,29.8,0.68,6.11,-17.18,14.4,-6.19,-3.11,5.51,2.74,-13.42,9.96,2.46,14.4,15.44,15.1,-8.0,1.07,True,-6.19,2.88,True,2020Q1
CSV,2020-03-31,CONTROL_RSI,36.6,36.6,,23.8,0.75,5.23,-1.53,35.95,-5.21,4.02,-11.4,-7.53,12.24,-3.5,0.45,20.46,-5.43,1.07,20.46,1.07,False,20.46,1.07,False,2020Q1
CSV,2020-06-29,CONTROL_RSI,17.2,17.2,,29.7,0.83,6.42,-8.26,31.93,-5.0,-0.93,-4.13,-3.57,-3.89,-1.1,-1.59,30.53,21.47,23.06,-8.0,-2.92,True,-5.0,0.08,True,2020Q2
CSV,2020-11-11,CONTROL_RSI,8.1,8.1,,34.7,0.99,8.55,-2.22,20.12,-8.28,-0.23,-3.3,-3.27,3.63,-4.44,-4.34,5.73,-12.4,-12.18,5.73,-12.18,False,5.73,-12.18,False,2020Q4
CSV,2020-12-23,CONTROL_RSI,13.9,13.9,,30.4,0.92,8.91,-6.17,19.87,-5.0,3.25,1.41,1.56,2.81,-4.85,-4.21,7.86,0.62,1.23,7.86,1.23,False,-5.0,-0.92,True,2020Q4
CSV,2021-02-01,CONTROL_RSI,37.5,37.5,,34.1,0.93,8.49,-2.12,25.8,-5.0,4.95,-2.57,-2.02,22.85,10.79,11.68,2.36,-17.4,-15.95,2.36,-15.95,False,2.36,-15.95,False,2021Q1
CSV,2021-03-26,CONTROL_RSI,4.5,4.5,,33.9,0.93,9.61,-13.53,3.43,-6.68,1.25,-4.43,-4.02,-12.17,-16.46,-16.15,-4.68,-22.64,-21.36,-8.0,-12.62,True,-6.68,-14.51,True,2021Q1
CSV,2021-04-26,CONTROL_RSI,38.4,38.4,,18.6,0.87,8.53,-2.58,13.13,-5.0,3.05,0.02,0.43,-0.35,-7.74,-6.76,2.11,-4.47,-3.59,2.11,-3.59,False,2.11,-3.59,False,2021Q2
CSV,2021-07-06,CONTROL_RSI,4.3,4.3,,33.6,0.88,8.72,-2.87,179.82,-5.0,-1.03,4.49,3.85,25.8,27.28,27.11,112.16,113.62,113.45,112.16,113.45,False,112.16,113.45,False,2021Q3
CSV,2021-10-13,CONTROL_RSI,39.9,39.9,,25.9,0.61,16.56,-18.72,20.77,-8.79,-7.91,-7.4,-7.6,9.48,4.42,6.38,-17.69,-27.5,-23.71,-8.0,-8.15,True,-8.79,-8.68,True,2021Q4
CSV,2021-11-22,CONTROL_RSI,19.2,19.2,,33.2,0.61,14.9,-25.37,13.76,-5.0,9.6,7.44,8.29,-0.94,-3.12,-2.26,7.18,2.69,4.45,-8.0,-8.41,True,-5.0,-5.41,True,2021Q4
CSV,2021-12-20,CONTROL_RSI,3.5,3.5,,33.8,0.73,14.97,-25.72,39.08,-5.39,-6.88,-8.04,-7.73,-19.91,-17.57,-18.19,35.8,34.11,34.57,-8.0,-6.99,True,-5.39,-4.38,True,2021Q4
CSV,2022-01-19,CONTROL_RSI,30.3,30.3,,28.1,0.99,12.13,-2.64,86.56,-10.7,-0.49,-2.7,-2.69,33.72,29.84,29.86,39.74,43.89,43.86,39.74,43.86,False,39.74,43.86,False,2022Q1
CSV,2022-04-18,CONTROL_RSI,17.3,17.3,,32.1,1.09,19.02,-37.91,5.15,-11.62,-16.19,-9.61,-9.01,-25.5,-11.98,-10.74,-20.4,-2.73,-1.12,-8.0,-3.7,True,-11.62,-2.13,True,2022Q2
CSV,2022-05-23,CONTROL_RSI,24.2,24.2,,28.6,1.13,14.04,-7.26,33.12,-12.0,14.25,8.19,7.42,17.45,21.26,21.74,13.46,8.88,8.3,13.46,8.3,False,13.46,8.3,False,2022Q2
CSV,2022-06-27,CONTROL_RSI,19.4,19.4,,33.1,1.15,14.95,-12.91,18.53,-7.3,-3.28,-1.52,-1.27,-1.34,0.1,0.31,-0.33,-1.36,-1.51,-8.0,-2.97,True,-7.3,-2.27,True,2022Q2
CSV,2022-09-16,CONTROL_RSI,14.3,14.3,,30.5,1.22,15.54,-51.8,1.09,-5.0,-10.62,-5.98,-4.98,-15.77,-1.16,2.0,-27.28,-11.09,-7.59,-8.0,-2.36,True,-5.0,-2.94,True,2022Q3
CSV,2022-11-04,CONTROL_RSI,9.0,9.0,,34.1,1.31,11.6,-35.43,3.53,-5.0,-25.52,-20.6,-19.08,-4.05,-14.55,-17.79,-10.52,-18.21,-20.58,-8.0,-7.45,True,-6.38,-5.83,True,2022Q4
CSV,2022-12-22,CONTROL_RSI,6.0,6.0,,34.2,1.28,10.32,-10.95,13.76,-5.0,-0.68,0.94,1.4,8.53,0.82,-1.37,-6.4,-9.19,-9.98,-8.0,-8.12,True,-5.0,-7.51,True,2022Q4
CSV,2023-02-10,CONTROL_RSI,4.2,4.2,,34.0,1.15,10.15,-9.46,10.44,-5.0,3.45,0.05,-0.44,-6.21,-6.38,-6.4,4.33,3.75,3.67,-8.0,-5.13,True,-5.0,-1.76,True,2023Q1
CSV,2023-03-10,CONTROL_RSI,27.5,27.5,,25.8,1.13,9.57,-3.45,23.3,-5.5,-2.19,0.08,0.38,4.39,2.63,2.4,18.08,12.88,12.21,18.08,12.21,False,18.08,12.21,False,2023Q1
CSV,2023-05-22,CONTROL_RSI,5.7,5.7,,33.1,0.84,10.57,-0.85,34.82,-5.0,5.3,4.84,4.91,8.99,5.39,5.98,31.13,16.13,18.59,31.13,18.59,False,31.13,18.59,False,2023Q2
CSV,2023-08-18,CONTROL_RSI,26.1,26.1,,28.5,1.07,12.51,-1.04,42.85,-5.0,7.59,5.49,5.34,21.42,17.25,16.94,17.83,22.46,22.8,17.83,22.8,False,17.83,22.8,False,2023Q3
CSV,2023-11-03,CONTROL_RSI,34.4,34.4,,27.2,1.36,13.84,-8.16,55.78,-12.0,5.71,4.06,3.47,7.95,4.41,3.15,52.53,43.53,40.31,52.53,40.31,False,52.53,40.31,False,2023Q4
CSV,2024-04-22,CONTROL_RSI,26.4,26.4,,29.2,1.36,20.96,-4.1,90.98,-6.74,4.29,1.73,0.81,24.19,18.19,16.03,80.53,74.3,72.05,80.53,72.05,False,80.53,72.05,False,2024Q2
CSV,2024-09-04,CONTROL_RSI,11.7,11.7,,31.1,1.54,37.94,-12.05,4.74,-5.0,0.63,2.2,3.05,-2.06,-2.19,-2.27,-5.01,-2.33,-0.86,-8.0,-8.41,True,-5.0,-4.22,True,2024Q3
CSV,2024-10-07,CONTROL_RSI,23.0,23.0,,27.3,1.53,36.53,-8.65,28.22,-5.0,-0.41,-1.13,-1.51,-5.2,-3.14,-2.04,21.71,22.12,22.33,-8.0,-7.75,True,-5.0,-5.94,True,2024Q4
CSV,2025-01-14,CONTROL_RSI,34.2,34.2,,21.1,1.34,41.05,-32.69,10.09,-6.61,0.61,-0.14,-0.39,5.09,0.61,-0.91,-25.36,-24.06,-23.62,-8.0,-15.99,True,-6.61,-14.61,True,2025Q1
CSV,2025-03-05,CONTROL_RSI,24.9,24.9,,26.7,1.21,41.88,-34.03,1.5,-5.0,-4.78,-6.17,-6.47,-17.77,-11.79,-10.52,-17.77,-20.65,-21.26,-8.0,-7.89,True,-5.0,-6.68,True,2025Q1
CSV,2025-04-02,CONTROL_RSI,25.9,25.9,,27.5,1.26,34.44,-19.77,8.16,-5.0,-10.05,-6.09,-5.06,-2.26,-0.5,-0.04,5.55,-3.23,-5.51,-13.41,0.45,True,-13.41,0.45,True,2025Q2
CSV,2025-08-15,CONTROL_RSI,11.1,11.1,,31.7,1.15,35.75,-21.4,2.38,-6.65,-8.25,-6.77,-6.54,-4.06,-6.05,-6.35,-14.83,-14.43,-14.37,-8.0,-6.29,True,-6.65,-8.48,True,2025Q3
CSV,2025-10-02,CONTROL_RSI,14.9,14.9,,30.3,1.04,31.4,-15.29,5.73,-5.0,-0.8,-6.62,-6.86,1.75,2.46,2.49,-14.33,-19.08,-19.28,-8.0,-7.06,True,-5.0,-4.06,True,2025Q4
CSV,2025-12-08,CONTROL_RSI,30.0,30.0,,24.2,0.89,30.15,-11.77,14.43,-5.0,-5.31,-0.07,-0.64,-6.8,-11.51,-11.0,-2.16,1.37,0.98,-8.0,-3.33,True,-5.0,1.29,True,2025Q4
CSV,2026-02-10,CONTROL_RSI,14.1,14.1,,30.3,0.79,28.55,-10.68,20.84,-5.0,8.06,2.81,3.93,1.05,4.12,3.47,-7.18,-16.22,-14.29,-8.0,-0.12,True,-5.0,-0.93,True,2026Q1
CSV,2026-03-25,CONTROL_RSI,23.7,23.7,,31.2,0.84,26.4,-15.34,9.85,-5.42,7.2,5.19,5.51,0.38,-12.19,-10.21,-9.47,-21.96,-19.99,-8.0,-15.98,True,-5.42,-15.66,True,2026Q1
CSV,2026-04-29,CONTROL_RSI,10.3,10.3,,31.6,0.77,26.15,-23.52,3.25,-5.0,-1.15,-2.48,-2.17,-5.16,-3.77,-4.09,-23.52,-12.74,-15.24,-8.0,-4.71,True,-5.0,-4.71,True,2026Q2
CSV,2026-05-29,CONTROL_RSI,10.9,10.9,,32.3,0.73,24.7,-22.06,2.83,-5.0,-3.44,0.68,-0.44,-4.86,-4.19,-4.37,-11.94,-7.73,-8.87,-8.0,-5.51,True,-5.0,-2.51,True,2026Q2
CSV,2026-07-07,CONTROL_RSI,30.2,30.2,,10.2,0.72,22.25,-13.48,12.81,-5.0,4.27,7.8,6.82,-2.02,1.82,0.75,-10.11,-5.01,-6.43,-8.0,-1.03,True,-5.0,0.78,True,2026Q3
CSV,2026-08-05,CONTROL_RSI,23.6,23.6,,32.1,0.85,21.9,-10.5,3.2,-12.0,0.0,1.07,0.91,-2.51,-5.08,-4.7,,,,-8.0,-8.17,True,-9.59,-8.37,False,2026Q3
CSV,2026-09-23,CONTROL_RSI,18.6,18.6,,28.8,0.86,20.45,-4.16,1.22,-5.0,-2.44,0.43,0.04,,,,,,,-3.18,-1.16,False,-3.18,-1.16,False,2026Q3
CSV,2019-04-03,CONTROL_RANDOM,,,,46.0,0.79,7.89,-8.75,4.18,-5.0,0.13,0.28,0.25,-5.83,-2.16,-2.94,-4.56,-1.82,-2.4,-8.0,-5.62,True,-5.0,-2.99,True,2019Q2
CSV,2019-06-25,CONTROL_RANDOM,,,,52.4,0.58,7.52,-16.49,4.52,-5.0,0.13,-1.02,-0.53,-6.25,-10.35,-8.62,-16.09,-21.11,-18.99,-8.0,-9.57,True,-5.05,-7.43,True,2019Q2
CSV,2019-09-17,CONTROL_RANDOM,,,,22.8,0.49,6.44,-9.63,4.66,-5.0,-2.95,-2.1,-2.53,-1.24,-1.11,-1.18,-7.61,-4.2,-5.93,-8.0,-6.2,True,-5.0,-5.98,True,2019Q3
CSV,2019-11-21,CONTROL_RANDOM,,,,48.6,0.32,6.17,-8.1,6.48,-5.0,-3.4,-1.19,-2.7,1.62,5.28,2.78,-3.4,5.6,-0.55,-8.0,-5.94,True,-5.0,-3.93,True,2019Q4
CSV,2019-12-18,CONTROL_RANDOM,,,,48.9,0.41,6.05,-13.55,8.6,-5.0,4.96,4.12,4.61,1.82,-1.16,0.59,-9.09,16.25,1.36,-12.56,-4.37,True,-5.0,-4.02,True,2019Q4
CSV,2020-12-24,CONTROL_RANDOM,,,,34.0,0.92,8.72,-4.13,22.48,-5.0,5.5,0.67,1.07,12.39,3.29,4.03,12.39,2.39,3.21,12.39,3.21,False,12.39,3.21,False,2020Q4
CSV,2021-01-22,CONTROL_RANDOM,,,,49.3,0.9,9.32,-10.3,14.59,-8.59,-8.91,2.15,1.04,1.72,-0.17,0.02,-9.44,-14.21,-13.74,-8.0,1.95,True,-8.59,1.36,True,2021Q1
CSV,2021-01-25,CONTROL_RANDOM,,,,60.8,0.88,9.8,-15.2,8.98,-12.0,-12.65,-4.98,-5.87,-3.57,-5.43,-5.21,-12.96,-18.5,-17.86,-8.0,2.7,True,-12.0,-2.18,True,2021Q1
CSV,2022-01-11,CONTROL_RANDOM,,,,16.7,0.8,12.49,-10.97,81.18,-5.0,-4.0,-0.89,-1.51,21.86,21.66,21.7,57.57,58.71,58.48,-8.01,-5.31,True,-5.0,-3.05,True,2022Q1
CSV,2022-03-15,CONTROL_RANDOM,,,,57.8,0.89,17.54,-32.67,29.02,-6.64,15.91,12.98,13.32,12.2,11.35,11.45,-10.26,5.68,3.86,-8.0,1.03,True,-6.64,2.39,True,2022Q1
CSV,2022-08-15,CONTROL_RANDOM,,,,62.9,1.24,16.02,-37.7,10.61,-11.85,6.62,6.87,6.93,-0.44,1.79,2.32,-37.7,-12.05,-6.02,-8.0,-1.35,True,-11.85,-2.18,True,2022Q3
CSV,2022-11-09,CONTROL_RANDOM,,,,25.6,1.33,10.69,-29.93,12.35,-5.0,-16.74,-16.18,-16.0,6.92,-0.85,-3.4,-5.24,-13.5,-16.21,-18.99,-14.4,True,-18.99,-14.4,True,2022Q4
CSV,2022-11-17,CONTROL_RANDOM,,,,14.8,1.35,8.9,-4.94,34.94,-12.0,8.65,8.21,8.05,30.11,21.29,18.18,17.98,5.62,1.27,17.98,1.27,False,17.98,1.27,False,2022Q4
CSV,2022-11-28,CONTROL_RANDOM,,,,46.7,1.37,10.62,-12.99,13.09,-12.0,7.82,3.87,2.42,-3.2,-2.78,-2.62,-9.32,-12.46,-13.61,-8.0,-12.72,True,-12.0,-14.14,True,2022Q4
CSV,2023-01-18,CONTROL_RANDOM,,,,65.0,1.19,10.69,-14.03,9.82,-5.0,0.84,2.48,2.79,-5.89,-2.07,-1.35,0.94,5.16,5.95,-8.0,-2.38,True,-5.0,-0.64,True,2023Q1
CSV,2023-02-14,CONTROL_RANDOM,,,,42.1,1.15,10.29,-10.69,8.94,-7.87,-0.87,-2.52,-2.76,-6.61,-9.02,-9.37,2.72,-0.03,-0.43,-8.0,-6.62,True,-7.87,-6.49,True,2023Q1
CSV,2023-02-20,CONTROL_RANDOM,,,,32.0,1.14,10.53,-12.73,6.46,-9.87,-10.45,-4.48,-3.63,-10.54,-5.28,-4.54,-0.47,1.61,1.9,-8.0,-0.83,True,-9.87,-3.06,True,2023Q1
CSV,2023-05-11,CONTROL_RANDOM,,,,51.2,0.95,10.59,-2.55,34.28,-5.0,-1.04,-1.92,-1.88,11.8,7.09,7.34,31.16,15.25,16.09,31.16,16.09,False,31.16,16.09,False,2023Q2
CSV,2023-06-19,CONTROL_RANDOM,,,,54.7,0.9,11.37,0.0,33.07,-5.0,13.28,10.7,10.95,19.0,12.82,13.43,27.18,16.5,17.56,27.18,17.56,False,27.18,17.56,False,2023Q2
CSV,2023-10-25,CONTROL_RANDOM,,,,36.8,1.29,13.69,-9.35,26.0,-5.0,0.0,0.68,0.87,5.19,4.66,4.51,26.0,16.89,14.29,-8.0,-3.2,True,-5.0,-0.2,True,2023Q4
CSV,2023-12-11,CONTROL_RANDOM,,,,60.4,1.29,15.6,-7.44,51.47,-12.0,-4.94,-2.16,-1.35,5.32,2.31,1.42,47.12,34.44,30.71,47.12,30.71,False,47.12,30.71,False,2023Q4
CSV,2024-02-22,CONTROL_RANDOM,,,,62.0,1.38,21.75,-7.77,18.11,-9.69,0.87,-1.4,-2.27,-1.2,-5.38,-6.98,13.79,9.67,8.09,13.79,8.09,False,13.79,8.09,False,2024Q1
CSV,2024-04-16,CONTROL_RANDOM,,,,45.8,1.33,22.46,-10.69,78.23,-8.31,-6.68,-5.33,-4.88,10.02,5.46,3.95,69.37,64.48,62.86,-9.66,-6.26,True,-9.66,-6.26,True,2024Q2
CSV,2024-06-13,CONTROL_RANDOM,,,,60.3,1.31,27.19,-5.52,62.6,-9.05,-1.8,-0.16,0.34,41.34,43.07,43.61,37.73,41.43,42.56,37.73,42.56,False,37.73,42.56,False,2024Q2
CSV,2024-06-20,CONTROL_RANDOM,,,,61.9,1.32,26.93,-4.6,64.17,-6.2,-3.9,-0.81,0.2,40.51,42.09,42.6,40.88,42.92,43.58,40.88,43.58,False,40.88,43.58,False,2024Q2
CSV,2024-06-27,CONTROL_RANDOM,,,,50.0,1.35,26.74,-3.22,65.33,-5.32,22.4,20.59,19.96,38.97,40.41,40.91,43.16,41.83,41.37,43.16,41.37,False,43.16,41.37,False,2024Q2
CSV,2024-12-20,CONTROL_RANDOM,,,,76.0,1.61,44.7,-13.06,4.79,-12.0,0.34,-0.42,-0.88,-8.59,-7.29,-6.51,-10.67,-16.17,-19.51,-8.28,-4.87,True,-12.0,-8.59,True,2024Q4
CSV,2024-12-23,CONTROL_RANDOM,,,,75.4,1.59,43.82,-11.32,6.89,-12.0,1.46,1.16,0.99,-5.75,-4.13,-3.18,-9.42,-14.42,-17.35,-8.0,-4.56,True,-9.42,-17.35,False,2024Q4
CSV,2024-12-24,CONTROL_RANDOM,,,,83.0,1.56,46.84,-17.04,0.0,-12.0,-3.12,-3.73,-4.07,-10.8,-10.61,-10.51,-15.88,-20.78,-23.53,-8.0,-6.06,True,-12.47,-9.2,True,2024Q4
CSV,2025-01-17,CONTROL_RANDOM,,,,33.9,1.33,42.32,-34.71,6.78,-9.17,-1.16,-1.4,-1.48,-1.16,-5.52,-6.94,-31.05,-26.82,-25.44,-8.0,-16.08,True,-9.17,-15.2,True,2025Q1
CSV,2025-01-22,CONTROL_RANDOM,,,,28.2,1.34,41.3,-33.1,9.42,-6.85,3.63,1.55,0.84,2.35,-2.65,-4.35,-24.16,-22.85,-22.4,-8.0,-14.6,True,-6.85,-13.45,True,2025Q1
CSV,2025-09-19,CONTROL_RANDOM,,,,47.5,1.09,33.7,-16.62,0.0,-6.08,-4.15,-4.75,-4.8,-16.32,-15.1,-15.0,-15.28,-14.64,-14.58,-8.0,-7.29,True,-6.08,-6.41,True,2025Q3
CSV,2025-11-07,CONTROL_RANDOM,,,,67.3,0.89,30.8,-13.64,8.6,-8.3,3.08,-0.44,-0.07,-2.11,-11.85,-10.82,-1.79,-13.89,-12.6,-8.0,-10.73,True,-8.3,-12.84,True,2025Q4
CSV,2025-12-17,CONTROL_RANDOM,,,,17.2,0.87,28.4,-9.15,21.48,-5.0,-2.46,-6.48,-5.97,7.75,-5.45,-3.77,-9.15,-4.12,-4.76,-8.0,-3.6,True,-5.0,-7.83,True,2025Q4
CSV,2026-01-27,CONTROL_RANDOM,,,,56.9,0.78,29.35,-12.1,17.55,-5.06,3.07,5.58,5.04,10.56,11.62,11.39,-10.56,-11.45,-11.26,-8.0,-2.58,True,-5.06,2.81,True,2026Q1
CSV,2026-02-05,CONTROL_RANDOM,,,,47.4,0.76,30.2,-15.56,14.24,-8.34,-3.97,-7.1,-6.36,-5.46,-1.36,-2.33,-12.75,-20.08,-18.34,-8.0,-4.03,True,-8.34,-4.37,True,2026Q1
CSV,2026-03-19,CONTROL_RANDOM,,,,37.9,0.81,27.9,-19.89,3.94,-7.17,-1.43,0.09,-0.21,-1.61,-8.59,-7.24,-10.93,-17.27,-16.04,-8.0,-17.61,True,-7.17,-3.19,True,2026Q1
CSV,2026-04-02,CONTROL_RANDOM,,,,48.6,0.82,28.5,-21.58,1.75,-11.43,-2.98,-5.92,-5.38,-7.72,-18.96,-16.91,-17.72,-27.55,-25.75,-8.0,-16.45,True,-11.43,-21.67,True,2026Q2
CSV,2026-05-07,CONTROL_RANDOM,,,,19.4,0.77,26.25,-26.67,2.86,-5.0,-0.57,-1.12,-0.99,-6.48,-2.7,-3.57,-19.24,-10.06,-12.17,-8.0,-4.29,True,-5.0,-3.08,True,2026Q2
CSV,2026-06-04,CONTROL_RANDOM,,,,25.0,0.72,24.5,-21.43,3.67,-5.0,-2.45,-0.19,-0.81,-5.71,-7.3,-6.86,-12.04,-11.99,-12.0,-8.0,-6.84,True,-5.0,-3.84,True,2026Q2
VHC,2020-01-31,WATCH,53.6,53.6,0.0,31.0,0.88,23.32,-40.87,9.01,-5.0,-1.16,-2.7,-2.52,-4.55,-1.04,-1.44,-12.91,3.39,1.49,-8.79,-5.47,True,-6.0,-6.9,True,2020Q1
VHC,2020-02-03,PANIC70_ANY,82.6,82.6,0.0,15.1,0.95,22.29,-38.13,14.04,-5.0,0.0,-0.56,-0.54,3.1,7.27,7.06,-8.61,8.63,7.76,-8.0,1.59,True,-5.0,-0.18,True,2020Q1
VHC,2020-03-09,WATCH,52.7,52.7,20.0,28.8,1.07,19.79,-30.32,29.31,-5.0,-15.92,-7.56,-7.01,-7.43,0.66,1.19,28.95,20.06,19.48,-9.85,-4.02,True,-9.85,-4.02,True,2020Q1
VHC,2020-03-11,PANIC70_ANY,70.4,70.4,0.0,23.4,1.12,17.84,-22.7,56.67,-5.0,-7.51,-0.81,-0.02,-0.22,2.36,2.67,52.07,36.47,34.64,-11.55,-7.21,True,-11.55,-7.21,True,2020Q1
VHC,2020-12-29,WATCH,41.0,41.0,0.0,24.9,0.98,29.29,-15.33,9.32,-5.0,1.95,-3.21,-3.11,-7.1,-0.21,-0.34,-3.18,-13.75,-13.55,-13.49,-9.64,True,-6.62,0.14,True,2020Q4
VHC,2021-01-29,WATCH,60.1,60.1,0.0,25.5,0.77,27.28,-9.09,14.74,-9.65,-4.88,-7.39,-6.81,12.5,1.93,4.39,-3.56,-21.91,-17.65,-8.0,-9.93,True,-3.56,-17.65,False,2021Q1
VHC,2021-02-01,PANIC70_ANY,74.2,74.2,0.0,18.7,0.81,25.84,-4.02,21.13,-5.0,1.82,-5.7,-4.26,16.68,4.62,6.93,0.27,-19.49,-15.7,0.27,-15.7,False,0.27,-15.7,False,2021Q1
VHC,2021-07-08,WATCH,49.8,49.8,0.0,26.5,0.88,28.64,-9.78,39.87,-7.2,-3.74,1.75,1.1,4.78,7.2,6.92,37.12,38.57,38.4,-8.0,0.42,True,-7.2,-2.25,True,2021Q3
VHC,2021-07-19,PANIC70_ANY,70.3,70.3,10.0,26.2,0.93,26.56,-1.36,59.19,-5.41,10.69,8.01,8.2,24.89,15.27,15.96,54.07,42.14,42.99,54.07,42.99,False,54.07,42.99,False,2021Q3
VHC,2022-05-13,WATCH,41.0,41.0,25.0,36.6,1.14,65.12,-15.34,34.09,-5.0,2.84,1.95,1.83,8.18,6.61,6.4,-2.27,-6.3,-6.86,-10.23,-4.73,True,-5.01,-3.2,True,2022Q2
VHC,2022-07-06,WATCH,48.0,48.0,0.0,25.7,1.17,59.05,-6.64,18.05,-6.14,0.25,-2.64,-3.13,3.88,-5.28,-6.83,-1.0,4.44,5.37,-1.0,5.37,False,-6.14,-6.78,True,2022Q3
VHC,2022-10-04,WATCH,42.6,42.6,0.0,26.4,1.26,56.09,-20.22,5.38,-5.0,1.32,6.56,7.94,-3.42,2.89,4.54,-5.46,1.54,3.38,-9.63,-3.13,True,-9.63,-3.13,True,2022Q4
VHC,2022-10-07,PANIC70_ANY,70.1,70.1,0.0,25.4,1.3,49.28,-9.19,19.95,-5.0,15.46,12.33,11.38,13.31,17.67,19.0,11.0,8.62,7.9,-8.0,-6.21,True,-5.0,4.2,True,2022Q4
VHC,2022-11-24,WATCH,47.9,47.9,15.0,22.7,1.06,48.85,-13.06,15.25,-7.42,4.97,-7.92,-8.67,7.0,0.34,-0.05,-12.9,-19.65,-20.05,-8.0,-18.73,True,-7.42,-18.15,True,2022Q4
VHC,2023-02-27,WATCH,46.3,46.3,0.0,25.2,0.82,42.7,-5.18,11.19,-5.0,-1.08,-2.06,-1.88,-3.02,-5.6,-5.14,2.3,-1.21,-0.58,2.3,-0.58,False,-5.0,-7.28,True,2023Q1
VHC,2023-10-30,WATCH,45.3,45.3,10.0,22.7,1.03,51.13,-6.98,19.28,-5.0,0.9,-2.42,-2.52,1.49,-3.28,-3.43,11.62,-0.56,-0.94,11.62,-0.94,False,11.62,-0.94,False,2023Q4
VHC,2025-01-10,WATCH,52.4,52.4,0.0,14.5,1.09,62.62,-27.47,12.66,-5.0,8.18,6.31,6.15,7.57,3.81,3.49,-23.14,-23.23,-23.24,-9.73,-10.01,True,-9.73,-10.01,True,2025Q1
VHC,2025-04-03,WATCH,57.7,57.7,10.0,16.0,1.07,52.67,-19.73,13.39,-5.0,-3.85,-10.94,-11.45,-5.15,-14.67,-15.36,5.32,-13.89,-15.27,-13.4,-7.39,True,-13.4,-7.39,True,2025Q2
VHC,2025-04-10,PANIC70_ANY,78.4,78.4,0.0,16.7,1.12,51.03,-17.15,17.03,-12.0,-9.09,-11.9,-12.23,3.78,-6.66,-7.91,12.87,-7.82,-10.29,-8.0,-10.31,True,-12.0,-14.96,True,2025Q2
VHC,2020-02-12,ENTRY_V2,25.5,82.6,60.0,38.5,1.04,25.38,-45.67,0.16,-12.0,-6.9,-7.0,-7.0,-31.88,-13.96,-13.18,-10.01,0.86,1.33,-8.0,-7.73,True,-13.51,-10.45,True,2020Q1
VHC,2021-02-18,ENTRY_V2_LOOSE,,74.2,50.0,42.6,0.82,28.14,-10.2,11.23,-12.0,1.53,0.85,0.97,6.89,4.02,4.52,-3.3,-12.08,-10.54,-8.0,-13.54,True,-3.3,-10.54,False,2021Q1
VHC,2021-02-23,ENTRY_V2,,73.5,75.0,44.0,0.82,28.0,-9.75,11.79,-12.0,7.68,7.46,7.5,-0.29,1.61,1.28,1.0,-8.6,-6.91,-8.46,-12.93,True,1.0,-6.91,False,2021Q1
VHC,2021-07-26,ENTRY_V2,,70.3,100.0,52.0,0.99,30.01,-5.03,43.52,-12.0,-3.73,-8.43,-8.36,5.86,3.82,3.85,42.32,33.51,33.64,42.32,33.64,False,42.32,33.64,False,2021Q3
VHC,2021-08-02,ENTRY_V2_LOOSE,,70.3,45.0,56.3,0.99,29.07,-1.96,59.27,-11.74,5.95,2.28,2.33,22.36,21.05,21.06,54.35,44.93,45.04,54.35,45.04,False,54.35,45.04,False,2021Q3
VHC,2022-10-10,ENTRY_V2_LOOSE,45.7,70.1,55.0,31.9,1.31,52.98,-15.53,11.57,-12.0,7.55,4.92,4.1,7.4,12.68,14.33,2.25,1.29,0.99,-8.51,-3.61,True,-12.0,-3.78,True,2022Q4
VHC,2025-04-24,ENTRY_V2_LOOSE,26.2,94.9,40.0,35.9,1.08,47.45,-2.34,25.86,-12.0,5.5,3.61,3.46,15.89,6.54,5.81,17.3,-5.93,-7.75,17.3,-7.75,False,17.3,-7.75,False,2025Q2
VHC,2019-01-03,CONTROL_RSI,14.9,14.9,,31.5,1.01,28.89,-1.28,16.75,-5.0,5.71,2.27,2.25,8.27,4.15,4.13,4.53,-8.82,-8.9,4.53,-8.9,False,4.53,-8.9,False,2019Q1
VHC,2019-02-20,CONTROL_RSI,1.2,1.2,,34.6,0.92,31.04,-8.12,7.57,-5.0,2.71,3.46,3.4,-1.93,-2.85,-2.78,0.77,-0.35,-0.26,-8.0,-7.74,True,-5.0,-4.74,True,2019Q1
VHC,2019-03-22,CONTROL_RSI,10.9,10.9,,31.4,0.85,30.0,-4.93,11.23,-5.0,-0.77,-2.0,-1.81,2.7,3.57,3.44,-0.53,1.24,0.98,-0.53,0.98,False,-0.53,0.98,False,2019Q1
VHC,2019-05-08,CONTROL_RSI,7.4,7.4,,32.5,0.68,30.03,-3.6,11.12,-5.0,3.7,1.04,1.9,3.26,3.5,3.42,2.0,-2.94,-1.34,2.0,-1.34,False,2.0,-1.34,False,2019Q2
VHC,2019-06-12,CONTROL_RSI,7.2,7.2,,32.6,0.79,30.22,-14.89,4.63,-5.0,-1.72,-2.55,-2.38,-0.13,-3.01,-2.4,-9.43,-11.83,-11.32,-8.0,-10.62,True,-5.0,-6.22,True,2019Q2
VHC,2019-08-06,CONTROL_RSI,29.6,29.6,,25.1,0.63,29.5,-12.81,0.1,-5.0,-2.92,-3.09,-3.03,-7.69,-8.69,-8.32,-6.07,-9.34,-8.14,-8.0,-8.66,True,-5.0,-6.03,True,2019Q3
VHC,2019-09-05,CONTROL_RSI,7.9,7.9,,33.1,0.7,27.27,-5.68,5.28,-7.08,0.26,-0.7,-0.41,2.49,1.5,1.8,-4.29,-3.57,-3.79,-4.29,-3.79,False,-4.29,-3.79,False,2019Q3
VHC,2019-10-22,CONTROL_RSI,20.3,20.3,,28.9,0.75,26.72,-3.74,7.3,-5.0,3.97,2.56,2.91,0.75,-0.62,-0.28,0.37,1.66,1.35,0.37,1.35,False,0.37,1.35,False,2019Q4
VHC,2019-11-19,CONTROL_RSI,18.5,18.5,,28.8,0.67,26.96,-21.36,6.34,-5.0,-3.3,-0.23,-1.25,-1.52,4.23,2.32,-12.35,-5.31,-7.65,-8.0,-3.2,True,-5.0,-1.71,True,2019Q4
VHC,2019-12-27,CONTROL_RSI,10.0,10.0,,34.5,0.51,27.44,-49.74,4.48,-6.05,1.49,1.91,1.71,-22.49,-18.98,-20.69,-48.76,-17.57,-32.81,-8.02,-6.62,True,-6.05,-5.87,True,2019Q4
VHC,2020-02-06,CONTROL_RSI,36.7,36.7,,29.5,1.0,23.32,-40.87,9.01,-11.31,2.96,3.08,3.08,-5.7,-0.68,-0.68,-11.75,4.87,4.87,-8.79,-2.78,True,-11.75,-0.76,True,2020Q1
VHC,2020-04-01,CONTROL_RSI,35.2,35.2,,34.1,1.08,14.61,-1.16,91.31,-8.78,21.83,11.66,10.82,38.06,26.97,26.06,64.82,44.88,43.23,64.82,43.23,False,64.82,43.23,False,2020Q2
VHC,2020-06-29,CONTROL_RSI,1.3,1.3,,34.6,1.21,24.28,-6.92,22.61,-5.0,1.85,-1.34,-2.01,0.0,2.79,3.38,21.5,12.44,10.53,21.5,10.53,False,-5.0,2.46,True,2020Q2
VHC,2020-08-03,CONTROL_RSI,18.6,18.6,,34.9,1.19,23.67,-0.3,32.32,-6.57,6.93,4.47,4.0,12.17,3.8,2.2,24.63,12.7,10.42,24.63,10.42,False,24.63,10.42,False,2020Q3
VHC,2020-12-21,CONTROL_RSI,23.2,23.2,,31.5,1.01,29.36,-15.53,9.06,-5.0,-0.61,-2.24,-2.27,1.23,-3.66,-3.72,-4.9,-12.3,-12.4,-13.69,-11.33,True,-6.85,-1.42,True,2020Q4
VHC,2021-01-28,CONTROL_RSI,33.8,33.8,,34.0,0.79,25.34,-2.13,23.52,-5.0,5.09,-7.79,-5.06,20.96,3.89,7.51,2.57,-23.29,-17.81,2.57,-17.81,False,2.57,-17.81,False,2021Q1
VHC,2021-03-23,CONTROL_RSI,1.9,1.9,,34.4,0.82,28.71,-11.98,20.03,-5.0,-3.0,-4.88,-4.54,-10.24,-15.23,-14.33,14.14,-3.24,-0.09,-8.0,-12.85,True,-5.0,-10.45,True,2021Q1
VHC,2021-04-20,CONTROL_RSI,7.6,7.6,,32.5,0.85,26.56,-4.86,29.74,-5.0,-0.26,1.71,1.41,6.48,3.81,4.22,0.0,1.65,1.39,0.0,1.39,False,0.0,1.39,False,2021Q2
VHC,2021-07-06,CONTROL_RSI,32.5,32.5,,31.7,0.87,29.0,-10.9,33.17,-5.0,-5.83,-0.3,-1.01,0.86,2.34,2.15,29.72,31.19,31.0,-8.0,-4.24,True,-5.0,-1.24,True,2021Q3
VHC,2021-11-30,CONTROL_RSI,2.3,2.3,,34.4,1.32,44.0,-6.68,40.25,-6.01,1.0,2.73,3.28,6.8,6.3,6.14,36.05,34.25,33.68,36.05,33.68,False,-6.01,-0.23,True,2021Q4
VHC,2022-06-22,CONTROL_RSI,32.5,32.5,,30.8,1.13,61.86,-10.88,14.24,-5.0,11.85,8.79,8.39,0.48,-2.65,-3.05,0.13,-3.6,-4.09,-8.0,-7.34,True,-5.5,-4.29,True,2022Q2
VHC,2022-09-22,CONTROL_RSI,20.6,20.6,,28.3,1.2,62.16,-28.01,1.9,-5.56,1.06,7.7,9.05,-14.69,1.21,4.45,-13.22,-0.02,2.67,-8.0,-0.01,True,-7.03,-0.18,True,2022Q3
VHC,2022-11-18,CONTROL_RSI,25.1,25.1,,32.2,1.06,52.04,-14.01,8.19,-5.0,-8.76,-12.27,-12.48,3.65,-3.23,-3.64,-5.84,-17.23,-17.91,-8.0,-5.4,True,-5.0,-2.21,True,2022Q4
VHC,2022-12-26,CONTROL_RSI,18.5,18.5,,28.8,0.85,49.08,-17.5,13.77,-5.0,10.37,4.26,5.19,6.34,-2.78,-1.39,-17.34,-24.46,-23.37,-8.0,-13.81,True,-5.0,-10.81,True,2022Q4
VHC,2023-02-08,CONTROL_RSI,10.1,10.1,,32.6,0.81,50.37,-19.61,3.77,-5.0,-3.61,-2.51,-2.72,-14.77,-13.45,-13.7,-7.68,-6.16,-6.45,-8.0,-6.76,True,-5.0,-3.01,True,2023Q1
VHC,2023-03-08,CONTROL_RSI,37.1,37.1,,18.6,0.8,42.17,-3.98,12.59,-5.49,0.52,0.83,0.77,-0.9,-2.83,-2.45,9.37,3.87,4.96,9.37,4.96,False,9.37,4.96,False,2023Q1
VHC,2023-04-06,CONTROL_RSI,2.8,2.8,,34.1,0.66,41.86,-0.91,31.58,-5.0,3.99,5.69,5.11,11.44,12.64,12.23,29.41,23.48,25.51,29.41,25.51,False,29.41,25.51,False,2023Q2
VHC,2023-05-22,CONTROL_RSI,6.1,6.1,,33.0,0.66,43.31,-0.88,39.99,-5.0,2.45,1.99,2.15,7.37,3.77,5.01,31.91,16.91,22.08,31.91,22.08,False,31.91,22.08,False,2023Q2
VHC,2023-08-18,CONTROL_RSI,10.6,10.6,,34.3,0.79,53.18,-10.57,23.3,-5.0,8.42,6.32,6.76,20.01,15.84,16.71,4.29,8.92,7.95,-8.0,1.99,True,-5.0,4.99,True,2023Q3
VHC,2023-10-19,CONTROL_RSI,39.0,39.0,,26.2,0.99,53.56,-11.2,13.87,-5.0,-0.71,1.61,1.59,0.86,-0.56,-0.54,8.94,2.65,2.72,-8.0,-2.75,True,-5.0,0.25,True,2023Q4
VHC,2024-01-25,CONTROL_RSI,24.9,24.9,,26.7,1.17,57.89,-0.47,29.88,-5.0,2.85,2.93,2.94,19.5,12.27,11.01,23.23,19.58,18.94,23.23,18.94,False,23.23,18.94,False,2024Q1
VHC,2024-04-15,CONTROL_RSI,21.1,21.1,,29.6,1.19,65.61,-1.43,17.76,-5.0,6.58,7.65,7.85,8.87,4.03,3.13,6.72,1.7,0.76,6.72,0.76,False,6.72,0.76,False,2024Q2
VHC,2024-05-29,CONTROL_RSI,6.8,6.8,,32.7,1.16,67.96,-7.89,11.07,-5.0,1.24,-0.28,-0.52,-0.56,-0.14,-0.07,-0.84,-2.29,-2.52,-0.84,-2.52,False,-5.0,-1.56,True,2024Q2
VHC,2024-06-28,CONTROL_RSI,13.9,13.9,,30.7,1.12,66.26,-5.52,6.96,-5.0,3.83,0.85,0.49,2.57,2.54,2.54,2.84,-0.46,-0.86,2.84,-0.86,False,-5.0,0.23,True,2024Q2
VHC,2024-08-01,CONTROL_RSI,22.4,22.4,,27.5,1.1,64.76,-3.34,8.71,-5.0,0.0,-0.66,-0.72,6.83,1.22,0.63,4.35,0.56,0.17,4.35,0.17,False,4.35,0.17,False,2024Q3
VHC,2024-09-16,CONTROL_RSI,29.1,29.1,,25.3,1.11,64.48,0.0,12.86,-5.0,4.95,1.96,1.64,4.95,1.63,1.27,9.55,6.97,6.68,9.55,6.68,False,9.55,6.68,False,2024Q3
VHC,2024-11-28,CONTROL_RSI,7.6,7.6,,33.3,1.05,67.2,-6.82,8.29,-5.11,4.55,2.33,2.21,3.39,0.77,0.63,3.97,-1.41,-1.7,3.97,-1.7,False,-5.11,-4.09,True,2024Q4
VHC,2024-12-31,CONTROL_RSI,13.7,13.7,,30.4,1.02,69.0,-18.07,2.25,-5.0,-4.75,-2.93,-2.89,-1.26,-1.46,-1.46,-18.07,-14.99,-14.92,-8.0,-4.9,True,-5.0,-3.13,True,2024Q4
VHC,2025-03-12,CONTROL_RSI,1.8,1.8,,34.9,1.17,65.72,-35.67,1.61,-5.0,-1.77,-0.89,-0.73,-27.95,-19.48,-18.0,-21.18,-19.65,-19.38,-8.0,-6.4,True,-5.0,-4.16,True,2025Q1
VHC,2025-06-16,CONTROL_RSI,8.9,8.9,,32.0,1.12,52.86,-1.82,15.17,-5.0,3.65,1.93,1.73,5.49,-3.22,-4.26,9.14,-14.23,-17.03,9.14,-17.03,False,9.14,-17.03,False,2025Q2
VHC,2025-07-22,CONTROL_RSI,3.1,3.1,,34.0,1.07,56.15,-5.86,14.11,-5.0,-3.62,-2.83,-2.77,-1.73,-11.26,-11.96,-3.12,-17.04,-18.07,-3.12,-18.07,False,-5.0,-3.15,True,2025Q3
VHC,2025-10-03,CONTROL_RSI,30.0,30.0,,23.5,1.18,55.4,-8.48,10.11,-5.0,1.99,-3.51,-4.51,3.25,6.61,7.22,-1.81,-6.69,-7.58,-8.0,-5.41,True,-5.0,-2.41,True,2025Q4
VHC,2025-12-08,CONTROL_RSI,28.4,28.4,,25.5,0.86,56.2,-5.87,24.38,-5.0,-2.14,3.1,2.38,1.6,-3.11,-2.46,4.45,7.97,7.48,4.45,7.48,False,-5.0,-0.49,True,2025Q4
VHC,2026-02-27,CONTROL_RSI,33.2,33.2,,21.5,0.73,60.4,-8.77,8.11,-5.35,-8.77,3.12,-0.12,-1.82,9.56,6.46,-2.65,-1.99,-2.17,-8.77,-0.12,True,-8.77,-0.12,True,2026Q1
VHC,2026-04-06,CONTROL_RSI,2.4,2.4,,34.2,0.77,57.2,-3.15,9.97,-5.0,6.64,0.82,2.13,5.77,-8.38,-5.19,3.67,-7.3,-4.83,3.67,-4.83,False,3.67,-4.83,False,2026Q2
VHC,2026-05-15,CONTROL_RSI,2.1,2.1,,34.3,0.7,60.0,-14.33,1.83,-5.0,0.0,1.59,1.11,-2.67,3.45,1.59,-13.17,-5.87,-8.09,-8.0,-1.24,True,-5.0,-0.42,True,2026Q2
VHC,2026-06-12,CONTROL_RSI,10.1,10.1,,31.6,0.72,57.4,-10.45,6.45,-5.0,1.92,-1.06,-0.22,-0.7,-0.49,-0.55,-10.1,-11.49,-11.1,-8.0,-3.83,True,-5.0,-2.07,True,2026Q2
VHC,2026-07-15,CONTROL_RSI,29.1,29.1,,25.3,0.73,56.5,-15.04,1.59,-5.0,-4.6,-0.48,-1.59,-4.25,-3.86,-3.96,,,,-8.0,-7.82,True,-5.66,-1.39,True,2026Q3
VHC,2026-09-07,CONTROL_RSI,19.3,19.3,,28.6,0.64,52.5,-8.57,0.0,-5.0,-3.43,-2.9,-3.09,-4.76,-1.37,-2.6,,,,-8.0,-6.49,True,-5.0,-4.87,True,2026Q3
VHC,2019-02-22,CONTROL_RANDOM,,,,55.1,0.9,30.74,-7.22,8.62,-5.0,5.34,5.54,5.52,-4.91,-2.3,-2.57,4.0,6.61,6.35,4.0,6.35,False,-5.0,-2.66,True,2019Q1
VHC,2019-03-08,CONTROL_RANDOM,,,,48.8,0.89,31.75,-10.17,5.1,-5.0,-2.02,-4.96,-4.65,-5.42,-6.9,-6.75,-2.11,0.4,0.13,-8.0,-6.83,True,-5.0,-6.76,True,2019Q1
VHC,2019-08-15,CONTROL_RANDOM,,,,36.2,0.68,28.81,-10.73,1.18,-5.0,-1.42,-3.23,-2.65,-7.15,-8.69,-8.2,-5.69,-9.99,-8.62,-8.0,-8.26,True,-5.0,-5.13,True,2019Q3
VHC,2019-09-12,CONTROL_RANDOM,,,,36.6,0.73,26.62,-3.38,7.85,-5.0,2.44,0.98,1.37,1.65,0.04,0.47,2.44,3.72,3.38,2.44,3.38,False,2.44,3.38,False,2019Q3
VHC,2019-10-04,CONTROL_RANDOM,,,,66.7,0.78,27.95,-7.98,0.64,-5.0,-3.04,-3.46,-3.36,0.14,-3.19,-2.45,-3.04,-0.57,-1.12,-3.04,-1.12,False,-5.0,-4.87,True,2019Q4
VHC,2019-10-09,CONTROL_RANDOM,,,,40.0,0.8,26.55,-3.13,5.95,-5.0,3.35,3.25,3.27,2.98,-0.59,0.12,-1.05,1.34,0.86,-1.05,0.86,False,-1.05,0.86,False,2019Q4
VHC,2019-11-07,CONTROL_RANDOM,,,,47.0,0.74,27.37,-22.54,4.75,-5.0,-1.5,0.15,-0.27,-0.37,5.81,4.22,-15.78,-6.41,-8.83,-8.0,-1.47,True,-5.0,-1.37,True,2019Q4
VHC,2019-11-11,CONTROL_RANDOM,,,,57.2,0.76,27.13,-21.86,5.68,-5.0,-0.26,0.59,0.38,0.77,6.35,5.0,-12.13,-4.33,-6.22,-8.0,-2.01,True,-5.0,-2.01,True,2019Q4
VHC,2020-02-27,CONTROL_RANDOM,,,,38.7,1.08,21.27,-35.17,15.0,-5.0,3.39,2.71,2.66,-28.07,-6.68,-5.06,9.31,12.47,12.71,-8.0,-2.17,True,-6.96,-1.13,True,2020Q1
VHC,2020-08-03,CONTROL_RANDOM,,,,34.9,1.19,23.67,-0.3,32.32,-6.57,6.93,4.47,4.0,12.17,3.8,2.2,24.63,12.7,10.42,24.63,10.42,False,24.63,10.42,False,2020Q3
VHC,2020-08-13,CONTROL_RANDOM,,,,57.6,1.18,25.55,-2.66,23.64,-11.57,3.91,3.86,3.85,12.37,7.65,6.79,23.64,12.2,10.11,23.64,10.11,False,23.64,10.11,False,2020Q3
VHC,2021-02-08,CONTROL_RANDOM,,,,26.1,0.8,25.95,-2.62,20.62,-7.22,7.9,-0.05,1.54,16.88,8.72,10.35,3.2,-12.89,-9.67,3.2,-9.67,False,3.2,-9.67,False,2021Q1
VHC,2021-02-26,CONTROL_RANDOM,,,,72.5,0.81,28.71,-11.98,9.02,-12.0,6.9,7.63,7.49,-1.5,-1.39,-1.41,-0.49,-11.25,-9.17,-8.0,-12.23,True,-0.49,-9.17,False,2021Q1
VHC,2021-06-24,CONTROL_RANDOM,,,,63.1,0.82,31.94,-19.1,20.91,-5.42,1.13,-1.63,-1.14,-10.68,-2.48,-3.96,14.62,17.68,17.13,-8.0,-6.38,True,-5.42,-3.8,True,2021Q2
VHC,2021-06-25,CONTROL_RANDOM,,,,55.3,0.82,31.3,-17.44,23.39,-5.0,-0.45,-1.39,-1.22,-5.62,3.34,1.7,16.96,20.35,19.73,-8.0,-7.45,True,-5.0,-2.47,True,2021Q2
VHC,2021-08-25,CONTROL_RANDOM,,,,58.5,1.09,32.16,-2.02,51.55,-9.44,14.74,11.93,11.68,7.15,5.97,5.87,35.04,24.53,23.59,35.04,23.59,False,35.04,23.59,False,2021Q3
VHC,2021-11-03,CONTROL_RANDOM,,,,59.9,1.18,43.86,-6.38,16.26,-5.66,8.85,7.6,7.37,4.26,1.65,1.17,2.92,0.52,0.08,2.92,0.08,False,-5.66,-3.14,True,2021Q4
VHC,2021-11-17,CONTROL_RANDOM,,,,54.1,1.22,46.3,-11.32,23.39,-7.71,0.32,-1.37,-1.75,-1.08,-1.13,-1.14,21.47,19.5,19.07,-8.0,-2.84,True,-7.71,-2.55,True,2021Q4
VHC,2022-03-07,CONTROL_RANDOM,,,,66.8,1.23,57.72,-6.41,49.48,-8.3,8.97,11.3,11.84,23.2,21.0,20.5,46.79,60.2,63.28,46.79,63.28,False,46.79,63.28,False,2022Q1
VHC,2022-05-19,CONTROL_RANDOM,,,,45.9,1.17,66.97,-17.68,30.39,-12.0,13.26,9.65,9.05,10.83,12.71,13.03,-3.87,-5.61,-5.9,-8.0,-2.41,True,-12.71,-4.13,True,2022Q2
VHC,2022-12-12,CONTROL_RANDOM,,,,58.9,0.87,54.32,-25.17,2.8,-12.0,-1.53,-0.31,-0.47,-5.32,-7.25,-7.0,-21.26,-23.81,-23.49,-8.0,-6.89,True,-12.0,-12.67,True,2022Q4
VHC,2023-01-27,CONTROL_RANDOM,,,,49.2,0.82,52.5,-22.88,3.9,-5.0,-0.72,1.81,1.35,-18.95,-10.33,-11.89,-13.18,-6.35,-7.59,-8.0,-2.58,True,-5.0,-1.67,True,2023Q1
VHC,2023-02-27,CONTROL_RANDOM,,,,25.2,0.82,42.7,-5.18,11.19,-5.0,-1.08,-2.06,-1.88,-3.02,-5.6,-5.14,2.3,-1.21,-0.58,2.3,-0.58,False,-5.0,-7.28,True,2023Q1
VHC,2023-03-17,CONTROL_RANDOM,,,,59.4,0.78,43.53,-6.98,9.95,-8.1,-5.4,-6.39,-6.17,4.02,2.88,3.13,6.82,-0.38,1.2,6.82,1.2,False,6.82,1.2,False,2023Q1
VHC,2023-04-03,CONTROL_RANDOM,,,,50.0,0.68,41.79,-0.91,20.72,-5.0,3.25,4.35,4.0,11.8,15.59,14.38,18.16,14.57,15.72,18.16,15.72,False,18.16,15.72,False,2023Q2
VHC,2023-05-10,CONTROL_RANDOM,,,,57.5,0.57,46.95,-8.56,29.14,-6.89,-6.47,-7.19,-6.88,-1.3,-5.12,-3.47,25.41,11.25,17.37,-8.0,-8.34,True,-6.96,-6.95,True,2023Q2
VHC,2023-09-21,CONTROL_RANDOM,,,,68.9,0.81,62.68,-24.12,4.24,-11.6,-4.37,-0.75,-1.45,-9.33,-1.86,-3.29,-11.65,-3.7,-5.22,-8.85,-4.83,True,-11.6,-5.25,True,2023Q3
VHC,2023-10-11,CONTROL_RANDOM,,,,46.4,0.88,63.44,-25.03,0.0,-10.14,-15.57,-9.75,-10.48,-15.45,-11.88,-12.32,-4.71,-4.68,-4.68,-8.0,-5.46,True,-10.14,-6.23,True,2023Q4
VHC,2023-12-20,CONTROL_RANDOM,,,,63.9,1.16,54.17,-0.15,38.64,-5.0,4.34,1.35,0.88,7.72,-0.06,-1.31,34.13,17.2,14.5,34.13,14.5,False,34.13,14.5,False,2023Q4
VHC,2024-04-16,CONTROL_RANDOM,,,,28.4,1.17,66.17,-2.27,16.76,-5.0,5.11,6.46,6.7,10.08,5.52,4.73,5.11,0.22,-0.64,5.11,-0.64,False,5.11,-0.64,False,2024Q2
VHC,2024-05-27,CONTROL_RANDOM,,,,39.8,1.15,69.18,-9.51,9.11,-5.0,0.53,-0.35,-0.49,-2.18,-0.95,-0.76,-1.91,-1.93,-1.94,-8.0,-0.37,True,-5.0,-1.94,True,2024Q2
VHC,2024-06-25,CONTROL_RANDOM,,,,44.3,1.11,67.67,-7.49,4.73,-5.0,0.84,-0.58,-0.73,-2.78,-1.15,-0.98,0.56,-0.48,-0.59,0.56,-0.59,False,-5.0,-2.18,True,2024Q2
VHC,2024-08-26,CONTROL_RANDOM,,,,85.5,1.09,69.93,-8.47,2.56,-8.43,-3.9,-3.02,-2.94,-2.56,-3.49,-3.58,-3.36,0.64,1.0,-8.0,-4.57,True,-8.43,-5.01,True,2024Q3
VHC,2024-10-17,CONTROL_RANDOM,,,,53.5,1.05,68.43,-8.49,6.34,-5.58,-2.75,0.23,0.37,1.64,7.26,7.52,-5.8,-1.5,-1.3,-8.0,-3.08,True,-5.58,-1.47,True,2024Q4
VHC,2025-01-13,CONTROL_RANDOM,,,,25.5,1.11,64.46,-29.54,9.45,-5.0,5.24,4.33,4.22,3.89,0.38,-0.01,-27.66,-25.68,-25.46,-12.3,-11.86,True,-5.0,-12.44,True,2025Q1
VHC,2025-07-28,CONTROL_RANDOM,,,,49.3,1.07,56.92,-10.93,12.56,-5.26,-1.53,-0.54,-0.47,-2.72,-9.44,-9.95,-3.9,-11.87,-12.46,-8.0,-13.08,True,-5.26,-1.13,True,2025Q3
VHC,2025-10-24,CONTROL_RANDOM,,,,45.0,0.98,56.6,-6.54,12.72,-11.76,1.06,5.74,5.67,3.18,4.86,4.83,9.54,-1.6,-1.43,9.54,-1.43,False,9.54,-1.43,False,2025Q4
VHC,2025-11-19,CONTROL_RANDOM,,,,52.3,0.88,58.6,-9.73,19.28,-6.99,-1.37,-3.33,-3.09,-7.0,-8.51,-8.33,5.63,-6.97,-5.44,-8.0,-9.45,True,-7.34,-8.79,True,2025Q4
VHC,2026-06-08,CONTROL_RANDOM,,,,30.5,0.7,55.6,-7.55,9.89,-5.0,5.22,4.73,4.87,3.96,1.23,2.04,-5.58,-8.57,-7.68,-5.58,-7.68,False,-5.0,-1.1,True,2026Q2
VHC,2026-07-02,CONTROL_RANDOM,,,,67.5,0.72,59.7,-19.6,1.17,-5.0,-3.69,-1.61,-2.18,-11.89,-4.86,-6.8,-18.76,-13.48,-14.94,-8.0,-2.71,True,-5.03,-2.44,True,2026Q3
ANV,2019-01-03,WATCH,46.0,46.0,0.0,17.1,1.23,9.04,-2.99,20.24,-5.0,11.06,7.62,6.82,14.38,10.26,9.3,9.07,-4.29,-7.4,9.07,-7.4,False,9.07,-7.4,False,2019Q1
ANV,2019-06-14,WATCH,41.0,41.0,10.0,21.2,1.04,10.4,-9.23,5.96,-5.0,-2.6,-3.53,-3.57,2.21,0.27,0.18,-5.48,-7.19,-7.26,-8.0,-9.16,True,-5.0,-6.16,True,2019Q2
ANV,2019-12-04,WATCH,55.4,55.4,0.0,18.8,0.58,8.74,-25.4,6.52,-5.0,2.52,2.6,2.57,2.29,2.69,2.52,-19.91,-11.9,-15.24,-9.84,-7.89,True,-5.0,-4.43,True,2019Q4
ANV,2020-01-31,WATCH,44.0,44.0,0.0,25.6,1.0,7.0,-34.29,10.71,-5.0,3.71,2.17,2.17,-4.71,-1.2,-1.21,3.57,19.87,19.85,-10.86,-2.24,True,-5.0,3.84,True,2020Q1
ANV,2020-02-04,PANIC70_ANY,88.6,88.6,0.0,21.0,1.06,6.69,-31.24,15.84,-5.0,10.31,10.0,9.98,3.59,8.44,8.73,2.69,21.12,22.21,-8.0,10.76,True,-6.73,4.29,True,2020Q1
ANV,2020-03-11,WATCH,44.6,44.6,0.0,27.2,1.17,6.24,-26.28,38.94,-5.0,-1.44,5.26,6.41,2.56,5.15,5.6,34.29,18.7,16.0,-8.0,8.8,True,-5.0,11.8,True,2020Q1
ANV,2020-07-27,PANIC70_ANY,75.0,75.0,20.0,23.2,1.09,6.09,0.0,40.07,-5.0,6.4,1.21,0.76,15.27,4.16,3.2,32.84,13.48,11.8,32.84,11.8,False,32.84,11.8,False,2020Q3
ANV,2020-07-29,WATCH,48.2,48.2,20.0,27.1,1.08,6.33,-3.16,34.76,-5.59,2.69,-2.82,-3.24,12.48,2.62,1.86,32.07,11.34,9.75,32.07,9.75,False,32.07,9.75,False,2020Q3
ANV,2021-01-22,WATCH,52.8,52.8,0.0,24.2,0.9,9.53,-21.2,11.33,-5.0,-18.15,-7.1,-8.17,-3.15,-5.04,-4.85,-1.78,-6.56,-6.09,-8.0,-2.8,True,-5.0,0.2,True,2021Q1
ANV,2021-01-29,PANIC70_ANY,71.4,71.4,0.0,13.9,1.01,7.97,-2.51,33.12,-9.18,3.76,1.25,1.21,27.48,16.91,16.76,20.7,2.35,2.09,20.7,2.09,False,20.7,2.09,False,2021Q1
ANV,2021-04-22,WATCH,41.9,41.9,0.0,21.1,1.07,8.73,0.0,72.62,-5.0,11.11,9.89,9.8,24.05,17.42,16.96,30.93,27.17,26.91,30.93,26.91,False,30.93,26.91,False,2021Q2
ANV,2021-07-13,WATCH,56.8,56.8,35.0,24.2,1.03,11.54,-8.75,27.99,-5.47,-3.9,-1.84,-1.78,10.75,6.1,5.98,18.98,13.18,13.03,-8.0,-6.08,True,-6.15,-1.88,True,2021Q3
ANV,2022-01-17,WATCH,65.0,65.0,10.0,23.7,1.53,12.58,-4.45,73.21,-5.0,0.48,-2.32,-3.8,22.1,17.64,15.28,72.5,76.29,78.29,72.5,78.29,False,72.5,78.29,False,2022Q1
ANV,2022-07-06,WATCH,65.0,65.0,0.0,24.4,1.07,19.59,-18.17,26.34,-7.78,2.96,0.07,-0.12,4.85,-4.3,-4.92,-17.05,-11.61,-11.24,-8.0,-5.87,True,-7.78,-5.65,True,2022Q3
ANV,2022-09-26,WATCH,63.7,63.7,10.0,24.0,1.24,19.14,-63.9,0.94,-6.11,-18.6,-10.16,-8.17,-34.9,-19.63,-16.03,-41.01,-27.9,-24.81,-8.0,-2.6,True,-6.11,-0.71,True,2022Q3
ANV,2022-10-25,WATCH,52.7,52.7,20.0,29.1,1.49,12.55,-44.94,17.05,-6.2,6.06,3.81,2.7,-32.83,-27.36,-24.66,14.18,3.45,-1.86,-8.0,-4.19,True,-6.77,-2.96,True,2022Q4
ANV,2022-11-08,PANIC70_ANY,70.5,70.5,0.0,14.4,1.54,10.73,-35.6,41.85,-6.46,-26.19,-22.05,-19.81,5.22,-0.62,-3.77,41.85,33.67,29.25,-12.86,-8.3,True,-12.86,-8.3,True,2022Q4
ANV,2022-11-22,WATCH,52.3,52.3,0.0,19.7,1.46,8.5,-2.47,92.71,-12.0,18.71,8.09,3.24,25.18,17.68,14.25,84.24,73.07,67.96,84.24,67.96,False,84.24,67.96,False,2022Q4
ANV,2023-08-18,WATCH,42.1,42.1,0.0,17.8,1.18,14.76,-20.66,30.89,-5.0,6.44,4.34,3.96,22.49,18.32,17.57,-2.44,2.19,3.03,-8.0,3.68,True,-5.0,6.68,True,2023Q3
ANV,2023-10-26,WATCH,57.2,57.2,10.0,29.9,1.31,14.23,-17.71,8.92,-5.0,-8.15,-9.79,-10.3,0.56,-2.85,-3.92,1.19,-10.46,-14.1,-10.68,-6.81,True,-10.68,-6.81,True,2023Q4
ANV,2023-10-27,PANIC70_ANY,72.9,72.9,0.0,24.4,1.3,13.5,-13.26,14.81,-5.11,-1.11,-4.49,-5.49,4.59,1.36,0.41,6.3,-5.42,-8.88,-12.89,-11.12,True,-12.89,-11.12,True,2023Q4
ANV,2024-04-15,WATCH,41.7,41.7,0.0,20.4,1.46,14.33,-6.35,23.1,-5.0,-2.51,-1.44,-0.95,6.14,1.3,-0.91,18.14,13.12,10.83,18.14,10.83,False,-5.0,-0.07,True,2024Q2
ANV,2024-08-05,WATCH,48.8,48.8,0.0,29.7,1.38,14.62,-1.85,12.52,-5.0,3.42,0.67,-0.37,1.78,-4.12,-6.36,9.78,4.19,2.07,9.78,2.07,False,9.78,2.07,False,2024Q3
ANV,2025-04-03,WATCH,53.1,53.1,10.0,20.5,1.2,13.84,-13.29,71.39,-5.0,5.64,-1.45,-2.88,9.1,-0.42,-2.35,58.09,38.89,35.01,-13.29,-6.55,True,-13.29,-6.55,True,2025Q2
ANV,2025-04-04,PANIC70_ANY,71.5,71.5,0.0,15.3,1.26,12.88,-6.83,84.16,-5.0,14.29,9.63,8.42,13.51,5.48,3.4,79.66,61.43,56.69,79.66,56.69,False,79.66,56.69,False,2025Q2
ANV,2026-03-10,WATCH,65.0,65.0,0.0,23.9,0.87,22.8,-11.62,12.28,-6.37,3.73,1.46,1.76,8.11,3.3,3.94,-10.96,-17.81,-16.9,-8.77,-16.18,True,-6.37,-14.16,True,2026Q1
ANV,2026-07-14,WATCH,40.9,40.9,20.0,23.1,0.94,18.9,-20.11,0.79,-5.0,-9.26,-1.65,-2.1,-4.5,-3.79,-3.83,,,,-8.0,-4.75,True,-5.0,-1.75,True,2026Q3
ANV,2020-02-12,ENTRY_V2,27.0,88.6,60.0,36.1,1.26,7.45,-38.26,3.89,-12.0,-1.48,-1.58,-1.6,-15.44,2.48,7.19,3.89,14.76,17.62,-8.32,-3.76,True,-12.0,1.7,True,2020Q1
ANV,2020-07-28,ENTRY_V2_LOOSE,20.7,75.0,40.0,35.0,1.08,6.5,-6.0,31.23,-7.97,0.31,-5.07,-5.51,9.54,-0.33,-1.13,26.77,7.29,5.71,26.77,5.71,False,26.77,5.71,False,2020Q3
ANV,2020-08-03,ENTRY_V2,16.0,75.0,65.0,32.0,1.06,6.31,0.0,35.18,-5.32,7.92,5.47,5.31,10.94,2.57,2.02,22.03,10.1,9.32,22.03,9.32,False,22.03,9.32,False,2020Q3
ANV,2021-02-03,ENTRY_V2_LOOSE,51.6,71.6,45.0,24.1,1.04,8.53,-6.1,24.38,-12.0,6.68,1.16,0.94,17.58,11.41,11.15,13.25,0.39,-0.13,13.25,-0.13,False,13.25,-0.13,False,2021Q1
ANV,2021-02-18,ENTRY_V2,,71.6,75.0,43.7,1.03,8.88,-2.48,19.71,-12.0,1.24,0.56,0.55,14.19,11.31,11.24,17.57,8.79,8.56,17.57,8.56,False,17.57,8.56,False,2021Q1
ANV,2022-11-24,ENTRY_V2_LOOSE,38.6,74.7,40.0,27.5,1.46,8.98,-4.9,82.41,-12.0,16.93,4.03,-1.92,15.37,8.71,5.63,55.12,48.37,45.25,55.12,45.25,False,55.12,45.25,False,2022Q4
ANV,2022-11-29,ENTRY_V2,,73.3,60.0,50.4,1.47,10.0,-4.0,63.8,-12.0,12.9,12.55,12.39,6.6,8.7,9.68,41.9,41.88,41.88,41.9,41.88,False,41.9,41.88,False,2022Q4
ANV,2023-11-08,ENTRY_V2,,72.9,70.0,44.9,1.45,14.14,-3.89,9.62,-12.0,4.88,4.06,3.7,6.22,5.77,5.57,2.05,-2.98,-5.23,2.05,-5.23,False,2.05,-5.23,False,2023Q4
ANV,2023-11-13,ENTRY_V2_LOOSE,0.0,72.1,45.0,38.1,1.45,14.21,-4.36,9.08,-12.0,2.18,2.06,2.0,7.53,5.86,5.1,2.67,-5.39,-9.03,2.67,-9.03,False,2.67,-9.03,False,2023Q4
ANV,2025-04-21,ENTRY_V2_LOOSE,,79.7,45.0,44.1,1.21,15.1,-9.93,62.19,-12.0,-3.51,-5.58,-6.02,-4.77,-14.18,-16.18,47.15,22.52,17.29,-8.0,-12.09,True,47.15,17.29,False,2025Q2
ANV,2019-01-02,CONTROL_RSI,34.1,34.1,,22.9,1.18,10.08,-13.0,7.84,-5.0,-5.56,-6.51,-6.68,-0.4,-2.74,-3.16,-3.27,-14.19,-16.12,-9.92,-9.9,True,-9.92,-9.9,True,2019Q1
ANV,2019-03-15,CONTROL_RSI,16.9,16.9,,31.1,1.12,9.71,-5.36,30.69,-5.0,-2.27,1.13,1.52,5.66,8.35,8.66,7.72,12.75,13.33,7.72,13.33,False,-5.0,-2.82,True,2019Q1
ANV,2019-06-12,CONTROL_RSI,38.6,38.6,,27.2,1.04,10.47,-9.84,5.25,-5.04,0.0,-0.83,-0.87,-1.24,-4.12,-4.24,-7.55,-9.94,-10.04,-8.0,-9.46,True,-5.35,-6.81,True,2019Q2
ANV,2019-08-02,CONTROL_RSI,5.8,5.8,,33.1,0.86,10.22,-7.63,4.21,-5.0,-4.89,-3.55,-3.74,-6.07,-5.13,-5.26,2.15,1.42,1.52,2.15,1.52,False,-6.85,-4.88,True,2019Q3
ANV,2019-11-07,CONTROL_RSI,9.3,9.3,,31.9,0.88,9.87,-33.94,2.43,-5.0,0.41,2.06,1.86,-11.45,-5.27,-5.99,-26.44,-17.07,-18.16,-8.0,-2.74,True,-5.0,1.33,True,2019Q4
ANV,2019-12-05,CONTROL_RSI,39.7,39.7,,18.8,0.57,8.72,-25.23,6.77,-6.31,2.98,2.59,2.76,1.61,2.29,2.0,-25.23,-12.04,-17.73,-9.63,-8.11,True,-6.31,-6.15,True,2019Q4
ANV,2020-01-30,CONTROL_RSI,16.7,16.7,,31.3,0.85,7.88,-41.62,1.52,-5.0,-2.41,-0.45,-0.75,-13.32,-5.26,-6.48,-12.82,6.86,3.89,-17.26,-14.56,True,-17.26,-14.56,True,2020Q1
ANV,2020-02-27,CONTROL_RSI,30.3,30.3,,29.9,1.27,6.71,-31.45,19.67,-5.0,4.32,3.65,3.47,-15.95,5.44,11.23,13.56,16.72,17.58,-8.0,8.68,True,-7.0,-0.12,True,2020Q1
ANV,2020-04-03,CONTROL_RSI,38.5,38.5,,29.9,0.99,5.58,-0.72,55.38,-12.0,17.2,10.28,10.35,21.33,12.06,12.15,27.6,9.83,9.99,27.6,9.99,False,27.6,9.99,False,2020Q2
ANV,2020-06-26,CONTROL_RSI,30.0,30.0,,22.6,1.1,7.33,-16.92,14.6,-5.0,-4.23,-5.99,-6.16,-15.83,-8.61,-7.91,9.82,2.74,2.06,-8.0,-5.79,True,-5.73,-5.37,True,2020Q2
ANV,2020-07-30,CONTROL_RSI,36.1,36.1,,26.4,1.06,6.21,-1.29,37.36,-5.0,4.67,-2.14,-2.58,14.33,2.75,2.01,32.37,11.67,10.34,32.37,10.34,False,32.37,10.34,False,2020Q3
ANV,2021-01-21,CONTROL_RSI,21.4,21.4,,29.2,0.9,9.53,-21.2,11.33,-5.0,-15.42,-5.98,-6.94,-5.67,-5.81,-5.8,-0.42,-4.62,-4.19,-8.0,-2.64,True,-5.0,0.36,True,2021Q1
ANV,2021-03-24,CONTROL_RSI,1.0,1.0,,34.7,1.08,9.18,-4.9,54.79,-5.0,9.48,5.04,4.7,1.63,-5.59,-6.14,42.92,24.41,22.99,42.92,22.99,False,42.92,22.99,False,2021Q1
ANV,2021-04-27,CONTROL_RSI,8.8,8.8,,32.1,1.04,9.36,-2.56,61.0,-8.33,1.07,-0.7,-0.78,14.32,6.1,5.74,22.65,18.67,18.49,22.65,18.49,False,22.65,18.49,False,2021Q2
ANV,2021-07-08,CONTROL_RSI,39.1,39.1,,34.4,1.01,12.17,-13.48,21.36,-5.0,-4.6,0.88,0.96,2.47,4.88,4.92,9.12,10.58,10.6,-8.0,-1.01,True,-5.34,0.35,True,2021Q3
ANV,2021-09-24,CONTROL_RSI,22.6,22.6,,27.9,1.24,12.67,-6.0,35.36,-5.15,6.0,6.86,7.07,9.39,6.86,6.24,28.97,19.63,17.34,28.97,17.34,False,28.97,17.34,False,2021Q3
ANV,2021-12-01,CONTROL_RSI,16.8,16.8,,34.4,1.37,15.67,-23.29,15.06,-9.38,-3.38,-2.22,-1.79,-5.81,-5.86,-5.88,11.49,10.13,9.63,-8.0,-8.66,True,-11.1,-13.44,True,2021Q4
ANV,2022-01-10,CONTROL_RSI,6.9,6.9,,32.7,1.53,14.89,-19.27,34.86,-5.0,-15.98,-11.68,-9.39,-1.34,-0.61,-0.23,21.69,23.46,24.39,-8.0,-7.22,True,-5.84,-5.06,True,2022Q1
ANV,2022-07-05,CONTROL_RSI,29.6,29.6,,31.8,1.08,19.03,-15.76,30.06,-5.0,6.67,6.1,6.05,7.62,0.55,-0.05,-8.3,-5.29,-5.04,-8.0,-4.17,True,-5.0,-1.17,True,2022Q3
ANV,2022-09-16,CONTROL_RSI,5.3,5.3,,33.8,1.14,21.63,-68.05,0.0,-5.0,-13.13,-8.49,-7.85,-27.05,-12.44,-10.42,-45.58,-29.39,-27.16,-8.0,-6.07,True,-7.3,-5.37,True,2022Q3
ANV,2022-10-14,CONTROL_RSI,19.3,19.3,,32.3,1.42,15.14,-54.36,7.93,-12.0,-13.14,-6.75,-4.08,-47.36,-36.69,-32.22,-15.59,-15.58,-15.57,-8.0,1.07,True,-12.0,-2.93,True,2022Q4
ANV,2022-11-24,CONTROL_RSI,38.6,38.6,,27.5,1.46,8.98,-4.9,82.41,-12.0,16.93,4.03,-1.92,15.37,8.71,5.63,55.12,48.37,45.25,55.12,45.25,False,55.12,45.25,False,2022Q4
ANV,2022-12-26,CONTROL_RSI,15.6,15.6,,34.1,1.29,9.67,-0.72,69.39,-5.0,19.13,13.02,11.22,41.68,32.56,29.88,48.81,41.69,39.59,48.81,39.59,False,48.81,39.59,False,2022Q4
ANV,2023-08-03,CONTROL_RSI,9.4,9.4,,31.9,1.39,16.77,-30.05,15.21,-5.0,-3.04,-4.35,-4.86,-3.88,-5.41,-6.01,-30.05,-14.59,-8.62,-8.0,-3.64,True,-5.0,-6.82,True,2023Q3
ANV,2023-10-24,CONTROL_RSI,17.5,17.5,,34.7,1.27,15.34,-23.66,3.91,-7.56,-19.17,-13.13,-11.53,-3.65,-4.32,-4.5,-5.35,-11.01,-12.51,-8.0,-2.76,True,-7.56,-2.32,True,2023Q4
ANV,2024-01-23,CONTROL_RSI,8.7,8.7,,32.1,1.5,14.31,-6.22,22.29,-5.0,-0.21,0.75,1.23,13.28,6.56,3.21,-3.7,-6.2,-7.45,-3.7,-7.45,False,-5.0,-5.23,True,2024Q1
ANV,2024-04-10,CONTROL_RSI,18.2,18.2,,29.5,1.56,15.16,-11.48,13.85,-5.0,-9.43,-3.43,-0.04,-3.43,-3.79,-3.99,9.3,6.42,4.79,-8.0,-3.72,True,-5.0,-0.84,True,2024Q2
ANV,2024-06-28,CONTROL_RSI,15.1,15.1,,30.0,1.24,15.38,-6.7,14.69,-5.0,5.27,2.28,1.57,5.92,5.9,5.89,-0.33,-3.63,-4.41,-0.33,-4.41,False,-5.0,-4.03,True,2024Q2
ANV,2024-08-01,CONTROL_RSI,31.4,31.4,,27.3,1.34,14.86,-3.43,10.7,-5.0,1.75,1.09,0.87,2.36,-3.25,-5.15,7.0,3.21,1.92,7.0,1.92,False,7.0,1.92,False,2024Q3
ANV,2024-09-11,CONTROL_RSI,3.7,3.7,,33.8,1.39,15.33,-4.17,22.5,-5.0,-0.13,-1.15,-1.55,4.83,2.61,1.75,22.5,21.78,21.5,22.5,21.5,False,22.5,21.5,False,2024Q3
ANV,2025-01-06,CONTROL_RSI,35.2,35.2,,21.1,1.44,18.35,-34.6,1.04,-5.0,-4.25,-2.64,-1.92,-11.61,-13.15,-13.83,-34.6,-22.21,-16.69,-8.0,-9.83,True,-5.01,-6.85,True,2025Q1
ANV,2025-02-10,CONTROL_RSI,24.4,24.4,,31.4,1.33,16.02,-25.09,8.18,-5.0,1.81,0.81,0.48,5.43,0.13,-1.6,-9.36,-10.77,-11.23,-13.61,-7.87,True,-7.24,-3.51,True,2025Q1
ANV,2025-03-21,CONTROL_RSI,0.8,0.8,,34.7,1.42,16.22,-26.02,4.13,-5.0,-1.79,-0.58,-0.07,-11.1,-1.59,2.4,4.13,2.13,1.29,-8.38,1.6,True,-8.38,1.6,True,2025Q1
ANV,2025-05-19,CONTROL_RSI,5.9,5.9,,34.8,1.2,14.28,-1.68,91.18,-6.87,8.82,5.65,5.02,12.18,8.41,7.65,83.75,59.91,55.17,83.75,55.17,False,83.75,55.17,False,2025Q2
ANV,2025-11-10,CONTROL_RSI,5.4,5.4,,33.9,1.03,28.05,-13.01,11.41,-7.65,9.8,5.1,4.93,-0.18,-10.39,-10.74,-0.18,-12.62,-13.05,-8.0,-14.13,True,-7.65,-13.78,True,2025Q4
ANV,2025-12-08,CONTROL_RSI,30.2,30.2,,23.3,0.98,27.7,-21.12,8.3,-5.0,-1.62,3.62,3.49,-9.75,-14.46,-14.35,-13.0,-9.47,-9.56,-8.0,-8.9,True,-5.0,1.94,True,2025Q4
ANV,2026-01-07,CONTROL_RSI,6.1,6.1,,33.0,0.92,25.95,-17.34,15.61,-5.4,1.73,2.59,2.52,7.9,13.12,12.7,-3.66,4.0,3.38,-11.37,-0.22,True,-5.4,-5.23,True,2026Q1
ANV,2026-03-03,CONTROL_RSI,27.3,27.3,,30.9,0.8,26.1,-18.01,1.15,-5.0,-8.43,-4.26,-5.08,-8.62,-3.04,-4.14,-17.24,-19.51,-19.07,-11.88,-5.16,True,-5.0,-3.41,True,2026Q1
ANV,2026-05-11,CONTROL_RSI,11.2,11.2,,31.3,0.91,23.3,-32.62,0.0,-5.0,-3.22,-4.26,-4.16,-12.66,-7.37,-7.86,-25.32,-19.2,-19.76,-8.0,-5.67,True,-5.0,-5.96,True,2026Q2
ANV,2026-06-08,CONTROL_RSI,35.7,35.7,,15.4,0.9,20.15,-22.08,15.14,-5.0,3.23,2.74,2.79,0.5,-2.23,-1.96,-15.88,-18.87,-18.58,-8.0,-7.14,True,-5.0,-5.07,True,2026Q2
ANV,2026-07-07,CONTROL_RSI,3.1,3.1,,34.0,0.95,20.3,-25.62,1.23,-5.0,-9.61,-6.07,-6.23,-13.79,-9.95,-10.13,-14.29,-9.19,-9.42,-8.0,-5.58,True,-5.0,-2.58,True,2026Q3
ANV,2026-09-04,CONTROL_RSI,13.9,13.9,,30.4,0.95,16.9,-10.65,5.03,-5.0,-9.47,-5.75,-5.92,2.96,8.56,8.3,,,,-8.28,-4.74,True,-5.0,-1.81,True,2026Q3
ANV,2019-01-17,CONTROL_RANDOM,,,,40.6,1.25,9.86,-6.8,10.24,-12.0,6.9,6.21,6.04,4.67,-4.88,-7.26,3.35,-3.65,-5.39,3.35,-5.39,False,3.35,-5.39,False,2019Q1
ANV,2019-01-21,CONTROL_RANDOM,,,,41.5,1.25,9.97,-7.82,9.03,-7.43,3.31,2.96,2.87,5.52,-2.63,-4.66,1.4,-5.63,-7.38,1.4,-7.38,False,-7.43,-17.25,True,2019Q1
ANV,2019-08-08,CONTROL_RANDOM,,,,28.6,0.91,9.91,-4.74,7.47,-5.9,-3.53,-3.9,-3.87,0.2,0.44,0.42,1.21,-3.5,-3.08,1.21,-3.08,False,1.21,-3.08,False,2019Q3
ANV,2019-11-08,CONTROL_RANDOM,,,,33.0,0.9,9.93,-34.34,1.81,-5.0,0.0,1.99,1.79,-13.6,-8.0,-8.58,-27.09,-18.43,-19.33,-8.0,-2.97,True,-5.0,1.12,True,2019Q4
ANV,2019-11-13,CONTROL_RANDOM,,,,39.0,0.9,9.85,-33.81,2.64,-5.0,0.61,3.17,2.91,-9.04,-4.53,-4.98,-25.48,-17.95,-18.7,-8.0,-3.74,True,-5.0,0.36,True,2019Q4
ANV,2020-05-04,CONTROL_RANDOM,,,,60.0,1.07,6.73,-9.51,28.83,-12.0,15.01,5.56,4.88,11.59,-3.03,-4.08,-3.42,-9.99,-10.46,-8.32,-11.4,True,-3.42,-10.46,False,2020Q2
ANV,2020-05-08,CONTROL_RANDOM,,,,58.2,1.06,7.25,-16.0,19.59,-12.0,5.38,3.09,2.96,16.83,6.85,6.27,-12.97,-12.52,-12.5,-8.0,-9.41,True,-14.9,-10.62,True,2020Q2
ANV,2020-06-09,CONTROL_RANDOM,,,,66.5,1.11,8.32,-26.8,0.0,-12.0,-10.7,-5.76,-5.2,-14.18,-10.37,-9.94,-15.38,-15.96,-16.03,-13.94,-9.57,True,-13.94,-9.57,True,2020Q2
ANV,2020-07-24,CONTROL_RANDOM,,,,36.5,1.08,6.17,-1.3,38.25,-5.0,2.27,-0.31,-0.51,12.32,2.93,2.21,32.25,13.33,11.88,32.25,11.88,False,32.25,11.88,False,2020Q3
ANV,2020-08-21,CONTROL_RANDOM,,,,72.6,1.06,6.91,-1.16,43.85,-7.53,0.72,-1.75,-1.9,16.5,11.17,10.86,37.19,24.58,23.84,37.19,23.84,False,37.19,23.84,False,2020Q3
ANV,2020-08-25,CONTROL_RANDOM,,,,73.1,1.06,7.02,-2.71,41.6,-7.29,0.28,-3.19,-3.39,12.11,8.11,7.87,35.33,22.78,22.04,35.33,22.04,False,35.33,22.04,False,2020Q3
ANV,2020-09-10,CONTROL_RANDOM,,,,72.8,1.11,7.58,-1.19,31.13,-11.39,5.94,4.57,4.42,9.76,5.8,5.36,23.48,8.56,6.88,23.48,6.88,False,23.48,6.88,False,2020Q3
ANV,2020-11-02,CONTROL_RANDOM,,,,41.8,1.13,8.01,-0.25,40.57,-7.91,12.73,11.11,10.9,15.98,8.28,7.24,7.12,-10.01,-12.32,7.12,-12.32,False,7.12,-12.32,False,2020Q4
ANV,2020-12-10,CONTROL_RANDOM,,,,53.7,1.2,9.49,-20.86,18.65,-5.74,3.16,-0.16,-0.81,13.91,-0.77,-3.66,9.59,-5.06,-7.94,-8.0,-15.41,True,-5.74,-13.15,True,2020Q4
ANV,2021-01-20,CONTROL_RANDOM,,,,47.7,0.96,9.96,-24.6,6.53,-7.41,-19.78,-9.06,-9.49,-9.14,-10.76,-10.69,-6.33,-15.19,-14.84,-8.0,-3.84,True,-7.41,-6.51,True,2021Q1
ANV,2021-04-26,CONTROL_RANDOM,,,,42.6,1.05,9.49,-3.9,58.8,-9.7,1.37,-1.66,-1.79,9.59,2.2,1.86,23.5,16.92,16.62,23.5,16.62,False,23.5,16.62,False,2021Q2
ANV,2021-09-16,CONTROL_RANDOM,,,,56.6,1.22,13.17,-9.57,30.22,-7.52,-3.8,-4.19,-4.28,6.76,3.28,2.51,14.96,6.22,4.28,-8.58,-7.98,True,-7.52,-5.62,True,2021Q3
ANV,2022-07-15,CONTROL_RANDOM,,,,26.3,1.06,20.25,-32.94,22.22,-11.37,0.89,0.57,0.55,13.88,6.33,5.85,-30.07,-17.42,-16.63,-8.0,-12.18,True,-11.37,-6.11,True,2022Q3
ANV,2022-08-23,CONTROL_RANDOM,,,,82.6,1.1,23.68,-70.82,4.52,-10.59,2.45,2.06,2.02,-15.96,-10.3,-9.71,-64.91,-40.9,-38.41,-8.0,-4.45,True,-10.59,-4.52,True,2022Q3
ANV,2022-09-28,CONTROL_RANDOM,,,,24.9,1.24,18.65,-62.95,1.34,-5.0,-18.61,-11.47,-9.77,-27.77,-16.62,-13.97,-45.42,-33.79,-31.03,-8.0,-0.44,True,-6.22,1.34,True,2022Q3
ANV,2022-10-05,CONTROL_RANDOM,,,,20.2,1.29,16.34,-57.71,0.0,-9.43,-11.75,-6.84,-5.43,-20.81,-13.07,-10.87,-36.41,-27.73,-25.25,-15.54,-8.24,True,-15.54,-8.24,True,2022Q4
ANV,2022-10-10,CONTROL_RANDOM,,,,24.7,1.37,14.73,-53.09,10.93,-11.74,6.65,4.02,3.05,-29.19,-23.91,-21.96,-21.79,-22.75,-23.11,-8.0,-1.37,True,-15.07,-9.96,True,2022Q4
ANV,2022-10-17,CONTROL_RANDOM,,,,35.7,1.46,16.34,-57.71,0.0,-12.0,-23.75,-17.37,-14.44,-54.59,-40.17,-33.52,-22.46,-21.54,-21.11,-8.0,-1.72,True,-12.0,-5.72,True,2022Q4
ANV,2022-12-12,CONTROL_RANDOM,,,,91.5,1.27,11.65,-17.6,40.6,-12.0,-3.09,-1.87,-1.54,8.76,6.82,6.31,24.55,22.0,21.32,-8.0,-5.93,True,-12.0,-10.39,True,2022Q4
ANV,2023-03-29,CONTROL_RANDOM,,,,48.0,1.27,14.58,-4.6,15.5,-7.97,-0.48,-1.38,-1.63,1.44,3.48,4.04,12.48,5.6,3.74,12.48,3.74,False,12.48,3.74,False,2023Q1
ANV,2023-06-13,CONTROL_RANDOM,,,,71.1,1.45,16.12,-14.27,10.86,-8.28,-0.56,-0.02,0.23,6.89,4.25,3.07,3.72,-6.67,-11.35,-8.44,-15.55,True,-8.44,-15.55,True,2023Q2
ANV,2023-07-03,CONTROL_RANDOM,,,,64.4,1.4,17.27,-19.98,11.87,-11.63,0.0,-2.19,-3.06,-3.18,-11.21,-14.39,-4.0,-6.24,-7.13,-8.0,-21.03,True,-11.63,-17.94,True,2023Q3
ANV,2023-10-20,CONTROL_RANDOM,,,,38.4,1.24,15.75,-25.65,1.21,-10.16,-20.06,-14.27,-12.89,-9.14,-8.88,-8.82,-9.14,-14.25,-15.47,-8.0,-2.28,True,-10.16,-5.02,True,2023Q4
ANV,2023-12-12,CONTROL_RANDOM,,,,57.5,1.47,15.43,-10.05,13.42,-12.0,-6.48,-3.9,-2.67,-3.24,-6.1,-7.45,8.94,-2.94,-8.58,-8.0,-3.04,True,8.94,-8.58,False,2023Q4
ANV,2023-12-22,CONTROL_RANDOM,,,,49.5,1.48,14.69,-5.51,19.13,-6.0,0.61,-1.87,-3.06,-2.31,-8.95,-12.11,12.32,-3.79,-11.49,12.32,-11.49,False,12.32,-11.49,False,2023Q4
ANV,2023-12-25,CONTROL_RANDOM,,,,50.6,1.47,14.83,-6.41,18.0,-6.91,1.96,-0.19,-1.21,-4.65,-9.37,-11.61,12.07,-2.48,-9.37,12.07,-9.37,False,12.07,-9.37,False,2023Q4
ANV,2024-04-09,CONTROL_RANDOM,,,,38.2,1.6,15.55,-13.7,11.0,-5.0,-9.39,-3.59,-0.12,-5.53,-3.7,-2.6,8.1,5.95,4.67,-8.0,-1.59,True,-5.0,1.29,True,2024Q2
ANV,2024-06-03,CONTROL_RANDOM,,,,74.5,1.18,16.45,-12.77,7.23,-12.0,1.76,1.85,1.86,-3.47,-2.24,-2.02,-5.78,-5.39,-5.32,-8.0,-2.61,True,-12.0,-7.49,True,2024Q2
ANV,2024-08-20,CONTROL_RANDOM,,,,45.2,1.39,15.64,-6.07,16.69,-7.51,-1.79,-2.51,-2.78,-1.98,-1.96,-1.95,12.66,16.89,18.52,12.66,18.52,False,12.66,18.52,False,2024Q3
ANV,2024-10-01,CONTROL_RANDOM,,,,70.1,1.38,15.83,-0.76,30.57,-6.39,1.39,1.99,2.22,1.2,3.61,4.52,25.39,26.61,27.06,25.39,27.06,False,25.39,27.06,False,2024Q4
ANV,2024-12-30,CONTROL_RANDOM,,,,35.5,1.43,19.02,-17.03,2.58,-5.0,-2.79,-1.12,-0.4,-11.2,-10.99,-10.9,-16.04,-19.62,-21.15,-8.0,-3.89,True,-5.0,-2.09,True,2024Q4
ANV,2025-03-26,CONTROL_RANDOM,,,,31.2,1.42,16.02,-25.09,11.49,-5.0,-7.24,0.01,3.05,-6.62,0.68,3.74,10.3,7.22,5.94,-13.61,-1.26,True,-7.24,3.05,True,2025Q1
ANV,2025-09-08,CONTROL_RANDOM,,,,55.7,1.14,26.91,-5.91,24.12,-12.0,2.16,-0.99,-1.42,8.47,5.05,4.59,7.02,1.66,0.93,7.02,0.93,False,7.02,0.93,False,2025Q3
ANV,2026-04-02,CONTROL_RANDOM,,,,47.9,0.93,23.75,-15.16,7.79,-11.24,4.84,1.91,2.11,0.42,-10.82,-10.05,-10.11,-19.93,-19.26,-8.0,-19.68,True,-11.24,-18.16,True,2026Q2
ANV,2026-06-03,CONTROL_RANDOM,,,,19.2,0.89,21.3,-26.29,8.92,-5.0,-3.29,-2.0,-2.14,0.94,-1.49,-1.23,-19.01,-19.53,-19.48,-8.0,-8.31,True,-5.0,-3.46,True,2026Q2
FMC,2019-03-05,WATCH,40.0,40.0,0.0,27.3,0.79,17.35,-8.99,6.86,-5.0,0.35,-0.9,-0.64,-4.15,-3.29,-3.47,-3.46,0.76,-0.13,-8.0,-4.3,True,-5.0,-4.66,True,2019Q1
FMC,2020-03-06,WATCH,50.0,50.0,15.0,24.1,0.63,15.94,-33.88,20.45,-5.0,-13.93,0.68,-4.71,-13.05,1.69,-3.75,16.56,15.64,15.98,-8.0,-3.36,True,-5.0,-0.36,True,2020Q1
FMC,2020-03-12,PANIC70_ANY,87.8,87.8,0.0,10.9,0.9,13.17,-19.97,59.98,-5.0,2.13,5.64,5.28,5.01,0.91,1.33,52.39,30.04,32.37,-8.0,1.31,True,-5.0,3.41,True,2020Q1
FMC,2020-07-27,WATCH,66.8,66.8,0.0,27.3,1.16,18.28,-6.13,40.54,-6.76,3.12,-2.07,-2.9,11.6,0.49,-1.28,23.19,3.83,0.76,23.19,0.76,False,23.19,0.76,False,2020Q3
FMC,2021-01-28,WATCH,61.8,61.8,10.0,25.7,0.98,22.98,-2.61,33.07,-5.0,6.44,-6.44,-6.17,15.84,-1.22,-0.87,9.4,-16.45,-15.91,9.4,-15.91,False,9.4,-15.91,False,2021Q1
FMC,2021-04-26,WATCH,40.7,40.7,15.0,10.2,0.96,24.5,-1.31,28.9,-5.0,2.61,-0.41,-0.3,9.14,1.75,2.03,15.18,8.61,8.86,15.18,8.86,False,15.18,8.86,False,2021Q2
FMC,2021-07-12,WATCH,49.6,49.6,0.0,17.4,0.92,25.34,0.0,63.73,-5.0,6.63,8.4,8.27,23.99,18.89,19.28,63.73,58.36,58.76,63.73,58.76,False,63.73,58.76,False,2021Q3
FMC,2022-04-26,WATCH,63.9,63.9,0.0,25.4,0.94,46.37,-13.85,23.81,-5.0,17.06,17.24,17.23,9.96,13.44,13.23,-4.08,6.21,5.58,-8.0,3.26,True,-5.0,6.26,True,2022Q2
FMC,2022-07-06,WATCH,57.5,57.5,10.0,26.7,1.07,43.08,-18.55,5.36,-5.0,0.58,-2.31,-2.51,-2.3,-11.45,-12.09,-18.15,-12.71,-12.33,-8.0,-10.36,True,-5.0,-8.92,True,2022Q3
FMC,2022-09-30,WATCH,41.5,41.5,0.0,21.3,1.11,37.48,-37.14,1.09,-8.05,-12.09,-4.8,-4.02,-21.74,-13.16,-12.25,-31.11,-18.73,-17.41,-8.0,-6.01,True,-8.05,-6.07,True,2022Q3
FMC,2022-10-13,PANIC70_ANY,71.0,71.0,10.0,18.4,1.17,32.46,-27.42,2.77,-10.88,-3.57,0.49,1.17,-11.95,-1.74,-0.04,-9.64,-8.81,-8.67,-8.0,0.44,True,-11.06,-3.88,True,2022Q4
FMC,2022-11-16,PANIC70_ANY,83.6,83.6,0.0,19.3,1.04,25.54,-3.25,24.67,-9.7,2.55,3.09,3.11,11.43,0.69,0.24,18.05,6.88,6.42,18.05,6.42,False,18.05,6.42,False,2022Q4
FMC,2022-11-17,WATCH,56.8,56.8,0.0,25.3,1.04,25.7,-3.85,23.89,-10.32,1.91,1.46,1.45,12.18,3.36,3.03,19.73,7.37,6.91,19.73,6.91,False,19.73,6.91,False,2022Q4
FMC,2023-10-26,WATCH,44.5,44.5,15.0,23.0,0.85,39.42,-10.43,3.5,-5.77,-4.16,-5.8,-5.56,1.42,-2.0,-1.49,-5.05,-16.7,-14.98,-10.43,-8.84,True,-5.77,-3.26,True,2023Q4
FMC,2024-09-12,WATCH,48.2,48.2,15.0,25.6,0.77,42.04,-4.47,5.14,-5.0,0.43,-1.05,-0.71,1.83,-0.95,-0.31,4.71,3.38,3.69,4.71,3.69,False,4.71,3.69,False,2024Q3
FMC,2025-04-03,WATCH,51.0,51.0,0.0,18.2,0.84,36.65,-20.57,4.26,-5.0,-7.83,-14.91,-13.8,-8.81,-18.34,-16.84,-0.38,-19.59,-16.56,-13.48,-8.75,True,-13.48,-8.75,True,2025Q2
FMC,2025-04-08,PANIC70_ANY,70.1,70.1,0.0,10.1,0.95,31.71,-8.2,20.5,-5.0,-4.82,-17.56,-16.97,6.24,-13.28,-12.39,12.74,-17.85,-16.45,-8.0,-20.77,True,-5.0,-17.15,True,2025Q2
FMC,2026-03-16,WATCH,45.0,45.0,35.0,23.0,0.58,37.88,-10.88,0.26,-7.51,-6.76,-1.22,-3.57,-5.02,-8.89,-7.25,-7.21,-12.02,-9.98,-8.0,-4.01,True,-7.51,-3.53,True,2026Q1
FMC,2020-04-03,ENTRY_V2_LOOSE,,92.8,40.0,41.7,1.0,12.96,-1.08,70.06,-12.0,6.71,-0.21,-0.2,28.09,18.82,18.83,45.45,27.68,27.7,45.45,27.7,False,45.45,27.7,False,2020Q2
FMC,2020-04-08,ENTRY_V2,,92.8,100.0,51.1,1.04,14.7,-6.67,49.93,-12.0,0.0,-3.94,-4.12,18.37,8.08,7.62,30.68,16.02,15.37,30.68,15.37,False,30.68,15.37,False,2020Q2
FMC,2022-10-19,ENTRY_V2,13.3,71.0,60.0,32.8,1.16,33.28,-29.21,0.24,-12.0,-10.16,-7.49,-7.06,-24.25,-16.02,-14.67,-9.92,-10.3,-10.36,-8.0,-0.29,True,-13.25,-6.81,True,2022Q4
FMC,2022-10-21,ENTRY_V2_LOOSE,13.1,71.0,45.0,33.8,1.17,31.3,-24.73,0.0,-6.96,-6.29,-6.95,-7.06,-16.45,-10.52,-9.54,-4.98,-11.55,-12.63,-8.0,-4.82,True,-7.89,-4.71,True,2022Q4
FMC,2022-11-24,ENTRY_V2_LOOSE,6.8,83.6,40.0,32.7,1.02,26.61,-3.12,19.65,-12.0,7.1,-5.8,-6.04,3.87,-2.79,-2.91,10.22,3.47,3.34,10.22,3.34,False,10.22,3.34,False,2022Q4
FMC,2022-11-28,ENTRY_V2,,83.6,65.0,47.1,1.03,28.01,-7.96,13.67,-12.0,7.64,3.69,3.56,-5.46,-5.04,-5.02,7.35,4.21,4.1,7.35,4.1,False,7.35,4.1,False,2022Q4
FMC,2025-04-24,ENTRY_V2,37.7,97.2,80.0,31.2,0.99,32.34,-2.23,18.15,-12.0,3.62,1.73,1.74,11.41,2.06,2.15,12.89,-10.34,-10.13,12.89,-10.13,False,12.89,-10.13,False,2025Q2
FMC,2025-05-08,ENTRY_V2_LOOSE,,79.1,45.0,55.6,0.99,33.42,-5.39,14.33,-12.0,-2.69,-4.8,-4.78,6.97,2.63,2.67,7.09,-10.23,-10.04,7.09,-10.04,False,7.09,-10.04,False,2025Q2
FMC,2019-01-02,CONTROL_RSI,8.0,8.0,,32.3,0.81,17.41,-7.93,13.73,-5.0,-0.69,-1.65,-1.46,6.49,4.14,4.59,-0.34,-11.26,-9.19,-0.34,-9.19,False,-5.0,-14.01,True,2019Q1
FMC,2019-02-15,CONTROL_RSI,8.1,8.1,,32.3,0.84,18.42,-12.98,1.3,-5.0,-5.16,-9.3,-8.64,-7.11,-13.08,-12.13,-8.41,-10.68,-10.32,-8.0,-12.17,True,-5.0,-8.0,True,2019Q1
FMC,2019-03-18,CONTROL_RSI,22.2,22.2,,27.6,0.76,17.11,-7.71,8.36,-5.0,-5.61,-1.27,-2.33,2.1,6.21,5.21,-1.4,5.19,3.58,-1.4,3.58,False,-5.0,-3.13,True,2019Q1
FMC,2019-05-06,CONTROL_RSI,16.5,16.5,,29.5,0.76,16.75,-5.73,9.97,-5.0,1.43,1.01,1.12,0.0,1.06,0.8,6.99,4.41,5.04,6.99,5.04,False,-5.0,-3.83,True,2019Q2
FMC,2019-09-12,CONTROL_RSI,25.0,25.0,,30.4,0.55,17.7,-2.2,5.2,-5.0,-0.73,-2.2,-1.54,1.69,0.08,0.8,-1.13,0.15,-0.42,-1.13,-0.42,False,-1.13,-0.42,False,2019Q3
FMC,2019-11-01,CONTROL_RSI,6.3,6.3,,32.9,0.35,17.83,-7.46,7.68,-5.0,-0.34,-0.12,-0.26,-0.17,5.69,1.88,-3.59,5.23,-0.51,-3.59,-0.51,False,-5.0,-1.89,True,2019Q4
FMC,2019-12-04,CONTROL_RSI,20.7,20.7,,28.1,0.33,18.03,-11.98,6.49,-5.0,-2.94,-2.85,-2.91,0.33,0.73,0.46,-10.43,-2.42,-7.82,-8.0,-6.63,True,-5.0,-3.63,True,2019Q4
FMC,2020-01-20,CONTROL_RSI,23.3,23.3,,27.9,0.35,17.78,-40.72,2.92,-5.0,-3.32,1.76,-1.53,-5.68,1.38,-3.19,-15.41,6.03,-7.84,-8.0,-5.1,True,-5.0,-3.17,True,2020Q1
FMC,2020-02-26,CONTROL_RSI,8.2,8.2,,32.9,0.6,16.39,-35.69,15.44,-5.0,-1.89,-2.02,-1.97,-24.28,-2.1,-11.02,14.58,17.16,16.12,-8.0,-4.2,True,-5.0,-1.2,True,2020Q1
FMC,2020-07-10,CONTROL_RSI,11.1,11.1,,31.3,1.13,19.68,-12.8,30.54,-10.13,-0.2,1.33,1.53,0.0,3.62,4.08,25.05,20.38,19.78,-10.42,1.15,True,-10.42,1.15,True,2020Q3
FMC,2020-10-12,CONTROL_RSI,17.0,17.0,,29.3,1.2,23.56,-11.42,16.04,-5.0,-3.82,-5.73,-6.1,-0.13,-2.84,-3.37,14.22,-9.14,-13.7,-8.0,-10.28,True,-5.0,-7.13,True,2020Q4
FMC,2020-12-21,CONTROL_RSI,0.6,0.6,,34.8,1.14,25.47,-12.13,20.06,-5.0,-0.71,-2.34,-2.57,2.79,-2.1,-2.78,7.97,0.58,-0.46,-9.31,-3.2,True,-9.31,-3.2,True,2020Q4
FMC,2021-01-27,CONTROL_RSI,19.3,19.3,,30.5,0.96,23.1,-3.12,32.38,-5.0,4.85,-1.92,-1.65,14.89,2.72,3.2,7.79,-11.45,-10.69,7.79,-10.69,False,7.79,-10.69,False,2021Q1
FMC,2021-04-05,CONTROL_RSI,15.4,15.4,,34.9,0.96,28.14,-14.07,12.22,-5.25,-1.99,-3.2,-3.15,-11.66,-12.34,-12.31,5.97,-9.18,-8.54,-8.0,-7.57,True,-5.25,-5.67,True,2021Q2
FMC,2021-05-06,CONTROL_RSI,22.8,22.8,,27.4,0.97,25.1,-3.51,25.82,-5.15,2.07,0.4,0.45,10.2,-0.12,0.24,15.62,10.43,10.61,15.62,10.61,False,15.62,10.61,False,2021Q2
FMC,2021-07-07,CONTROL_RSI,30.2,30.2,,25.2,0.87,28.58,-11.48,43.49,-7.39,-7.14,-0.32,-1.18,8.82,11.91,11.52,39.57,43.1,42.66,-8.0,-2.19,True,-7.39,-1.58,True,2021Q3
FMC,2021-12-17,CONTROL_RSI,11.5,11.5,,32.2,1.06,42.69,-14.05,19.84,-7.64,-3.94,-4.55,-4.59,-8.15,-5.39,-5.22,14.43,12.81,12.71,-8.0,-6.36,True,-7.64,-6.0,True,2021Q4
FMC,2022-01-21,CONTROL_RSI,0.2,0.2,,34.9,1.26,39.17,-6.33,51.85,-5.0,3.88,2.2,1.77,24.51,23.34,23.04,22.26,31.19,33.49,22.26,33.49,False,22.26,33.49,False,2022Q1
FMC,2022-05-09,CONTROL_RSI,37.1,37.1,,31.5,0.97,47.2,-15.44,21.63,-6.2,-4.36,-3.35,-3.38,21.29,17.23,17.33,-12.22,-12.28,-12.28,-8.0,-2.58,True,-6.2,-0.78,True,2022Q2
FMC,2022-06-22,CONTROL_RSI,12.3,12.3,,30.9,1.05,49.84,-19.92,6.1,-7.67,-2.81,-5.87,-6.01,-10.41,-13.55,-13.7,-18.02,-21.75,-21.93,-8.0,-9.73,True,-7.67,-9.41,True,2022Q2
FMC,2022-07-20,CONTROL_RSI,6.7,6.7,,33.1,1.05,44.65,-33.03,1.66,-10.37,-5.91,-7.01,-7.07,-5.91,-12.49,-12.85,-27.5,-15.5,-14.85,-8.0,-7.65,True,-10.37,-13.58,True,2022Q3
FMC,2022-09-22,CONTROL_RSI,2.1,2.1,,34.3,1.11,41.1,-42.68,0.12,-5.0,-7.81,-1.17,-0.46,-23.84,-7.95,-6.24,-29.85,-16.65,-15.23,-8.0,-0.1,True,-5.0,-0.79,True,2022Q3
FMC,2022-10-20,CONTROL_RSI,14.4,14.4,,31.2,1.15,33.2,-29.04,0.0,-12.0,-11.54,-8.55,-8.08,-23.95,-15.48,-14.16,-11.17,-11.9,-12.01,-13.04,-6.35,True,-13.04,-6.35,True,2022Q4
FMC,2022-11-21,CONTROL_RSI,23.3,23.3,,28.2,1.02,26.15,-1.72,21.76,-11.97,7.88,-0.34,-0.53,6.46,-0.81,-0.98,15.6,5.07,4.82,15.6,4.82,False,15.6,4.82,False,2022Q4
FMC,2022-12-26,CONTROL_RSI,38.3,38.3,,21.0,0.91,26.28,-1.9,22.87,-5.0,10.01,3.89,4.47,18.49,9.38,10.23,20.66,13.54,14.21,20.66,14.21,False,20.66,14.21,False,2022Q4
FMC,2023-03-13,CONTROL_RSI,4.0,4.0,,33.7,0.88,29.49,-2.24,26.18,-5.0,1.97,3.57,3.38,11.6,9.68,9.91,21.94,16.39,17.06,21.94,17.06,False,21.94,17.06,False,2023Q1
FMC,2023-06-22,CONTROL_RSI,2.5,2.5,,35.0,0.84,35.83,-1.2,27.88,-5.0,2.54,3.09,3.01,15.8,10.51,11.34,21.13,13.57,14.76,21.13,14.76,False,21.13,14.76,False,2023Q2
FMC,2023-08-29,CONTROL_RSI,16.6,16.6,,31.6,0.67,40.67,-13.18,13.72,-6.76,5.53,2.6,3.56,-1.6,2.71,1.3,-1.7,7.46,4.46,-8.0,1.91,True,-6.76,1.63,True,2023Q3
FMC,2023-09-29,CONTROL_RSI,33.1,33.1,,29.2,0.81,42.36,-16.64,6.33,-7.77,4.08,5.62,5.32,-11.24,-1.48,-3.37,-8.57,-5.33,-5.96,-8.0,-1.05,True,-7.77,-0.82,True,2023Q3
FMC,2023-10-27,CONTROL_RSI,37.0,37.0,,16.3,0.85,38.08,-7.27,7.14,-5.0,-0.58,-3.96,-3.46,4.99,1.76,2.24,-2.84,-14.55,-12.81,-2.84,-12.81,False,-7.27,-6.11,True,2023Q4
FMC,2023-12-25,CONTROL_RSI,5.2,5.2,,35.0,0.85,38.73,-5.14,13.84,-5.0,1.34,-0.81,-0.47,-4.47,-9.19,-8.46,11.49,-3.06,-0.82,11.49,-0.82,False,-5.0,-8.7,True,2023Q4
FMC,2024-01-23,CONTROL_RSI,31.3,31.3,,26.3,0.84,37.09,-0.49,18.87,-5.0,3.94,4.9,4.74,10.25,3.53,4.6,14.21,11.71,12.11,14.21,12.11,False,14.21,12.11,False,2024Q1
FMC,2024-04-15,CONTROL_RSI,7.2,7.2,,32.7,0.85,40.63,0.0,17.18,-5.0,4.04,5.11,4.94,11.67,6.83,7.57,11.89,6.87,7.63,11.89,7.63,False,11.89,7.63,False,2024Q2
FMC,2024-06-24,CONTROL_RSI,15.2,15.2,,29.9,0.72,44.24,-7.41,5.99,-5.0,0.61,-0.51,-0.19,-0.2,1.7,1.16,-4.97,-6.21,-5.86,-4.97,-5.86,False,-5.0,-4.01,True,2024Q2
FMC,2024-07-26,CONTROL_RSI,7.7,7.7,,32.4,0.75,43.93,-6.76,1.43,-6.26,-3.78,1.0,-0.18,-1.75,-4.34,-3.7,-5.94,-7.8,-7.34,-5.94,-7.34,False,-6.26,-6.6,True,2024Q3
FMC,2024-09-09,CONTROL_RSI,7.9,7.9,,34.4,0.79,42.04,-4.47,5.14,-5.0,-0.21,0.64,0.46,0.98,0.81,0.84,4.28,5.86,5.52,4.28,5.52,False,4.28,5.52,False,2024Q3
FMC,2024-10-28,CONTROL_RSI,14.6,14.6,,31.6,0.71,41.23,-2.6,7.2,-5.0,-1.31,-0.33,-0.62,1.87,3.13,2.76,0.99,2.23,1.87,0.99,1.87,False,0.99,1.87,False,2024Q4
FMC,2024-12-19,CONTROL_RSI,11.9,11.9,,31.0,0.7,41.77,-4.19,7.97,-5.0,0.77,-0.79,-0.32,-1.29,-0.81,-0.96,1.29,-4.66,-2.86,1.29,-2.86,False,1.29,-2.86,False,2024Q4
FMC,2025-02-27,CONTROL_RSI,20.6,20.6,,28.1,0.6,42.0,-30.69,7.38,-5.0,5.76,4.32,4.89,1.29,0.5,0.81,-13.07,-15.73,-14.67,-12.74,-8.31,True,-6.21,-2.67,True,2025Q1
FMC,2025-03-27,CONTROL_RSI,30.0,30.0,,18.2,0.61,42.54,-31.57,1.79,-5.0,-13.85,-5.26,-8.64,-25.04,-17.66,-20.57,-18.97,-22.08,-20.86,-13.85,-8.64,True,-7.4,-3.07,True,2025Q1
FMC,2025-06-13,CONTROL_RSI,1.9,1.9,,34.4,1.08,33.76,0.0,13.18,-5.0,5.33,1.92,1.66,7.58,-4.37,-5.27,6.16,-18.95,-20.85,6.16,-20.85,False,6.16,-20.85,False,2025Q2
FMC,2025-07-29,CONTROL_RSI,22.1,22.1,,27.6,1.05,35.56,-7.2,7.06,-5.0,2.67,-2.23,-2.46,-1.46,-12.96,-13.51,-5.34,-17.54,-18.12,-5.34,-18.12,False,-5.0,-23.0,True,2025Q3
FMC,2025-08-26,CONTROL_RSI,2.8,2.8,,34.1,1.0,34.8,-6.95,7.9,-5.0,3.53,4.22,4.22,1.35,2.41,2.41,-1.64,-0.23,-0.23,-1.64,-0.23,False,-5.0,-2.5,True,2025Q3
FMC,2025-10-03,CONTROL_RSI,29.5,29.5,,25.2,0.99,34.94,-7.33,2.43,-5.0,-1.63,-7.13,-7.06,-0.69,2.67,2.63,-4.75,-9.63,-9.57,-4.75,-9.57,False,-5.0,-10.01,True,2025Q4
FMC,2025-11-25,CONTROL_RSI,27.5,27.5,,25.8,0.62,34.28,-4.03,26.55,-6.47,0.96,-2.9,-1.42,-3.06,-9.99,-7.33,18.93,6.16,11.07,18.93,11.07,False,18.93,11.07,False,2025Q4
FMC,2025-12-23,CONTROL_RSI,36.3,36.3,,19.2,0.55,33.09,-0.57,31.1,-5.0,0.88,0.78,0.82,7.04,2.1,4.31,10.34,16.5,13.74,10.34,13.74,False,10.34,13.74,False,2025Q4
FMC,2026-03-24,CONTROL_RSI,23.2,23.2,,31.8,0.61,35.32,-3.03,6.31,-6.38,3.37,-0.84,0.8,6.03,-7.62,-2.31,-0.62,-14.32,-8.99,-0.62,-8.99,False,-0.62,-8.99,False,2026Q1
FMC,2026-05-14,CONTROL_RSI,0.3,0.3,,34.9,0.67,36.1,-8.59,2.08,-5.0,-0.42,2.25,1.38,-2.63,4.47,2.14,-6.65,1.68,-1.05,-8.0,-1.59,True,-5.0,-2.73,True,2026Q2
FMC,2026-07-16,CONTROL_RSI,16.1,16.1,,29.6,0.67,33.85,-4.58,3.99,-5.0,1.48,7.9,5.81,0.44,4.48,3.17,,,,-1.92,-0.32,False,-1.92,-0.32,False,2026Q3
FMC,2026-09-03,CONTROL_RSI,12.7,12.7,,30.8,0.46,33.7,-4.15,3.86,-5.0,-0.74,1.14,0.13,-2.67,2.35,-0.35,,,,-1.48,0.3,False,-1.48,0.3,False,2026Q3
FMC,2019-03-01,CONTROL_RANDOM,,,,30.7,0.8,17.59,-8.87,5.4,-5.0,-0.34,-0.45,-0.43,-5.12,-5.63,-5.53,-3.75,-1.35,-1.83,-8.0,-8.42,True,-5.0,-5.42,True,2019Q1
FMC,2019-03-26,CONTROL_RANDOM,,,,21.0,0.76,16.15,-2.23,14.8,-5.0,2.97,2.17,2.37,3.72,3.98,3.91,6.32,8.01,7.6,6.32,7.6,False,6.32,7.6,False,2019Q1
FMC,2019-08-05,CONTROL_RANDOM,,,,44.7,0.53,18.06,-5.59,11.79,-5.0,2.49,1.81,2.13,0.94,-0.86,-0.02,-1.11,-5.34,-3.36,-1.11,-3.36,False,-1.11,-3.36,False,2019Q3
FMC,2019-12-10,CONTROL_RANDOM,,,,32.4,0.31,17.5,-21.37,9.71,-5.0,2.86,3.84,3.17,2.17,2.22,2.19,-21.37,-1.45,-15.1,-8.0,-5.43,True,-5.0,-3.94,True,2019Q4
FMC,2019-12-18,CONTROL_RANDOM,,,,56.2,0.3,18.03,-28.67,6.49,-5.0,-0.17,-1.01,-0.42,-1.39,-4.37,-2.28,-25.4,-0.06,-17.8,-8.0,-7.29,True,-5.0,-4.29,True,2019Q4
FMC,2020-02-11,CONTROL_RANDOM,,,,29.9,0.49,16.98,-37.93,7.77,-5.0,1.24,2.51,1.86,-13.07,0.68,-6.34,2.47,14.42,8.33,-8.0,-2.52,True,-5.0,-1.95,True,2020Q1
FMC,2020-08-24,CONTROL_RANDOM,,,,75.5,1.19,20.72,-2.27,23.99,-8.47,7.48,5.09,4.63,20.51,15.74,14.83,15.3,3.52,1.27,15.3,1.27,False,15.3,1.27,False,2020Q3
FMC,2020-08-31,CONTROL_RANDOM,,,,63.0,1.2,20.87,0.0,23.1,-5.27,13.42,12.6,12.44,17.73,15.11,14.59,17.06,3.71,1.03,17.06,1.03,False,17.06,1.03,False,2020Q3
FMC,2020-10-13,CONTROL_RANDOM,,,,37.7,1.2,23.67,-11.83,17.49,-5.0,-4.86,-5.62,-5.77,1.23,-0.96,-1.38,16.86,-7.24,-11.96,-8.0,-9.46,True,-5.0,-6.46,True,2020Q4
FMC,2020-10-30,CONTROL_RANDOM,,,,34.0,1.21,21.73,-2.99,30.05,-5.6,10.58,7.79,7.2,19.7,11.38,9.63,17.35,-5.33,-10.12,17.35,-10.12,False,17.35,-10.12,False,2020Q4
FMC,2021-04-08,CONTROL_RANDOM,,,,43.4,0.96,27.82,-13.08,13.52,-5.0,-3.74,-4.32,-4.3,-8.05,-11.1,-10.99,3.59,-9.16,-8.68,-8.0,-7.71,True,-5.0,-7.27,True,2021Q2
FMC,2021-06-03,CONTROL_RANDOM,,,,60.0,0.93,26.54,-4.67,35.53,-6.64,10.55,11.67,11.59,12.36,8.47,8.73,28.49,32.43,32.15,28.49,32.15,False,28.49,32.15,False,2021Q2
FMC,2021-07-28,CONTROL_RANDOM,,,,60.5,0.85,29.66,-7.82,39.89,-12.0,4.86,-0.51,0.27,12.81,10.93,11.2,27.75,19.27,20.5,27.75,20.5,False,27.75,20.5,False,2021Q3
FMC,2021-12-27,CONTROL_RANDOM,,,,40.0,1.16,40.93,-10.36,36.72,-6.22,5.47,3.21,2.85,-1.37,-0.88,-0.8,33.79,33.68,33.66,-8.0,-4.16,True,-6.22,-3.4,True,2021Q4
FMC,2022-03-09,CONTROL_RANDOM,,,,57.8,1.08,47.57,-16.02,25.04,-8.0,3.87,5.47,5.59,16.8,15.64,15.55,20.35,33.4,34.41,-8.0,14.72,True,-8.0,14.72,True,2022Q1
FMC,2022-04-05,CONTROL_RANDOM,,,,77.5,1.0,56.44,-29.22,5.39,-12.0,2.69,5.25,5.24,-10.52,5.43,5.38,-15.34,5.52,5.45,-9.36,3.82,True,-12.0,1.18,True,2022Q2
FMC,2022-06-10,CONTROL_RANDOM,,,,70.0,1.08,49.1,-18.72,7.7,-5.0,6.03,11.68,12.12,-14.09,-6.44,-5.84,-16.11,-15.48,-15.43,-8.0,-1.98,True,-5.0,-0.5,True,2022Q2
FMC,2022-06-15,CONTROL_RANDOM,,,,50.2,1.1,49.42,-19.24,7.0,-7.03,4.84,7.96,8.28,-12.32,-8.65,-8.28,-16.17,-17.99,-18.17,-8.0,-3.88,True,-7.03,-2.91,True,2022Q2
FMC,2022-10-21,CONTROL_RANDOM,,,,33.8,1.17,31.3,-24.73,0.0,-6.96,-6.29,-6.95,-7.06,-16.45,-10.52,-9.54,-4.98,-11.55,-12.63,-8.0,-4.82,True,-7.89,-4.71,True,2022Q4
FMC,2023-03-31,CONTROL_RANDOM,,,,74.2,0.84,31.96,-0.78,19.02,-8.92,2.72,3.59,3.45,9.17,12.34,11.82,13.61,8.89,9.66,13.61,9.66,False,13.61,9.66,False,2023Q1
FMC,2023-04-07,CONTROL_RANDOM,,,,78.5,0.78,32.13,0.0,21.07,-5.0,6.41,8.28,7.87,10.86,12.42,12.08,20.39,15.51,16.59,20.39,16.59,False,20.39,16.59,False,2023Q2
FMC,2023-04-13,CONTROL_RANDOM,,,,87.0,0.78,36.24,-6.82,12.0,-12.0,-2.26,0.01,-0.49,-2.21,-1.57,-1.71,10.68,2.53,4.33,10.68,4.33,False,10.68,4.33,False,2023Q2
FMC,2023-04-20,CONTROL_RANDOM,,,,77.6,0.74,35.71,-5.43,18.15,-11.5,-3.11,-3.02,-3.04,0.34,-0.78,-0.49,16.19,4.48,7.52,16.19,7.52,False,16.19,7.52,False,2023Q2
FMC,2023-08-21,CONTROL_RANDOM,,,,40.2,0.65,38.99,-9.44,18.62,-5.0,3.77,2.04,2.64,15.52,13.08,13.92,-0.46,4.47,2.77,-9.44,-1.46,True,-5.0,3.62,True,2023Q3
FMC,2023-09-25,CONTROL_RANDOM,,,,43.4,0.81,41.93,-15.79,7.42,-5.0,2.27,5.12,4.58,-3.41,0.5,-0.23,-7.01,-2.26,-3.16,-8.0,-1.27,True,-5.0,-1.97,True,2023Q3
FMC,2023-10-02,CONTROL_RANDOM,,,,43.5,0.82,44.52,-20.69,1.17,-12.0,-0.58,-0.4,-0.43,-18.44,-8.17,-10.07,-12.83,-10.77,-11.15,-8.0,-4.98,True,-12.0,-5.57,True,2023Q4
FMC,2023-12-18,CONTROL_RANDOM,,,,35.7,0.86,38.6,-4.82,14.22,-5.0,0.54,-2.3,-1.89,-2.12,-8.66,-7.71,9.95,-5.52,-3.29,9.95,-3.29,False,9.95,-3.29,False,2023Q4
FMC,2024-03-15,CONTROL_RANDOM,,,,61.4,0.83,43.01,-5.53,10.7,-6.31,-1.51,-1.65,-1.63,-5.53,-1.62,-2.27,8.39,7.3,7.48,8.39,7.48,False,8.39,7.48,False,2024Q1
FMC,2024-04-05,CONTROL_RANDOM,,,,60.1,0.84,43.66,-6.94,9.05,-5.63,-6.94,-3.85,-4.33,4.54,5.38,5.25,2.89,0.68,1.02,2.89,1.02,False,-5.63,-3.02,True,2024Q2
FMC,2024-06-13,CONTROL_RANDOM,,,,57.0,0.7,46.71,-10.58,0.96,-5.0,-3.45,-1.81,-2.3,-1.54,0.19,-0.32,-10.08,-6.39,-7.49,-8.0,-5.37,True,-5.0,-2.35,True,2024Q2
FMC,2024-08-20,CONTROL_RANDOM,,,,43.6,0.77,43.3,-7.25,1.66,-5.0,0.62,-0.09,0.07,-2.49,-2.47,-2.48,-4.16,0.07,-0.89,-4.16,-0.89,False,-5.0,-3.84,True,2024Q3
FMC,2024-12-11,CONTROL_RANDOM,,,,75.9,0.7,42.81,-6.52,5.35,-5.0,-2.43,-1.16,-1.54,-5.47,-2.29,-3.25,1.14,-3.21,-1.89,1.14,-1.89,False,-5.0,-3.91,True,2024Q4
FMC,2025-07-18,CONTROL_RANDOM,,,,54.2,1.07,36.13,-8.14,5.37,-5.0,1.3,-1.94,-2.15,-0.14,-8.61,-9.17,-6.97,-23.5,-24.61,-8.0,-25.63,True,-5.0,-22.85,True,2025Q3
FMC,2025-08-28,CONTROL_RANDOM,,,,32.9,1.0,35.13,-7.83,6.89,-5.0,1.76,4.89,4.89,-1.34,0.34,0.34,-2.56,-0.8,-0.8,-2.56,-0.8,False,-5.0,-9.01,True,2025Q3
FMC,2025-12-11,CONTROL_RANDOM,,,,43.9,0.58,33.9,-2.95,27.96,-5.0,-0.97,-1.07,-1.03,1.68,-10.08,-5.1,8.11,7.67,7.86,8.11,7.86,False,8.11,7.86,False,2025Q4
FMC,2026-02-03,CONTROL_RANDOM,,,,65.9,0.49,35.7,-5.43,21.51,-5.07,2.66,3.6,3.12,3.84,8.55,6.13,1.4,-3.1,-0.79,1.4,-0.79,False,-5.07,0.9,True,2026Q1
FMC,2026-02-04,CONTROL_RANDOM,,,,64.0,0.48,35.89,-5.93,20.87,-5.0,2.12,0.72,1.44,4.76,9.21,6.92,0.31,-5.95,-2.72,0.31,-2.72,False,-5.0,0.36,True,2026Q1
FMC,2026-04-16,CONTROL_RANDOM,,,,50.7,0.65,36.55,-7.66,2.74,-5.0,-0.25,-1.39,-0.98,-4.24,-8.66,-7.09,-5.06,-2.32,-3.29,-5.06,-3.29,False,-5.0,-7.85,True,2026Q2
FMC,2026-05-07,CONTROL_RANDOM,,,,54.8,0.67,36.41,-9.37,2.58,-5.0,-3.05,-3.6,-3.41,-3.32,0.46,-0.8,-7.03,2.15,-0.91,-8.0,-2.19,True,-5.0,-3.72,True,2026Q2
FMC,2026-06-19,CONTROL_RANDOM,,,,59.3,0.67,35.35,-7.78,1.7,-5.0,1.56,0.05,0.55,-4.53,0.07,-1.43,-6.93,-6.67,-6.76,-6.93,-6.76,False,-5.0,-1.91,True,2026Q2
GIL,2019-05-02,WATCH,58.3,58.3,0.0,14.7,0.81,12.27,-8.96,1.79,-5.0,-2.12,0.36,-0.12,-3.59,-1.86,-2.19,-6.11,-7.81,-7.48,-8.07,-6.54,True,-6.03,-3.92,True,2019Q2
GIL,2019-08-07,WATCH,61.4,61.4,0.0,21.6,0.79,10.37,-17.55,3.38,-5.0,-1.06,-2.45,-2.16,-8.97,-9.81,-9.63,-10.7,-15.85,-14.76,-8.0,-9.48,True,-5.0,-7.56,True,2019Q3
GIL,2019-09-24,WATCH,57.9,57.9,0.0,20.8,0.61,8.55,-9.82,15.09,-5.0,4.68,4.15,4.35,14.74,14.55,14.62,-9.82,-6.29,-7.66,-8.0,-6.48,True,-5.0,-4.03,True,2019Q3
GIL,2019-12-16,WATCH,49.4,49.4,35.0,25.3,0.5,7.89,-18.25,28.01,-5.0,-3.42,-3.05,-3.23,-7.35,-7.88,-7.62,-3.42,18.9,7.83,-8.0,-8.62,True,-5.0,-4.81,True,2019Q4
GIL,2020-03-04,WATCH,41.1,41.1,50.0,24.7,0.7,8.2,-21.34,13.17,-5.0,-15.73,-1.9,-5.99,-13.29,8.09,1.77,7.56,9.57,8.97,-8.17,-3.81,True,-8.17,-3.81,True,2020Q1
GIL,2020-03-11,PANIC70_ANY,72.3,72.3,0.0,24.8,0.93,7.31,-11.76,26.95,-5.0,2.74,9.43,9.0,-3.01,-0.42,-0.59,25.99,10.39,11.41,-8.0,-4.37,True,-6.02,-2.39,True,2020Q1
GIL,2021-05-20,WATCH,47.1,47.1,0.0,35.7,0.82,28.2,-10.96,24.08,-5.0,1.7,-2.04,-1.38,4.79,-3.46,-2.0,21.67,15.05,16.22,-8.0,-12.2,True,-5.0,-8.57,True,2021Q2
GIL,2021-05-21,PANIC70_ANY,80.3,80.3,0.0,27.6,0.82,28.68,-12.45,24.76,-5.24,-6.03,-9.18,-8.61,2.02,-4.59,-3.38,23.88,17.4,18.58,-8.4,-11.6,True,-5.24,-7.81,True,2021Q2
GIL,2021-12-01,WATCH,44.5,44.5,10.0,26.2,1.05,38.87,-7.85,28.61,-5.37,-1.34,-0.18,-0.12,-3.16,-3.22,-3.22,27.71,26.35,26.28,27.71,26.28,False,-5.37,-0.29,True,2021Q4
GIL,2022-05-09,PANIC70_ANY,71.6,71.6,35.0,21.2,0.96,39.87,-31.25,17.28,-5.0,-4.41,-3.4,-3.44,13.29,9.23,9.38,-15.78,-15.83,-15.83,-8.0,-2.64,True,-5.0,-0.48,True,2022Q2
GIL,2022-05-10,WATCH,66.5,66.5,15.0,23.9,0.97,44.05,-37.78,6.15,-12.0,-14.96,-10.74,-10.89,3.75,2.78,2.81,-23.5,-19.97,-20.09,-10.81,-2.41,True,-12.0,-3.6,True,2022Q2
GIL,2022-06-20,WATCH,49.3,49.3,0.0,30.2,1.13,32.93,-16.76,6.26,-5.0,-1.58,-5.43,-5.92,-7.14,-7.59,-7.65,-8.84,-15.03,-15.83,-13.39,-14.92,True,-13.39,-14.92,True,2022Q2
GIL,2022-09-19,WATCH,49.4,49.4,0.0,19.7,1.32,27.44,-60.35,1.6,-5.0,-8.67,-4.92,-3.71,-19.46,-7.22,-3.28,-31.38,-17.8,-13.43,-8.42,-8.7,True,-8.42,-8.7,True,2022Q3
GIL,2022-11-07,WATCH,65.6,65.6,0.0,20.7,1.51,14.42,-24.55,40.36,-5.0,-20.25,-15.15,-12.53,31.28,22.14,17.46,-7.63,-19.21,-25.14,-8.0,-5.85,True,-6.87,-4.71,True,2022Q4
GIL,2022-11-14,PANIC70_ANY,78.5,78.5,0.0,17.1,1.47,10.88,0.0,86.03,-5.0,30.97,28.16,26.85,73.07,59.96,53.86,19.94,6.76,0.61,19.94,0.61,False,19.94,0.61,False,2022Q4
GIL,2022-12-21,WATCH,48.4,48.4,45.0,35.9,1.23,16.32,-28.06,0.0,-12.0,-23.22,-21.55,-21.17,-15.62,-24.45,-26.46,-20.28,-22.26,-22.71,-19.85,-14.91,True,-19.85,-14.91,True,2022Q4
GIL,2023-08-18,WATCH,47.2,47.2,0.0,19.2,1.24,19.14,-25.55,34.9,-5.0,5.59,3.49,2.99,26.07,21.9,20.89,-7.21,-2.58,-1.46,-8.99,3.29,True,-5.0,2.27,True,2023Q3
GIL,2023-10-27,WATCH,51.7,51.7,0.0,24.7,1.4,17.01,-16.23,11.52,-6.02,-6.7,-10.08,-11.44,0.18,-3.05,-4.35,9.29,-2.43,-7.12,-14.99,-13.08,True,-14.99,-13.08,True,2023Q4
GIL,2024-04-17,WATCH,49.1,49.1,25.0,20.0,1.4,20.72,-3.14,25.92,-5.0,7.0,4.57,3.6,16.31,9.03,6.1,6.32,-1.11,-4.1,6.32,-4.1,False,6.32,-4.1,False,2024Q2
GIL,2024-07-23,WATCH,45.5,45.5,0.0,20.2,1.56,19.97,-5.21,10.17,-5.0,5.86,3.74,2.55,5.16,0.38,-2.29,-0.35,-5.24,-7.98,-0.35,-7.98,False,-5.0,-3.06,True,2024Q3
GIL,2025-01-06,WATCH,44.2,44.2,0.0,25.3,1.4,19.2,-30.73,0.52,-5.0,-9.11,-7.5,-6.86,-14.32,-15.86,-16.48,-30.73,-18.33,-13.4,-8.0,-6.48,True,-5.0,-2.91,True,2025Q1
GIL,2025-04-04,WATCH,58.1,58.1,10.0,25.0,1.21,14.25,-7.02,38.25,-5.0,-5.26,-9.92,-10.88,14.39,6.36,4.7,31.58,13.35,9.59,31.58,9.59,False,-5.0,-10.07,True,2025Q2
GIL,2025-04-11,PANIC70_ANY,77.8,77.8,15.0,29.6,1.05,14.2,-6.34,38.73,-9.32,10.92,13.18,13.29,16.2,9.87,9.55,33.45,16.4,15.55,33.45,15.55,False,33.45,15.55,False,2025Q2
GIL,2025-09-29,WATCH,48.8,48.8,0.0,18.5,0.83,17.0,-21.18,0.88,-5.0,-1.76,-2.81,-2.63,-7.94,-8.7,-8.57,-18.82,-25.08,-24.0,-8.0,-12.91,True,-5.0,-9.47,True,2025Q3
GIL,2025-12-09,WATCH,40.3,40.3,0.0,16.7,0.77,14.05,-6.05,13.17,-5.0,-1.78,2.52,1.52,2.14,-4.67,-3.1,1.07,4.07,3.38,1.07,3.38,False,-5.0,-8.59,True,2025Q4
GIL,2026-03-23,WATCH,46.7,46.7,10.0,23.8,0.79,13.5,-15.19,4.81,-7.86,-0.74,-3.7,-3.09,0.37,-12.37,-9.75,-12.96,-25.15,-22.64,-8.0,-21.21,True,-7.86,-21.07,True,2026Q1
GIL,2026-07-10,WATCH,53.9,53.9,20.0,25.6,0.69,9.91,-35.32,0.0,-5.0,-26.34,-21.64,-23.09,-17.36,-14.47,-15.36,,,,-12.21,-10.42,True,-12.21,-10.42,True,2026Q3
GIL,2026-07-15,PANIC70_ANY,85.0,85.0,0.0,8.6,0.74,8.76,-26.83,5.71,-5.0,-20.21,-16.08,-17.16,-2.97,-2.58,-2.68,,,,-15.53,-14.32,True,-15.53,-14.32,True,2026Q3
GIL,2020-03-20,ENTRY_V2_LOOSE,7.8,85.9,40.0,39.0,0.94,6.93,-5.63,40.4,-10.12,-1.59,3.09,2.79,6.49,-3.88,-3.22,19.48,-3.62,-2.14,19.48,-2.14,False,19.48,-2.14,False,2020Q1
GIL,2020-03-25,ENTRY_V2,20.3,85.9,65.0,39.8,0.91,7.49,-12.68,29.91,-12.0,-5.07,-6.93,-6.76,12.95,0.23,1.42,13.62,-12.39,-9.96,-8.0,-4.48,True,-12.0,-8.52,True,2020Q1
GIL,2022-05-24,ENTRY_V2,46.9,72.3,60.0,22.1,1.05,37.4,-26.71,25.03,-12.0,7.73,2.8,2.55,-22.62,-17.03,-16.74,-8.1,-11.07,-11.22,-8.0,-3.07,True,-12.0,-6.39,True,2022Q2
GIL,2022-05-30,ENTRY_V2_LOOSE,,70.6,45.0,40.2,1.06,40.17,-31.76,16.41,-12.0,12.45,12.24,12.22,-19.32,-13.84,-13.5,-19.37,-17.98,-17.9,-8.0,-1.84,True,-12.0,-6.11,True,2022Q2
GIL,2022-11-22,ENTRY_V2,30.2,78.5,60.0,31.3,1.45,14.25,-17.61,42.04,-12.0,25.12,14.51,9.76,9.4,1.91,-1.45,-5.33,-16.5,-21.49,-8.21,-13.92,True,-17.61,-26.28,True,2022Q4
GIL,2025-04-21,ENTRY_V2_LOOSE,31.1,77.8,45.0,37.3,1.06,15.4,-4.87,31.17,-12.0,0.65,-1.42,-1.55,5.19,-4.22,-4.78,27.6,2.97,1.49,27.6,1.49,False,27.6,1.49,False,2025Q2
GIL,2026-08-04,ENTRY_V2,20.7,72.1,65.0,30.1,0.86,7.59,-2.5,22.0,-12.0,14.49,14.03,14.1,-1.19,-3.24,-2.95,,,,3.69,4.93,False,3.69,4.93,False,2026Q3
GIL,2019-03-26,CONTROL_RSI,3.9,3.9,,33.7,0.89,13.77,-18.08,5.3,-5.0,1.02,0.22,0.3,-5.59,-5.33,-5.36,-13.58,-11.89,-12.07,-8.0,-8.17,True,-5.0,-5.05,True,2019Q1
GIL,2019-04-24,CONTROL_RSI,1.0,1.0,,34.7,0.85,13.16,-15.12,0.0,-5.0,-8.43,-6.51,-6.79,-9.12,-8.67,-8.74,-12.16,-13.5,-13.31,-8.0,-6.39,True,-5.0,-5.19,True,2019Q2
GIL,2019-06-04,CONTROL_RSI,26.1,26.1,,29.8,0.89,11.53,-16.65,4.94,-5.0,2.08,2.32,2.29,2.95,2.54,2.58,-16.22,-18.39,-18.15,-8.0,-10.74,True,-5.0,-7.74,True,2019Q2
GIL,2019-07-11,CONTROL_RSI,20.1,20.1,,35.0,0.79,11.61,-26.36,2.67,-5.0,1.29,1.06,1.11,-8.79,-8.2,-8.32,-22.74,-23.04,-22.98,-8.0,-8.48,True,-5.0,-5.48,True,2019Q3
GIL,2019-08-09,CONTROL_RSI,24.4,24.4,,28.9,0.79,10.57,-19.11,0.0,-6.52,-1.7,-2.28,-2.16,-12.58,-12.06,-12.17,-13.43,-18.45,-17.39,-8.0,-8.61,True,-6.52,-8.29,True,2019Q3
GIL,2019-09-09,CONTROL_RSI,23.8,23.8,,27.1,0.69,9.44,-14.62,4.24,-5.0,-1.17,-3.43,-2.73,-6.57,-7.96,-7.53,-12.18,-10.01,-10.69,-8.0,-8.95,True,-5.0,-5.91,True,2019Q3
GIL,2019-10-16,CONTROL_RSI,26.7,26.7,,26.1,0.52,8.86,-17.49,11.06,-5.0,9.48,9.63,9.56,0.79,-0.94,-0.12,-16.93,-14.27,-15.53,-8.0,-6.7,True,-5.0,-5.41,True,2019Q4
GIL,2019-11-13,CONTROL_RSI,30.0,30.0,,16.8,0.38,8.95,-19.78,12.85,-5.0,-5.7,-3.14,-4.72,-7.93,-3.43,-6.21,6.93,14.46,9.82,-8.0,-6.6,True,-5.0,-4.59,True,2019Q4
GIL,2019-12-12,CONTROL_RSI,7.6,7.6,,32.5,0.48,8.31,-22.38,21.54,-5.0,-6.14,-4.79,-5.49,-11.43,-11.06,-11.25,-15.76,7.09,-4.73,-8.0,-7.47,True,-5.05,-4.29,True,2019Q4
GIL,2020-03-05,CONTROL_RSI,34.4,34.4,,26.2,0.71,8.24,-21.72,12.62,-5.0,-15.05,-0.74,-4.96,-10.44,6.69,1.64,7.04,7.92,7.66,-8.62,-4.53,True,-8.62,-4.53,True,2020Q1
GIL,2020-06-29,CONTROL_RSI,34.8,34.8,,26.2,1.03,7.87,-3.43,62.01,-5.0,4.07,0.88,0.78,10.42,13.21,13.29,55.27,46.22,45.95,55.27,45.95,False,55.27,45.95,False,2020Q2
GIL,2021-01-05,CONTROL_RSI,9.2,9.2,,32.7,0.46,20.1,-0.5,79.65,-5.0,11.99,7.87,10.1,19.9,22.34,21.02,78.41,69.34,74.24,78.41,74.24,False,78.41,74.24,False,2021Q1
GIL,2021-06-04,CONTROL_RSI,33.2,33.2,,28.9,0.83,27.96,-4.65,35.05,-12.0,3.43,4.37,4.21,13.59,10.93,11.4,35.05,38.43,37.84,35.05,37.84,False,35.05,37.84,False,2021Q2
GIL,2021-11-29,CONTROL_RSI,25.8,25.8,,34.0,1.08,38.82,-7.73,28.77,-5.53,-2.14,0.43,0.62,-1.52,-2.16,-2.21,23.47,23.42,23.42,23.47,23.42,False,-5.53,-0.36,True,2021Q4
GIL,2021-12-30,CONTROL_RSI,4.8,4.8,,33.4,1.05,38.11,-4.17,44.61,-5.0,6.95,5.76,5.7,5.88,5.09,5.05,43.53,40.93,40.8,43.53,40.8,False,43.53,40.8,False,2021Q4
GIL,2022-04-25,CONTROL_RSI,31.0,31.0,,31.9,0.9,42.64,-35.72,19.86,-5.0,15.71,9.86,10.42,-3.59,-2.28,-2.41,-26.48,-19.71,-20.37,-8.0,-0.79,True,-6.5,-7.07,True,2022Q2
GIL,2022-05-25,CONTROL_RSI,27.7,27.7,,29.5,1.07,40.11,-31.66,16.58,-12.0,7.33,6.17,6.08,-22.86,-16.2,-15.7,-15.66,-15.65,-15.65,-8.0,-2.95,True,-12.0,-7.23,True,2022Q2
GIL,2022-07-01,CONTROL_RSI,23.4,23.4,,29.8,1.14,33.29,-26.58,5.11,-12.0,-11.5,-7.26,-6.65,-1.95,-4.01,-4.31,-26.37,-21.16,-20.41,-10.78,-5.39,True,-12.0,-6.61,True,2022Q3
GIL,2022-08-26,CONTROL_RSI,9.5,9.5,,31.8,1.27,31.49,-65.45,0.57,-5.0,-5.87,-4.27,-3.83,-22.17,-12.68,-10.1,-51.67,-26.54,-19.7,-8.0,-5.04,True,-5.0,-2.96,True,2022Q3
GIL,2022-10-12,CONTROL_RSI,38.3,38.3,,27.6,1.36,20.83,-47.77,11.71,-12.0,6.77,4.54,3.74,-39.37,-30.86,-27.81,-33.89,-35.45,-36.01,-8.0,-3.06,True,-12.0,-7.06,True,2022Q4
GIL,2022-11-18,CONTROL_RSI,37.2,37.2,,31.0,1.44,14.87,-21.05,36.11,-12.0,18.09,14.58,13.02,5.31,-1.56,-4.62,-2.76,-14.15,-19.2,-8.54,-15.57,True,-12.04,-14.06,True,2022Q4
GIL,2022-12-28,CONTROL_RSI,35.2,35.2,,34.9,1.21,13.36,-6.96,14.15,-12.0,3.07,-0.41,-1.13,6.66,0.65,-0.59,-0.52,-5.31,-6.29,-0.52,-6.29,False,-0.52,-6.29,False,2022Q4
GIL,2023-08-21,CONTROL_RSI,38.5,38.5,,25.3,1.22,19.45,-26.74,32.75,-5.0,4.63,2.89,2.52,24.94,22.5,21.97,-8.12,-3.19,-2.12,-8.0,5.2,True,-5.0,2.8,True,2023Q3
GIL,2023-10-19,CONTROL_RSI,30.1,30.1,,32.7,1.37,18.59,-23.35,5.0,-5.0,-8.5,-6.18,-5.31,-6.83,-8.25,-8.77,-7.05,-13.34,-15.69,-8.0,-4.81,True,-6.29,-3.1,True,2023Q4
GIL,2023-12-26,CONTROL_RSI,14.8,14.8,,30.1,1.47,17.32,-2.02,57.04,-7.56,2.14,-0.31,-1.46,5.37,1.18,-0.81,57.04,42.19,35.16,57.04,35.16,False,57.04,35.16,False,2023Q4
GIL,2024-04-10,CONTROL_RSI,16.7,16.7,,33.5,1.48,22.72,-11.66,14.83,-5.0,-10.92,-4.91,-2.02,5.33,4.96,4.79,2.11,-0.77,-2.16,-8.8,0.09,True,-5.0,-0.94,True,2024Q2
GIL,2024-06-24,CONTROL_RSI,24.9,24.9,,29.8,1.49,22.51,-15.9,5.69,-5.0,0.8,-0.32,-0.86,-11.28,-9.38,-8.45,-5.51,-6.74,-7.34,-8.0,-5.16,True,-5.0,-6.07,True,2024Q2
GIL,2024-07-22,CONTROL_RSI,16.9,16.9,,31.0,1.54,21.34,-11.29,3.09,-5.0,1.31,2.24,2.74,-1.92,-3.18,-3.86,-7.4,-9.78,-11.06,-10.78,-2.35,True,-5.0,-1.35,True,2024Q3
GIL,2024-09-10,CONTROL_RSI,30.0,30.0,,21.6,1.61,19.76,-2.43,15.38,-5.0,0.71,-0.14,-0.66,2.63,0.43,-0.92,8.55,9.66,10.33,8.55,10.33,False,8.55,10.33,False,2024Q3
GIL,2024-10-10,CONTROL_RSI,7.5,7.5,,32.5,1.62,20.31,-5.07,13.74,-5.0,-2.02,-1.85,-1.74,-0.54,2.18,3.89,-4.97,-1.76,0.24,-4.97,0.24,False,-5.0,-2.76,True,2024Q4
GIL,2025-01-02,CONTROL_RSI,7.6,7.6,,32.5,1.41,20.95,-26.97,0.72,-5.0,-15.04,-12.02,-10.77,-14.8,-15.31,-15.52,-26.97,-22.39,-20.5,-8.35,-5.92,True,-8.35,-5.92,True,2025Q1
GIL,2025-02-12,CONTROL_RSI,6.4,6.4,,33.7,1.35,16.3,-18.71,13.5,-5.0,4.29,2.26,1.56,7.36,2.7,1.08,0.61,-2.74,-3.91,-12.58,1.73,True,-6.13,-0.11,True,2025Q1
GIL,2025-04-14,CONTROL_RSI,37.4,37.4,,30.6,1.05,14.3,-6.99,41.26,-10.05,4.9,7.78,7.91,14.69,9.11,8.85,38.11,19.85,19.01,38.11,19.01,False,38.11,19.01,False,2025Q2
GIL,2025-09-17,CONTROL_RSI,30.0,30.0,,22.9,0.86,19.05,-27.03,0.79,-5.0,-3.41,-2.83,-2.91,-17.32,-22.75,-22.02,-24.93,-26.31,-26.12,-8.0,-7.52,True,-5.0,-2.86,True,2025Q3
GIL,2025-10-15,CONTROL_RSI,38.8,38.8,,22.1,0.71,15.75,-15.24,6.03,-5.0,-4.13,0.26,-0.99,-1.59,5.95,3.8,-10.48,-16.87,-15.04,-10.16,-6.07,True,-5.0,0.19,True,2025Q4
GIL,2025-12-03,CONTROL_RSI,18.2,18.2,,28.9,0.76,14.75,-10.51,7.8,-5.0,-3.05,-0.95,-1.44,-7.8,-10.85,-10.13,-6.1,-1.34,-2.46,-8.0,-5.52,True,-5.0,-5.52,True,2025Q4
GIL,2026-03-24,CONTROL_RSI,10.7,10.7,,34.0,0.81,13.35,-14.23,5.99,-6.7,2.62,-1.59,-0.77,1.5,-12.16,-9.51,-13.11,-26.8,-24.15,-8.0,-19.99,True,-6.7,-20.47,True,2026Q1
GIL,2026-04-28,CONTROL_RSI,1.9,1.9,,34.4,0.73,13.0,-48.38,3.85,-5.0,1.54,-0.4,0.12,-4.62,-3.79,-4.01,-47.0,-36.74,-39.51,-9.62,-7.29,True,-5.0,-5.7,True,2026Q2
GIL,2026-05-28,CONTROL_RSI,18.9,18.9,,31.2,0.67,12.4,-48.31,1.21,-5.0,-3.23,-1.86,-2.31,-7.26,-7.66,-7.53,-35.48,-30.32,-32.02,-8.0,-8.49,True,-5.24,-3.61,True,2026Q2
GIL,2026-06-25,CONTROL_RSI,1.2,1.2,,34.6,0.65,11.7,-45.21,1.71,-5.0,-1.28,-1.54,-1.45,-41.11,-31.9,-35.1,-30.0,-27.01,-28.05,-8.0,-6.99,True,-5.0,-3.99,True,2026Q2
GIL,2026-08-04,CONTROL_RSI,20.7,20.7,,30.1,0.86,7.59,-2.5,22.0,-12.0,14.49,14.03,14.1,-1.19,-3.24,-2.95,,,,3.69,4.93,False,3.69,4.93,False,2026Q3
GIL,2026-09-04,CONTROL_RSI,30.0,30.0,,24.1,0.86,7.7,-3.9,12.34,-5.0,-1.95,1.77,1.24,5.58,11.19,10.39,,,,2.21,6.74,False,2.21,6.74,False,2026Q3
GIL,2019-01-17,CONTROL_RANDOM,,,,62.5,0.92,12.76,0.0,20.22,-5.0,6.19,5.51,5.56,13.09,3.54,4.27,3.29,-3.71,-3.17,3.29,-3.17,False,3.29,-3.17,False,2019Q1
GIL,2019-02-20,CONTROL_RANDOM,,,,74.3,0.87,14.72,-22.89,3.26,-7.48,-5.5,-4.75,-4.84,-4.01,-4.93,-4.81,-18.89,-20.01,-19.87,-8.0,-8.39,True,-7.48,-7.23,True,2019Q1
GIL,2019-05-08,CONTROL_RANDOM,,,,13.8,0.77,11.68,-10.7,6.93,-5.0,5.82,3.17,3.77,-0.6,-0.36,-0.42,-7.02,-11.96,-10.84,-8.0,-10.9,True,-5.0,-7.9,True,2019Q2
GIL,2019-05-22,CONTROL_RANDOM,,,,43.5,0.89,11.94,-16.5,2.43,-5.0,0.0,1.29,1.14,-1.26,1.07,0.8,-14.07,-13.8,-13.83,-8.0,-8.36,True,-5.53,-3.39,True,2019Q2
GIL,2019-06-04,CONTROL_RANDOM,,,,29.8,0.89,11.53,-16.65,4.94,-5.0,2.08,2.32,2.29,2.95,2.54,2.58,-16.22,-18.39,-18.15,-8.0,-10.74,True,-5.0,-7.74,True,2019Q2
GIL,2020-02-06,CONTROL_RANDOM,,,,64.0,0.3,7.98,-19.17,26.57,-11.81,19.92,20.05,19.96,7.39,12.42,8.9,-2.51,14.12,2.48,-8.4,-2.98,True,-11.81,-6.39,True,2020Q1
GIL,2020-03-25,CONTROL_RANDOM,,,,39.8,0.91,7.49,-12.68,29.91,-12.0,-5.07,-6.93,-6.76,12.95,0.23,1.42,13.62,-12.39,-9.96,-8.0,-4.48,True,-12.0,-8.52,True,2020Q1
GIL,2020-04-29,CONTROL_RANDOM,,,,63.5,0.99,7.83,-2.94,24.27,-11.67,3.7,-4.41,-4.3,14.18,-0.51,-0.31,9.2,6.71,6.75,9.2,6.75,False,9.2,6.75,False,2020Q2
GIL,2020-06-25,CONTROL_RANDOM,,,,39.4,1.01,8.26,-7.99,54.36,-5.43,-3.63,-2.5,-2.49,-3.03,0.25,0.3,45.28,39.37,39.28,45.28,39.28,False,-5.43,-1.62,True,2020Q2
GIL,2021-05-21,CONTROL_RANDOM,,,,27.6,0.82,28.68,-12.45,24.76,-5.24,-6.03,-9.18,-8.61,2.02,-4.59,-3.38,23.88,17.4,18.58,-8.4,-11.6,True,-5.24,-7.81,True,2021Q2
GIL,2021-06-25,CONTROL_RANDOM,,,,57.3,0.82,28.42,-6.19,53.98,-5.0,11.75,10.81,10.98,12.24,21.2,19.57,46.09,49.48,48.86,46.09,48.86,False,-5.0,0.87,True,2021Q2
GIL,2021-08-06,CONTROL_RANDOM,,,,84.9,0.86,33.28,-5.47,31.49,-7.58,6.76,4.56,4.87,12.56,13.14,13.06,18.57,10.9,11.98,18.57,11.98,False,18.57,11.98,False,2021Q3
GIL,2021-12-29,CONTROL_RANDOM,,,,49.0,1.05,38.23,-4.47,44.15,-5.0,6.15,3.63,3.51,4.6,5.41,5.45,39.99,38.29,38.21,39.99,38.21,False,39.99,38.21,False,2021Q4
GIL,2022-03-30,CONTROL_RANDOM,,,,73.5,0.86,53.52,-47.31,7.7,-12.0,-5.72,-6.38,-6.28,-7.92,0.5,-0.7,-39.44,-21.06,-23.69,-8.0,-7.4,True,-12.0,-1.57,True,2022Q1
GIL,2022-04-12,CONTROL_RANDOM,,,,59.4,0.89,51.17,-46.43,12.64,-6.95,3.44,8.56,8.0,-26.32,-7.36,-9.45,-40.47,-20.73,-22.9,-8.0,1.06,True,-6.95,2.11,True,2022Q2
GIL,2022-07-13,CONTROL_RANDOM,,,,48.6,1.23,30.35,-37.63,15.29,-12.0,3.29,0.92,0.39,9.49,2.54,0.97,-32.29,-21.34,-18.87,-8.0,-11.63,True,-12.0,-17.05,True,2022Q3
GIL,2022-08-15,CONTROL_RANDOM,,,,69.1,1.29,33.23,-61.99,4.15,-5.0,-2.53,-2.27,-2.2,-9.66,-7.43,-6.79,-61.99,-36.34,-29.01,-8.0,-7.67,True,-5.0,-3.62,True,2022Q3
GIL,2022-08-16,CONTROL_RANDOM,,,,76.7,1.29,34.43,-65.81,0.52,-7.08,-6.27,-6.3,-6.31,-15.63,-12.28,-11.3,-65.81,-40.58,-33.23,-8.0,-6.35,True,-7.67,-6.01,True,2022Q3
GIL,2022-11-24,CONTROL_RANDOM,,,,48.5,1.44,16.87,-30.41,19.98,-12.0,16.3,3.4,-2.29,-19.8,-26.46,-29.4,-24.9,-31.65,-34.64,-13.46,-23.48,True,-13.46,-23.48,True,2022Q4
GIL,2023-05-09,CONTROL_RANDOM,,,,57.9,1.06,15.9,-0.38,45.47,-7.31,2.64,2.18,2.16,15.85,10.74,10.42,40.94,25.33,24.36,40.94,24.36,False,40.94,24.36,False,2023Q2
GIL,2023-06-01,CONTROL_RANDOM,,,,62.8,1.15,18.31,-3.39,29.0,-12.0,-1.09,-3.25,-3.57,0.22,-3.1,-3.6,10.92,1.78,0.39,10.92,0.39,False,10.92,0.39,False,2023Q2
GIL,2023-07-18,CONTROL_RANDOM,,,,71.6,1.2,21.14,-12.54,22.14,-11.52,0.95,-1.04,-1.43,-1.99,-7.57,-8.68,10.41,12.34,12.72,-8.0,-8.05,True,-11.52,-11.82,True,2023Q3
GIL,2023-08-30,CONTROL_RANDOM,,,,41.5,1.15,19.97,-28.64,29.29,-9.28,10.67,10.04,9.95,12.57,17.56,18.3,-14.67,-4.15,-2.6,-8.0,2.19,True,-9.28,0.91,True,2023Q3
GIL,2023-09-27,CONTROL_RANDOM,,,,46.6,1.27,22.03,-35.32,6.72,-7.9,-3.13,0.32,1.26,-19.38,-10.86,-8.54,-22.2,-17.75,-16.54,-8.0,-2.45,True,-7.9,-2.35,True,2023Q3
GIL,2023-11-07,CONTROL_RANDOM,,,,27.5,1.43,16.01,-0.25,26.86,-12.0,10.93,6.91,5.19,16.3,11.92,10.04,25.36,16.66,12.92,25.36,12.92,False,25.36,12.92,False,2023Q4
GIL,2023-11-29,CONTROL_RANDOM,,,,52.2,1.44,17.42,-6.54,29.45,-7.07,5.51,3.72,2.92,-2.01,-4.48,-5.57,26.29,12.08,5.78,26.29,5.78,False,26.29,5.78,False,2023Q4
GIL,2024-06-27,CONTROL_RANDOM,,,,33.8,1.5,22.93,-17.44,3.75,-5.0,0.87,-0.93,-1.83,-6.02,-4.58,-3.86,-7.37,-8.7,-9.35,-8.0,-7.33,True,-5.0,-6.0,True,2024Q2
GIL,2024-11-12,CONTROL_RANDOM,,,,67.7,1.51,20.6,-22.33,12.14,-7.02,-1.46,0.67,1.76,4.61,2.53,1.45,-21.6,-23.81,-24.94,-8.0,-8.49,True,-7.02,-7.51,True,2024Q4
GIL,2024-12-18,CONTROL_RANDOM,,,,52.3,1.46,21.75,-26.44,6.21,-5.0,-1.38,-2.65,-3.23,-17.47,-16.85,-16.57,-21.84,-27.01,-29.37,-8.0,-6.78,True,-5.0,-3.78,True,2024Q4
GIL,2024-12-25,CONTROL_RANDOM,,,,51.7,1.42,22.05,-27.44,0.23,-5.0,-6.12,-4.47,-3.77,-18.82,-17.99,-17.64,-19.73,-23.0,-24.39,-8.0,-4.73,True,-5.0,-4.01,True,2024Q4
GIL,2025-02-07,CONTROL_RANDOM,,,,52.1,1.37,17.7,-25.14,4.52,-5.0,-6.21,-6.25,-6.26,-4.24,-8.8,-10.49,-7.91,-7.52,-7.37,-8.0,-7.79,True,-7.63,-7.05,True,2025Q1
GIL,2025-02-17,CONTROL_RANDOM,,,,40.9,1.36,16.6,-20.18,11.45,-5.14,5.12,2.84,2.0,5.12,0.65,-0.98,0.0,-1.75,-2.38,-14.16,0.98,True,-7.83,-1.04,True,2025Q1
GIL,2025-03-10,CONTROL_RANDOM,,,,54.8,1.38,16.8,-21.13,10.12,-5.0,3.87,2.97,2.63,-20.83,-3.79,2.71,4.17,4.82,5.07,-8.93,2.43,True,-8.93,2.43,True,2025Q1
GIL,2025-06-25,CONTROL_RANDOM,,,,56.6,1.05,18.4,-4.35,18.21,-10.72,5.43,4.47,4.42,4.35,-6.78,-7.34,-0.54,-19.96,-20.94,-0.54,-20.94,False,-0.54,-20.94,False,2025Q2
GIL,2025-07-02,CONTROL_RANDOM,,,,65.5,1.05,19.45,-11.83,11.83,-12.0,-2.57,-7.2,-7.45,-1.29,-10.03,-10.51,-11.83,-32.44,-33.56,-8.0,-31.38,True,-11.83,-33.56,False,2025Q3
GIL,2025-07-18,CONTROL_RANDOM,,,,71.0,1.02,19.8,-20.45,9.85,-7.86,4.29,1.06,0.99,-3.54,-12.0,-12.19,-20.45,-36.98,-37.35,-8.08,-20.23,True,-8.08,-20.23,True,2025Q3
GIL,2025-09-25,CONTROL_RANDOM,,,,31.4,0.88,18.2,-26.37,1.1,-5.0,-10.44,-9.19,-9.34,-13.74,-14.73,-14.61,-24.45,-26.71,-26.44,-8.0,-7.74,True,-6.59,-6.33,True,2025Q3
GIL,2025-10-15,CONTROL_RANDOM,,,,22.1,0.71,15.75,-15.24,6.03,-5.0,-4.13,0.26,-0.99,-1.59,5.95,3.8,-10.48,-16.87,-15.04,-10.16,-6.07,True,-5.0,0.19,True,2025Q4
GIL,2025-10-30,CONTROL_RANDOM,,,,38.6,0.76,15.8,-16.46,1.9,-12.0,-5.06,-0.84,-1.84,-5.7,-6.98,-6.67,-15.82,-25.46,-23.19,-8.0,-8.98,True,-12.0,-15.55,True,2025Q4
GIL,2025-12-23,CONTROL_RANDOM,,,,33.3,0.75,13.8,-7.61,15.22,-5.0,-1.45,-1.55,-1.52,-0.36,-5.3,-4.09,-0.72,5.44,3.93,-0.72,3.93,False,-5.0,3.11,True,2025Q4
TNG,2019-01-03,WATCH,43.1,43.1,10.0,19.5,1.47,5.57,-3.77,59.25,-5.0,5.03,1.59,-0.02,13.46,9.34,7.42,45.78,32.42,26.2,45.78,26.2,False,45.78,26.2,False,2019Q1
TNG,2019-07-30,WATCH,48.0,48.0,0.0,23.1,1.1,8.09,-16.32,4.7,-5.0,-3.71,-1.67,-1.46,-4.2,-3.32,-3.22,-16.32,-17.09,-17.17,-8.0,-8.36,True,-5.0,-3.8,True,2019Q3
TNG,2019-10-31,WATCH,40.1,40.1,0.0,13.7,0.97,6.51,-8.45,12.44,-5.0,2.61,0.24,0.32,0.0,2.81,2.71,-4.45,2.62,2.38,-8.0,-6.94,True,-5.0,-6.3,True,2019Q4
TNG,2020-03-09,WATCH,52.0,52.0,0.0,23.9,1.33,5.6,-42.32,20.0,-5.0,5.71,14.08,16.85,-7.14,0.94,3.62,18.39,9.5,6.55,-8.0,9.03,True,-5.0,12.03,True,2020Q1
TNG,2020-03-24,PANIC70_ANY,90.1,90.1,0.0,16.3,1.16,3.85,-16.1,81.56,-5.0,-5.71,-7.28,-7.53,43.12,27.57,25.04,56.1,26.02,21.12,-8.0,-6.7,True,-5.0,-3.7,True,2020Q1
TNG,2020-06-29,WATCH,43.9,43.9,10.0,19.4,1.36,5.38,-10.04,24.16,-5.0,8.36,5.17,4.02,-0.19,2.61,3.61,19.7,10.65,7.38,-8.18,-4.38,True,-5.0,3.38,True,2020Q2
TNG,2020-07-27,WATCH,52.2,52.2,20.0,26.7,1.38,4.94,-2.02,36.23,-5.0,13.56,8.37,6.42,16.6,5.49,1.32,26.32,6.96,-0.31,26.32,-0.31,False,26.32,-0.31,False,2020Q3
TNG,2021-07-07,WATCH,46.2,46.2,15.0,23.7,1.41,10.44,-11.21,64.46,-8.52,-4.31,2.5,5.32,14.18,17.27,18.55,47.03,50.56,52.02,-8.0,1.39,True,-8.52,0.87,True,2021Q3
TNG,2022-01-27,WATCH,45.9,45.9,10.0,19.1,1.43,15.16,0.0,56.6,-5.0,13.59,11.48,10.59,31.2,28.85,27.85,26.45,34.75,38.29,26.45,38.29,False,26.45,38.29,False,2022Q1
TNG,2022-04-26,WATCH,45.9,45.9,20.0,35.8,1.34,17.83,-29.05,15.87,-12.0,0.95,1.14,1.2,-5.33,-1.85,-0.69,-7.35,2.94,6.39,-8.0,-1.77,True,-12.0,-8.17,True,2022Q2
TNG,2022-09-19,WATCH,48.7,48.7,0.0,17.8,1.59,13.41,-59.51,8.2,-5.0,-0.45,3.31,5.53,-21.33,-9.08,-1.84,-29.23,-15.65,-7.62,-8.0,3.29,True,-5.0,6.29,True,2022Q3
TNG,2022-10-11,PANIC70_ANY,71.7,71.7,20.0,26.0,1.72,8.74,-37.87,26.43,-10.45,18.65,13.29,9.42,-0.69,1.35,2.82,5.03,0.09,-3.47,-8.0,-3.82,True,-18.54,-9.71,True,2022Q4
TNG,2022-11-09,WATCH,40.2,40.2,20.0,31.8,1.77,8.43,-35.59,25.74,-12.0,-14.83,-14.26,-13.83,10.44,2.67,-3.29,20.4,12.14,5.81,-21.47,-15.36,True,-21.47,-15.36,True,2022Q4
TNG,2022-12-29,WATCH,48.5,48.5,35.0,25.3,1.67,8.37,-4.54,48.86,-12.0,8.96,5.35,2.94,14.34,7.28,2.56,37.4,31.32,27.26,37.4,27.26,False,37.4,27.26,False,2022Q4
TNG,2023-08-21,WATCH,58.8,58.8,0.0,16.3,1.19,12.9,-11.16,24.81,-10.86,3.26,1.52,1.2,19.92,17.49,17.03,6.9,11.83,12.77,-11.16,4.48,True,-11.16,4.48,True,2023Q3
TNG,2023-10-26,WATCH,42.0,42.0,0.0,32.1,1.24,12.38,-7.43,19.39,-6.34,5.17,3.53,3.13,5.74,2.32,1.49,15.43,3.78,0.95,15.43,0.95,False,-7.43,-3.77,True,2023Q4
TNG,2025-01-16,WATCH,45.9,45.9,10.0,14.9,1.27,19.06,-43.34,4.72,-11.57,2.99,1.17,0.67,0.42,-3.96,-5.13,-30.48,-27.64,-26.88,-10.34,-13.0,True,-11.57,-19.9,True,2025Q1
TNG,2025-03-19,WATCH,45.5,45.5,25.0,21.4,1.06,17.17,-37.1,6.23,-5.0,4.78,5.0,5.01,-23.3,-15.18,-14.7,-7.92,-9.43,-9.52,-9.03,-9.44,True,-9.03,-9.44,True,2025Q1
TNG,2025-04-04,PANIC70_ANY,71.9,71.9,0.0,15.8,1.24,13.25,-18.49,48.38,-5.0,-1.21,-5.87,-7.0,9.89,1.86,-0.09,34.79,16.57,12.14,-8.0,-7.49,True,-7.4,-6.89,True,2025Q2
TNG,2025-04-17,WATCH,61.8,61.8,25.0,21.2,1.29,11.94,-3.43,64.66,-12.0,13.74,13.67,13.65,20.94,13.23,11.01,48.16,28.04,22.26,48.16,22.26,False,48.16,22.26,False,2025Q2
TNG,2026-07-22,WATCH,47.0,47.0,15.0,3.0,0.97,15.11,-5.63,18.73,-5.0,9.99,5.18,5.35,9.86,5.67,5.82,,,,14.49,9.01,False,14.49,9.01,False,2026Q3
TNG,2020-04-08,ENTRY_V2,,90.4,80.0,44.7,1.33,5.38,-6.69,29.93,-12.0,10.04,6.09,4.81,5.02,-5.27,-8.62,9.11,-5.55,-10.33,9.11,-10.33,False,9.11,-10.33,False,2020Q2
TNG,2020-04-10,ENTRY_V2_LOOSE,,72.5,45.0,52.4,1.34,5.11,-1.76,36.79,-12.0,11.35,7.16,5.72,19.37,10.04,6.83,14.87,1.57,-3.0,14.87,-3.0,False,14.87,-3.0,False,2020Q2
TNG,2022-10-14,ENTRY_V2_LOOSE,49.2,71.9,55.0,32.2,1.74,10.37,-47.64,6.56,-12.0,-7.81,-1.42,3.29,-36.16,-25.49,-17.63,-12.63,-12.62,-12.61,-8.0,3.1,True,-14.46,-4.56,True,2022Q4
TNG,2022-10-17,ENTRY_V2,34.6,71.9,60.0,31.2,1.75,10.3,-47.28,7.28,-12.0,-4.76,1.61,6.37,-41.75,-27.32,-16.56,-10.78,-9.85,-9.16,-8.0,5.02,True,-13.88,-2.04,True,2022Q4
TNG,2025-04-18,ENTRY_V2_LOOSE,71.6,97.0,45.0,27.0,1.29,13.17,-12.45,49.28,-12.0,3.11,2.59,2.43,10.33,2.67,0.44,34.32,12.23,5.8,-12.45,-11.46,True,-12.45,-11.46,True,2025Q2
TNG,2025-04-22,ENTRY_V2,80.5,97.0,60.0,25.8,1.29,11.53,0.0,70.51,-11.8,20.56,18.55,17.96,36.34,26.73,23.92,54.21,32.05,25.57,54.21,25.57,False,54.21,25.57,False,2025Q2
TNG,2019-01-02,CONTROL_RSI,39.1,39.1,,21.4,1.46,5.75,-6.78,54.26,-5.0,1.74,0.78,0.34,8.0,5.65,4.58,40.7,29.78,24.76,40.7,24.76,False,40.7,24.76,False,2019Q1
TNG,2019-04-22,CONTROL_RSI,19.1,19.1,,31.5,1.37,7.27,-2.89,31.77,-5.0,0.0,-0.96,-1.32,14.17,13.63,13.43,26.55,24.73,24.06,26.55,24.06,False,26.55,24.06,False,2019Q2
TNG,2019-06-17,CONTROL_RSI,25.1,25.1,,26.6,1.31,7.88,-5.46,21.57,-5.0,6.47,4.95,4.47,15.1,11.25,10.05,-2.79,-5.29,-6.07,-2.79,-6.07,False,-5.0,-7.93,True,2019Q2
TNG,2019-07-24,CONTROL_RSI,0.1,0.1,,35.0,1.05,8.73,-19.01,1.95,-5.0,-9.28,-10.35,-10.4,-7.33,-8.39,-8.44,-18.1,-18.34,-18.35,-8.0,-7.91,True,-5.0,-4.91,True,2019Q3
TNG,2019-09-16,CONTROL_RSI,9.4,9.4,,33.3,0.94,7.58,-21.37,6.73,-5.0,1.06,1.25,1.24,1.06,0.75,0.77,-18.6,-15.6,-15.78,-8.0,-7.38,True,-5.0,-4.92,True,2019Q3
TNG,2019-10-17,CONTROL_RSI,2.8,2.8,,34.1,0.88,7.45,-20.0,0.0,-5.0,-7.38,-7.84,-7.79,-16.51,-18.33,-18.11,-11.95,-9.31,-9.63,-8.0,-7.57,True,-6.31,-5.88,True,2019Q4
TNG,2019-11-14,CONTROL_RSI,35.5,35.5,,22.6,1.07,6.17,-3.4,18.64,-5.0,-1.3,2.17,2.42,4.21,8.83,9.15,9.72,17.44,17.98,9.72,17.98,False,9.72,17.98,False,2019Q4
TNG,2020-03-03,CONTROL_RSI,6.1,6.1,,34.0,1.32,6.23,-48.15,6.42,-7.1,-7.22,1.39,4.15,-41.73,-18.35,-10.88,-0.8,0.23,0.56,-8.0,-0.22,True,-7.1,0.68,True,2020Q1
TNG,2020-04-06,CONTROL_RSI,24.5,24.5,,31.2,1.29,4.75,-7.58,47.16,-12.0,18.95,15.94,15.07,20.84,13.92,11.93,17.89,4.82,1.06,17.89,1.06,False,17.89,1.06,False,2020Q2
TNG,2020-06-15,CONTROL_RSI,9.3,9.3,,33.3,1.37,5.92,-18.24,6.25,-10.49,0.0,-2.28,-3.11,1.35,-0.92,-1.74,3.89,-0.88,-2.62,-8.0,-4.86,True,-10.49,-7.35,True,2020Q2
TNG,2020-07-29,CONTROL_RSI,39.0,39.0,,27.2,1.38,5.08,-1.77,32.48,-7.4,8.66,3.16,1.08,12.4,2.54,-1.18,21.06,0.34,-7.49,21.06,-7.49,False,21.06,-7.49,False,2020Q3
TNG,2020-10-23,CONTROL_RSI,24.4,24.4,,26.9,1.39,6.35,-11.81,80.16,-5.0,-7.09,-3.59,-2.23,8.66,5.9,4.83,64.41,47.51,40.94,-8.0,-1.33,True,-7.87,-1.2,True,2020Q4
TNG,2021-03-25,CONTROL_RSI,19.8,19.8,,30.4,1.34,11.31,-16.18,20.69,-5.0,8.13,2.82,1.01,-4.07,-8.63,-10.19,4.51,-13.91,-20.22,-8.0,-14.59,True,-6.28,-12.86,True,2021Q1
TNG,2021-04-29,CONTROL_RSI,30.3,30.3,,26.8,1.38,10.7,-13.36,27.57,-7.72,-3.36,-6.14,-7.2,0.47,-9.0,-12.58,0.93,-3.55,-5.25,-8.0,-12.23,True,-7.72,-11.95,True,2021Q2
TNG,2021-07-06,CONTROL_RSI,25.8,25.8,,32.1,1.43,10.7,-13.36,60.47,-5.5,-9.53,-4.01,-1.62,6.64,8.12,8.75,39.91,41.38,42.01,-8.0,-1.82,True,-5.5,0.68,True,2021Q3
TNG,2021-09-23,CONTROL_RSI,10.4,10.4,,33.7,1.51,14.52,-3.51,35.26,-5.0,3.1,4.42,5.09,17.84,15.14,13.77,30.72,21.33,16.55,30.72,16.55,False,30.72,16.55,False,2021Q3
TNG,2021-11-22,CONTROL_RSI,22.5,22.5,,31.4,1.49,15.96,-5.76,27.19,-5.0,5.14,2.98,1.92,17.23,15.05,13.98,15.91,11.42,9.2,15.91,9.2,False,-5.0,-8.34,True,2021Q4
TNG,2022-01-24,CONTROL_RSI,21.3,21.3,,33.3,1.5,15.49,-2.91,53.26,-5.0,10.78,6.52,4.41,22.66,18.56,16.52,18.72,24.69,27.65,18.72,27.65,False,18.72,27.65,False,2022Q1
TNG,2022-03-23,CONTROL_RSI,17.2,17.2,,29.3,1.4,18.72,-32.43,26.82,-5.41,15.17,15.95,16.27,3.58,11.87,15.23,-2.35,19.69,28.61,-10.1,5.09,True,-5.41,12.62,True,2022Q1
TNG,2022-04-25,CONTROL_RSI,31.4,31.4,,34.3,1.35,16.83,-24.84,22.76,-5.0,14.2,8.34,6.31,2.32,3.63,4.08,-1.49,5.28,7.62,-8.0,-8.85,True,-5.0,-5.85,True,2022Q2
TNG,2022-07-07,CONTROL_RSI,25.7,25.7,,31.1,1.55,15.97,-38.95,11.46,-8.57,2.25,1.85,1.63,6.07,-0.58,-4.22,-38.95,-30.74,-26.26,-8.0,-17.77,True,-8.57,-18.34,True,2022Q3
TNG,2022-08-29,CONTROL_RSI,2.5,2.5,,34.4,1.53,16.33,-66.75,3.74,-5.37,-6.67,-3.51,-1.82,-25.35,-13.67,-7.44,-52.17,-26.51,-12.8,-8.57,-5.42,True,-5.37,-0.51,True,2022Q3
TNG,2022-09-28,CONTROL_RSI,33.8,33.8,,28.1,1.63,13.35,-59.33,1.8,-5.0,-26.07,-18.93,-14.45,-24.19,-13.04,-6.03,-35.43,-23.81,-16.51,-11.46,-1.52,True,-11.46,-1.52,True,2022Q3
TNG,2022-11-07,CONTROL_RSI,24.4,24.4,,32.5,1.75,8.81,-38.37,20.32,-8.94,-31.9,-26.79,-22.98,2.84,-6.3,-13.11,10.78,-0.8,-9.45,-8.0,-5.51,True,-8.94,-6.45,True,2022Q4
TNG,2022-12-26,CONTROL_RSI,30.7,30.7,,34.0,1.66,7.56,0.0,64.81,-5.0,16.53,10.42,6.36,34.26,25.14,19.08,45.37,38.25,33.51,45.37,33.51,False,45.37,33.51,False,2022Q4
TNG,2023-08-17,CONTROL_RSI,27.8,27.8,,29.1,1.4,13.32,-13.96,20.87,-5.0,-1.05,2.51,3.92,10.44,11.7,12.2,-0.15,9.41,13.22,-8.0,-2.7,True,-5.0,0.3,True,2023Q3
TNG,2023-10-30,CONTROL_RSI,33.7,33.7,,32.0,1.24,11.46,0.0,28.97,-5.0,12.3,8.99,8.19,13.0,8.24,7.09,23.47,11.29,8.35,23.47,8.35,False,23.47,8.35,False,2023Q4
TNG,2024-04-16,CONTROL_RSI,20.9,20.9,,30.3,1.38,14.58,-5.42,42.11,-5.27,-0.48,0.87,1.38,29.7,25.14,23.41,36.35,31.46,29.61,36.35,29.61,False,36.35,29.61,False,2024Q2
TNG,2024-09-09,CONTROL_RSI,5.0,5.0,,33.3,1.47,20.97,-14.69,0.86,-5.0,-3.0,-2.15,-1.75,-9.06,-9.23,-9.31,-4.15,-2.57,-1.84,-8.0,-8.01,True,-5.0,-3.74,True,2024Q3
TNG,2024-10-08,CONTROL_RSI,8.7,8.7,,33.1,1.41,19.23,-6.97,12.48,-5.0,-0.83,-1.27,-1.44,5.36,6.35,6.76,6.19,6.52,6.66,6.19,6.66,False,-5.0,-6.37,True,2024Q4
TNG,2025-01-07,CONTROL_RSI,13.2,13.2,,30.7,1.34,19.46,-44.5,2.57,-5.0,-2.06,-1.25,-0.98,-4.62,-6.29,-6.85,-32.73,-26.49,-24.37,-11.77,-11.36,True,-5.0,-3.87,True,2025Q1
TNG,2025-02-21,CONTROL_RSI,15.3,15.3,,34.9,1.18,19.14,-43.57,1.67,-12.0,0.0,-0.85,-0.99,-9.4,-11.86,-12.3,-24.97,-26.21,-26.43,-10.71,-11.28,True,-12.0,-14.31,True,2025Q1
TNG,2025-03-25,CONTROL_RSI,31.3,31.3,,30.1,1.04,17.91,-39.7,1.84,-12.0,0.89,2.06,2.11,-24.68,-16.43,-16.08,-3.63,-6.14,-6.24,-8.0,0.09,True,-17.36,-7.78,True,2025Q1
TNG,2025-07-22,CONTROL_RSI,2.7,2.7,,34.1,1.33,18.2,-15.93,7.03,-6.06,-4.23,-3.44,-3.18,-6.1,-15.63,-18.81,-10.93,-24.86,-29.51,-8.0,-19.05,True,-6.06,-18.77,True,2025Q3
TNG,2025-08-27,CONTROL_RSI,10.7,10.7,,31.4,1.23,16.92,-9.4,12.12,-11.69,0.0,3.26,4.02,1.48,2.24,2.42,3.66,4.34,4.5,-8.39,-8.96,True,3.66,4.5,False,2025Q3
TNG,2025-10-03,CONTROL_RSI,30.0,30.0,,22.4,1.13,16.91,-9.34,9.58,-5.0,-0.53,-6.03,-6.72,-0.53,2.82,3.24,-1.6,-6.48,-7.09,-8.34,-9.27,True,-5.0,-11.3,True,2025Q4
TNG,2025-12-05,CONTROL_RSI,1.9,1.9,,34.4,0.75,17.09,-8.43,45.7,-5.0,-5.79,0.55,-1.02,-2.11,-8.03,-6.57,33.82,35.48,35.07,-8.0,-6.82,True,-5.0,-0.27,True,2025Q4
TNG,2026-04-15,CONTROL_RSI,10.9,10.9,,31.4,0.91,21.12,-23.53,0.85,-9.07,-6.11,-9.66,-9.34,-13.68,-19.59,-19.06,-18.61,-18.63,-18.63,-8.0,-10.37,True,-9.07,-11.48,True,2026Q2
TNG,2026-05-18,CONTROL_RSI,27.9,27.9,,26.9,0.94,18.32,-22.16,4.64,-6.86,0.0,2.53,2.37,-1.53,4.94,4.53,-5.57,2.69,2.17,-8.0,-3.89,True,-6.86,-2.75,True,2026Q2
TNG,2026-07-07,CONTROL_RSI,13.8,13.8,,30.4,0.96,17.66,-19.25,1.59,-8.87,-4.3,-0.77,-0.92,-2.66,1.18,1.01,-2.04,3.06,2.84,-8.0,-7.01,True,-8.87,-3.49,True,2026Q3
TNG,2026-09-07,CONTROL_RSI,5.0,5.0,,33.3,0.71,16.6,-3.61,4.82,-5.0,-1.81,-1.28,-1.44,4.22,7.6,6.61,,,,4.22,6.61,False,4.22,6.61,False,2026Q3
TNG,2019-02-25,CONTROL_RANDOM,,,,66.2,1.43,6.6,0.0,34.39,-5.0,13.94,13.86,13.82,20.91,23.11,24.06,25.76,27.42,28.14,25.76,28.14,False,25.76,28.14,False,2019Q1
TNG,2019-03-28,CONTROL_RANDOM,,,,47.9,1.42,8.05,-12.3,11.06,-11.61,0.87,0.47,0.31,-9.19,-8.5,-8.2,6.34,10.62,12.43,-8.0,-5.19,True,-11.61,-7.65,True,2019Q1
TNG,2019-04-26,CONTROL_RANDOM,,,,33.8,1.43,7.52,-6.12,27.39,-7.12,-0.93,2.32,3.71,12.77,13.73,14.15,16.62,14.97,14.27,16.62,14.27,False,16.62,14.27,False,2019Q2
TNG,2019-07-29,CONTROL_RANDOM,,,,33.1,1.04,8.64,-21.64,0.58,-5.0,-6.37,-2.69,-2.54,-8.33,-5.87,-5.78,-20.72,-19.35,-19.3,-8.8,-8.37,True,-8.8,-8.37,True,2019Q3
TNG,2019-09-20,CONTROL_RANDOM,,,,41.6,0.95,7.62,-21.78,6.17,-5.0,1.71,1.22,1.25,-8.4,-7.57,-7.61,-15.62,-12.56,-12.71,-8.0,-7.22,True,-5.0,-4.76,True,2019Q3
TNG,2019-11-25,CONTROL_RANDOM,,,,41.4,0.91,6.43,-7.93,13.84,-8.62,-0.62,1.73,1.5,1.24,3.03,2.86,-3.89,4.34,3.57,-3.89,3.57,False,-3.89,3.57,False,2019Q4
TNG,2020-02-04,CONTROL_RANDOM,,,,38.5,1.08,6.13,-47.31,19.41,-5.23,12.56,12.25,12.22,3.1,7.95,8.33,-9.3,9.13,10.55,-8.65,2.56,True,-5.23,6.21,True,2020Q1
TNG,2020-06-29,CONTROL_RANDOM,,,,19.4,1.36,5.38,-10.04,24.16,-5.0,8.36,5.17,4.02,-0.19,2.61,3.61,19.7,10.65,7.38,-8.18,-4.38,True,-5.0,3.38,True,2020Q2
TNG,2020-07-31,CONTROL_RANDOM,,,,31.2,1.37,5.18,-0.97,29.92,-9.2,5.6,-0.22,-2.38,10.23,-0.41,-4.37,12.93,-5.84,-12.83,12.93,-12.83,False,12.93,-12.83,False,2020Q3
TNG,2020-08-04,CONTROL_RANDOM,,,,42.5,1.38,5.61,-3.39,19.96,-12.0,-0.71,-3.05,-3.93,8.73,-0.5,-3.97,1.6,-9.46,-13.61,1.6,-13.61,False,1.6,-13.61,False,2020Q3
TNG,2020-08-19,CONTROL_RANDOM,,,,69.6,1.36,5.57,-0.9,22.98,-5.0,2.51,-0.25,-1.24,17.24,11.39,9.3,22.08,8.56,3.73,22.08,3.73,False,22.08,3.73,False,2020Q3
TNG,2020-08-27,CONTROL_RANDOM,,,,64.6,1.36,5.76,-2.78,25.0,-5.41,5.9,5.14,4.87,11.81,8.29,7.04,19.79,7.01,2.46,19.79,2.46,False,19.79,2.46,False,2020Q3
TNG,2020-10-13,CONTROL_RANDOM,,,,46.0,1.38,6.39,-12.36,34.59,-6.89,-2.35,-3.11,-3.4,4.85,2.67,1.85,33.02,8.92,-0.19,-8.0,-10.16,True,-6.89,-9.05,True,2020Q4
TNG,2020-11-26,CONTROL_RANDOM,,,,78.8,1.43,7.1,-7.04,99.44,-9.08,4.23,2.75,2.12,5.63,-2.09,-5.43,72.96,55.13,47.41,72.96,47.41,False,72.96,47.41,False,2020Q4
TNG,2020-12-29,CONTROL_RANDOM,,,,60.5,1.43,7.95,-2.52,78.11,-12.0,6.92,1.76,-0.47,30.06,36.96,39.95,48.68,38.1,33.52,48.68,33.52,False,48.68,33.52,False,2020Q4
TNG,2021-05-27,CONTROL_RANDOM,,,,36.3,1.36,9.88,-6.17,58.81,-5.0,17.61,12.54,10.74,19.13,12.83,10.59,41.3,39.64,39.05,41.3,39.05,False,-5.0,-3.81,True,2021Q2
TNG,2021-06-21,CONTROL_RANDOM,,,,66.2,1.41,12.79,-27.52,34.25,-12.0,-7.19,-9.31,-10.17,-18.37,-10.58,-7.42,31.43,33.96,34.99,-8.0,-8.95,True,-12.0,-9.35,True,2021Q2
TNG,2021-07-02,CONTROL_RANDOM,,,,42.6,1.39,12.07,-23.2,42.25,-7.24,-19.8,-11.66,-8.48,-6.71,0.16,2.85,20.71,25.81,27.8,-11.35,-9.12,True,-11.35,-9.12,True,2021Q3
TNG,2021-10-19,CONTROL_RANDOM,,,,80.5,1.45,17.17,-8.04,18.23,-10.78,2.85,0.87,-0.03,6.41,0.64,-1.98,3.84,-3.37,-6.64,-8.0,-15.11,True,3.84,-6.64,False,2021Q4
TNG,2021-11-23,CONTROL_RANDOM,,,,43.6,1.5,16.84,-10.69,20.55,-8.91,5.52,4.05,3.32,10.75,9.79,9.31,12.47,10.34,9.28,-8.0,-5.55,True,-8.91,-10.54,True,2021Q4
TNG,2022-01-25,CONTROL_RANDOM,,,,31.0,1.43,15.77,-4.63,50.54,-7.8,8.12,6.37,5.62,20.48,20.08,19.91,14.84,23.53,27.3,14.84,27.3,False,14.84,27.3,False,2022Q1
TNG,2022-04-18,CONTROL_RANDOM,,,,63.4,1.23,23.46,-46.08,1.19,-12.0,-23.53,-16.95,-15.44,-35.89,-22.37,-19.27,-30.9,-13.24,-9.19,-9.76,-4.15,True,-12.0,-6.38,True,2022Q2
TNG,2022-04-22,CONTROL_RANDOM,,,,39.0,1.28,19.39,-34.76,6.55,-7.58,-1.13,0.98,1.57,-11.19,-3.26,-1.02,-13.25,0.07,3.82,-8.05,-5.82,True,-8.05,-5.82,True,2022Q2
TNG,2022-10-28,CONTROL_RANDOM,,,,46.9,1.71,9.81,-44.65,7.54,-12.0,-12.13,-6.97,-3.32,-9.58,-7.39,-5.84,4.08,-3.99,-9.7,-8.0,0.81,True,-12.0,-3.19,True,2022Q4
TNG,2023-09-22,CONTROL_RANDOM,,,,72.0,0.89,15.33,-25.24,2.41,-10.83,-6.33,-3.36,-3.67,-13.24,-5.09,-5.95,-8.15,0.14,-0.74,-16.24,-13.48,True,-16.24,-13.48,True,2023Q3
TNG,2024-04-16,CONTROL_RANDOM,,,,30.3,1.38,14.58,-5.42,42.11,-5.27,-0.48,0.87,1.38,29.7,25.14,23.41,36.35,31.46,29.61,36.35,29.61,False,36.35,29.61,False,2024Q2
TNG,2024-06-21,CONTROL_RANDOM,,,,47.6,1.35,18.91,-7.24,21.36,-12.0,4.97,7.05,7.78,1.85,3.92,4.65,7.14,8.41,8.86,7.14,8.86,False,7.14,8.86,False,2024Q2
TNG,2024-11-14,CONTROL_RANDOM,,,,68.9,1.39,20.42,-16.31,5.93,-7.0,-4.31,-4.21,-4.17,-0.39,-3.09,-4.15,-6.66,-10.19,-11.56,-8.0,-8.71,True,-7.0,-5.56,True,2024Q4
TNG,2024-11-22,CONTROL_RANDOM,,,,47.7,1.46,19.62,-12.9,10.24,-5.63,3.26,1.49,0.67,7.8,5.08,3.83,-3.31,-9.31,-12.08,-12.49,-14.03,True,-5.63,-6.37,True,2024Q4
TNG,2024-11-26,CONTROL_RANDOM,,,,46.7,1.46,20.02,-14.64,8.04,-7.53,-1.2,-1.12,-1.09,5.64,3.01,1.8,-4.8,-10.15,-12.61,-8.0,-7.33,True,-7.53,-6.86,True,2024Q4
TNG,2025-01-20,CONTROL_RANDOM,,,,28.5,1.28,19.14,-43.57,4.28,-11.88,3.81,2.86,2.6,-0.89,-4.91,-6.03,-30.77,-27.44,-26.51,-10.71,-12.31,True,-11.88,-19.14,True,2025Q1
TNG,2025-03-12,CONTROL_RANDOM,,,,41.6,1.07,18.81,-42.58,1.33,-10.34,-6.54,-5.66,-5.6,-29.56,-21.08,-20.52,-17.33,-15.8,-15.7,-8.72,-7.84,True,-10.34,-9.41,True,2025Q1
TNG,2025-05-23,CONTROL_RANDOM,,,,59.8,1.3,14.36,0.0,36.91,-5.0,12.47,11.01,10.57,16.02,12.9,11.97,26.74,2.5,-4.68,26.74,-4.68,False,26.74,-4.68,False,2025Q2
TNG,2025-07-21,CONTROL_RANDOM,,,,42.6,1.33,17.78,-13.95,9.56,-5.0,-2.42,-2.97,-3.15,1.41,-9.97,-13.77,-8.38,-27.34,-33.68,-8.0,-22.4,True,-5.0,-23.22,True,2025Q3
TNG,2025-10-13,CONTROL_RANDOM,,,,35.7,1.02,16.82,-8.86,10.17,-5.0,-4.7,2.01,2.15,-1.07,9.55,9.78,-1.61,-5.68,-5.76,-8.0,-2.51,True,-5.0,3.39,True,2025Q4
TNG,2025-10-21,CONTROL_RANDOM,,,,25.1,0.9,15.85,-3.28,20.88,-5.0,6.69,6.27,6.31,11.8,13.57,13.39,17.48,5.54,6.76,17.48,6.76,False,17.48,6.76,False,2025Q4
TNG,2025-11-27,CONTROL_RANDOM,,,,56.9,0.76,17.36,-9.85,43.43,-5.0,-1.56,-4.97,-4.17,-8.81,-11.55,-10.9,38.13,30.45,32.26,-8.0,-10.68,True,-5.0,-7.88,True,2025Q4
TNG,2026-01-26,CONTROL_RANDOM,,,,57.4,0.72,17.34,0.0,48.9,-5.0,19.15,20.8,20.33,38.29,39.96,39.49,11.71,11.16,11.31,11.71,11.31,False,11.71,11.31,False,2026Q1
TNG,2026-03-25,CONTROL_RANDOM,,,,45.4,0.91,22.5,-22.76,14.76,-12.0,-1.64,-3.65,-3.48,-11.87,-24.44,-23.35,-17.73,-30.22,-29.14,-8.0,-9.24,True,-12.0,-23.48,True,2026Q1
TNG,2026-06-04,CONTROL_RANDOM,,,,38.1,0.93,17.85,-20.11,7.39,-5.0,0.0,2.26,2.1,2.63,1.05,1.16,-5.32,-5.27,-5.27,-8.0,-8.77,True,-5.0,-5.77,True,2026Q2
MSH,2019-09-04,WATCH,40.0,40.0,0.0,13.2,0.63,14.31,-7.34,9.15,-5.0,3.84,4.23,4.08,4.05,2.77,3.24,0.56,1.52,1.16,0.56,1.16,False,-5.0,-7.89,True,2019Q3
MSH,2019-11-05,WATCH,52.6,52.6,0.0,24.8,0.52,13.97,-20.04,8.09,-5.0,5.44,6.48,5.99,2.29,7.91,5.24,-15.96,-7.67,-11.61,-8.0,-4.72,True,-5.0,-2.17,True,2019Q4
MSH,2019-12-12,WATCH,46.6,46.6,0.0,17.6,0.35,13.18,-29.14,3.49,-5.0,-1.75,-0.4,-1.28,-3.79,-3.42,-3.67,-27.39,-4.53,-19.49,-8.0,-6.53,True,-5.0,-4.64,True,2019Q4
MSH,2020-02-03,WATCH,46.3,46.3,20.0,27.8,0.69,12.03,-44.56,7.65,-5.69,1.0,0.43,0.61,-2.83,1.35,0.04,-20.7,-3.45,-8.87,-9.73,-2.8,True,-9.73,-2.8,True,2020Q1
MSH,2020-03-09,PANIC70_ANY,73.9,73.9,0.0,18.2,0.88,10.2,-34.61,9.51,-5.0,-7.65,0.71,-0.33,-27.55,-19.46,-20.47,2.55,-6.35,-5.24,-8.0,-2.4,True,-5.0,0.6,True,2020Q1
MSH,2020-03-10,WATCH,53.1,53.1,0.0,15.6,0.88,10.8,-38.24,3.43,-6.59,-12.04,-0.67,-2.02,-26.76,-16.9,-18.07,-0.56,-7.24,-6.45,-8.0,0.54,True,-7.69,0.85,True,2020Q1
MSH,2020-04-08,WATCH,57.4,57.4,35.0,27.8,1.03,7.59,-1.05,47.96,-12.0,28.33,24.38,24.28,33.2,22.92,22.65,27.01,12.35,11.97,27.01,11.97,False,27.01,11.97,False,2020Q2
MSH,2020-06-15,WATCH,60.1,60.1,0.0,28.5,1.15,9.3,-21.72,12.47,-5.0,6.56,4.28,3.93,2.9,0.64,0.29,-4.19,-8.96,-9.69,-9.03,-12.18,True,-9.03,-12.18,True,2020Q2
MSH,2020-07-17,WATCH,43.0,43.0,20.0,36.4,1.14,8.65,-15.84,15.61,-5.0,-15.84,-6.02,-4.67,-3.12,-0.77,-0.44,15.38,8.58,7.64,-8.0,-2.58,True,-5.0,0.42,True,2020Q3
MSH,2020-07-20,PANIC70_ANY,74.4,74.4,0.0,25.5,1.14,8.22,-11.44,22.99,-5.0,-6.45,-0.59,0.22,2.8,4.82,5.11,22.63,13.8,12.57,-11.19,-0.8,True,-5.0,-0.41,True,2020Q3
MSH,2021-07-09,WATCH,45.9,45.9,25.0,23.7,0.84,17.08,-3.16,59.89,-5.0,4.8,12.49,11.29,27.4,26.46,26.6,56.32,55.16,55.34,56.32,55.34,False,56.32,55.34,False,2021Q3
MSH,2021-12-15,WATCH,41.0,41.0,10.0,25.3,0.58,25.47,-11.23,4.4,-5.0,-2.47,-1.22,-1.75,-1.61,-3.0,-2.41,-0.47,-0.04,-0.22,-8.0,-8.66,True,-7.11,-9.18,True,2021Q4
MSH,2022-05-09,WATCH,65.0,65.0,0.0,24.1,0.8,22.35,-10.16,31.41,-5.0,-0.98,0.03,-0.17,19.46,15.4,16.21,-3.85,-3.9,-3.89,-8.0,-4.24,True,-5.0,-1.24,True,2022Q2
MSH,2022-05-10,PANIC70_ANY,80.0,80.0,0.0,22.6,0.76,23.24,-13.9,26.38,-8.23,-3.4,0.82,-0.17,22.89,21.93,22.15,-9.6,-6.07,-6.9,-8.0,-1.35,True,-8.23,-1.58,True,2022Q2
MSH,2022-07-06,WATCH,50.0,50.0,10.0,21.9,1.06,20.54,-23.27,20.69,-5.0,3.46,0.57,0.41,4.38,-4.77,-5.28,-23.03,-17.59,-17.29,-8.0,-16.65,True,-5.0,-13.65,True,2022Q3
MSH,2022-09-07,WATCH,41.4,41.4,0.0,22.9,1.14,18.67,-23.25,1.55,-5.0,-3.05,-2.62,-2.56,-15.32,-1.21,0.79,-0.21,16.95,19.38,-8.0,-3.84,True,-5.0,-3.45,True,2022Q3
MSH,2022-10-07,WATCH,61.9,61.9,20.0,23.0,1.16,14.33,0.0,35.17,-5.0,11.3,8.18,7.67,19.68,24.04,24.75,15.77,13.39,13.01,15.77,13.01,False,15.77,13.01,False,2022Q4
MSH,2023-05-23,WATCH,50.0,50.0,0.0,12.7,0.54,16.36,-0.79,23.84,-5.0,3.91,3.35,3.6,11.06,6.45,8.55,19.32,3.03,10.46,19.32,10.46,False,19.32,10.46,False,2023Q2
MSH,2023-10-26,WATCH,55.3,55.3,0.0,25.4,1.21,19.65,-13.38,5.85,-7.52,-5.95,-7.59,-7.95,-1.27,-4.69,-5.42,2.24,-9.41,-11.92,-8.0,-4.42,True,-7.52,-3.94,True,2023Q4
MSH,2024-07-23,WATCH,40.1,40.1,10.0,13.4,0.92,23.14,0.0,22.39,-5.0,8.86,6.74,6.9,19.53,14.76,15.13,6.61,1.72,2.1,6.61,2.1,False,6.61,2.1,False,2024Q3
MSH,2025-04-04,WATCH,61.4,61.4,10.0,24.9,1.03,27.57,-20.09,26.59,-5.0,-14.18,-18.84,-18.96,-1.99,-10.02,-10.23,15.56,-2.67,-3.14,-8.78,-13.56,True,-7.4,-11.71,True,2025Q2
MSH,2025-04-11,PANIC70_ANY,89.3,89.3,0.0,20.8,0.93,27.43,-19.69,27.23,-9.31,-11.81,-9.55,-9.72,7.0,0.67,1.14,19.03,1.98,3.25,-16.41,-14.55,True,-16.41,-14.55,True,2025Q2
MSH,2026-03-09,WATCH,49.3,49.3,0.0,38.2,0.62,34.81,-5.6,9.62,-9.75,1.81,-0.94,0.1,1.26,0.48,0.78,-2.47,-12.95,-8.98,-2.47,-8.98,False,-2.47,-8.98,False,2026Q1
MSH,2026-07-08,WATCH,42.9,42.9,0.0,12.7,0.72,32.25,-11.94,0.0,-5.0,-2.64,-0.53,-1.13,-4.34,-0.1,-1.3,-6.05,-1.49,-2.79,-11.94,-7.45,True,-5.0,1.78,True,2026Q3
MSH,2020-04-06,ENTRY_V2_LOOSE,72.7,93.4,40.0,25.8,1.02,7.76,-9.54,44.72,-12.0,21.65,18.64,18.58,28.48,21.56,21.42,23.97,10.89,10.64,23.97,10.64,False,23.97,10.64,False,2020Q2
MSH,2020-04-09,ENTRY_V2,4.3,93.4,60.0,37.0,1.05,8.45,0.0,32.9,-12.0,13.61,9.59,9.38,27.93,17.89,17.37,12.9,-0.85,-1.55,12.9,-1.55,False,12.9,-1.55,False,2020Q2
MSH,2020-08-03,ENTRY_V2,23.4,82.6,70.0,29.6,1.16,8.16,-0.86,23.9,-12.0,2.33,-0.13,-0.52,8.82,0.45,-0.89,10.91,-1.03,-2.94,10.91,-2.94,False,10.91,-2.94,False,2020Q3
MSH,2020-08-04,ENTRY_V2_LOOSE,6.0,82.6,45.0,34.4,1.17,8.39,-3.58,20.5,-12.0,-0.83,-3.18,-3.58,6.2,-3.04,-4.63,12.63,1.57,-0.33,12.63,-0.33,False,12.63,-0.33,False,2020Q3
MSH,2022-05-26,ENTRY_V2_LOOSE,2.4,80.0,55.0,37.2,0.89,23.44,-14.63,25.3,-12.0,9.77,8.4,8.55,5.12,11.82,11.09,-9.94,-9.83,-9.84,-8.0,-1.74,True,-12.0,-3.51,True,2022Q2
MSH,2025-04-23,ENTRY_V2,63.5,95.7,60.0,22.7,0.92,23.95,0.0,45.72,-11.93,8.56,6.32,6.5,40.33,30.04,30.86,36.33,12.06,13.98,36.33,13.98,False,36.33,13.98,False,2025Q2
MSH,2025-04-25,ENTRY_V2_LOOSE,20.7,95.7,50.0,34.3,0.93,24.83,-1.29,40.56,-12.0,8.46,5.58,5.78,33.95,25.24,25.85,35.52,12.29,13.93,35.52,13.93,False,35.52,13.93,False,2025Q2
MSH,2019-03-21,CONTROL_RSI,2.0,2.0,,34.3,0.59,13.55,-2.73,23.03,-5.0,-1.18,-0.76,-0.93,14.32,16.25,15.47,17.86,20.47,19.41,17.86,19.41,False,17.86,19.41,False,2019Q1
MSH,2019-08-23,CONTROL_RSI,15.9,15.9,,29.7,0.62,15.89,-16.55,0.63,-5.0,-4.97,-4.52,-4.69,-6.8,-7.24,-7.07,-9.63,-12.12,-11.18,-8.0,-7.61,True,-5.0,-4.61,True,2019Q3
MSH,2019-10-24,CONTROL_RSI,30.0,30.0,,20.1,0.54,14.63,-16.81,3.21,-5.0,-1.98,-4.16,-3.16,-2.73,-1.11,-1.86,-14.63,-13.09,-13.8,-8.0,-9.68,True,-5.0,-6.18,True,2019Q4
MSH,2019-12-04,CONTROL_RSI,4.5,4.5,,33.5,0.37,14.31,-21.94,1.82,-5.0,-8.04,-7.95,-8.0,-11.53,-11.13,-11.38,-18.94,-10.93,-15.94,-8.0,-7.97,True,-5.0,-4.97,True,2019Q4
MSH,2020-01-02,CONTROL_RSI,10.1,10.1,,31.6,0.3,12.72,-47.56,7.23,-5.18,-0.16,-0.14,-0.15,-6.76,-3.87,-5.89,-42.77,-18.82,-35.58,-8.0,-6.74,True,-5.18,-3.93,True,2020Q1
MSH,2020-02-18,CONTROL_RSI,4.9,4.9,,34.4,0.76,12.19,-45.28,1.07,-8.69,-3.69,-0.41,-1.2,-22.07,-2.77,-7.41,-16.08,-6.43,-8.75,-10.91,-3.46,True,-10.91,-3.46,True,2020Q1
MSH,2020-06-30,CONTROL_RSI,27.2,27.2,,32.1,1.15,9.45,-22.96,4.87,-5.14,1.27,-3.18,-3.86,-20.32,-15.87,-15.18,-3.92,-13.69,-15.2,-10.48,-16.66,True,-10.48,-16.66,True,2020Q2
MSH,2020-08-03,CONTROL_RSI,23.4,23.4,,29.6,1.16,8.16,-0.86,23.9,-12.0,2.33,-0.13,-0.52,8.82,0.45,-0.89,10.91,-1.03,-2.94,10.91,-2.94,False,10.91,-2.94,False,2020Q3
MSH,2020-10-28,CONTROL_RSI,35.2,35.2,,21.7,1.2,8.94,-0.56,40.72,-5.0,7.38,5.29,4.88,25.17,15.65,13.77,37.14,10.11,4.76,37.14,4.76,False,37.14,4.76,False,2020Q4
MSH,2021-07-08,CONTROL_RSI,17.6,17.6,,33.7,0.84,17.33,-4.56,57.59,-5.0,1.38,6.87,6.0,26.08,28.5,28.11,53.03,54.49,54.26,53.03,54.26,False,53.03,54.26,False,2021Q3
MSH,2021-12-14,CONTROL_RSI,23.0,23.0,,28.8,0.57,26.65,-15.16,0.0,-5.0,-3.94,-4.05,-4.0,-7.99,-9.35,-8.76,-4.05,-3.06,-3.49,-8.0,-9.9,True,-5.0,-4.27,True,2021Q4
MSH,2022-01-12,CONTROL_RSI,8.3,8.3,,32.2,0.61,23.88,-3.98,37.35,-6.89,2.01,5.0,3.83,4.82,4.98,4.92,35.09,38.53,37.18,35.09,37.18,False,35.09,37.18,False,2022Q1
MSH,2022-05-06,CONTROL_RSI,39.4,39.4,,31.9,0.73,25.79,-22.14,13.88,-5.85,-19.74,-8.96,-11.87,-2.48,-0.69,-1.18,-16.67,-10.42,-12.11,-9.89,-9.22,True,-9.89,-9.22,True,2022Q2
MSH,2022-07-12,CONTROL_RSI,35.9,35.9,,27.8,1.04,21.25,-30.78,16.66,-7.94,9.32,7.56,7.48,3.29,-3.78,-4.09,-30.78,-19.05,-18.54,-8.0,-14.2,True,-7.94,-14.14,True,2022Q3
MSH,2022-08-26,CONTROL_RSI,7.5,7.5,,32.5,1.11,20.68,-30.71,0.1,-5.0,-9.72,-8.12,-7.94,-18.96,-9.47,-8.43,-14.56,10.57,13.32,-8.0,-6.22,True,-5.0,-3.22,True,2022Q3
MSH,2022-09-27,CONTROL_RSI,27.2,27.2,,27.6,1.13,17.0,-15.71,13.94,-5.0,-5.59,-0.9,-0.3,-1.82,12.43,14.27,-0.94,11.11,12.67,-8.0,-0.17,True,-5.0,-2.43,True,2022Q3
MSH,2022-12-21,CONTROL_RSI,11.8,11.8,,32.3,0.92,16.84,-4.22,7.6,-5.0,2.43,4.11,3.98,3.21,-5.62,-4.92,0.0,-1.98,-1.82,0.0,-1.82,False,0.0,-1.82,False,2022Q4
MSH,2023-03-30,CONTROL_RSI,37.7,37.7,,24.2,0.75,16.74,-3.05,15.23,-5.0,2.15,1.23,1.47,2.75,3.77,3.51,11.11,3.72,5.59,11.11,5.59,False,11.11,5.59,False,2023Q1
MSH,2023-05-15,CONTROL_RSI,6.5,6.5,,32.8,0.62,16.97,-4.36,19.39,-5.0,-3.12,-2.87,-2.97,8.43,3.38,5.28,15.5,-0.76,5.38,15.5,5.38,False,15.5,5.38,False,2023Q2
MSH,2023-08-18,CONTROL_RSI,18.8,18.8,,28.7,0.87,18.63,-8.64,31.51,-5.0,2.63,0.53,0.81,29.04,24.87,25.42,1.77,6.4,5.79,-8.0,2.97,True,-5.0,5.97,True,2023Q3
MSH,2023-10-18,CONTROL_RSI,30.5,30.5,,31.4,1.16,19.8,-14.04,5.71,-5.0,-5.76,-1.45,-0.77,-3.08,-5.13,-5.46,0.4,-4.29,-5.04,-8.0,-3.55,True,-5.0,-0.01,True,2023Q4
MSH,2024-01-23,CONTROL_RSI,12.7,12.7,,30.8,1.2,20.07,-0.4,28.05,-5.0,5.83,6.79,6.98,8.82,2.1,0.73,18.04,15.54,15.02,18.04,15.02,False,18.04,15.02,False,2024Q1
MSH,2024-04-25,CONTROL_RSI,3.9,3.9,,34.5,0.83,23.69,-3.33,24.15,-8.02,13.09,8.87,9.58,13.09,7.02,8.05,4.35,1.13,1.67,4.35,1.67,False,4.35,1.67,False,2024Q2
MSH,2024-06-21,CONTROL_RSI,30.0,30.0,,20.0,0.88,25.49,-9.22,11.1,-5.0,3.41,5.49,5.24,-6.0,-3.93,-4.18,2.12,3.39,3.24,-9.22,-6.29,True,-5.0,-4.54,True,2024Q2
MSH,2024-07-19,CONTROL_RSI,10.6,10.6,,31.9,0.9,24.56,-5.78,15.31,-5.21,1.43,2.6,2.48,10.1,10.08,10.08,-0.2,-1.64,-1.49,-0.2,-1.49,False,-5.78,-4.14,True,2024Q3
MSH,2024-09-12,CONTROL_RSI,25.7,25.7,,26.4,1.0,25.95,-6.4,15.8,-5.0,-0.12,-1.6,-1.59,-4.82,-7.6,-7.59,11.98,10.66,10.66,11.98,10.66,False,-5.0,-6.96,True,2024Q3
MSH,2024-10-10,CONTROL_RSI,30.0,30.0,,21.9,1.01,24.53,-0.98,30.37,-5.0,0.57,0.74,0.74,12.76,15.49,15.51,18.47,21.68,21.7,18.47,21.7,False,18.47,21.7,False,2024Q4
MSH,2025-01-06,CONTROL_RSI,3.6,3.6,,33.8,0.95,29.0,-11.55,26.38,-5.0,-1.52,0.09,0.01,3.62,2.08,2.16,-11.55,0.85,0.18,-11.55,0.18,True,-11.55,0.18,True,2025Q1
MSH,2025-04-03,CONTROL_RSI,28.5,28.5,,32.1,0.96,29.64,-25.67,17.75,-5.0,-14.27,-21.35,-21.05,-9.14,-18.67,-18.26,9.55,-9.66,-8.83,-13.46,-8.09,True,-13.46,-8.09,True,2025Q2
MSH,2025-06-13,CONTROL_RSI,9.7,9.7,,31.8,0.95,30.37,0.0,18.44,-5.0,7.34,3.93,4.09,8.07,-3.89,-3.34,2.3,-22.81,-21.66,2.3,-21.66,False,2.3,-21.66,False,2025Q2
MSH,2025-08-27,CONTROL_RSI,30.0,30.0,,23.1,0.88,31.86,-9.35,14.0,-5.37,-2.2,1.07,0.66,-3.58,-2.81,-2.91,10.7,11.38,11.3,-8.0,-5.76,True,-5.37,-4.45,True,2025Q3
MSH,2025-10-02,CONTROL_RSI,10.5,10.5,,31.5,0.64,30.2,-4.37,20.26,-5.0,0.56,-5.26,-3.18,12.45,13.16,12.91,6.72,1.97,3.67,6.72,3.67,False,6.72,3.67,False,2025Q4
MSH,2025-12-02,CONTROL_RSI,4.5,4.5,,34.1,0.55,32.86,-7.67,22.22,-5.0,-1.19,-0.79,-0.97,-3.99,-7.38,-5.84,5.93,3.5,4.61,5.93,4.61,False,-5.0,-3.52,True,2025Q4
MSH,2025-12-31,CONTROL_RSI,8.0,8.0,,32.3,0.52,31.55,-2.76,27.29,-5.0,8.78,3.73,6.18,18.35,17.27,17.79,12.33,18.6,15.57,12.33,15.57,False,12.33,15.57,False,2025Q4
MSH,2026-05-13,CONTROL_RSI,26.1,26.1,,26.3,0.7,35.1,-14.81,1.71,-5.0,1.0,0.99,0.99,-3.99,1.18,-0.39,-12.11,-5.15,-7.27,-8.0,-6.22,True,-5.0,-3.73,True,2026Q2
MSH,2026-06-10,CONTROL_RSI,30.0,30.0,,21.7,0.7,33.75,-15.85,2.81,-5.0,2.37,0.29,0.92,-5.19,-7.84,-7.03,-9.63,-11.71,-11.08,-8.0,-8.43,True,-5.0,-7.14,True,2026Q2
MSH,2026-07-09,CONTROL_RSI,30.0,30.0,,12.3,0.72,32.05,-11.39,0.47,-5.0,-1.72,1.16,0.34,-3.74,0.18,-0.93,,,,-11.39,-6.99,True,-5.0,1.69,True,2026Q3
MSH,2026-09-03,CONTROL_RSI,7.7,7.7,,32.4,0.58,30.5,-3.11,0.49,-5.0,-1.64,0.24,-0.55,-0.82,4.21,2.09,,,,-0.66,1.58,False,-0.66,1.58,False,2026Q3
MSH,2019-03-28,CONTROL_RANDOM,,,,43.1,0.59,13.6,-2.5,22.57,-5.0,5.22,4.82,4.99,18.16,18.86,18.57,14.85,19.14,17.38,14.85,17.38,False,14.85,17.38,False,2019Q1
MSH,2019-04-19,CONTROL_RANDOM,,,,84.7,0.54,15.97,-11.52,4.38,-12.0,0.63,-0.9,-0.2,-1.5,-3.47,-2.57,0.63,-0.65,-0.06,-11.52,-10.55,True,0.63,-0.06,False,2019Q2
MSH,2019-06-27,CONTROL_RANDOM,,,,36.9,0.8,15.52,-7.8,11.34,-5.0,6.06,2.79,3.46,1.68,-3.49,-2.44,-6.12,-10.67,-9.75,-6.12,-9.75,False,-5.0,-7.79,True,2019Q2
MSH,2019-07-08,CONTROL_RANDOM,,,,58.9,0.83,16.23,-11.83,6.47,-8.49,1.42,-0.33,-0.03,3.08,3.15,3.13,-8.07,-10.76,-10.3,-8.0,-9.06,True,-8.49,-9.55,True,2019Q3
MSH,2019-09-05,CONTROL_RANDOM,,,,18.7,0.63,14.44,-8.17,8.17,-5.0,2.77,1.81,2.17,8.03,7.04,7.4,0.0,0.72,0.46,-8.0,-10.98,True,-5.0,-7.43,True,2019Q3
MSH,2019-10-14,CONTROL_RANDOM,,,,48.3,0.55,14.97,-18.7,0.87,-5.0,-2.67,-2.03,-2.32,-7.01,-9.51,-8.38,-15.03,-10.54,-12.58,-8.0,-9.21,True,-5.28,-4.93,True,2019Q4
MSH,2019-12-24,CONTROL_RANDOM,,,,18.8,0.3,12.69,-40.43,7.49,-5.45,-0.24,-1.12,-0.5,0.87,0.72,0.82,-39.09,-11.54,-30.82,-8.0,-7.06,True,-5.45,-4.51,True,2019Q4
MSH,2020-01-22,CONTROL_RANDOM,,,,66.7,0.44,13.18,-49.39,0.0,-6.51,-10.93,-7.17,-9.27,-11.0,-3.14,-7.53,-28.3,-7.95,-19.32,-8.0,-5.87,True,-6.51,-4.38,True,2020Q1
MSH,2020-03-09,CONTROL_RANDOM,,,,18.2,0.88,10.2,-34.61,9.51,-5.0,-7.65,0.71,-0.33,-27.55,-19.46,-20.47,2.55,-6.35,-5.24,-8.0,-2.4,True,-5.0,0.6,True,2020Q1
MSH,2020-06-02,CONTROL_RANDOM,,,,39.6,1.11,10.4,-30.0,7.98,-5.0,5.19,2.54,2.24,-6.44,-2.65,-2.22,-15.29,-14.92,-14.87,-8.0,-2.38,True,-7.5,-5.82,True,2020Q2
MSH,2020-10-19,CONTROL_RANDOM,,,,74.5,1.2,9.84,-9.65,27.85,-5.0,-3.05,-3.63,-3.75,8.33,5.37,4.77,22.26,-3.79,-9.08,-8.0,-5.45,True,-5.0,-2.45,True,2020Q4
MSH,2020-11-10,CONTROL_RANDOM,,,,54.4,1.2,9.85,-0.71,42.34,-11.07,14.82,12.82,12.42,14.82,5.95,4.17,25.58,9.06,5.74,25.58,5.74,False,25.58,5.74,False,2020Q4
MSH,2020-11-20,CONTROL_RANDOM,,,,76.0,1.22,10.97,-3.37,27.8,-12.0,1.46,0.33,0.08,5.47,-3.52,-5.52,22.7,3.97,-0.19,22.7,-0.19,False,22.7,-0.19,False,2020Q4
MSH,2021-01-25,CONTROL_RANDOM,,,,66.0,0.82,14.02,-22.33,7.28,-12.0,-14.76,-7.09,-8.44,-2.0,-3.85,-3.53,6.63,1.09,2.07,-15.19,-5.23,True,-15.19,-5.23,True,2021Q1
MSH,2021-01-26,CONTROL_RANDOM,,,,71.1,0.71,13.74,-20.74,9.46,-12.0,-7.86,-6.87,-7.16,1.09,-4.66,-2.99,8.01,-2.42,0.61,-19.43,-15.27,True,-19.43,-15.27,True,2021Q1
MSH,2021-03-11,CONTROL_RANDOM,,,,73.2,0.9,14.61,-12.25,18.41,-10.09,-1.57,-2.32,-2.25,-1.78,-5.7,-5.31,15.47,3.01,4.26,-8.0,-6.25,True,-10.09,-8.34,True,2021Q1
MSH,2022-02-18,CONTROL_RANDOM,,,,62.6,0.49,25.19,-19.37,30.21,-7.61,2.78,3.76,3.27,0.64,1.3,0.96,-11.51,5.98,-2.88,-11.27,-4.34,True,-11.27,-4.34,True,2022Q1
MSH,2022-06-29,CONTROL_RANDOM,,,,35.8,1.01,24.88,-32.8,1.73,-7.39,-17.08,-12.83,-12.8,-12.1,-11.27,-11.26,-32.32,-28.71,-28.69,-8.0,-4.95,True,-7.39,-5.52,True,2022Q2
MSH,2022-09-15,CONTROL_RANDOM,,,,19.0,1.14,18.08,-20.74,7.13,-5.0,-2.77,0.46,0.93,-15.49,-0.89,1.23,4.48,19.89,22.12,-8.19,-1.11,True,-5.14,-2.89,True,2022Q3
MSH,2022-12-01,CONTROL_RANDOM,,,,73.6,0.96,18.58,-13.19,4.25,-8.68,1.67,-0.18,-0.12,-9.36,-6.89,-6.98,-10.28,-9.75,-9.77,-8.0,-7.11,True,-8.68,-7.79,True,2022Q4
MSH,2022-12-13,CONTROL_RANDOM,,,,46.5,0.92,17.46,-7.62,4.64,-5.0,-3.55,0.53,0.19,-4.87,-4.32,-4.37,-2.63,-1.24,-1.36,-2.63,-1.36,False,-6.19,-2.44,True,2022Q4
MSH,2022-12-16,CONTROL_RANDOM,,,,43.1,0.92,17.35,-7.03,4.44,-5.0,-3.8,2.71,2.19,-2.31,-5.57,-5.31,-3.34,-1.3,-1.47,-3.34,-1.47,False,-5.59,-2.53,True,2022Q4
MSH,2023-03-27,CONTROL_RANDOM,,,,48.6,0.75,16.89,-3.91,14.21,-5.0,0.47,-1.69,-1.16,-0.59,1.37,0.88,7.87,0.88,2.62,7.87,2.62,False,7.87,2.62,False,2023Q1
MSH,2023-04-10,CONTROL_RANDOM,,,,68.6,0.69,17.35,-6.46,13.26,-5.39,0.35,1.16,0.91,-2.31,-2.61,-2.52,10.89,3.9,6.03,10.89,6.03,False,-5.39,-5.85,True,2023Q2
MSH,2023-10-24,CONTROL_RANDOM,,,,36.1,1.17,20.19,-15.7,3.02,-5.4,-12.78,-6.75,-5.75,-1.54,-2.21,-2.32,-0.74,-6.41,-7.34,-8.0,-3.18,True,-5.4,-0.58,True,2023Q4
MSH,2023-11-03,CONTROL_RANDOM,,,,32.0,1.29,18.48,-2.11,13.15,-10.8,0.81,-0.84,-1.31,10.23,6.69,5.68,13.15,4.15,1.58,13.15,1.58,False,13.15,1.58,False,2023Q4
MSH,2024-02-02,CONTROL_RANDOM,,,,92.4,1.22,21.29,-0.75,30.2,-7.35,2.3,-2.02,-2.96,3.85,-1.37,-2.5,25.83,19.83,18.52,25.83,18.52,False,25.83,18.52,False,2024Q1
MSH,2024-03-25,CONTROL_RANDOM,,,,62.0,1.09,22.76,-2.64,29.22,-5.19,3.95,2.45,2.32,2.9,7.82,8.25,10.9,11.99,12.08,10.9,12.08,False,10.9,12.08,False,2024Q1
MSH,2024-05-06,CONTROL_RANDOM,,,,52.7,0.8,25.0,-7.44,17.64,-12.0,7.28,7.46,7.42,10.88,7.83,8.45,0.4,0.44,0.43,0.4,0.43,False,0.4,0.43,False,2024Q2
MSH,2024-06-06,CONTROL_RANDOM,,,,56.4,0.88,27.72,-16.52,2.16,-6.83,-5.7,-4.99,-5.08,-2.16,-1.7,-1.75,-3.25,-2.84,-2.89,-8.0,-7.02,True,-6.83,-5.85,True,2024Q2
MSH,2024-09-27,CONTROL_RANDOM,,,,35.5,1.05,25.54,-4.89,23.61,-5.0,-4.27,-2.7,-2.63,-2.66,0.08,0.21,21.34,23.46,23.56,21.34,23.56,False,21.34,23.56,False,2024Q3
MSH,2025-01-06,CONTROL_RANDOM,,,,33.8,0.95,29.0,-11.55,26.38,-5.0,-1.52,0.09,0.01,3.62,2.08,2.16,-11.55,0.85,0.18,-11.55,0.18,True,-11.55,0.18,True,2025Q1
MSH,2025-05-22,CONTROL_RANDOM,,,,74.5,0.94,29.99,-0.77,19.94,-11.92,10.34,8.92,9.0,9.3,6.61,6.77,9.3,-14.75,-13.31,9.3,-13.31,False,9.3,-13.31,False,2025Q2
MSH,2025-05-27,CONTROL_RANDOM,,,,83.7,0.97,33.9,-10.41,6.11,-12.0,-7.05,-7.17,-7.17,-2.8,-4.49,-4.43,-8.35,-32.18,-31.36,-8.0,-7.86,True,-8.35,-31.36,False,2025Q2
MSH,2025-06-23,CONTROL_RANDOM,,,,52.0,0.95,32.6,-6.17,10.34,-8.29,1.75,0.86,0.91,0.15,-10.38,-9.81,-2.15,-24.08,-22.9,-2.15,-22.9,False,-2.15,-22.9,False,2025Q2
MSH,2025-06-24,CONTROL_RANDOM,,,,60.4,0.95,33.0,-7.3,9.0,-9.47,0.91,-0.23,-0.17,1.58,-8.89,-8.34,-3.18,-24.33,-23.23,-3.18,-23.23,False,-3.18,-23.23,False,2025Q2
MSH,2025-07-28,CONTROL_RANDOM,,,,68.9,0.95,34.57,-16.46,4.05,-7.33,-6.33,-5.35,-5.4,-8.85,-15.57,-15.24,-13.02,-20.98,-20.59,-8.48,-14.66,True,-7.33,-12.9,True,2025Q3
MSH,2026-03-12,CONTROL_RANDOM,,,,50.4,0.63,35.73,-8.03,6.8,-12.0,-1.76,1.18,0.09,1.51,-1.57,-0.43,-5.54,-11.78,-9.48,-8.0,-4.04,True,-5.54,-9.48,False,2026Q1
MSH,2026-05-13,CONTROL_RANDOM,,,,26.3,0.7,35.1,-14.81,1.71,-5.0,1.0,0.99,0.99,-3.99,1.18,-0.39,-12.11,-5.15,-7.27,-8.0,-6.22,True,-5.0,-3.73,True,2026Q2
MSH,2026-06-16,CONTROL_RANDOM,,,,39.2,0.71,34.4,-17.44,0.87,-5.0,-1.45,-5.94,-4.65,-7.12,-6.27,-6.52,-13.37,-12.86,-13.01,-8.0,-10.23,True,-5.0,-6.83,True,2026Q2
STK,2019-01-02,WATCH,43.6,43.6,0.0,12.7,0.75,5.26,-6.84,76.81,-5.0,9.89,8.93,9.17,24.14,21.8,22.38,73.19,62.28,64.98,73.19,64.98,False,73.19,64.98,False,2019Q1
STK,2019-08-06,WATCH,42.2,42.2,0.0,23.3,0.85,8.51,-13.63,6.11,-5.0,1.41,1.23,1.26,1.88,0.89,1.04,-9.05,-12.32,-11.82,-8.0,-10.57,True,-5.0,-7.68,True,2019Q3
STK,2019-10-02,WATCH,59.3,59.3,0.0,20.8,1.08,7.35,-14.01,10.2,-5.0,1.36,1.19,1.17,5.31,3.97,3.86,-6.26,-3.51,-3.29,-8.0,-4.47,True,-5.44,-4.42,True,2019Q4
STK,2019-12-03,WATCH,61.5,61.5,0.0,13.7,0.83,6.58,-3.95,20.67,-5.0,9.57,8.6,8.77,6.53,5.05,5.31,7.14,13.36,12.28,7.14,12.28,False,7.14,12.28,False,2019Q4
STK,2020-03-09,WATCH,67.4,67.4,0.0,21.1,0.85,6.38,-16.77,14.26,-5.0,-11.44,-3.08,-4.31,0.94,9.03,7.84,13.64,4.74,6.05,-8.0,-3.33,True,-5.0,-0.33,True,2020Q1
STK,2020-07-27,WATCH,64.4,64.4,0.0,22.5,0.99,6.03,-1.16,21.23,-5.0,6.14,0.94,0.97,11.61,0.5,0.57,13.43,-5.93,-5.81,13.43,-5.81,False,13.43,-5.81,False,2020Q3
STK,2022-05-10,WATCH,61.0,61.0,35.0,24.6,0.68,26.23,-17.42,3.96,-9.51,-3.24,0.98,-0.35,-1.07,-2.03,-1.73,-1.6,1.92,0.81,-11.67,-5.71,True,-11.67,-5.71,True,2022Q2
STK,2022-05-13,PANIC70_ANY,77.9,77.9,10.0,20.4,0.8,23.97,-9.64,12.6,-9.22,7.09,6.2,6.38,2.17,0.6,0.91,10.55,6.52,7.33,-9.64,-7.28,True,-9.64,-7.28,True,2022Q2
STK,2022-08-25,WATCH,45.0,45.0,10.0,14.0,0.82,23.55,-43.74,7.64,-5.0,3.48,4.56,4.37,-6.45,3.21,1.51,-40.25,-13.99,-18.61,-8.0,5.07,True,-5.0,0.48,True,2022Q3
STK,2022-09-27,WATCH,41.9,41.9,0.0,29.9,0.84,22.14,-42.01,5.51,-5.0,5.42,10.1,9.36,-28.32,-14.06,-16.33,-36.22,-24.17,-26.08,-9.35,-0.92,True,-6.41,-0.58,True,2022Q3
STK,2022-10-25,WATCH,58.8,58.8,0.0,19.4,0.9,15.95,-19.5,7.52,-5.0,-5.83,-8.08,-7.86,-11.79,-6.32,-6.85,3.95,-6.78,-5.73,-10.97,-13.0,True,-5.64,-8.05,True,2022Q4
STK,2022-10-27,PANIC70_ANY,82.2,82.2,0.0,19.3,0.81,15.05,-14.68,13.95,-5.96,-2.92,0.85,0.12,-8.7,-2.45,-3.66,13.02,6.63,7.86,-11.23,-6.97,True,-7.77,-3.02,True,2022Q4
STK,2023-02-13,WATCH,41.1,41.1,35.0,27.7,0.64,14.99,-7.27,8.74,-5.0,5.14,1.59,2.87,-4.34,-3.86,-4.03,2.6,0.52,1.27,2.6,1.27,False,-5.0,-4.72,True,2023Q1
STK,2023-10-19,WATCH,53.8,53.8,10.0,14.4,0.96,17.93,-16.06,0.89,-5.0,-7.7,-5.37,-5.46,-5.58,-6.99,-6.94,-9.43,-15.71,-15.48,-8.0,-5.31,True,-5.0,-2.31,True,2023Q4
STK,2024-04-15,WATCH,52.2,52.2,10.0,22.1,0.74,19.0,-7.58,20.79,-5.44,-4.63,-3.56,-3.84,-2.0,-6.84,-5.58,15.84,10.82,12.13,15.84,12.13,False,-5.44,-2.78,True,2024Q2
STK,2024-07-26,PANIC70_ANY,71.1,71.1,15.0,24.9,0.93,17.68,-18.27,0.0,-7.82,-14.2,-9.42,-9.75,-7.98,-10.56,-10.39,-7.81,-9.66,-9.54,-8.0,-8.28,True,-7.82,-8.11,True,2024Q3
STK,2024-07-29,WATCH,55.3,55.3,0.0,25.2,0.93,17.21,-16.04,2.03,-5.28,-10.75,-7.79,-8.0,-4.94,-7.61,-7.42,-5.81,-6.63,-6.57,-8.54,-7.75,True,-5.28,-3.77,True,2024Q3
STK,2025-04-03,WATCH,54.5,54.5,0.0,12.1,0.81,13.64,-13.78,25.0,-5.0,0.0,-7.08,-5.77,8.5,-1.02,0.74,22.73,3.52,7.08,-13.34,-8.77,True,-13.34,-8.77,True,2025Q2
STK,2025-04-11,PANIC70_ANY,70.0,70.0,15.0,29.1,1.04,13.51,-5.77,29.02,-12.0,-1.63,0.63,0.71,16.06,9.73,9.51,23.91,6.85,6.25,23.91,6.25,False,23.91,6.25,False,2025Q2
STK,2025-07-28,WATCH,40.8,40.8,15.0,15.8,1.02,16.24,-9.3,2.34,-5.0,-4.62,-3.63,-3.61,-3.08,-9.8,-9.93,-3.69,-11.66,-11.81,-8.0,-14.57,True,-5.0,-0.61,True,2025Q3
STK,2025-12-23,WATCH,44.3,44.3,15.0,31.9,0.47,14.45,-13.49,4.43,-5.0,-2.15,-2.25,-2.19,-3.46,-8.4,-5.77,-8.79,-2.62,-5.9,-8.17,-9.83,True,-5.33,-7.24,True,2025Q4
STK,2026-03-09,WATCH,41.8,41.8,0.0,33.9,0.44,13.18,-23.75,6.22,-5.0,4.86,2.11,3.64,-5.54,-6.32,-5.88,-23.07,-33.54,-27.68,-8.0,-8.28,True,-5.0,-5.22,True,2026Q1
STK,2026-06-02,WATCH,41.8,41.8,0.0,12.2,0.45,10.27,-22.1,4.87,-5.0,-1.27,-0.14,-0.76,-9.74,-12.1,-10.79,-17.23,-17.08,-17.16,-8.0,-8.96,True,-5.0,-6.32,True,2026Q2
STK,2026-07-01,WATCH,50.6,50.6,35.0,15.3,0.48,8.99,-17.13,3.23,-5.0,-0.33,1.23,0.41,-2.11,4.58,1.07,-12.35,-7.42,-10.01,-8.0,-2.9,True,-5.0,-3.33,True,2026Q3
STK,2026-09-09,WATCH,54.1,54.1,0.0,25.2,0.51,8.0,-8.38,0.0,-8.17,-5.87,-5.71,-5.79,,,,,,,-8.0,-5.54,True,-8.17,-5.71,True,2026Q3
STK,2022-05-24,ENTRY_V2,,77.9,75.0,43.2,0.82,26.56,-18.45,1.62,-12.0,-5.16,-10.08,-9.22,-9.56,-3.97,-4.95,-7.61,-10.57,-10.05,-8.0,-11.52,True,-12.0,-10.59,True,2022Q2
STK,2024-08-16,ENTRY_V2,,72.7,90.0,47.3,0.98,17.05,-11.73,2.23,-12.0,-4.57,-6.22,-6.18,-6.04,-6.48,-6.47,-6.22,-5.16,-5.18,-8.45,-9.73,True,-6.22,-5.18,False,2024Q3
STK,2024-08-20,ENTRY_V2_LOOSE,,70.6,55.0,52.3,0.99,16.74,-10.1,4.12,-12.0,-1.85,-2.57,-2.56,-2.63,-2.6,-2.61,-7.47,-3.24,-3.29,-10.1,-7.95,True,-7.47,-3.29,False,2024Q3
STK,2025-04-18,ENTRY_V2_LOOSE,30.7,70.0,55.0,30.2,1.03,13.29,-4.21,31.15,-12.0,8.05,7.53,7.51,16.55,8.9,8.67,24.76,2.66,2.01,24.76,2.01,False,24.76,2.01,False,2025Q2
STK,2025-04-23,ENTRY_V2,12.0,70.0,90.0,35.1,1.02,13.61,0.0,28.07,-12.0,7.57,5.33,5.28,22.56,12.26,12.04,20.21,-4.06,-4.58,20.21,-4.58,False,20.21,-4.58,False,2025Q2
STK,2019-01-04,CONTROL_RSI,21.1,21.1,,29.0,0.77,5.66,-3.0,65.72,-12.0,3.36,2.08,2.37,18.73,14.73,15.63,59.72,47.69,50.4,59.72,50.4,False,59.72,50.4,False,2019Q1
STK,2019-04-26,CONTROL_RSI,2.4,2.4,,34.2,0.84,8.24,-2.31,25.12,-5.27,5.34,8.59,8.06,18.45,19.41,19.26,15.53,13.89,14.15,15.53,14.15,False,15.53,14.15,False,2019Q2
STK,2019-07-24,CONTROL_RSI,30.0,30.0,,17.7,0.9,9.52,-22.79,1.26,-5.0,-5.78,-6.85,-6.74,-12.18,-13.24,-13.13,-16.6,-16.83,-16.81,-8.0,-7.92,True,-5.0,-6.01,True,2019Q3
STK,2019-08-22,CONTROL_RSI,14.9,14.9,,30.0,1.14,8.42,-13.42,7.24,-5.44,6.29,7.71,7.91,-3.33,-2.26,-2.11,-11.76,-12.23,-12.29,-8.0,-7.81,True,-5.44,-5.4,True,2019Q3
STK,2019-09-20,CONTROL_RSI,20.6,20.6,,28.1,1.01,8.36,-24.4,0.48,-5.0,-7.89,-8.38,-8.38,-5.5,-4.68,-4.67,-16.87,-13.81,-13.79,-8.0,-7.94,True,-5.0,-5.62,True,2019Q3
STK,2019-11-01,CONTROL_RSI,1.6,1.6,,34.5,1.08,7.82,-19.18,0.0,-5.0,-5.24,-5.02,-5.01,-10.36,-4.5,-4.06,-13.04,-4.22,-3.55,-11.13,-6.62,True,-5.0,-5.62,True,2019Q4
STK,2019-12-02,CONTROL_RSI,13.8,13.8,,32.6,0.72,6.95,-9.06,14.24,-5.0,3.74,3.44,3.52,2.3,1.93,2.03,3.74,10.85,8.87,3.74,8.87,False,-5.0,-5.15,True,2019Q4
STK,2020-01-20,CONTROL_RSI,12.7,12.7,,30.8,0.74,6.89,-22.93,15.24,-6.22,-1.31,3.77,2.44,11.76,18.82,16.97,-5.95,15.49,9.86,-8.0,4.61,True,-7.4,3.24,True,2020Q1
STK,2020-03-05,CONTROL_RSI,13.4,13.4,,30.5,0.7,7.01,-24.25,3.99,-5.0,-18.54,-4.24,-8.59,-11.55,5.57,0.36,2.28,3.16,2.89,-8.99,-4.96,True,-8.99,-4.96,True,2020Q1
STK,2020-06-25,CONTROL_RSI,1.8,1.8,,34.4,0.95,6.76,-11.83,10.8,-5.0,6.95,8.08,8.03,-4.29,-1.01,-1.17,2.81,-3.1,-2.81,-10.5,-2.5,True,-5.0,-1.88,True,2020Q2
STK,2020-07-24,CONTROL_RSI,27.2,27.2,,27.7,0.98,6.05,-1.49,20.83,-5.0,4.3,1.71,1.77,9.42,0.04,0.24,17.85,-1.07,-0.67,17.85,-0.67,False,17.85,-0.67,False,2020Q3
STK,2021-01-08,CONTROL_RSI,1.8,1.8,,34.4,1.17,9.23,-1.95,72.7,-5.0,7.15,5.84,5.61,19.28,27.21,28.58,59.26,52.8,51.69,59.26,51.69,False,59.26,51.69,False,2021Q1
STK,2021-03-26,CONTROL_RSI,15.7,15.7,,29.8,0.89,13.22,-1.51,36.91,-5.0,11.2,5.52,6.12,9.53,5.25,5.7,32.9,14.94,16.86,32.9,16.86,False,32.9,16.86,False,2021Q1
STK,2021-06-01,CONTROL_RSI,30.0,30.0,,23.6,0.84,14.48,-0.9,59.39,-7.23,10.98,11.35,11.29,21.96,16.67,17.49,46.06,48.17,47.85,46.06,47.85,False,46.06,47.85,False,2021Q2
STK,2021-12-21,CONTROL_RSI,25.6,25.6,,27.7,0.57,26.76,-14.61,3.06,-5.0,1.2,0.72,0.92,-6.88,-5.97,-6.35,-8.26,-9.58,-9.02,-8.0,-8.97,True,-5.0,-5.97,True,2021Q4
STK,2022-01-19,CONTROL_RSI,7.8,7.8,,32.4,0.56,24.37,-6.24,30.16,-5.0,-6.07,-8.28,-7.3,2.26,-1.63,0.1,16.7,20.85,19.01,16.7,19.01,False,-5.0,-6.57,True,2022Q1
STK,2022-03-24,CONTROL_RSI,10.8,10.8,,31.4,0.46,24.55,-11.77,29.21,-5.0,11.24,10.16,10.74,7.82,20.44,13.69,-2.16,19.9,8.09,-8.0,0.42,True,-5.62,4.21,True,2022Q1
STK,2022-05-09,CONTROL_RSI,29.3,29.3,,31.5,0.68,25.05,-13.53,8.86,-5.2,-1.68,-0.66,-0.99,5.27,1.21,2.51,-1.48,-1.53,-1.51,-8.0,-4.81,True,-7.5,-4.32,True,2022Q2
STK,2022-06-22,CONTROL_RSI,23.3,23.3,,32.2,0.83,24.44,-9.41,10.43,-12.0,-1.35,-4.41,-3.89,-3.27,-6.41,-5.88,-9.41,-13.14,-12.51,-8.96,-11.87,True,-9.41,-12.51,False,2022Q2
STK,2022-08-23,CONTROL_RSI,14.9,14.9,,30.0,0.83,23.23,-42.96,9.13,-5.0,2.8,2.41,2.48,-1.89,3.77,2.82,-38.74,-14.73,-18.78,-8.0,4.33,True,-6.11,0.49,True,2022Q3
STK,2022-09-23,CONTROL_RSI,1.8,1.8,,34.4,0.84,21.81,-41.13,8.76,-5.0,1.51,9.94,8.57,-24.12,-7.24,-9.98,-34.89,-22.42,-24.44,-8.0,2.16,True,-6.24,4.39,True,2022Q3
STK,2022-11-01,CONTROL_RSI,33.1,33.1,,30.9,0.73,14.2,-9.58,20.77,-5.0,-3.8,0.83,-0.41,-0.14,-1.58,-1.2,16.9,12.64,13.78,-9.58,-7.61,True,-5.92,-2.24,True,2022Q4
STK,2023-02-10,CONTROL_RSI,16.9,16.9,,34.4,0.63,14.8,-6.08,10.14,-5.0,5.74,2.35,3.59,-2.36,-2.54,-2.47,4.59,4.01,4.23,4.59,4.23,False,-5.0,-4.19,True,2023Q1
STK,2023-03-10,CONTROL_RSI,15.9,15.9,,29.7,0.67,14.75,-4.61,10.92,-7.31,-3.12,-0.84,-1.59,-1.29,-3.05,-2.47,4.07,-1.13,0.59,4.07,0.59,False,4.07,0.59,False,2023Q1
STK,2023-05-23,CONTROL_RSI,25.4,25.4,,26.5,0.55,14.94,-2.95,35.54,-5.0,1.67,1.11,1.36,7.63,3.02,5.09,30.12,13.83,21.14,30.12,21.14,False,30.12,21.14,False,2023Q2
STK,2023-08-18,CONTROL_RSI,35.3,35.3,,22.0,0.82,17.37,-13.36,28.67,-5.0,14.05,11.95,12.32,24.18,20.01,20.76,-2.53,2.1,1.27,-8.0,2.37,True,-5.0,3.47,True,2023Q3
STK,2023-10-03,CONTROL_RSI,31.0,31.0,,29.9,0.93,21.44,-29.8,0.0,-8.35,-4.06,-8.05,-7.78,-29.52,-23.47,-23.88,-24.53,-25.92,-25.83,-8.0,-10.59,True,-8.35,-10.94,True,2023Q4
STK,2023-10-31,CONTROL_RSI,20.0,20.0,,0.0,0.96,15.52,-3.03,14.95,-5.0,7.09,-1.12,-0.79,9.86,2.69,2.97,4.25,-9.49,-8.94,4.25,-8.94,False,4.25,-8.94,False,2023Q4
STK,2023-12-21,CONTROL_RSI,25.2,25.2,,26.6,0.87,15.99,-1.19,39.59,-5.0,1.75,-0.68,-0.37,0.38,-6.86,-5.91,28.64,13.7,15.65,28.64,15.65,False,28.64,15.65,False,2023Q4
STK,2024-01-24,CONTROL_RSI,9.3,9.3,,31.9,0.87,16.02,0.0,39.33,-5.0,8.05,8.1,8.09,8.05,1.31,2.21,10.74,7.67,8.09,10.74,8.09,False,10.74,8.09,False,2024Q1
STK,2024-04-05,CONTROL_RSI,23.0,23.0,,32.2,0.65,19.75,-11.09,5.87,-5.0,-7.14,-4.05,-5.13,-4.46,-3.61,-3.9,1.27,-0.94,-0.17,-8.0,-5.94,True,-5.0,-2.99,True,2024Q2
STK,2024-07-01,CONTROL_RSI,4.6,4.6,,33.5,0.84,18.81,-23.18,22.01,-5.0,12.01,9.25,9.7,-9.14,-8.05,-8.22,-11.16,-13.76,-13.34,-8.0,-6.29,True,-7.02,-5.66,True,2024Q3
STK,2024-09-09,CONTROL_RSI,17.8,17.8,,29.1,1.11,16.05,-6.23,8.6,-5.0,-0.37,0.48,0.58,0.0,-0.17,-0.19,-3.68,-2.1,-1.92,-3.68,-1.92,False,-6.23,-4.03,True,2024Q3
STK,2024-10-11,CONTROL_RSI,30.0,30.0,,21.0,1.09,16.58,-12.85,0.0,-5.54,-3.56,-2.27,-2.15,-3.38,0.19,0.52,-8.87,-5.04,-4.69,-9.23,-4.86,True,-9.23,-4.86,True,2024Q4
STK,2024-11-14,CONTROL_RSI,10.4,10.4,,33.5,1.08,15.68,-13.2,9.95,-5.06,-2.04,-1.94,-1.93,-0.83,-3.53,-3.73,7.14,3.62,3.35,-8.0,-8.1,True,-5.06,-6.6,True,2024Q4
STK,2025-01-08,CONTROL_RSI,5.0,5.0,,33.3,0.89,14.92,-21.18,17.69,-5.0,-3.15,-2.49,-2.57,12.2,10.62,10.79,-9.45,-7.2,-7.45,-8.0,-6.94,True,-5.0,-3.94,True,2025Q1
STK,2025-03-20,CONTROL_RSI,20.3,20.3,,28.2,0.62,16.11,-27.0,5.83,-5.0,0.25,0.74,0.56,-17.5,-8.67,-11.99,-0.37,-2.49,-1.69,-9.12,-4.69,True,-9.12,-4.69,True,2025Q1
STK,2025-04-18,CONTROL_RSI,30.7,30.7,,30.2,1.03,13.29,-4.21,31.15,-12.0,8.05,7.53,7.51,16.55,8.9,8.67,24.76,2.66,2.01,24.76,2.01,False,24.76,2.01,False,2025Q2
STK,2025-07-22,CONTROL_RSI,26.5,26.5,,26.2,1.02,16.36,-8.01,3.48,-5.0,-4.16,-3.37,-3.36,-5.93,-15.46,-15.62,-3.79,-17.72,-17.95,-8.0,-17.69,True,-5.0,-4.2,True,2025Q3
STK,2025-10-06,CONTROL_RSI,8.4,8.4,,32.2,0.59,15.55,-11.45,3.47,-5.0,0.84,-2.52,-1.13,-0.64,2.4,1.14,-9.39,-13.09,-11.56,-8.0,-10.71,True,-5.0,-3.61,True,2025Q4
STK,2025-11-19,CONTROL_RSI,21.7,21.7,,27.8,0.53,15.41,-12.72,0.26,-7.92,-0.32,-2.29,-1.36,-1.17,-2.68,-1.97,-7.4,-20.0,-14.05,-8.0,-12.18,True,-7.92,-12.1,True,2025Q4
STK,2025-12-22,CONTROL_RSI,37.2,37.2,,33.1,0.47,14.64,-11.54,3.07,-5.0,-3.76,-3.86,-3.81,-4.99,-11.66,-8.12,-8.74,-1.92,-5.53,-8.13,-11.12,True,-5.0,-4.41,True,2025Q4
STK,2026-02-27,CONTROL_RSI,23.8,23.8,,27.1,0.36,13.27,-19.14,5.88,-5.0,-0.68,11.22,3.66,-4.07,7.31,0.08,-17.11,-16.45,-16.87,-8.0,-4.09,True,-5.0,-1.05,True,2026Q1
STK,2026-03-30,CONTROL_RSI,37.0,37.0,,28.7,0.49,13.09,-30.18,1.38,-7.19,-4.89,-5.37,-5.12,-8.71,-19.76,-14.1,-30.18,-42.29,-36.09,-8.0,-8.16,True,-7.19,-7.35,True,2026Q1
STK,2026-05-04,CONTROL_RSI,0.5,0.5,,34.8,0.41,11.95,-33.05,0.42,-5.0,0.42,-2.17,-0.65,-14.06,-12.62,-13.47,-32.47,-23.16,-28.64,-8.0,-8.73,True,-6.44,-6.98,True,2026Q2
STK,2026-06-01,CONTROL_RSI,36.6,36.6,,14.6,0.44,10.64,-24.81,1.22,-5.0,-3.85,-1.02,-2.61,-12.03,-12.83,-12.38,-21.24,-18.32,-19.96,-8.0,-8.78,True,-5.0,-4.85,True,2026Q2
STK,2026-06-29,CONTROL_RSI,32.7,32.7,,20.3,0.48,9.32,-20.06,0.43,-5.0,-3.97,-3.57,-3.78,-13.41,-3.98,-8.9,-17.38,-13.58,-15.57,-8.0,-6.68,True,-5.0,-4.81,True,2026Q2
STK,2026-07-27,CONTROL_RSI,39.1,39.1,,21.6,0.54,8.05,-8.94,13.04,-5.0,4.35,-3.13,0.34,4.1,-4.24,-0.36,,,,-8.0,-10.72,True,-5.0,-10.73,True,2026Q3
STK,2026-09-08,CONTROL_RSI,26.3,26.3,,33.9,0.52,7.8,-6.03,2.56,-5.76,-1.41,0.05,-0.65,,,,,,,-4.49,-2.27,False,-5.76,-2.94,True,2026Q3
STK,2019-02-25,CONTROL_RANDOM,,,,61.5,0.87,6.99,-7.73,40.2,-6.62,5.44,5.35,5.36,20.03,22.23,21.95,36.62,38.29,38.07,36.62,38.07,False,36.62,38.07,False,2019Q1
STK,2019-08-16,CONTROL_RANDOM,,,,38.6,0.96,8.42,-13.42,7.24,-5.46,-0.48,-0.36,-0.36,2.02,0.73,0.78,-13.18,-16.67,-16.52,-8.0,-9.22,True,-5.46,-6.81,True,2019Q3
STK,2019-08-19,CONTROL_RANDOM,,,,40.5,0.96,8.67,-15.92,4.15,-8.07,0.0,0.73,0.7,-3.81,-4.95,-4.9,-14.3,-17.23,-17.11,-8.0,-9.36,True,-8.07,-9.43,True,2019Q3
STK,2020-07-13,CONTROL_RANDOM,,,,68.2,0.96,7.17,-16.88,4.46,-9.22,-5.16,-4.78,-4.79,-9.48,-6.95,-7.06,-3.91,-10.23,-9.96,-8.0,-4.03,True,-9.22,-5.25,True,2020Q3
STK,2020-10-15,CONTROL_RANDOM,,,,70.5,1.06,7.17,-7.67,35.43,-8.62,5.02,3.2,3.09,20.64,18.28,18.15,32.36,6.84,5.35,32.36,5.35,False,32.36,5.35,False,2020Q4
STK,2021-01-04,CONTROL_RANDOM,,,,52.6,1.19,9.27,-2.37,71.95,-5.21,5.72,-1.03,-2.29,21.25,24.96,25.66,57.17,46.16,44.1,57.17,44.1,False,57.17,44.1,False,2021Q1
STK,2021-02-26,CONTROL_RANDOM,,,,55.9,0.92,11.92,-2.6,34.82,-12.0,19.8,20.53,20.47,18.54,18.65,18.64,19.8,9.04,9.93,19.8,9.93,False,19.8,9.93,False,2021Q1
STK,2021-03-18,CONTROL_RANDOM,,,,69.3,0.89,13.29,-3.69,29.57,-5.76,-0.53,2.26,1.94,9.1,5.49,5.89,25.21,11.74,13.25,25.21,13.25,False,25.21,13.25,False,2021Q1
STK,2021-04-15,CONTROL_RANDOM,,,,62.4,0.87,14.57,-5.77,27.25,-5.14,0.0,2.35,2.04,-3.77,-5.17,-4.99,23.06,20.26,20.64,23.06,20.64,False,-5.14,-8.82,True,2021Q2
STK,2021-04-27,CONTROL_RANDOM,,,,48.6,0.86,14.48,-5.18,35.08,-6.25,-0.28,-2.04,-1.79,-0.9,-9.11,-7.92,33.63,29.65,30.23,33.63,30.23,False,33.63,30.23,False,2021Q2
STK,2021-05-14,CONTROL_RANDOM,,,,48.3,0.84,14.79,-7.17,45.44,-8.11,-4.46,-6.46,-6.14,14.94,7.94,9.07,36.78,29.92,31.03,36.78,31.03,False,36.78,31.03,False,2021Q2
STK,2021-08-23,CONTROL_RANDOM,,,,52.7,0.65,19.35,0.0,52.51,-5.0,13.8,11.29,12.16,16.54,12.39,13.83,51.83,38.67,43.25,51.83,43.25,False,51.83,43.25,False,2021Q3
STK,2021-09-30,CONTROL_RANDOM,,,,49.0,0.73,22.3,0.0,45.56,-6.64,13.81,11.53,12.15,23.5,15.88,17.96,18.52,8.46,11.2,18.52,11.2,False,18.52,11.2,False,2021Q3
STK,2021-12-31,CONTROL_RANDOM,,,,27.8,0.59,26.02,-12.18,7.61,-5.0,-1.08,0.0,-0.44,-7.07,-6.57,-6.77,4.77,4.0,4.31,-8.0,-5.29,True,-5.0,-4.81,True,2021Q4
STK,2022-02-18,CONTROL_RANDOM,,,,63.1,0.43,26.39,-15.23,20.2,-12.0,-3.33,-2.35,-2.91,-7.31,-6.65,-7.03,-3.83,13.67,3.74,-8.0,-7.82,True,-12.2,-2.94,True,2022Q1
STK,2022-06-13,CONTROL_RANDOM,,,,37.0,0.86,23.78,-8.92,13.5,-5.0,1.01,4.39,3.9,0.21,3.39,2.94,0.88,-0.86,-0.61,-8.92,-6.02,True,-8.92,-6.02,True,2022Q2
STK,2022-07-15,CONTROL_RANDOM,,,,43.8,0.83,24.16,-28.23,11.71,-8.21,-1.78,-2.1,-2.04,2.69,-4.86,-3.56,-25.54,-12.88,-15.07,-8.0,-9.45,True,-8.21,-9.66,True,2022Q3
STK,2022-11-02,CONTROL_RANDOM,,,,32.6,0.73,15.27,-15.91,12.31,-10.49,-10.94,-4.59,-6.27,-7.14,-9.6,-8.94,8.58,2.08,3.8,-9.1,-6.47,True,-12.51,-10.35,True,2022Q4
STK,2023-01-03,CONTROL_RANDOM,,,,62.0,0.63,14.78,-5.95,16.04,-6.67,2.17,1.45,1.72,6.63,4.35,5.19,0.34,-2.77,-1.62,0.34,-1.62,False,0.34,-1.62,False,2023Q1
STK,2023-03-08,CONTROL_RANDOM,,,,22.5,0.67,14.39,-2.22,10.08,-5.0,0.21,0.51,0.41,1.53,-0.4,0.23,7.78,2.29,4.1,7.78,4.1,False,7.78,4.1,False,2023Q1
STK,2023-05-19,CONTROL_RANDOM,,,,40.8,0.55,15.02,-3.46,34.82,-5.0,-0.73,-1.45,-1.13,4.39,0.83,2.43,28.36,12.48,19.6,28.36,19.6,False,28.36,19.6,False,2023Q2
STK,2023-06-16,CONTROL_RANDOM,,,,65.2,0.61,15.7,-2.42,41.78,-5.58,2.1,0.64,1.2,19.62,14.47,16.46,39.81,28.81,33.07,39.81,33.07,False,39.81,33.07,False,2023Q2
STK,2023-07-10,CONTROL_RANDOM,,,,85.7,0.73,18.43,-5.75,21.27,-12.0,-0.33,-2.32,-1.78,5.32,-2.6,-0.44,8.84,12.08,11.2,8.84,11.2,False,8.84,11.2,False,2023Q3
STK,2023-08-09,CONTROL_RANDOM,,,,52.2,0.71,19.16,-21.45,16.65,-5.0,1.46,1.71,1.64,11.59,12.63,12.33,-12.32,-0.44,-3.88,-9.34,-6.08,True,-5.0,-1.64,True,2023Q3
STK,2023-08-18,CONTROL_RANDOM,,,,22.0,0.82,17.37,-13.36,28.67,-5.0,14.05,11.95,12.32,24.18,20.01,20.76,-2.53,2.1,1.27,-8.0,2.37,True,-5.0,3.47,True,2023Q3
STK,2023-11-10,CONTROL_RANDOM,,,,44.8,0.92,16.8,-5.95,6.19,-12.0,0.0,0.0,0.0,-2.98,-4.96,-4.79,3.04,-4.65,-4.01,3.04,-4.01,False,3.04,-4.01,False,2023Q4
STK,2023-12-20,CONTROL_RANDOM,,,,47.3,0.88,16.02,-1.37,39.33,-5.0,1.56,-1.42,-1.06,1.19,-6.59,-5.63,29.78,12.85,14.94,29.78,14.94,False,29.78,14.94,False,2023Q4
STK,2024-05-21,CONTROL_RANDOM,,,,66.5,0.67,19.94,-27.53,15.1,-10.71,-6.77,-6.18,-6.37,1.71,1.74,1.73,-17.95,-14.06,-15.33,-8.0,-7.03,True,-12.29,-10.09,True,2024Q2
STK,2024-08-07,CONTROL_RANDOM,,,,9.3,1.0,14.86,-1.68,17.29,-5.99,10.09,9.13,9.13,8.01,3.4,3.42,5.05,2.33,2.35,5.05,2.35,False,5.05,2.35,False,2024Q3
STK,2024-09-20,CONTROL_RANDOM,,,,45.2,1.13,16.15,-6.81,7.93,-5.0,2.91,1.91,1.77,-0.99,-1.35,-1.4,-3.72,-2.82,-2.7,-3.72,-2.7,False,-6.81,-4.1,True,2024Q3
STK,2024-12-20,CONTROL_RANDOM,,,,53.8,0.94,15.58,-12.64,12.71,-5.0,-0.39,-1.14,-1.1,-7.45,-6.15,-6.23,2.63,-2.87,-2.54,-8.22,-6.22,True,-5.0,-3.85,True,2024Q4
STK,2025-01-13,CONTROL_RANDOM,,,,23.1,0.8,14.3,-17.76,22.8,-6.17,0.84,-0.08,0.11,18.39,14.88,15.6,-7.69,-5.71,-6.12,-11.19,-4.62,True,-11.19,-4.62,True,2025Q1
STK,2025-02-13,CONTROL_RANDOM,,,,83.9,0.61,16.93,-30.54,3.72,-12.0,-0.77,-2.27,-1.69,-1.65,-5.46,-3.99,-7.38,-10.18,-9.09,-13.53,-11.24,True,-13.53,-11.24,True,2025Q1
STK,2025-04-15,CONTROL_RANDOM,,,,28.3,1.04,12.92,-1.47,34.91,-11.62,5.34,6.51,6.56,19.12,13.32,13.07,29.8,9.79,8.91,29.8,8.91,False,29.8,8.91,False,2025Q2
STK,2025-06-19,CONTROL_RANDOM,,,,35.1,1.05,15.99,-5.88,9.01,-5.0,4.13,2.89,2.83,3.31,-7.21,-7.69,3.5,-20.58,-21.68,3.5,-21.68,False,-5.0,-28.9,True,2025Q2
STK,2025-07-04,CONTROL_RANDOM,,,,57.2,1.05,16.93,-11.1,2.95,-8.28,-0.95,-6.48,-6.76,-6.32,-16.0,-16.49,-6.85,-26.35,-27.34,-8.0,-16.62,True,-8.28,-16.9,True,2025Q3
STK,2025-10-21,CONTROL_RANDOM,,,,46.5,0.63,15.36,-12.43,4.75,-5.03,3.26,2.84,2.99,0.33,2.1,1.44,-7.36,-19.29,-14.87,-8.0,-11.9,True,-5.03,-4.32,True,2025Q4
STK,2025-10-27,CONTROL_RANDOM,,,,46.8,0.63,15.68,-14.22,2.61,-7.02,-1.47,-1.72,-1.62,-2.87,-3.63,-3.35,-11.29,-25.54,-20.28,-8.0,-8.46,True,-7.02,-7.48,True,2025Q4
STK,2025-12-16,CONTROL_RANDOM,,,,48.2,0.51,15.23,-14.97,0.0,-5.43,-5.12,-11.23,-8.25,-6.57,-18.41,-12.63,-11.69,-9.76,-10.7,-8.0,-9.91,True,-5.43,-8.23,True,2025Q4
STK,2026-01-13,CONTROL_RANDOM,,,,20.5,0.46,13.86,-14.72,8.87,-5.0,0.0,1.3,0.6,2.96,8.9,5.68,-10.82,-5.08,-8.19,-8.15,-2.45,True,-5.84,0.34,True,2026Q1
VTP,2019-04-02,WATCH,41.2,41.2,15.0,26.6,0.57,36.46,-7.21,20.13,-12.0,-4.64,-4.35,-4.47,0.11,2.87,1.69,1.07,3.38,2.39,1.07,2.39,False,1.07,2.39,False,2019Q2
VTP,2019-09-05,WATCH,44.3,44.3,0.0,12.3,0.3,35.04,-15.15,5.48,-5.0,3.14,2.18,2.85,1.74,0.74,1.44,-6.16,-5.44,-5.95,-8.0,-8.0,True,-5.0,-5.0,True,2019Q3
VTP,2019-10-23,WATCH,43.9,43.9,15.0,23.6,0.3,34.36,-13.47,4.37,-5.0,-2.07,-3.07,-2.37,1.19,1.29,1.22,-8.53,-7.53,-8.23,-8.0,-7.66,True,-5.0,-4.66,True,2019Q4
VTP,2019-12-10,WATCH,43.7,43.7,25.0,12.7,0.32,32.31,-14.33,10.99,-5.0,-3.99,-3.01,-3.67,-2.63,-2.58,-2.62,-8.48,11.44,-2.01,-8.0,-3.77,True,-5.0,-5.03,True,2019Q4
VTP,2020-03-03,WATCH,42.7,42.7,25.0,19.6,0.5,31.48,-28.68,19.16,-5.0,-1.72,6.9,2.57,-6.26,17.13,5.36,17.31,18.35,17.83,-8.0,-1.36,True,-5.0,-2.07,True,2020Q1
VTP,2020-03-13,PANIC70_ANY,75.9,75.9,15.0,14.8,0.71,28.75,-21.91,38.09,-12.0,-18.57,-6.48,-9.95,5.5,4.29,4.64,30.47,16.08,20.21,-8.0,0.62,True,-12.0,-3.38,True,2020Q1
VTP,2020-07-24,WATCH,40.4,40.4,0.0,22.3,0.79,35.59,-15.37,29.98,-5.0,-0.76,-3.34,-2.79,8.54,-0.84,1.17,17.08,-1.84,2.22,-8.0,-12.85,True,-5.0,-4.67,True,2020Q3
VTP,2021-01-28,WATCH,58.9,58.9,0.0,27.2,0.84,34.89,-13.59,14.79,-6.9,8.28,-4.6,-2.53,3.75,-13.31,-10.57,-5.53,-31.38,-27.24,-8.0,-23.81,True,-6.9,-22.71,True,2021Q1
VTP,2021-03-10,WATCH,43.2,43.2,25.0,18.1,0.91,35.08,-14.05,9.89,-5.0,0.88,-1.75,-1.52,-4.08,-9.62,-9.13,6.58,-6.22,-5.09,-8.0,-9.27,True,-5.0,-5.44,True,2021Q1
VTP,2022-01-26,WATCH,52.8,52.8,15.0,24.7,0.74,31.95,-2.44,29.8,-5.0,6.89,5.18,5.63,2.0,0.42,0.84,15.27,23.02,20.99,15.27,20.99,False,15.27,20.99,False,2022Q1
VTP,2022-04-25,WATCH,62.1,62.1,0.0,25.5,0.82,33.81,-27.12,9.67,-8.25,3.87,-1.98,-0.92,-0.74,0.57,0.33,-14.58,-7.82,-9.05,-8.0,-7.0,True,-8.25,-7.25,True,2022Q2
VTP,2022-06-17,WATCH,45.7,45.7,0.0,16.9,0.78,28.34,-13.06,23.92,-5.0,-4.13,-2.85,-3.14,-4.45,-1.01,-1.78,2.43,0.6,1.01,-8.75,-5.63,True,-8.75,-5.63,True,2022Q2
VTP,2022-09-19,WATCH,40.8,40.8,0.0,23.5,0.94,28.1,-61.81,2.78,-5.34,-0.53,3.22,3.0,-15.27,-3.02,-3.76,-42.81,-29.23,-30.05,-8.0,-1.8,True,-5.37,0.82,True,2022Q3
VTP,2022-10-24,WATCH,42.4,42.4,20.0,27.5,0.98,20.91,-48.68,10.57,-5.61,-5.26,-10.69,-10.57,-22.62,-19.73,-19.79,-25.49,-37.51,-37.24,-8.0,-12.26,True,-5.61,-10.35,True,2022Q4
VTP,2023-10-31,WATCH,49.8,49.8,0.0,27.8,1.09,24.33,-0.78,67.2,-5.0,13.48,5.28,4.57,18.74,11.57,10.95,60.95,47.21,46.03,60.95,46.03,False,60.95,46.03,False,2023Q4
VTP,2024-04-08,WATCH,53.6,53.6,25.0,28.7,1.23,44.45,-11.07,34.76,-5.0,-0.81,2.12,2.81,8.08,9.05,9.28,18.07,15.58,15.0,-11.07,-3.43,True,-5.0,-1.39,True,2024Q2
VTP,2024-04-19,PANIC70_ANY,71.0,71.0,0.0,27.2,1.27,43.18,-2.83,38.72,-11.64,8.45,5.7,4.95,14.22,6.0,3.75,14.08,6.42,4.32,14.08,4.32,False,14.08,4.32,False,2024Q2
VTP,2024-08-01,WATCH,48.5,48.5,0.0,22.7,1.44,41.66,-0.74,36.41,-5.0,7.87,7.22,6.93,10.95,5.34,2.85,33.44,29.64,27.96,33.44,27.96,False,33.44,27.96,False,2024Q3
VTP,2025-04-03,WATCH,67.8,67.8,0.0,22.0,0.43,72.08,-21.59,8.42,-5.0,-3.95,-11.04,-6.98,-3.09,-12.62,-7.17,0.94,-18.26,-7.27,-13.42,-11.02,True,-13.42,-11.02,True,2025Q2
VTP,2025-04-10,PANIC70_ANY,72.1,72.1,15.0,15.5,0.83,62.1,-8.99,25.85,-5.0,0.81,-2.0,-1.52,15.78,5.34,7.11,20.26,-0.44,3.07,-8.0,-8.79,True,-5.0,-7.2,True,2025Q2
VTP,2025-08-01,WATCH,48.0,48.0,0.0,14.1,1.03,69.42,-15.31,7.76,-5.77,5.34,-1.59,-1.81,-9.29,-21.88,-22.29,3.83,-9.06,-9.48,-8.4,-21.86,True,-5.77,-17.6,True,2025Q3
VTP,2025-10-06,WATCH,40.9,40.9,0.0,22.2,0.92,59.61,-0.84,28.8,-5.0,2.42,-0.94,-0.67,15.45,18.5,18.26,3.15,-0.54,-0.25,3.15,-0.25,False,3.15,-0.25,False,2025Q4
VTP,2026-02-10,WATCH,46.8,46.8,35.0,23.5,0.54,64.56,-19.81,8.26,-5.0,5.64,0.39,2.78,-11.74,-8.67,-10.07,-9.99,-19.03,-14.91,-11.85,-8.3,True,-5.0,-6.54,True,2026Q1
VTP,2026-03-23,WATCH,49.2,49.2,0.0,18.7,0.71,53.28,-1.76,20.74,-5.13,13.4,10.44,11.29,11.47,-1.27,2.38,3.96,-8.23,-4.73,3.96,-4.73,False,3.96,-4.73,False,2026Q1
VTP,2026-05-05,WATCH,40.4,40.4,0.0,22.5,0.84,56.32,-22.94,10.3,-5.0,1.83,0.92,1.06,-0.44,2.86,2.33,-19.83,-10.45,-11.96,-8.0,-4.67,True,-5.0,-4.86,True,2026Q2
VTP,2026-07-27,WATCH,44.1,44.1,0.0,11.8,0.88,45.0,-3.56,29.11,-5.0,8.44,0.96,1.88,19.11,10.77,11.79,,,,11.33,5.73,False,11.33,5.73,False,2026Q3
VTP,2020-03-20,ENTRY_V2_LOOSE,53.7,75.9,40.0,20.4,0.71,27.38,-18.01,45.0,-8.03,2.01,6.69,5.31,17.49,7.12,10.17,36.08,12.98,19.78,36.08,19.78,False,36.08,19.78,False,2020Q1
VTP,2020-03-31,ENTRY_V2,,72.7,80.0,42.3,0.85,28.75,-0.21,38.09,-12.0,8.38,-7.03,-4.71,17.98,2.25,4.61,28.07,2.18,6.07,28.07,6.07,False,28.07,6.07,False,2020Q1
VTP,2024-05-02,ENTRY_V2_LOOSE,,72.2,40.0,55.4,1.34,47.19,-9.15,26.93,-12.0,5.93,4.12,3.5,0.51,-2.7,-3.8,0.91,-0.69,-1.24,-8.0,-9.75,True,0.91,-1.24,False,2024Q2
VTP,2024-05-03,ENTRY_V2,,72.2,80.0,52.5,1.34,48.83,-12.21,22.67,-12.0,-1.62,-2.7,-3.07,-0.74,-5.07,-6.55,-2.48,-4.08,-4.63,-8.0,-8.54,True,-12.0,-13.27,True,2024Q2
VTP,2025-04-23,ENTRY_V2_LOOSE,34.9,85.2,40.0,28.2,0.9,66.44,-1.49,20.15,-12.0,6.82,4.58,4.8,3.55,-6.74,-5.71,12.87,-11.4,-8.97,12.87,-8.97,False,12.87,-8.97,False,2025Q2
VTP,2025-05-05,ENTRY_V2,,72.6,65.0,53.9,0.92,68.98,-5.12,15.73,-12.0,3.42,-0.53,-0.22,-3.06,-11.33,-10.69,2.44,-17.58,-16.03,2.44,-16.03,False,2.44,-16.03,False,2025Q2
VTP,2019-04-05,CONTROL_RSI,17.0,17.0,,31.8,0.59,34.77,-2.27,25.97,-9.4,4.2,5.42,4.92,3.31,7.02,5.5,8.66,10.06,9.49,8.66,9.49,False,8.66,9.49,False,2019Q2
VTP,2019-05-21,CONTROL_RSI,19.1,19.1,,30.7,0.57,35.67,-1.46,22.79,-5.0,0.17,1.73,1.06,13.43,17.21,15.57,7.23,9.06,8.27,7.23,8.27,False,7.23,8.27,False,2019Q2
VTP,2019-06-27,CONTROL_RSI,7.3,7.3,,33.2,0.3,39.01,-11.56,5.2,-5.0,-3.15,-6.41,-4.13,0.72,-4.45,-0.83,-8.49,-13.04,-9.85,-8.0,-9.02,True,-5.0,-5.55,True,2019Q2
VTP,2019-08-12,CONTROL_RSI,3.1,3.1,,34.0,0.3,37.86,-11.91,2.25,-5.0,1.88,0.64,1.51,-3.83,-3.48,-3.73,-7.58,-12.95,-9.19,-8.0,-8.13,True,-5.0,-5.13,True,2019Q3
VTP,2019-09-10,CONTROL_RSI,23.1,23.1,,27.3,0.3,35.86,-17.09,3.07,-5.0,0.86,-1.77,0.07,-0.75,-2.63,-1.32,-9.54,-9.16,-9.42,-8.0,-8.25,True,-5.0,-5.83,True,2019Q3
VTP,2019-10-21,CONTROL_RSI,31.7,31.7,,24.3,0.3,34.61,-14.1,3.61,-5.0,-3.5,-4.75,-3.87,1.88,-0.65,1.12,-8.78,-7.16,-8.3,-8.0,-7.82,True,-5.0,-4.82,True,2019Q4
VTP,2019-11-27,CONTROL_RSI,11.4,11.4,,31.2,0.3,33.95,-11.22,5.63,-12.0,-4.04,-2.56,-3.59,-8.07,-6.12,-7.49,-4.12,5.64,-1.19,-8.0,-7.71,True,-4.12,-1.19,False,2019Q4
VTP,2019-12-26,CONTROL_RSI,10.7,10.7,,31.4,0.34,31.35,-28.39,14.39,-5.0,2.17,2.37,2.24,0.86,3.95,1.9,-10.91,19.94,-0.48,-8.0,-1.35,True,-5.0,-0.69,True,2019Q4
VTP,2020-03-02,CONTROL_RSI,30.0,30.0,,24.8,0.5,32.17,-30.21,16.6,-5.0,-2.98,3.48,0.24,-10.63,15.38,2.35,13.86,17.32,15.59,-8.0,-0.97,True,-5.0,-1.66,True,2020Q1
VTP,2020-07-22,CONTROL_RSI,24.9,24.9,,26.7,0.79,36.96,-18.51,25.16,-5.0,-7.03,-0.74,-2.08,4.14,4.92,4.76,12.96,2.62,4.82,-8.0,-2.1,True,-5.0,1.42,True,2020Q3
VTP,2020-09-15,CONTROL_RSI,10.8,10.8,,31.4,0.6,40.09,-3.84,15.39,-5.0,-0.47,-2.15,-1.48,1.45,-3.32,-1.41,5.29,-10.5,-4.16,5.29,-4.16,False,5.29,-4.16,False,2020Q3
VTP,2020-12-11,CONTROL_RSI,16.8,16.8,,29.7,0.57,42.4,-20.9,8.92,-5.19,-0.8,-3.86,-2.54,5.92,-7.74,-1.84,-15.54,-28.02,-22.63,-8.0,-12.64,True,-5.19,-9.83,True,2020Q4
VTP,2021-02-01,CONTROL_RSI,25.3,25.3,,32.1,0.96,38.55,-21.79,0.99,-12.0,-3.19,-10.71,-10.44,-9.0,-21.06,-20.63,-9.91,-29.67,-28.96,-8.0,-19.63,True,-12.0,-23.73,True,2021Q1
VTP,2021-03-08,CONTROL_RSI,12.9,12.9,,32.7,0.91,35.85,-15.9,4.74,-5.0,-0.11,-1.74,-1.59,-5.05,-11.85,-11.23,4.41,-13.95,-12.26,-8.0,-9.15,True,-5.0,-5.17,True,2021Q1
VTP,2021-04-05,CONTROL_RSI,9.3,9.3,,31.9,0.9,33.61,-10.29,29.19,-6.78,-4.34,-5.56,-5.44,3.33,2.65,2.72,20.17,5.02,6.53,-8.0,-7.59,True,-6.78,-6.38,True,2021Q2
VTP,2021-07-12,CONTROL_RSI,25.5,25.5,,26.5,0.87,39.08,-3.89,13.36,-5.0,4.22,6.0,5.77,7.11,2.01,2.66,4.48,-0.9,-0.21,4.48,-0.21,False,4.48,-0.21,False,2021Q3
VTP,2021-08-16,CONTROL_RSI,3.7,3.7,,33.8,0.61,41.37,-7.78,2.25,-5.0,-5.9,-0.63,-2.68,-2.71,-0.88,-1.59,-6.84,-13.51,-10.91,-6.84,-10.91,False,-5.0,-3.15,True,2021Q3
VTP,2021-09-27,CONTROL_RSI,30.0,30.0,,21.0,0.65,39.47,-9.78,3.83,-5.0,3.32,1.08,1.85,-2.96,-7.99,-6.26,-7.3,-18.9,-14.89,-8.0,-12.38,True,-5.07,-9.45,True,2021Q3
VTP,2021-10-25,CONTROL_RSI,30.8,30.8,,7.7,0.6,38.54,-15.18,5.06,-5.0,0.26,-4.58,-2.62,-0.52,-6.17,-3.88,-14.95,-19.09,-17.41,-8.0,-11.08,True,-5.0,-6.21,True,2021Q4
VTP,2021-12-02,CONTROL_RSI,2.8,2.8,,34.1,0.55,38.05,-18.71,5.91,-5.0,-5.76,-4.51,-5.07,-4.23,-5.33,-4.83,-16.93,-18.07,-17.55,-8.0,-7.07,True,-5.0,-3.92,True,2021Q4
VTP,2022-01-10,CONTROL_RSI,14.5,14.5,,33.3,0.68,34.3,-9.83,20.03,-5.0,-3.15,1.16,-0.22,-1.02,-0.29,-0.52,12.36,14.12,13.56,-8.0,-7.0,True,-5.0,-2.1,True,2022Q1
VTP,2022-03-01,CONTROL_RSI,2.8,2.8,,34.1,0.7,32.44,-7.68,27.84,-5.0,-2.56,-0.85,-1.37,21.95,22.54,22.36,5.58,19.28,15.12,5.58,15.12,False,-5.0,5.67,True,2022Q1
VTP,2022-04-27,CONTROL_RSI,30.5,30.5,,32.7,0.82,35.47,-30.53,4.54,-12.0,-11.84,-5.65,-6.75,-3.44,0.96,0.18,-16.8,-4.61,-6.79,-8.0,-2.91,True,-12.0,-6.91,True,2022Q2
VTP,2022-06-15,CONTROL_RSI,19.1,19.1,,30.4,0.76,31.17,-20.95,12.67,-6.79,-12.35,-9.23,-9.96,-14.08,-10.41,-11.28,-1.09,-2.91,-2.48,-9.08,-6.16,True,-9.08,-6.16,True,2022Q2
VTP,2022-09-15,CONTROL_RSI,15.8,15.8,,31.1,0.92,28.54,-62.4,3.4,-5.0,0.18,3.4,3.14,-18.11,-3.52,-4.69,-43.31,-27.9,-29.14,-8.0,0.23,True,-5.0,2.38,True,2022Q3
VTP,2022-10-17,CONTROL_RSI,39.9,39.9,,23.3,0.94,23.37,-54.09,11.85,-5.42,-9.8,-3.43,-3.81,-50.53,-36.11,-36.97,-35.47,-34.55,-34.6,-8.0,-0.99,True,-5.42,-1.38,True,2022Q4
VTP,2022-11-18,CONTROL_RSI,39.3,39.3,,28.2,1.44,13.26,-8.3,43.21,-12.0,37.78,34.27,32.74,22.47,15.6,12.59,15.84,4.45,-0.53,15.84,-0.53,False,15.84,-0.53,False,2022Q4
VTP,2022-12-20,CONTROL_RSI,20.4,20.4,,30.4,1.35,15.63,-11.96,4.93,-5.53,-8.83,-7.12,-6.52,-0.32,-7.55,-10.08,-7.42,-8.56,-8.96,-8.0,-6.3,True,-5.53,-3.83,True,2022Q4
VTP,2023-02-14,CONTROL_RSI,0.2,0.2,,34.9,1.29,14.47,-4.91,22.11,-5.0,1.94,0.29,-0.2,3.04,0.63,-0.08,14.1,11.35,10.54,14.1,10.54,False,14.1,10.54,False,2023Q1
VTP,2023-05-15,CONTROL_RSI,10.3,10.3,,31.6,1.17,16.51,0.0,54.69,-5.0,16.66,16.91,16.95,29.98,24.93,24.07,50.27,34.01,31.23,50.27,31.23,False,50.27,31.23,False,2023Q2
VTP,2023-11-01,CONTROL_RSI,32.6,32.6,,31.6,1.09,24.87,0.0,63.57,-6.3,13.95,7.73,7.17,16.41,12.07,11.68,58.95,46.83,45.75,58.95,45.75,False,58.95,45.75,False,2023Q4
VTP,2024-04-05,CONTROL_RSI,36.0,36.0,,29.8,1.21,47.98,-17.61,24.84,-5.0,-9.13,-6.04,-5.38,4.19,5.04,5.22,11.28,9.07,8.6,-8.0,-4.25,True,-5.69,-5.96,True,2024Q2
VTP,2024-06-06,CONTROL_RSI,6.1,6.1,,33.0,1.34,48.47,-14.69,23.58,-6.22,8.91,9.62,9.86,10.15,10.62,10.78,-4.64,-4.24,-4.1,-8.0,-2.05,True,-6.22,-0.27,True,2024Q2
VTP,2024-07-10,CONTROL_RSI,15.8,15.8,,29.7,1.31,52.91,-21.85,3.33,-9.99,-6.9,-5.61,-5.2,-18.98,-12.56,-10.57,-10.51,-8.87,-8.36,-8.0,-5.72,True,-9.99,-7.71,True,2024Q3
VTP,2024-09-10,CONTROL_RSI,30.0,30.0,,19.7,1.54,44.09,0.0,112.27,-5.0,8.96,8.11,7.66,14.99,12.79,11.61,112.13,113.24,113.83,112.13,113.83,False,112.13,113.83,False,2024Q3
VTP,2024-12-27,CONTROL_RSI,25.5,25.5,,29.6,0.99,80.57,0.0,34.39,-5.0,20.78,22.88,22.85,25.38,26.09,26.08,5.31,1.89,1.94,5.31,1.94,False,5.31,1.94,False,2024Q4
VTP,2025-02-20,CONTROL_RSI,3.5,3.5,,33.9,0.3,94.21,-40.01,5.19,-5.0,1.24,0.34,0.97,-3.68,-5.87,-4.34,-28.29,-29.85,-28.76,-8.0,-8.99,True,-5.0,-5.22,True,2025Q1
VTP,2025-03-24,CONTROL_RSI,14.8,14.8,,30.1,0.3,88.63,-36.23,0.77,-5.0,-4.26,-2.92,-3.86,-27.62,-18.31,-24.83,-21.05,-22.77,-21.57,-12.59,-10.22,True,-5.0,-4.36,True,2025Q1
VTP,2025-04-23,CONTROL_RSI,34.9,34.9,,28.2,0.9,66.44,-1.49,20.15,-12.0,6.82,4.58,4.8,3.55,-6.74,-5.71,12.87,-11.4,-8.97,12.87,-8.97,False,12.87,-8.97,False,2025Q2
VTP,2025-06-03,CONTROL_RSI,2.0,2.0,,34.3,0.95,67.0,-9.54,19.15,-5.0,13.78,16.39,16.26,7.76,5.24,5.37,-5.93,-29.79,-28.55,-8.0,-28.71,True,-5.09,-28.78,True,2025Q2
VTP,2025-07-29,CONTROL_RSI,8.1,8.1,,32.8,1.05,69.42,-15.31,7.76,-5.0,4.81,-0.09,-0.32,-9.2,-20.71,-21.25,2.66,-9.53,-10.11,-8.4,-21.51,True,-5.0,-16.46,True,2025Q3
VTP,2025-08-26,CONTROL_RSI,39.1,39.1,,11.1,1.01,62.54,-6.0,22.77,-5.0,1.87,2.56,2.56,-1.1,-0.04,-0.04,4.24,5.64,5.65,4.24,5.65,False,-5.0,-3.04,True,2025Q3
VTP,2025-10-03,CONTROL_RSI,30.0,30.0,,22.1,0.95,59.42,-1.06,29.22,-5.0,4.01,-1.49,-1.2,14.04,17.39,17.21,2.32,-2.56,-2.3,2.32,-2.3,False,2.32,-2.3,False,2025Q4
VTP,2025-11-17,CONTROL_RSI,15.7,15.7,,32.4,0.67,65.56,-8.89,25.72,-5.43,-4.77,-4.95,-4.89,-5.06,-6.38,-5.94,-2.49,-11.94,-8.82,-8.0,-11.63,True,-5.43,-6.79,True,2025Q4
VTP,2026-02-04,CONTROL_RSI,23.9,23.9,,29.7,0.53,71.27,-27.36,0.0,-5.0,-10.3,-11.69,-11.04,-19.43,-14.99,-17.06,-23.25,-29.51,-26.6,-8.0,-6.95,True,-5.0,-3.95,True,2026Q1
VTP,2026-03-12,CONTROL_RSI,13.0,13.0,,34.2,0.67,57.04,-9.24,12.78,-5.82,-2.42,0.52,-0.46,9.05,5.97,6.99,-4.4,-10.64,-8.56,-8.0,-3.82,True,-5.82,-1.63,True,2026Q1
VTP,2026-04-29,CONTROL_RSI,30.0,30.0,,23.0,0.87,58.03,-21.59,7.05,-5.0,-7.2,-8.53,-8.36,-4.12,-2.72,-2.9,-21.59,-10.81,-12.21,-8.0,-8.06,True,-5.0,-6.16,True,2026Q2
VTP,2026-06-08,CONTROL_RSI,30.0,30.0,,14.0,0.83,54.53,-20.41,6.55,-5.0,2.2,1.72,1.8,-1.56,-4.28,-3.82,-5.92,-8.92,-8.41,-8.0,-8.23,True,-5.0,-5.34,True,2026Q2
VTP,2026-07-17,CONTROL_RSI,15.4,15.4,,31.0,0.9,50.1,-13.37,15.97,-5.0,-9.18,-2.79,-3.4,9.38,12.49,12.2,,,,-8.0,-2.22,True,-5.0,-0.76,True,2026Q3
VTP,2026-09-04,CONTROL_RSI,6.5,6.5,,33.6,0.8,51.8,-7.14,6.18,-5.0,-6.08,-2.36,-3.12,0.39,5.99,4.85,,,,-3.28,0.93,False,-5.41,-2.44,True,2026Q3
VTP,2019-07-11,CONTROL_RANDOM,,,,41.2,0.3,38.36,-10.06,6.99,-5.68,1.56,1.34,1.5,0.13,0.72,0.31,-6.93,-7.24,-7.03,-8.0,-7.9,True,-5.68,-5.57,True,2019Q3
VTP,2019-09-04,CONTROL_RANDOM,,,,30.8,0.3,37.1,-19.87,0.0,-5.0,-1.11,-0.72,-0.99,-2.96,-4.25,-3.35,-9.97,-9.01,-9.68,-8.0,-8.51,True,-5.0,-4.83,True,2019Q3
VTP,2019-09-06,CONTROL_RANDOM,,,,18.4,0.3,35.56,-16.39,3.94,-5.0,2.39,0.82,1.92,0.39,-0.48,0.13,-7.85,-6.28,-7.38,-8.0,-8.1,True,-5.0,-5.68,True,2019Q3
VTP,2019-12-16,CONTROL_RANDOM,,,,10.6,0.36,30.42,-14.5,17.88,-5.0,4.4,4.78,4.54,3.78,3.25,3.59,-5.95,16.37,2.19,-8.0,-0.67,True,-5.0,2.33,True,2019Q4
VTP,2020-03-30,CONTROL_RANDOM,,,,38.0,0.85,27.95,-2.25,42.04,-12.0,6.98,-4.71,-2.92,22.43,7.6,9.87,33.02,5.81,9.98,33.02,9.98,False,33.02,9.98,False,2020Q1
VTP,2020-05-28,CONTROL_RANDOM,,,,66.3,0.78,36.9,-18.37,7.59,-9.22,-1.11,-3.97,-3.35,0.76,1.87,1.63,2.6,3.39,3.22,-8.0,-1.56,True,-9.22,-7.55,True,2020Q2
VTP,2020-06-01,CONTROL_RANDOM,,,,73.6,0.79,37.21,-19.05,19.13,-9.24,1.45,-0.85,-0.35,-0.83,5.32,4.0,11.88,12.46,12.33,-8.0,0.4,True,-9.24,-1.35,True,2020Q2
VTP,2020-12-17,CONTROL_RANDOM,,,,43.1,0.59,41.63,-19.43,10.93,-5.0,0.0,-2.72,-1.61,3.8,-9.1,-3.87,-15.54,-28.68,-23.35,-8.0,-6.21,True,-5.0,-9.44,True,2020Q4
VTP,2020-12-25,CONTROL_RANDOM,,,,39.4,0.61,41.44,-23.26,11.44,-5.0,0.29,-3.2,-1.84,-4.17,-7.99,-6.5,-20.27,-28.68,-25.4,-8.0,-4.07,True,-5.0,-7.25,True,2020Q4
VTP,2021-04-29,CONTROL_RANDOM,,,,25.9,0.92,31.07,-2.96,40.36,-5.0,9.56,6.78,7.01,12.78,3.31,4.11,39.75,35.26,35.64,39.75,35.64,False,39.75,35.64,False,2021Q2
VTP,2021-07-29,CONTROL_RANDOM,,,,65.4,0.64,42.93,-11.13,1.7,-11.0,-3.75,-7.45,-6.1,-6.83,-8.34,-7.79,-10.78,-18.36,-15.61,-8.0,-9.76,True,-11.0,-15.52,True,2021Q3
VTP,2021-09-15,CONTROL_RANDOM,,,,57.7,0.63,40.0,-10.98,2.45,-5.0,-0.23,-0.74,-0.55,-0.47,-3.89,-2.63,-9.63,-18.7,-15.35,-8.0,-11.18,True,-5.0,-9.99,True,2021Q3
VTP,2021-09-30,CONTROL_RANDOM,,,,33.4,0.65,39.95,-13.17,2.58,-5.0,1.48,-0.81,-0.01,-0.1,-7.72,-5.06,-12.94,-23.0,-19.49,-8.0,-11.47,True,-5.0,-10.89,True,2021Q3
VTP,2021-10-26,CONTROL_RANDOM,,,,3.6,0.6,38.34,-14.87,5.61,-5.0,0.65,-3.13,-1.61,0.52,-6.47,-3.66,-12.6,-17.89,-15.77,-8.0,-10.81,True,-5.0,-5.94,True,2021Q4
VTP,2022-01-13,CONTROL_RANDOM,,,,46.1,0.71,34.2,-9.56,21.26,-5.0,-3.71,-2.17,-2.61,-1.29,-1.87,-1.7,16.96,21.2,19.97,-8.0,-7.31,True,-5.0,-2.33,True,2022Q1
VTP,2022-03-30,CONTROL_RANDOM,,,,87.6,0.66,39.08,-36.95,6.12,-12.0,2.12,1.46,1.69,-5.76,2.66,-0.2,-31.47,-13.09,-19.34,-8.0,-2.99,True,-12.0,-3.97,True,2022Q1
VTP,2022-04-29,CONTROL_RANDOM,,,,45.2,0.84,36.78,-33.01,0.0,-12.0,-15.5,-10.77,-11.53,-9.82,-4.94,-5.73,-19.36,-6.54,-8.61,-8.0,-5.74,True,-12.0,-6.07,True,2022Q2
VTP,2022-06-13,CONTROL_RANDOM,,,,36.8,0.75,30.49,-19.19,7.22,-5.0,-16.01,-12.63,-13.46,-12.17,-8.99,-9.77,-0.33,-2.07,-1.64,-8.0,-5.95,True,-5.0,-5.24,True,2022Q2
VTP,2022-07-06,CONTROL_RANDOM,,,,36.2,0.86,27.12,-8.26,29.5,-7.77,-1.25,-4.14,-3.73,12.06,2.9,4.22,-6.45,-1.01,-1.79,-8.0,-6.74,True,-7.77,-6.51,True,2022Q3
VTP,2023-02-08,CONTROL_RANDOM,,,,42.3,1.31,14.69,-6.33,20.29,-5.0,2.25,3.35,3.68,0.41,1.73,2.13,12.39,13.91,14.38,12.39,14.38,False,-5.24,0.3,True,2023Q1
VTP,2023-03-30,CONTROL_RANDOM,,,,43.7,1.3,14.69,0.0,56.98,-5.0,13.14,12.22,11.94,16.13,17.16,17.47,51.74,44.34,42.1,51.74,42.1,False,51.74,42.1,False,2023Q1
VTP,2023-04-11,CONTROL_RANDOM,,,,80.4,1.35,16.4,-0.98,42.62,-12.0,3.35,5.47,6.2,0.67,1.22,1.41,41.28,34.06,31.54,41.28,31.54,False,41.28,31.54,False,2023Q2
VTP,2023-05-08,CONTROL_RANDOM,,,,48.6,1.34,16.51,-1.33,53.36,-5.0,7.69,6.7,6.36,31.01,26.0,24.31,47.37,32.0,26.82,47.37,26.82,False,47.37,26.82,False,2023Q2
VTP,2023-07-27,CONTROL_RANDOM,,,,61.8,1.05,23.83,-2.27,32.94,-5.0,2.31,-0.09,-0.21,2.35,3.52,3.58,23.75,31.39,31.78,23.75,31.78,False,23.75,31.78,False,2023Q3
VTP,2024-02-07,CONTROL_RANDOM,,,,95.5,1.14,42.02,-5.93,41.69,-11.5,4.64,2.63,2.34,20.56,15.18,14.41,12.87,7.98,7.28,12.87,7.28,False,12.87,7.28,False,2024Q1
VTP,2024-04-10,CONTROL_RANDOM,,,,32.9,1.27,45.25,-12.64,32.38,-7.36,-6.87,-0.87,0.76,10.34,9.98,9.88,16.93,14.04,13.26,-8.0,-4.52,True,-7.36,-3.88,True,2024Q2
VTP,2024-05-08,CONTROL_RANDOM,,,,55.5,1.36,48.59,-12.39,23.28,-12.0,2.24,0.97,0.51,-0.88,-3.34,-4.22,-12.39,-10.33,-9.59,-8.0,-5.72,True,-12.0,-9.2,True,2024Q2
VTP,2024-06-07,CONTROL_RANDOM,,,,35.9,1.34,48.29,-14.37,24.04,-5.8,9.05,10.43,10.91,8.68,9.38,9.62,-5.55,-4.24,-3.8,-9.96,-4.33,True,-5.8,0.51,True,2024Q2
VTP,2024-06-10,CONTROL_RANDOM,,,,36.7,1.35,47.74,-13.39,25.47,-5.0,11.21,12.41,12.82,10.58,10.68,10.72,-5.22,-3.14,-2.42,-8.92,-3.04,True,-5.0,1.58,True,2024Q2
VTP,2024-07-08,CONTROL_RANDOM,,,,48.3,1.32,52.36,-21.03,4.41,-9.27,-3.48,-3.08,-2.95,-16.73,-10.82,-8.93,-10.28,-9.64,-9.43,-8.0,-6.19,True,-9.27,-7.46,True,2024Q3
VTP,2024-08-07,CONTROL_RANDOM,,,,35.4,1.41,43.48,-1.95,31.85,-7.49,0.14,-0.83,-1.23,3.77,-0.84,-2.75,30.86,28.15,27.03,30.86,27.03,False,30.86,27.03,False,2024Q3
VTP,2024-08-08,CONTROL_RANDOM,,,,36.5,1.42,43.12,0.0,37.99,-6.72,6.47,3.43,2.14,2.81,-0.48,-1.87,37.85,35.34,34.28,37.85,34.28,False,37.85,34.28,False,2024Q3
VTP,2024-11-06,CONTROL_RANDOM,,,,78.4,1.44,59.07,0.0,83.31,-11.71,20.15,22.89,24.09,47.32,47.24,47.21,69.87,69.19,68.89,69.87,68.89,False,69.87,68.89,False,2024Q4
VTP,2025-04-08,CONTROL_RANDOM,,,,3.4,0.69,62.41,-9.44,25.22,-5.0,-0.69,-13.42,-9.52,13.11,-6.42,-0.44,19.77,-10.82,-1.45,-8.0,-15.98,True,-5.0,-14.28,True,2025Q2
VTP,2025-07-14,CONTROL_RANDOM,,,,78.8,1.06,77.16,-23.81,3.46,-8.67,-2.81,-5.24,-5.38,-6.34,-15.46,-16.01,-23.15,-39.61,-40.61,-8.0,-9.41,True,-10.03,-12.47,True,2025Q3
VTP,2025-09-19,CONTROL_RANDOM,,,,51.2,1.04,62.6,-6.09,22.65,-5.0,-2.57,-3.16,-3.19,4.63,5.85,5.9,-1.47,-0.83,-0.8,-1.47,-0.8,False,-5.0,-4.32,True,2025Q3
VTP,2026-04-23,CONTROL_RANDOM,,,,48.9,0.87,58.54,-18.09,6.12,-5.0,-3.35,-4.31,-4.19,-2.77,-2.83,-2.82,-17.83,-6.91,-8.27,-8.0,-9.04,True,-5.0,-6.04,True,2026Q2
VTP,2026-05-18,CONTROL_RANDOM,,,,49.1,0.84,59.65,-27.24,4.14,-11.69,-5.01,-2.49,-2.89,-6.57,-0.1,-1.14,-8.63,-0.38,-1.7,-8.0,-1.81,True,-11.69,-5.94,True,2026Q2
VTP,2026-06-19,CONTROL_RANDOM,,,,47.3,0.88,55.3,-21.52,5.06,-5.0,-2.93,-4.43,-4.25,-10.85,-6.25,-6.81,-10.4,-10.14,-10.17,-8.0,-6.88,True,-5.0,-3.7,True,2026Q2
VTP,2026-06-24,CONTROL_RANDOM,,,,26.1,0.88,53.85,-19.41,7.89,-5.0,2.86,3.52,3.44,-9.94,-0.39,-1.52,-9.1,-5.81,-6.2,-8.0,-4.5,True,-5.0,-1.5,True,2026Q2
HAH,2019-01-04,WATCH,50.0,50.0,15.0,8.8,0.88,3.06,-2.29,11.76,-5.0,-1.63,-2.91,-2.76,0.0,-4.0,-3.53,7.19,-4.84,-3.43,7.19,-3.43,False,7.19,-3.43,False,2019Q1
HAH,2019-11-05,WATCH,41.7,41.7,0.0,23.0,0.66,3.51,-26.21,0.57,-5.0,-5.13,-4.09,-4.44,-7.41,-1.79,-3.68,-22.51,-14.21,-17.01,-8.0,-4.95,True,-5.0,-4.57,True,2019Q4
HAH,2020-02-04,WATCH,57.4,57.4,0.0,20.9,0.78,2.72,-23.16,11.03,-6.47,4.78,4.47,4.53,1.84,6.69,5.63,2.94,21.37,17.33,-8.0,6.45,True,-6.47,7.35,True,2020Q1
HAH,2020-03-12,WATCH,41.5,41.5,0.0,23.6,0.76,2.51,-16.73,29.88,-5.0,-6.77,-3.26,-4.09,4.78,0.68,1.65,24.3,1.95,7.26,-8.0,-0.85,True,-5.18,-6.23,True,2020Q1
HAH,2021-01-27,WATCH,48.0,48.0,0.0,23.5,1.07,4.48,-7.14,73.88,-5.0,11.38,4.62,4.13,60.04,47.87,46.99,69.42,50.17,48.77,69.42,48.77,False,69.42,48.77,False,2021Q1
HAH,2022-01-17,WATCH,41.4,41.4,10.0,19.6,0.78,17.81,-3.48,84.62,-5.0,1.18,-1.62,-1.0,33.91,29.45,30.44,69.51,73.3,72.47,69.51,72.47,False,69.51,72.47,False,2022Q1
HAH,2022-06-27,WATCH,52.2,52.2,10.0,26.2,1.21,30.44,-30.62,6.11,-12.0,-11.4,-9.64,-9.28,-7.49,-6.05,-5.75,-24.44,-25.46,-25.68,-8.0,-5.88,True,-13.76,-8.45,True,2022Q2
HAH,2022-09-19,WATCH,51.0,51.0,0.0,24.3,1.28,23.67,-59.99,0.72,-5.0,-19.26,-15.51,-14.44,-24.97,-12.72,-9.24,-34.26,-20.68,-16.81,-10.35,-10.63,True,-10.35,-10.63,True,2022Q3
HAH,2022-09-27,PANIC70_ANY,72.8,72.8,0.0,16.4,1.32,18.9,-49.89,4.02,-5.0,-3.12,1.56,3.06,-26.98,-12.73,-8.16,-29.42,-17.36,-13.5,-8.0,-4.99,True,-7.62,-4.61,True,2022Q3
HAH,2022-10-25,WATCH,46.0,46.0,0.0,30.7,1.42,14.63,-35.27,8.95,-5.0,-2.32,-4.57,-5.52,-16.61,-11.14,-8.83,6.9,-3.83,-8.37,-8.0,-5.29,True,-5.0,-7.72,True,2022Q4
HAH,2023-10-26,WATCH,55.2,55.2,0.0,24.5,1.35,20.29,-14.39,27.06,-5.0,-3.45,-5.09,-5.66,6.11,2.69,1.51,20.16,8.51,4.46,-8.0,-4.03,True,-5.91,-1.95,True,2023Q4
HAH,2024-08-01,WATCH,48.0,48.0,0.0,26.8,1.16,28.51,-3.33,11.79,-5.0,2.7,2.05,1.94,5.51,-0.1,-1.01,11.12,7.33,6.71,11.12,6.71,False,11.12,6.71,False,2024Q3
HAH,2026-03-20,WATCH,40.0,40.0,10.0,28.8,0.87,50.05,-4.62,12.29,-5.0,7.47,5.48,5.74,3.84,-8.86,-7.24,4.22,-8.08,-6.51,4.22,-6.51,False,4.22,-6.51,False,2026Q1
HAH,2022-10-10,ENTRY_V2_LOOSE,51.7,72.8,55.0,30.9,1.39,17.52,-45.95,4.22,-12.0,1.37,-1.26,-2.28,-24.94,-19.66,-17.61,-17.12,-18.08,-18.46,-8.0,-1.27,True,-12.67,-7.49,True,2022Q4
HAH,2022-10-20,ENTRY_V2,,71.7,75.0,52.7,1.38,18.01,-47.42,0.11,-12.0,-21.15,-18.16,-17.03,-38.48,-30.01,-26.8,-21.82,-22.54,-22.82,-15.05,-7.06,True,-15.05,-7.06,True,2022Q4
HAH,2019-01-07,CONTROL_RSI,30.0,30.0,,9.1,0.88,3.06,-2.29,11.76,-5.0,0.0,-2.05,-1.8,1.63,-3.55,-2.91,8.82,-2.07,-0.72,8.82,-0.72,False,8.82,-0.72,False,2019Q1
HAH,2019-04-02,CONTROL_RSI,28.1,28.1,,25.6,0.81,3.18,-4.4,6.29,-5.0,2.83,3.12,3.06,-3.46,-0.7,-1.23,-0.63,1.68,1.24,-0.63,1.24,False,-0.63,1.24,False,2019Q2
HAH,2019-05-06,CONTROL_RSI,15.5,15.5,,29.8,0.66,3.08,-1.3,18.18,-5.0,-0.65,-1.07,-0.93,4.22,5.28,4.92,13.96,11.39,12.26,13.96,12.26,False,13.96,12.26,False,2019Q2
HAH,2019-06-17,CONTROL_RSI,11.9,11.9,,31.0,0.66,3.14,-1.59,37.9,-5.0,0.64,-0.89,-0.37,11.46,7.62,8.91,22.29,19.8,20.64,22.29,20.64,False,22.29,20.64,False,2019Q2
HAH,2019-09-26,CONTROL_RSI,10.2,10.2,,32.4,0.78,3.67,-16.08,7.08,-5.0,2.45,2.92,2.82,2.18,1.75,1.84,-13.9,-10.28,-11.09,-8.0,-10.49,True,-5.0,-5.51,True,2019Q3
HAH,2019-10-31,CONTROL_RSI,21.5,21.5,,33.3,0.73,3.54,-24.29,0.56,-5.0,-4.8,-7.17,-6.53,-5.93,-3.12,-3.88,-23.16,-16.09,-18.0,-8.0,-9.42,True,-5.0,-6.84,True,2019Q4
HAH,2019-12-13,CONTROL_RSI,28.4,28.4,,25.5,0.79,3.2,-27.5,1.87,-5.0,-2.19,-1.51,-1.65,-6.25,-6.35,-6.33,-25.0,-2.2,-6.88,-8.0,-7.41,True,-5.0,-4.41,True,2019Q4
HAH,2020-01-31,CONTROL_RSI,5.0,5.0,,33.3,0.81,2.85,-26.67,5.96,-5.0,-2.81,-4.35,-4.06,-0.7,2.81,2.14,-2.81,13.49,10.39,-8.0,-8.82,True,-5.0,-5.82,True,2020Q1
HAH,2020-03-09,CONTROL_RSI,28.1,28.1,,27.4,0.71,2.61,-19.92,21.46,-5.0,-8.05,0.32,-2.07,-2.3,5.79,3.48,19.54,10.65,13.19,-8.0,-3.43,True,-5.0,-0.43,True,2020Q1
HAH,2020-06-29,CONTROL_RSI,4.2,4.2,,33.8,0.93,2.88,-3.82,35.42,-5.0,3.82,0.63,0.87,3.47,6.26,6.06,33.33,24.28,24.95,33.33,24.95,False,33.33,24.95,False,2020Q2
HAH,2020-10-23,CONTROL_RSI,17.3,17.3,,29.2,0.98,3.86,-7.25,58.81,-5.0,-6.48,-2.98,-3.06,6.48,3.72,3.78,41.19,24.29,24.66,41.19,24.66,False,-5.0,-0.3,True,2020Q4
HAH,2021-02-03,CONTROL_RSI,32.2,32.2,,26.5,0.97,5.2,-7.12,60.58,-12.0,2.5,-3.02,-2.84,38.46,32.28,32.48,54.62,41.76,42.18,54.62,42.18,False,54.62,42.18,False,2021Q1
HAH,2021-04-06,CONTROL_RSI,13.5,13.5,,30.5,1.04,6.84,-4.68,56.43,-8.67,3.51,2.02,1.96,16.37,14.58,14.51,54.09,40.05,39.53,54.09,39.53,False,54.09,39.53,False,2021Q2
HAH,2021-06-01,CONTROL_RSI,1.0,1.0,,34.7,1.1,7.56,-0.53,151.06,-5.0,7.41,7.77,7.81,20.63,15.34,14.81,119.05,121.16,121.37,119.05,121.37,False,119.05,121.37,False,2021Q2
HAH,2021-09-29,CONTROL_RSI,18.0,18.0,,31.5,0.73,18.05,0.0,30.14,-5.0,9.81,7.81,8.34,18.39,11.02,13.0,11.14,2.34,4.7,11.14,4.7,False,11.14,4.7,False,2021Q3
HAH,2021-11-03,CONTROL_RSI,3.1,3.1,,34.0,0.53,19.94,-13.79,17.8,-5.0,5.97,4.72,5.31,5.37,2.75,3.98,-5.57,-7.97,-6.84,-8.0,-8.31,True,-5.27,-7.16,True,2021Q4
HAH,2021-12-06,CONTROL_RSI,26.1,26.1,,27.5,0.6,20.03,-14.18,41.04,-5.0,2.8,-1.62,0.15,0.75,-6.96,-3.87,38.79,34.54,36.24,-8.0,-9.67,True,-5.69,-9.19,True,2021Q4
HAH,2022-01-05,CONTROL_RSI,18.6,18.6,,28.8,0.55,20.09,-14.44,58.14,-5.0,-4.18,-2.44,-3.23,4.58,5.61,5.15,35.39,36.71,36.12,-8.0,-5.48,True,-5.97,-5.02,True,2022Q1
HAH,2022-06-21,CONTROL_RSI,37.2,37.2,,31.5,1.2,30.86,-21.35,4.67,-5.0,1.1,-2.12,-2.75,-6.97,-8.16,-8.39,-17.95,-22.52,-23.42,-8.0,-8.12,True,-5.0,-8.85,True,2022Q2
HAH,2022-07-19,CONTROL_RSI,14.7,14.7,,30.1,1.24,27.48,-42.69,9.68,-12.0,-0.91,-1.16,-1.22,5.68,-1.66,-3.46,-34.68,-24.05,-21.45,-8.0,-12.81,True,-12.0,-13.81,True,2022Q3
HAH,2022-08-23,CONTROL_RSI,7.7,7.7,,32.4,1.24,27.06,-65.0,6.39,-5.0,0.78,0.39,0.29,-18.44,-12.77,-11.39,-59.05,-35.05,-29.2,-8.0,-1.16,True,-5.0,-2.39,True,2022Q3
HAH,2022-09-22,CONTROL_RSI,32.7,32.7,,28.7,1.28,23.04,-58.9,0.17,-10.77,-23.87,-17.23,-15.35,-25.78,-9.88,-5.38,-34.85,-21.65,-17.91,-12.11,-7.23,True,-12.11,-7.23,True,2022Q3
HAH,2022-11-01,CONTROL_RSI,16.9,16.9,,32.8,1.44,14.8,-36.01,15.0,-12.0,-8.58,-3.94,-1.89,-12.03,-13.47,-14.11,6.55,2.29,0.4,-8.0,-0.76,True,-12.0,0.04,True,2022Q4
HAH,2023-02-24,CONTROL_RSI,3.3,3.3,,33.9,1.17,14.88,-11.63,23.45,-5.0,-6.52,-6.29,-6.25,-6.52,-8.72,-9.1,12.23,8.82,8.24,-8.53,-9.79,True,-8.53,-9.79,True,2023Q1
HAH,2023-05-24,CONTROL_RSI,8.6,8.6,,32.1,0.93,16.47,0.0,36.13,-5.0,3.16,1.62,1.73,14.63,8.68,9.1,30.3,14.15,15.31,30.3,15.31,False,30.3,15.31,False,2023Q2
HAH,2023-08-25,CONTROL_RSI,19.3,19.3,,28.6,1.04,20.01,-13.19,33.73,-9.12,13.29,8.58,8.4,18.84,21.83,21.94,11.84,18.2,18.44,-8.0,6.06,True,-9.12,4.94,True,2023Q3
HAH,2023-10-24,CONTROL_RSI,17.6,17.6,,34.8,1.3,21.59,-19.55,19.41,-5.68,-14.96,-8.93,-7.15,3.66,2.99,2.79,13.8,8.14,6.47,-8.0,-2.64,True,-6.02,-0.66,True,2023Q4
HAH,2024-01-30,CONTROL_RSI,25.5,25.5,,27.7,1.43,24.32,-4.03,19.82,-5.0,6.25,4.82,4.2,9.62,2.76,-0.22,10.57,4.9,2.44,10.57,2.44,False,10.57,2.44,False,2024Q1
HAH,2024-04-15,CONTROL_RSI,25.4,25.4,,28.7,1.38,24.57,-4.23,39.93,-5.0,5.29,6.36,6.77,13.55,8.72,6.88,33.98,28.96,27.06,33.98,27.06,False,33.98,27.06,False,2024Q2
HAH,2024-07-26,CONTROL_RSI,4.8,4.8,,33.5,1.11,31.5,-12.51,3.37,-7.99,-12.51,-7.73,-7.18,-3.24,-5.83,-6.12,-2.54,-4.4,-4.61,-8.0,-6.15,True,-7.99,-6.14,True,2024Q3
HAH,2024-09-09,CONTROL_RSI,29.7,29.7,,25.1,1.17,29.17,-3.12,23.24,-5.0,-1.75,-0.89,-0.75,3.6,3.43,3.4,19.61,21.18,21.45,19.61,21.45,False,19.61,21.45,False,2024Q3
HAH,2025-03-05,CONTROL_RSI,21.6,21.6,,27.8,0.86,37.33,-12.0,75.81,-5.0,-4.69,-6.08,-5.89,-2.92,3.06,2.21,48.65,45.76,46.17,-8.01,-1.62,True,-5.84,-7.03,True,2025Q1
HAH,2025-06-12,CONTROL_RSI,9.0,9.0,,34.5,1.04,51.26,-6.69,22.55,-5.71,-0.43,-3.19,-3.29,-1.42,-12.44,-12.84,7.2,-17.49,-18.4,7.2,-18.4,False,-5.71,-9.87,True,2025Q2
HAH,2025-09-09,CONTROL_RSI,6.4,6.4,,32.9,1.01,54.95,-9.63,20.27,-8.6,0.87,-0.62,-0.63,-4.02,-7.14,-7.18,7.15,1.97,1.91,-8.0,-7.96,True,-8.6,-7.99,True,2025Q3
HAH,2025-12-03,CONTROL_RSI,2.3,2.3,,34.2,0.95,59.08,-9.6,16.59,-5.49,-4.72,-2.62,-2.73,-6.03,-9.08,-8.91,-4.72,0.04,-0.22,-8.0,-3.17,True,-5.49,-0.66,True,2025Q4
HAH,2026-01-15,CONTROL_RSI,5.3,5.3,,33.3,0.95,56.2,-15.05,22.56,-6.01,-1.37,-1.14,-1.15,0.0,2.72,2.58,-7.01,-3.92,-4.08,-8.0,3.48,True,-6.01,5.48,True,2026Q1
HAH,2026-03-25,CONTROL_RSI,16.9,16.9,,32.8,0.93,51.68,-3.72,8.75,-10.09,1.49,-0.51,-0.37,5.57,-7.0,-6.07,-1.49,-13.98,-13.06,-1.49,-13.06,False,-1.49,-13.06,False,2026Q1
HAH,2026-05-25,CONTROL_RSI,6.6,6.6,,32.8,0.91,52.45,-17.92,3.11,-5.0,-2.19,1.13,0.81,-2.94,-1.87,-1.97,-10.96,-2.65,-3.43,-8.0,-5.68,True,-5.0,-1.64,True,2026Q2
HAH,2026-07-03,CONTROL_RSI,13.8,13.8,,30.4,0.86,49.86,-13.96,6.7,-5.0,-2.13,1.76,1.19,-7.64,-1.75,-2.6,3.29,9.91,8.95,-8.0,-4.85,True,-5.13,-1.98,True,2026Q3
HAH,2026-07-31,CONTROL_RSI,30.6,30.6,,22.9,0.84,45.3,-5.3,17.44,-6.64,2.43,0.61,0.91,4.86,0.12,0.89,,,,11.48,10.81,False,11.48,10.81,False,2026Q3
HAH,2026-09-14,CONTROL_RSI,6.3,6.3,,32.9,0.78,44.15,0.0,20.5,-5.0,9.4,8.18,8.45,,,,,,,14.38,15.95,False,14.38,15.95,False,2026Q3
HAH,2019-01-17,CONTROL_RANDOM,,,,30.6,0.86,3.04,-1.64,12.5,-5.0,-1.64,-2.33,-2.23,3.62,-5.93,-4.56,2.63,-4.37,-3.36,2.63,-3.36,False,2.63,-3.36,False,2019Q1
HAH,2019-01-23,CONTROL_RANDOM,,,,41.0,0.84,3.04,-1.64,12.5,-5.0,0.33,0.1,0.14,0.0,-6.26,-5.25,4.93,-2.89,-1.62,4.93,-1.62,False,4.93,-1.62,False,2019Q1
HAH,2019-02-13,CONTROL_RANDOM,,,,62.7,0.85,3.17,-5.05,7.89,-6.75,0.63,-3.74,-3.09,6.31,-0.39,0.62,-2.52,-5.63,-5.17,-2.52,-5.17,False,-2.52,-5.17,False,2019Q1
HAH,2019-02-14,CONTROL_RANDOM,,,,68.9,0.87,3.27,-7.95,4.59,-9.68,-3.67,-7.56,-7.04,0.61,-4.87,-4.14,-2.75,-5.25,-4.92,-2.75,-4.92,False,-2.75,-4.92,False,2019Q1
HAH,2019-05-24,CONTROL_RANDOM,,,,77.8,0.69,3.25,-4.92,26.77,-7.09,0.0,2.5,1.72,-0.92,-0.11,-0.37,20.92,19.86,20.19,20.92,20.19,False,20.92,20.19,False,2019Q2
HAH,2019-06-18,CONTROL_RANDOM,,,,28.6,0.64,3.17,-2.52,36.59,-5.0,0.0,-1.08,-0.69,8.83,5.29,6.57,25.87,23.01,24.04,25.87,24.04,False,25.87,24.04,False,2019Q2
HAH,2019-09-20,CONTROL_RANDOM,,,,36.0,0.79,3.89,-19.54,1.54,-5.59,1.03,0.54,0.65,-4.63,-3.8,-3.98,-17.22,-14.17,-14.82,-8.0,-8.56,True,-5.59,-5.51,True,2019Q3
HAH,2019-10-30,CONTROL_RANDOM,,,,42.3,0.72,3.62,-22.93,0.55,-5.0,-5.8,-8.11,-7.47,-8.84,-5.79,-6.64,-20.44,-14.02,-15.8,-8.0,-9.15,True,-5.0,-6.56,True,2019Q4
HAH,2019-12-20,CONTROL_RANDOM,,,,33.3,0.79,3.12,-33.01,1.6,-5.0,0.0,-0.57,-0.45,-3.21,-6.0,-5.42,-26.28,5.02,-1.53,-8.0,-6.11,True,-5.0,-4.94,True,2019Q4
HAH,2020-01-22,CONTROL_RANDOM,,,,36.8,0.77,3.0,-30.33,0.67,-5.0,-9.33,-5.58,-6.43,-8.0,-0.13,-1.91,-7.67,12.69,8.08,-8.0,-4.27,True,-5.0,-1.27,True,2020Q1
HAH,2020-02-13,CONTROL_RANDOM,,,,33.3,0.72,2.85,-26.67,5.96,-11.1,4.56,5.22,5.04,-14.74,4.16,-1.05,4.21,15.4,12.31,-8.0,0.0,True,-11.1,2.01,True,2020Q1
HAH,2020-04-23,CONTROL_RANDOM,,,,71.8,0.9,2.77,-1.81,17.69,-9.89,-0.72,0.97,0.79,8.66,-3.15,-1.94,7.94,-2.92,-1.81,7.94,-1.81,False,7.94,-1.81,False,2020Q2
HAH,2020-06-11,CONTROL_RANDOM,,,,53.8,0.91,2.85,-2.81,32.28,-5.0,8.42,5.25,5.54,2.46,-1.03,-0.72,20.7,15.19,15.69,20.7,15.69,False,20.7,15.69,False,2020Q2
HAH,2020-06-30,CONTROL_RANDOM,,,,36.4,0.92,3.08,-10.06,26.62,-8.84,-4.22,-8.67,-8.34,-7.47,-3.02,-3.35,23.05,13.28,14.01,-9.42,-7.82,True,-9.42,-7.82,True,2020Q2
HAH,2020-08-13,CONTROL_RANDOM,,,,62.0,0.96,3.35,-5.07,24.18,-12.0,5.37,5.32,5.32,13.43,8.72,8.91,13.13,1.7,2.15,13.13,2.15,False,13.13,2.15,False,2020Q3
HAH,2020-11-06,CONTROL_RANDOM,,,,34.3,1.03,3.64,-0.27,68.41,-5.0,10.71,9.8,9.77,34.89,25.57,25.25,27.75,13.59,13.11,27.75,13.11,False,27.75,13.11,False,2020Q4
HAH,2021-01-12,CONTROL_RANDOM,,,,70.8,1.05,5.87,-29.13,32.03,-12.0,-8.86,-3.63,-3.37,-8.18,-4.71,-4.54,20.61,15.72,15.49,-8.35,-2.86,True,-12.0,-6.52,True,2021Q1
HAH,2021-07-14,CONTROL_RANDOM,,,,71.5,1.01,10.31,0.0,115.13,-12.0,14.65,13.57,13.56,71.29,65.58,65.54,98.55,89.62,89.57,98.55,89.57,False,98.55,89.57,False,2021Q3
HAH,2021-09-23,CONTROL_RANDOM,,,,52.5,0.73,19.28,-7.78,21.84,-5.0,-0.78,0.54,0.19,8.35,5.65,6.38,9.44,0.05,2.59,9.44,2.59,False,-5.0,-4.27,True,2021Q3
HAH,2021-09-30,CONTROL_RANDOM,,,,39.6,0.73,18.8,-1.76,24.95,-8.18,11.28,8.99,9.61,12.39,4.78,6.83,8.72,-1.33,1.38,8.72,1.38,False,8.72,1.38,False,2021Q3
HAH,2021-11-15,CONTROL_RANDOM,,,,48.9,0.53,21.07,-18.41,11.49,-7.34,-1.71,-0.83,-1.24,-2.28,-2.24,-2.26,2.85,1.8,2.29,-8.0,-9.87,True,-7.34,-9.21,True,2021Q4
HAH,2021-12-16,CONTROL_RANDOM,,,,57.5,0.62,21.43,-19.79,36.54,-10.42,-4.62,-4.65,-4.64,-16.47,-14.86,-15.48,28.46,27.22,27.7,-8.0,-10.16,True,-10.42,-11.83,True,2021Q4
HAH,2022-05-17,CONTROL_RANDOM,,,,56.9,1.11,31.28,-22.41,25.54,-12.0,7.7,5.42,5.17,3.13,5.24,5.47,-6.75,-8.07,-8.22,-11.48,-6.9,True,-12.0,-6.74,True,2022Q2
HAH,2022-06-29,CONTROL_RANDOM,,,,33.8,1.19,31.92,-35.71,1.19,-12.0,-20.52,-16.27,-15.47,-13.5,-12.67,-12.52,-35.71,-32.11,-31.43,-8.0,-5.79,True,-12.0,-8.4,True,2022Q2
HAH,2022-12-21,CONTROL_RANDOM,,,,50.9,1.14,13.55,-9.52,27.01,-6.32,1.4,3.08,3.31,15.42,6.6,5.35,1.11,-0.87,-1.15,-8.0,-3.41,True,-6.32,-1.73,True,2022Q4
HAH,2023-01-10,CONTROL_RANDOM,,,,49.1,1.14,14.08,-6.61,22.23,-12.0,9.3,5.52,4.98,6.11,7.06,7.19,19.53,18.47,18.32,19.53,18.32,False,19.53,18.32,False,2023Q1
HAH,2023-01-17,CONTROL_RANDOM,,,,70.0,1.16,14.71,-10.61,17.0,-8.31,9.18,10.69,10.93,5.78,9.28,9.84,10.67,14.66,15.3,-8.0,-0.79,True,-8.31,-1.11,True,2023Q1
HAH,2023-04-18,CONTROL_RANDOM,,,,69.8,1.06,16.09,-0.93,30.33,-5.5,9.82,11.43,11.53,2.86,1.65,1.58,27.04,16.14,15.49,27.04,15.49,False,27.04,15.49,False,2023Q2
HAH,2023-05-22,CONTROL_RANDOM,,,,40.7,0.92,16.78,-2.26,33.61,-5.0,1.67,1.21,1.25,9.59,6.0,6.28,27.71,12.72,13.89,27.71,13.89,False,27.71,13.89,False,2023Q2
HAH,2023-06-19,CONTROL_RANDOM,,,,59.2,1.36,18.18,-0.5,39.33,-5.0,8.58,6.0,5.07,12.43,6.25,4.04,34.43,23.76,19.94,34.43,19.94,False,34.43,19.94,False,2023Q2
HAH,2024-07-03,CONTROL_RANDOM,,,,56.8,1.08,32.52,-15.25,5.72,-9.85,-0.22,-0.6,-0.63,-11.44,-7.38,-7.06,-8.86,-9.57,-9.62,-8.0,-4.59,True,-9.85,-5.47,True,2024Q3
HAH,2024-07-15,CONTROL_RANDOM,,,,56.4,1.08,33.07,-16.66,0.21,-5.0,-7.38,-3.4,-3.08,-10.37,-6.29,-5.96,-7.5,-7.77,-7.8,-8.0,-4.27,True,-6.62,-5.92,True,2024Q3
HAH,2025-07-16,CONTROL_RANDOM,,,,52.8,1.0,49.73,-0.28,26.32,-5.0,6.01,3.37,3.37,21.32,10.6,10.62,5.65,-13.47,-13.43,5.65,-13.43,False,5.65,-13.43,False,2025Q3
HAH,2025-08-06,CONTROL_RANDOM,,,,62.9,0.99,58.6,-15.26,7.2,-12.0,2.95,-0.38,-0.35,-5.26,-7.57,-7.55,2.61,0.77,0.79,-8.0,-11.6,True,-12.0,-13.64,True,2025Q3
HAH,2025-08-22,CONTROL_RANDOM,,,,39.4,1.0,54.47,-8.83,21.33,-5.0,1.4,0.09,0.1,-3.89,-3.76,-3.76,16.93,17.57,17.57,-8.0,-6.6,True,-5.0,-3.48,True,2025Q3
HAH,2025-10-17,CONTROL_RANDOM,,,,57.2,1.07,53.51,-7.19,23.51,-5.0,0.52,4.65,4.93,18.48,22.5,22.78,3.21,-6.7,-7.39,3.21,-7.39,False,-5.0,-2.2,True,2025Q4
HAH,2025-10-22,CONTROL_RANDOM,,,,56.6,1.02,53.03,0.0,24.63,-8.04,13.58,14.24,14.26,19.55,21.03,21.06,4.15,-8.69,-8.97,4.15,-8.97,False,4.15,-8.97,False,2025Q4
HAH,2026-03-16,CONTROL_RANDOM,,,,40.2,0.87,54.56,-12.5,3.01,-6.14,-8.45,-2.91,-3.66,-3.17,-7.05,-6.52,-6.16,-10.97,-10.32,-8.27,-2.28,True,-8.27,-2.28,True,2026Q1
HAH,2026-04-15,CONTROL_RANDOM,,,,49.6,0.92,52.26,-7.9,7.54,-5.0,4.4,0.85,1.14,2.01,-3.9,-3.41,-6.62,-6.64,-6.64,-6.62,-6.64,False,-5.0,-8.65,True,2026Q2
HAH,2026-07-02,CONTROL_RANDOM,,,,37.8,0.85,49.95,-14.11,6.51,-5.0,-0.96,1.12,0.81,-9.41,-2.37,-3.42,4.5,9.78,8.99,-8.0,-5.13,True,-5.0,-1.13,True,2026Q3
GMD,2020-01-08,WATCH,40.0,40.0,0.0,18.6,0.81,14.66,-33.83,3.27,-5.0,-0.48,-1.97,-1.68,-8.46,-6.19,-6.63,-22.99,-1.94,-6.03,-8.0,-6.04,True,-5.0,-4.96,True,2020Q1
GMD,2020-01-31,PANIC70_ANY,73.7,73.7,0.0,24.0,1.25,12.87,-24.63,9.4,-5.0,3.19,1.64,1.26,1.63,5.14,6.01,-2.64,13.66,17.68,-8.0,2.76,True,-5.0,6.03,True,2020Q1
GMD,2020-03-09,WATCH,59.5,59.5,0.0,20.4,1.1,11.91,-18.56,20.49,-5.0,-5.21,3.16,3.96,-6.13,1.96,2.74,20.49,11.59,10.74,-11.25,-4.24,True,-11.25,-4.24,True,2020Q1
GMD,2020-03-13,PANIC70_ANY,81.8,81.8,0.0,18.2,1.1,10.77,-9.94,36.12,-5.0,-2.23,9.86,11.07,6.69,5.48,5.36,24.33,9.94,8.5,-8.0,5.89,True,-5.0,8.93,True,2020Q1
GMD,2020-07-27,PANIC70_ANY,73.7,73.7,0.0,22.6,1.03,11.94,-0.25,52.51,-5.0,10.39,5.19,5.02,32.58,21.47,21.1,41.62,22.26,21.63,41.62,21.63,False,41.62,21.63,False,2020Q3
GMD,2020-10-28,WATCH,45.9,45.9,0.0,18.1,1.15,15.54,-0.45,72.72,-5.0,8.37,6.28,5.97,26.9,17.38,15.97,48.65,21.63,17.63,48.65,17.63,False,48.65,17.63,False,2020Q4
GMD,2021-01-28,WATCH,51.1,51.1,10.0,31.4,1.11,19.28,-3.53,35.84,-5.0,15.72,2.84,1.46,22.04,4.98,3.15,31.02,5.16,2.39,31.02,2.39,False,31.02,2.39,False,2021Q1
GMD,2021-02-01,PANIC70_ANY,74.0,74.0,0.0,19.9,1.14,19.43,-4.27,34.79,-5.0,13.33,5.81,4.74,17.4,5.34,3.62,26.3,6.54,3.73,26.3,3.73,False,26.3,3.73,False,2021Q1
GMD,2022-10-25,WATCH,46.9,46.9,15.0,26.2,1.11,32.15,-14.37,20.47,-8.61,7.65,5.41,5.15,3.05,8.52,9.14,20.22,9.49,8.27,-12.94,-6.51,True,-12.94,-6.51,True,2022Q4
GMD,2024-10-17,WATCH,46.2,46.2,20.0,20.7,0.94,58.48,-3.71,9.05,-5.0,0.84,3.82,3.64,5.83,11.45,11.12,-0.62,3.68,3.43,-0.62,3.43,False,-0.62,3.43,False,2024Q4
GMD,2025-04-03,WATCH,56.4,56.4,0.0,21.2,0.96,45.85,-13.44,26.15,-5.0,-4.93,-12.01,-11.7,7.7,-1.83,-1.41,24.1,4.9,5.75,-13.44,-8.08,True,-13.44,-8.08,True,2025Q2
GMD,2025-04-08,PANIC70_ANY,70.1,70.1,0.0,3.9,1.02,39.69,0.0,45.73,-5.0,1.89,-10.84,-11.12,27.71,8.19,7.76,43.13,12.54,11.87,43.13,11.87,False,43.13,11.87,False,2025Q2
GMD,2025-12-09,WATCH,43.4,43.4,0.0,21.0,0.92,57.04,-3.05,52.49,-5.0,0.0,4.3,3.95,5.63,-1.18,-0.64,29.31,32.32,32.08,29.31,32.08,False,29.31,32.08,False,2025Q4
GMD,2020-02-10,ENTRY_V2_LOOSE,40.0,73.7,40.0,25.5,1.16,13.32,-27.18,5.71,-9.81,3.38,3.68,3.73,-6.98,3.03,4.59,-5.93,6.64,8.59,-8.0,3.82,True,-10.59,0.99,True,2020Q1
GMD,2020-03-25,ENTRY_V2_LOOSE,35.9,81.8,55.0,30.8,1.04,11.01,-11.9,33.15,-9.05,-5.0,-6.85,-6.92,9.08,-3.64,-4.1,25.07,-0.94,-1.89,-8.0,-4.02,True,-9.05,-5.07,True,2020Q1
GMD,2020-04-06,ENTRY_V2,,72.9,60.0,53.5,1.02,11.36,-6.07,29.05,-12.0,1.14,-1.87,-1.93,10.92,3.99,3.86,14.52,1.45,1.2,14.52,1.2,False,14.52,1.2,False,2020Q2
GMD,2020-08-04,ENTRY_V2,,73.7,65.0,44.6,1.05,13.35,-1.27,36.4,-12.0,7.49,5.15,5.04,22.62,13.39,12.94,20.75,9.69,9.16,20.75,9.16,False,20.75,9.16,False,2020Q3
GMD,2020-08-07,ENTRY_V2_LOOSE,,73.7,45.0,55.1,1.06,13.77,0.0,32.24,-12.0,5.45,4.85,4.82,14.67,9.34,9.04,20.99,10.3,9.69,20.99,9.69,False,20.99,9.69,False,2020Q3
GMD,2021-02-17,ENTRY_V2,,74.0,65.0,50.0,1.13,23.75,-6.06,16.51,-12.0,0.0,-0.72,-0.81,0.59,-3.2,-3.69,14.53,6.27,5.2,14.53,5.2,False,14.53,5.2,False,2021Q1
GMD,2021-02-19,ENTRY_V2_LOOSE,,74.0,45.0,53.2,1.13,24.11,-7.47,16.26,-12.0,2.53,1.46,1.32,3.28,1.5,1.27,15.8,6.89,5.75,15.8,5.75,False,15.8,5.75,False,2021Q1
GMD,2025-04-17,ENTRY_V2_LOOSE,72.0,98.5,45.0,27.2,1.06,44.49,-6.14,33.9,-12.0,7.82,7.75,7.75,15.85,8.14,7.64,25.38,5.26,3.97,25.38,3.97,False,25.38,3.97,False,2025Q2
GMD,2025-04-24,ENTRY_V2,,98.5,60.0,43.8,1.08,46.37,-0.22,28.47,-12.0,5.48,3.59,3.44,23.53,14.18,13.45,21.13,-2.1,-3.93,21.13,-3.93,False,21.13,-3.93,False,2025Q2
GMD,2019-01-02,CONTROL_RSI,30.0,30.0,,18.3,0.94,17.22,-6.21,9.99,-5.0,-2.26,-3.22,-3.17,-2.61,-4.96,-4.82,-0.35,-11.26,-10.62,-0.35,-10.62,False,-5.0,-6.28,True,2019Q1
GMD,2019-03-25,CONTROL_RSI,7.6,7.6,,32.6,0.97,17.22,-5.63,3.95,-5.0,0.0,-1.62,-1.57,-3.02,-3.73,-3.7,-1.34,-0.59,-0.62,-1.34,-0.62,False,-5.0,-4.58,True,2019Q1
GMD,2019-04-23,CONTROL_RSI,18.8,18.8,,28.7,0.82,16.54,0.0,8.83,-5.0,0.97,2.17,1.96,6.11,5.54,5.64,4.53,3.26,3.49,4.53,3.49,False,4.53,3.49,False,2019Q2
GMD,2019-06-12,CONTROL_RSI,1.4,1.4,,34.5,0.93,16.83,-2.32,12.54,-5.0,0.59,-0.24,-0.18,4.28,1.4,1.61,8.91,6.51,6.69,8.91,6.69,False,8.91,6.69,False,2019Q2
GMD,2019-07-30,CONTROL_RSI,0.3,0.3,,34.9,0.78,17.09,-3.8,10.83,-5.0,0.59,2.62,2.18,6.09,6.97,6.78,3.45,2.68,2.85,3.45,2.85,False,3.45,2.85,False,2019Q3
GMD,2019-09-10,CONTROL_RSI,35.3,35.3,,22.2,0.72,17.45,-8.88,5.04,-5.0,1.83,-0.8,-0.07,-1.66,-3.54,-3.02,-7.34,-6.95,-7.06,-8.08,-6.88,True,-5.0,-5.61,True,2019Q3
GMD,2019-10-10,CONTROL_RSI,2.9,2.9,,34.0,0.68,17.38,-12.08,2.99,-5.0,-1.27,-1.33,-1.31,0.4,-3.03,-1.92,-11.91,-8.59,-9.66,-8.0,-5.59,True,-5.0,-4.26,True,2019Q4
GMD,2019-11-12,CONTROL_RSI,0.4,0.4,,34.9,0.7,17.34,-29.35,0.23,-5.0,-1.56,0.26,-0.28,-9.11,-3.49,-5.16,-22.61,-14.67,-17.03,-8.0,-3.47,True,-5.0,-2.15,True,2019Q4
GMD,2019-12-10,CONTROL_RSI,30.0,30.0,,18.4,0.75,15.73,-27.78,6.36,-5.0,3.05,4.04,3.79,-5.02,-4.98,-4.99,-27.78,-7.86,-12.93,-8.0,-7.1,True,-5.0,-4.87,True,2019Q4
GMD,2020-01-09,CONTROL_RSI,28.7,28.7,,26.9,0.86,14.97,-35.2,1.14,-5.0,-1.6,-3.45,-3.2,-8.48,-6.02,-6.36,-23.25,-2.92,-5.74,-8.0,-5.8,True,-5.0,-4.86,True,2020Q1
GMD,2020-02-13,CONTROL_RSI,27.8,27.8,,29.2,1.14,13.42,-27.72,4.92,-10.45,1.79,2.45,2.54,-19.0,-0.1,2.52,0.0,11.19,12.74,-8.0,4.59,True,-11.25,1.09,True,2020Q1
GMD,2020-03-18,CONTROL_RSI,27.1,27.1,,29.3,1.09,11.56,-16.09,26.82,-10.87,-5.36,-0.16,0.32,9.26,1.44,0.73,16.44,-0.47,-2.01,-8.0,1.8,True,-10.87,-0.43,True,2020Q1
GMD,2020-06-26,CONTROL_RSI,1.7,1.7,,34.4,1.06,13.35,-10.79,31.01,-5.0,-1.27,-3.03,-3.14,-10.56,-3.34,-2.93,27.49,20.41,20.0,-9.81,-2.18,True,-5.0,-2.86,True,2020Q2
GMD,2020-07-29,CONTROL_RSI,22.1,22.1,,33.8,1.04,12.39,0.0,46.97,-5.36,13.64,8.14,7.91,30.27,20.41,20.0,37.61,16.88,16.02,37.61,16.02,False,37.61,16.02,False,2020Q3
GMD,2020-10-23,CONTROL_RSI,30.0,30.0,,24.2,1.12,17.2,-10.06,56.05,-5.0,-3.55,-0.05,0.36,14.42,11.66,11.34,35.99,19.09,17.12,-9.65,-4.06,True,-5.0,0.36,True,2020Q4
GMD,2021-02-04,CONTROL_RSI,12.9,12.9,,33.8,1.1,21.7,-4.33,25.16,-12.0,11.11,5.84,5.33,6.13,0.14,-0.44,24.84,11.0,9.65,24.84,9.65,False,24.84,9.65,False,2021Q1
GMD,2021-04-22,CONTROL_RSI,12.3,12.3,,31.8,1.14,23.03,-0.96,42.16,-5.0,5.91,4.68,4.52,21.71,15.08,14.18,32.48,28.72,28.21,32.48,28.21,False,32.48,28.21,False,2021Q2
GMD,2021-07-12,CONTROL_RSI,24.3,24.3,,30.8,1.12,28.06,-1.0,42.52,-5.95,8.73,10.51,10.73,29.51,24.41,23.77,30.68,25.31,24.64,30.68,24.64,False,30.68,24.64,False,2021Q3
GMD,2021-09-24,CONTROL_RSI,4.2,4.2,,33.6,0.92,36.16,-6.14,14.27,-5.0,0.61,1.47,1.4,2.02,-0.51,-0.31,-1.63,-10.97,-10.21,-1.63,-10.21,False,-5.0,-9.24,True,2021Q3
GMD,2021-12-06,CONTROL_RSI,35.3,35.3,,25.0,0.89,35.64,-17.28,20.09,-6.54,0.81,-3.6,-3.1,-1.46,-9.16,-8.28,16.36,12.1,12.59,-8.0,-14.07,True,-6.54,-9.26,True,2021Q4
GMD,2022-01-05,CONTROL_RSI,16.0,16.0,,29.7,0.72,35.05,-15.89,29.27,-6.42,-7.36,-5.62,-6.12,0.51,1.55,1.25,18.32,19.64,19.26,-8.0,-7.44,True,-6.42,-5.85,True,2022Q1
GMD,2022-04-25,CONTROL_RSI,36.2,36.2,,29.3,1.14,34.02,-2.29,34.92,-5.0,20.81,14.95,14.15,16.46,17.77,17.95,9.76,16.52,17.45,9.76,17.45,False,9.76,17.45,False,2022Q2
GMD,2022-06-21,CONTROL_RSI,10.7,10.7,,34.3,1.15,38.22,-11.2,8.11,-5.57,5.21,1.99,1.5,-1.54,-2.73,-2.91,-5.39,-9.96,-10.66,-8.0,-5.02,True,-5.78,-2.8,True,2022Q2
GMD,2022-07-19,CONTROL_RSI,18.7,18.7,,28.8,1.23,36.45,-6.47,8.92,-8.57,1.21,0.96,0.91,6.47,-0.86,-2.53,-1.02,9.61,12.02,-1.02,12.02,False,-1.02,12.02,False,2022Q3
GMD,2022-09-07,CONTROL_RSI,31.4,31.4,,26.2,1.19,36.16,-23.87,3.65,-5.0,1.41,1.84,1.92,0.0,14.11,16.74,-3.15,14.02,17.21,-8.0,17.12,True,-5.0,5.19,True,2022Q3
GMD,2022-10-24,CONTROL_RSI,17.5,17.5,,33.5,1.1,32.49,-15.27,16.16,-5.0,7.66,2.23,1.66,-0.46,2.43,2.73,13.6,1.59,0.33,-8.03,-0.31,True,-8.03,-0.31,True,2022Q4
GMD,2022-12-20,CONTROL_RSI,5.7,5.7,,33.1,0.92,33.81,-1.12,25.73,-5.0,1.89,3.6,3.46,14.32,7.08,7.69,12.3,11.17,11.26,12.3,11.26,False,12.3,11.26,False,2022Q4
GMD,2023-02-24,CONTROL_RSI,14.4,14.4,,30.2,0.88,38.5,-4.52,8.05,-5.0,-3.82,-3.59,-3.62,1.19,-1.01,-0.73,-2.16,-5.56,-5.14,-2.16,-5.14,False,-2.16,-5.14,False,2023Q1
GMD,2023-05-05,CONTROL_RSI,1.4,1.4,,34.7,0.84,37.82,-1.9,20.81,-5.0,-0.11,-2.24,-1.9,3.99,-1.22,-0.4,17.4,0.2,2.91,17.4,2.91,False,17.4,2.91,False,2023Q2
GMD,2023-08-11,CONTROL_RSI,6.1,6.1,,33.9,0.9,41.75,-7.23,27.04,-5.0,-1.8,2.84,2.37,18.85,18.75,18.76,26.68,36.68,35.66,26.68,35.66,False,-5.0,-0.71,True,2023Q3
GMD,2023-10-26,CONTROL_RSI,39.2,39.2,,25.1,1.07,46.02,-1.02,25.1,-5.0,10.17,8.53,8.42,16.8,13.38,13.14,16.8,5.14,4.34,16.8,4.34,False,16.8,4.34,False,2023Q4
GMD,2023-12-19,CONTROL_RSI,3.1,3.1,,34.0,1.06,53.43,-1.74,20.16,-5.0,4.83,2.65,2.52,1.33,-5.13,-5.52,14.47,-1.77,-2.75,14.47,-2.75,False,14.47,-2.75,False,2023Q4
GMD,2024-01-18,CONTROL_RSI,0.2,0.2,,34.9,1.07,54.29,-3.3,19.69,-5.0,0.72,0.36,0.34,0.29,-3.16,-3.41,14.66,13.06,12.95,14.66,12.95,False,14.66,12.95,False,2024Q1
GMD,2024-06-28,CONTROL_RSI,14.0,14.0,,30.3,0.9,64.74,-7.57,4.06,-5.0,1.2,-1.78,-1.49,-2.26,-2.28,-2.27,-2.26,-5.56,-5.24,-2.26,-5.24,False,-5.0,-6.62,True,2024Q2
GMD,2024-07-29,CONTROL_RSI,14.3,14.3,,30.2,0.93,62.88,-10.45,7.14,-6.06,-1.91,1.05,0.84,2.29,-0.38,-0.19,-6.08,-6.89,-6.83,-8.0,-10.84,True,-6.06,-8.98,True,2024Q3
GMD,2024-09-10,CONTROL_RSI,30.0,30.0,,12.3,0.91,62.0,-9.18,2.69,-5.0,0.52,-0.33,-0.26,-2.45,-4.65,-4.46,-1.85,-0.75,-0.85,-8.0,-9.86,True,-5.0,-7.35,True,2024Q3
GMD,2024-10-08,CONTROL_RSI,20.8,20.8,,28.1,0.88,60.48,-6.89,5.44,-5.0,-0.53,-0.96,-0.91,0.3,1.29,1.17,2.94,3.28,3.24,2.94,3.24,False,-5.0,-5.4,True,2024Q4
GMD,2025-01-07,CONTROL_RSI,4.9,4.9,,33.4,0.97,58.97,-32.69,1.92,-5.0,-3.99,-3.18,-3.21,-3.36,-5.02,-4.98,-28.0,-21.75,-21.92,-8.0,-15.04,True,-5.0,-11.25,True,2025Q1
GMD,2025-02-20,CONTROL_RSI,2.3,2.3,,34.2,0.87,57.84,-31.38,1.47,-5.0,-1.3,-2.2,-2.08,-3.41,-5.59,-5.3,-13.66,-15.22,-15.01,-8.0,-9.62,True,-5.0,-7.18,True,2025Q1
GMD,2025-03-26,CONTROL_RSI,2.1,2.1,,34.3,0.88,55.21,-28.11,4.76,-5.0,-10.74,-3.49,-4.34,-13.11,-5.82,-6.67,-4.94,-8.02,-7.66,-10.74,-4.34,True,-5.0,-4.46,True,2025Q1
GMD,2025-06-17,CONTROL_RSI,18.5,18.5,,28.8,1.14,53.42,-3.69,28.06,-5.0,-1.76,-2.99,-3.16,4.42,-4.86,-6.17,25.89,2.4,-0.9,25.89,-0.9,False,25.89,-0.9,False,2025Q2
GMD,2025-07-29,CONTROL_RSI,30.0,30.0,,23.5,1.08,54.71,-1.24,32.33,-5.0,4.09,-0.8,-1.21,17.24,5.73,4.78,18.66,6.47,5.45,18.66,5.45,False,18.66,5.45,False,2025Q3
GMD,2025-10-03,CONTROL_RSI,31.4,31.4,,19.4,1.09,64.53,-14.3,7.38,-5.0,1.19,-4.3,-4.79,3.16,6.52,6.82,-7.69,-12.57,-13.0,-8.0,-1.97,True,-5.0,-0.18,True,2025Q4
GMD,2025-11-10,CONTROL_RSI,8.2,8.2,,34.8,0.99,59.28,-6.71,22.96,-5.0,4.1,-0.61,-0.56,-4.1,-14.31,-14.2,16.55,4.11,4.24,16.55,4.24,False,-5.0,-15.1,True,2025Q4
GMD,2025-12-08,CONTROL_RSI,30.1,30.1,,23.0,0.91,57.82,-4.36,50.43,-5.0,-1.0,4.24,3.79,5.88,1.17,1.57,29.07,32.6,32.29,29.07,32.29,False,29.07,32.29,False,2025Q4
GMD,2026-05-28,CONTROL_RSI,21.2,21.2,,27.9,0.85,72.5,-7.59,13.1,-5.0,5.1,6.47,6.27,0.69,0.29,0.35,6.76,11.92,11.17,6.76,11.17,False,-5.0,2.56,True,2026Q2
GMD,2026-09-08,CONTROL_RSI,5.9,5.9,,33.0,0.78,75.0,-2.0,5.6,-5.0,2.13,3.6,3.28,,,,,,,4.0,7.32,False,4.0,7.32,False,2026Q3
GMD,2019-01-24,CONTROL_RANDOM,,,,58.7,0.99,16.96,-4.19,11.67,-5.0,-1.71,-1.69,-1.69,6.13,-1.65,-1.54,-0.59,-8.25,-8.14,-0.59,-8.14,False,-0.59,-8.14,False,2019Q1
GMD,2019-01-30,CONTROL_RANDOM,,,,51.2,0.98,16.77,-3.1,12.94,-5.0,5.19,1.62,1.69,7.51,-0.59,-0.42,1.31,-2.14,-2.06,1.31,-2.06,False,1.31,-2.06,False,2019Q1
GMD,2019-05-13,CONTROL_RANDOM,,,,57.7,0.91,16.9,-2.72,6.51,-5.0,3.43,0.45,0.71,0.53,0.08,0.12,2.07,1.35,1.41,2.07,1.41,False,2.07,1.41,False,2019Q2
GMD,2019-11-08,CONTROL_RANDOM,,,,55.3,0.66,17.48,-29.92,0.0,-5.0,-1.77,0.22,-0.47,-9.44,-3.84,-5.77,-24.77,-16.11,-19.09,-8.24,-3.76,True,-5.0,-2.08,True,2019Q4
GMD,2020-02-07,CONTROL_RANDOM,,,,26.4,1.2,13.18,-26.4,6.83,-8.83,6.83,6.79,6.78,-6.75,3.83,5.93,-4.4,10.35,13.27,-9.64,2.78,True,-9.64,2.78,True,2020Q1
GMD,2020-02-28,CONTROL_RANDOM,,,,45.7,1.16,12.77,-24.04,10.49,-5.0,-3.76,1.13,1.93,-18.64,5.97,10.0,5.64,7.58,7.9,-8.0,0.89,True,-6.73,-1.31,True,2020Q1
GMD,2020-03-02,CONTROL_RANDOM,,,,48.7,1.17,13.35,-27.34,5.69,-7.23,-7.19,-0.73,0.34,-22.92,3.09,7.38,1.05,4.5,5.07,-8.0,-0.21,True,-7.23,0.56,True,2020Q1
GMD,2020-08-13,CONTROL_RANDOM,,,,67.2,1.05,14.38,-2.85,26.63,-12.0,9.87,9.82,9.81,17.32,12.6,12.36,24.62,13.18,12.6,24.62,12.6,False,24.62,12.6,False,2020Q3
GMD,2020-08-26,CONTROL_RANDOM,,,,79.9,1.05,16.11,-3.97,25.95,-12.0,0.06,-3.28,-3.45,6.33,2.22,2.01,20.17,6.69,6.03,20.17,6.03,False,20.17,6.03,False,2020Q3
GMD,2020-12-08,CONTROL_RANDOM,,,,61.7,1.15,20.98,-11.34,27.93,-8.99,13.01,9.35,8.81,16.63,4.27,2.45,10.44,-4.38,-6.56,-8.1,-11.15,True,-8.99,-14.15,True,2020Q4
GMD,2021-04-22,CONTROL_RANDOM,,,,31.8,1.14,23.03,-0.96,42.16,-5.0,5.91,4.68,4.52,21.71,15.08,14.18,32.48,28.72,28.21,32.48,28.21,False,32.48,28.21,False,2021Q2
GMD,2021-05-06,CONTROL_RANDOM,,,,48.6,1.13,24.93,-2.73,35.66,-10.28,3.05,1.37,1.16,16.17,5.84,4.54,33.05,27.87,27.21,33.05,27.21,False,33.05,27.21,False,2021Q2
GMD,2021-08-02,CONTROL_RANDOM,,,,81.1,1.07,34.25,-2.31,16.76,-12.0,6.1,2.43,2.17,11.15,9.84,9.74,12.67,3.25,2.56,12.67,2.56,False,12.67,2.56,False,2021Q3
GMD,2021-10-18,CONTROL_RANDOM,,,,63.0,0.91,38.15,-15.86,8.31,-9.08,-2.52,-2.24,-2.26,6.58,1.5,1.97,-14.23,-22.47,-21.7,-8.0,-11.36,True,-9.08,-10.25,True,2021Q4
GMD,2021-11-02,CONTROL_RANDOM,,,,60.6,0.86,38.37,-23.17,7.69,-6.71,4.43,3.57,3.68,-4.61,-6.87,-6.56,-18.66,-19.92,-19.75,-8.0,-7.69,True,-6.71,-6.4,True,2021Q4
GMD,2021-12-30,CONTROL_RANDOM,,,,41.7,0.75,34.75,-15.17,27.19,-5.71,-1.27,-2.46,-2.16,-2.33,-3.12,-2.92,25.06,22.46,23.12,-8.0,-8.51,True,-5.71,-6.95,True,2021Q4
GMD,2022-01-13,CONTROL_RANDOM,,,,36.9,0.81,32.39,-8.98,39.89,-5.0,-4.32,-2.77,-3.07,18.25,17.66,17.77,27.79,32.03,31.2,-8.98,-5.91,True,-8.98,-5.91,True,2022Q1
GMD,2022-04-07,CONTROL_RANDOM,,,,56.9,1.1,41.69,-20.27,10.1,-7.39,-0.72,4.05,4.52,0.0,13.48,14.8,-18.49,5.09,7.4,-8.0,1.13,True,-7.39,-5.41,True,2022Q2
GMD,2022-05-24,CONTROL_RANDOM,,,,38.2,1.07,38.0,-10.68,20.79,-12.0,13.61,8.68,8.33,-3.68,1.91,2.31,2.13,-0.84,-1.05,-8.0,-0.31,True,2.13,-1.05,False,2022Q2
GMD,2022-09-15,CONTROL_RANDOM,,,,37.7,1.2,36.52,-24.62,3.34,-5.0,-1.62,1.61,2.25,-1.2,13.39,16.27,-1.31,14.09,17.13,-8.0,16.77,True,-5.0,1.65,True,2022Q3
GMD,2022-12-06,CONTROL_RANDOM,,,,84.3,0.96,36.69,-8.89,15.86,-12.0,-1.85,-2.21,-2.19,-5.07,-5.94,-5.9,5.75,4.87,4.91,-8.0,-5.84,True,5.75,4.91,False,2022Q4
GMD,2023-02-01,CONTROL_RANDOM,,,,73.8,0.87,38.73,-5.09,9.76,-9.49,5.06,6.51,6.33,-1.76,2.14,1.65,5.27,8.98,8.51,5.27,8.51,False,5.27,8.51,False,2023Q1
GMD,2023-03-21,CONTROL_RANDOM,,,,48.0,0.85,38.35,-3.26,8.47,-5.0,0.39,-1.59,-1.28,3.94,2.67,2.86,-0.99,-7.71,-6.67,-0.99,-6.67,False,-0.99,-6.67,False,2023Q1
GMD,2023-06-13,CONTROL_RANDOM,,,,55.6,0.91,38.96,-2.72,30.08,-5.0,0.56,1.11,1.06,10.86,8.22,8.45,25.82,15.42,16.33,25.82,16.33,False,25.82,16.33,False,2023Q2
GMD,2023-06-21,CONTROL_RANDOM,,,,55.0,0.9,39.33,-1.53,29.44,-5.0,-0.56,-0.49,-0.49,10.02,5.88,6.29,21.56,13.96,14.71,21.56,14.71,False,21.56,14.71,False,2023Q2
GMD,2023-08-02,CONTROL_RANDOM,,,,46.6,0.91,42.81,-9.53,23.9,-5.0,-0.51,-0.59,-0.58,10.79,10.44,10.47,10.23,24.77,23.48,-9.53,-6.55,True,-5.0,-1.88,True,2023Q3
GMD,2024-06-14,CONTROL_RANDOM,,,,50.4,0.94,64.82,-7.68,3.93,-5.0,-1.33,0.85,0.72,0.46,0.64,0.63,-4.72,-2.47,-2.62,-4.72,-2.62,False,-5.0,-4.02,True,2024Q2
GMD,2024-06-26,CONTROL_RANDOM,,,,50.0,0.9,65.13,-8.12,3.44,-5.0,-1.8,-3.32,-3.17,-4.44,-2.25,-2.47,-2.84,-3.46,-3.4,-8.12,-6.53,True,-5.0,-5.57,True,2024Q2
GMD,2024-07-26,CONTROL_RANDOM,,,,36.7,0.93,63.36,-11.13,6.33,-6.84,-4.42,0.36,0.01,2.53,-0.06,0.13,-6.79,-8.65,-8.51,-8.0,-10.8,True,-6.84,-9.72,True,2024Q3
GMD,2025-05-29,CONTROL_RANDOM,,,,72.4,1.12,55.96,-8.06,12.01,-12.0,-3.36,-2.39,-2.27,-6.9,-9.02,-9.28,7.15,-15.38,-18.15,-8.0,-8.77,True,7.15,-18.15,False,2025Q2
GMD,2025-06-20,CONTROL_RANDOM,,,,37.9,1.14,53.14,-2.65,36.24,-5.0,2.48,0.19,-0.13,4.23,-6.16,-7.62,34.59,10.37,6.97,34.59,6.97,False,34.59,6.97,False,2025Q2
GMD,2025-07-09,CONTROL_RANDOM,,,,85.5,1.14,58.99,-8.41,22.73,-12.0,-5.93,-9.61,-10.14,-1.15,-11.22,-12.67,12.02,-5.96,-8.55,-8.0,-13.61,True,12.02,-8.55,False,2025Q3
GMD,2025-09-16,CONTROL_RANDOM,,,,81.5,1.07,71.52,-21.46,1.23,-12.0,-3.93,-2.7,-2.62,-6.25,-11.01,-11.32,-21.2,-23.63,-23.79,-8.0,-6.96,True,-12.0,-17.07,True,2025Q3
GMD,2025-11-07,CONTROL_RANDOM,,,,50.3,0.98,61.61,-10.24,18.31,-5.0,0.32,-3.2,-3.15,-6.15,-15.9,-15.74,15.61,3.51,3.7,-8.0,-17.19,True,-5.0,-14.59,True,2025Q4
GMD,2025-11-17,CONTROL_RANDOM,,,,41.9,0.96,61.61,-10.24,18.31,-8.08,-0.78,-0.96,-0.95,-7.09,-8.41,-8.35,17.51,8.06,8.43,-8.0,-13.2,True,-8.08,-13.29,True,2025Q4
GMD,2026-01-19,CONTROL_RANDOM,,,,72.7,0.85,62.2,-1.11,39.84,-7.07,2.8,6.69,6.1,24.68,26.62,26.33,15.61,19.34,18.78,15.61,18.78,False,15.61,18.78,False,2026Q1
GMD,2026-03-16,CONTROL_RANDOM,,,,39.6,0.87,72.79,-6.68,10.14,-9.0,-1.33,4.2,3.5,-0.67,-4.55,-4.06,4.41,-0.4,0.21,4.41,0.21,False,4.41,0.21,False,2026Q1
GMD,2026-05-04,CONTROL_RANDOM,,,,59.7,0.84,73.18,-8.44,9.55,-5.0,8.36,5.77,6.19,0.16,1.6,1.37,-0.38,8.92,7.4,-8.0,-1.06,True,-5.0,1.94,True,2026Q2
GMD,2026-05-25,CONTROL_RANDOM,,,,46.8,0.85,75.1,-10.79,9.19,-5.0,-2.4,0.92,0.42,1.73,2.8,2.63,5.86,14.18,12.91,-8.0,0.51,True,-5.0,3.51,True,2026Q2
GMD,2026-06-04,CONTROL_RANDOM,,,,44.0,0.86,76.1,-11.96,7.75,-6.96,-0.13,2.13,1.82,0.39,-1.19,-0.97,4.47,4.52,4.51,-8.0,-1.72,True,-6.96,-0.68,True,2026Q2
PVT,2020-01-21,WATCH,41.6,41.6,15.0,12.0,0.71,7.46,-51.07,0.0,-5.0,-11.66,-5.52,-7.29,-17.69,-8.52,-11.17,-32.44,-10.89,-17.12,-8.0,-4.4,True,-5.0,-1.4,True,2020Q1
PVT,2020-02-03,PANIC70_ANY,88.9,88.9,0.0,1.8,0.79,6.64,-45.03,4.07,-5.17,0.75,0.19,0.3,-8.73,-4.56,-5.42,-26.2,-8.96,-12.49,-8.0,-6.31,True,-5.17,-2.94,True,2020Q1
PVT,2020-03-09,WATCH,55.7,55.7,20.0,21.5,0.91,5.41,-32.53,10.72,-5.0,-17.93,-9.57,-10.33,-16.82,-8.73,-9.47,6.47,-2.43,-1.62,-9.61,-4.63,True,-9.61,-4.63,True,2020Q1
PVT,2020-03-11,PANIC70_ANY,83.7,83.7,0.0,14.3,0.94,4.89,-25.36,22.49,-5.0,-13.29,-6.59,-6.97,-6.34,-3.75,-3.9,18.81,3.21,4.1,-8.18,-4.52,True,-8.18,-4.52,True,2020Q1
PVT,2020-07-24,WATCH,47.4,47.4,0.0,20.0,1.16,4.52,-1.33,62.83,-5.0,5.97,3.39,2.99,21.46,12.07,10.61,50.66,31.74,28.79,50.66,28.79,False,50.66,28.79,False,2020Q3
PVT,2020-07-27,PANIC70_ANY,73.9,73.9,0.0,14.3,1.16,4.49,-0.22,63.92,-5.0,10.02,4.83,4.0,21.16,10.05,8.27,52.34,32.98,29.88,52.34,29.88,False,52.34,29.88,False,2020Q3
PVT,2021-03-26,WATCH,48.8,48.8,0.0,19.9,1.13,10.05,-7.26,28.76,-9.3,2.99,-2.69,-3.45,-4.98,-9.26,-9.83,23.18,5.22,2.83,23.18,2.83,False,23.18,2.83,False,2021Q1
PVT,2021-07-09,WATCH,53.7,53.7,0.0,21.1,1.24,10.26,-5.75,46.59,-5.0,-1.75,5.94,7.77,15.2,14.26,14.04,37.33,36.17,35.89,37.33,35.89,False,-5.17,1.62,True,2021Q3
PVT,2021-12-06,WATCH,40.4,40.4,10.0,23.1,1.18,13.78,-9.14,31.06,-6.75,7.55,3.13,2.32,10.6,2.89,1.47,26.42,22.16,21.38,-8.0,-10.12,True,-6.75,-8.88,True,2021Q4
PVT,2022-04-20,WATCH,44.6,44.6,0.0,21.8,1.18,12.95,-22.24,13.67,-5.0,-8.26,-6.89,-6.65,-7.8,3.22,5.16,-7.34,6.78,9.26,-8.0,-2.95,True,-5.0,0.05,True,2022Q2
PVT,2022-10-03,WATCH,47.3,47.3,0.0,24.3,1.44,11.39,-27.39,15.54,-5.21,-5.71,2.46,6.04,-7.29,-1.63,0.84,12.38,20.7,24.34,-8.0,-0.15,True,-5.21,2.64,True,2022Q4
PVT,2023-10-31,WATCH,66.8,66.8,0.0,19.9,1.36,13.69,-0.95,24.18,-5.0,15.85,7.65,4.66,17.6,10.43,7.83,20.38,6.64,1.65,20.38,1.65,False,20.38,1.65,False,2023Q4
PVT,2025-04-03,WATCH,61.8,61.8,0.0,18.7,0.99,14.77,-13.27,20.04,-5.0,1.22,-5.86,-5.82,2.1,-7.43,-7.38,9.88,-9.32,-9.21,-13.27,-7.69,True,-13.27,-7.69,True,2025Q2
PVT,2025-04-04,PANIC70_ANY,85.9,85.9,0.0,13.2,1.06,13.77,-6.97,28.76,-5.0,7.04,2.39,2.12,10.02,2.0,1.54,18.16,-0.07,-1.11,18.16,-1.11,False,18.16,-1.11,False,2025Q2
PVT,2026-03-24,WATCH,59.2,59.2,40.0,26.9,0.78,19.59,-5.31,18.79,-11.32,0.92,-3.29,-2.36,3.27,-10.39,-7.38,4.65,-9.05,-6.03,4.65,-6.03,False,4.65,-6.03,False,2026Q1
PVT,2026-07-20,WATCH,46.4,46.4,0.0,22.3,0.72,16.65,-3.6,50.45,-5.0,0.0,3.05,2.19,22.52,22.6,22.58,,,,47.15,46.08,False,47.15,46.08,False,2026Q3
PVT,2020-02-11,ENTRY_V2_LOOSE,42.5,90.4,40.0,23.4,0.84,6.66,-45.2,3.0,-9.1,1.2,2.47,2.27,-21.77,-8.02,-10.16,-21.32,-9.37,-11.24,-8.0,-5.21,True,-9.1,-5.08,True,2020Q1
PVT,2020-03-31,ENTRY_V2,65.8,74.4,60.0,17.9,1.05,3.92,-0.77,52.81,-10.2,14.54,-0.87,-1.59,22.7,6.97,6.23,34.95,9.06,7.85,34.95,7.85,False,34.95,7.85,False,2020Q1
PVT,2020-04-03,ENTRY_V2_LOOSE,,72.5,45.0,41.8,1.08,4.47,-4.03,34.0,-12.0,2.46,-4.46,-5.0,11.19,1.92,1.2,18.34,0.57,-0.81,18.34,-0.81,False,18.34,-0.81,False,2020Q2
PVT,2020-08-03,ENTRY_V2_LOOSE,0.9,73.9,55.0,34.7,1.16,4.84,-0.62,52.07,-9.45,6.2,3.74,3.35,22.73,14.36,13.01,35.54,23.6,21.69,35.54,21.69,False,35.54,21.69,False,2020Q3
PVT,2020-08-05,ENTRY_V2,,73.9,65.0,44.0,1.17,5.06,-1.38,45.45,-12.0,6.92,4.88,4.54,15.81,8.23,6.96,29.64,19.21,17.46,29.64,17.46,False,29.64,17.46,False,2020Q3
PVT,2025-04-18,ENTRY_V2_LOOSE,24.3,97.6,45.0,33.1,1.08,14.57,-6.66,21.69,-12.0,-0.96,-1.49,-1.53,2.61,-5.05,-5.68,12.9,-9.19,-11.02,12.9,-11.02,False,12.9,-11.02,False,2025Q2
PVT,2019-04-01,CONTROL_RSI,19.3,19.3,,28.7,0.74,8.02,-8.23,2.99,-5.0,-1.12,-0.48,-0.65,-6.73,-3.02,-4.0,-3.24,-0.3,-1.07,-8.0,-4.76,True,-5.0,-2.26,True,2019Q2
PVT,2019-05-03,CONTROL_RSI,22.0,22.0,,27.7,0.72,7.72,-4.66,8.81,-5.0,-0.39,0.22,0.05,0.52,2.37,1.85,6.61,3.13,4.1,6.61,4.1,False,6.61,4.1,False,2019Q2
PVT,2019-06-14,CONTROL_RSI,7.9,7.9,,32.4,0.72,7.64,-0.92,21.47,-5.0,0.39,-0.54,-0.28,9.03,7.09,7.62,15.31,13.61,14.08,15.31,14.08,False,15.31,14.08,False,2019Q2
PVT,2019-10-02,CONTROL_RSI,7.8,7.8,,32.4,0.69,8.46,-3.9,5.56,-5.0,0.83,0.65,0.71,0.83,-0.51,-0.09,-1.77,0.97,0.11,-1.77,0.11,False,-1.77,0.11,False,2019Q4
PVT,2019-12-05,CONTROL_RSI,1.9,1.9,,34.4,0.76,8.36,-31.1,1.44,-5.0,0.0,-0.39,-0.3,-0.96,-0.27,-0.44,-31.1,-17.92,-21.15,-8.0,-8.48,True,-5.0,-3.95,True,2019Q4
PVT,2020-01-09,CONTROL_RSI,3.2,3.2,,33.9,0.87,7.93,-53.97,0.0,-5.0,-3.78,-5.63,-5.4,-15.01,-12.54,-12.85,-42.24,-21.92,-24.46,-8.0,-10.29,True,-5.0,-6.59,True,2020Q1
PVT,2020-02-13,CONTROL_RSI,28.4,28.4,,27.7,0.84,6.76,-46.01,1.18,-10.42,-2.51,-1.86,-1.96,-32.1,-13.2,-16.18,-18.79,-7.6,-9.36,-8.0,-5.34,True,-10.42,-6.53,True,2020Q1
PVT,2020-06-26,CONTROL_RSI,6.4,6.4,,32.9,1.15,5.34,-16.48,17.79,-6.2,-1.87,-3.63,-3.9,-16.48,-9.26,-8.18,15.92,8.84,7.78,-8.0,-5.68,True,-6.2,-3.88,True,2020Q2
PVT,2020-07-28,CONTROL_RSI,21.1,21.1,,34.3,1.17,4.71,-4.67,56.26,-6.78,8.07,2.69,1.76,18.68,8.82,7.12,45.22,25.74,22.39,45.22,22.39,False,45.22,22.39,False,2020Q3
PVT,2020-10-23,CONTROL_RSI,18.9,18.9,,28.7,1.11,6.79,-5.6,57.14,-5.0,-1.47,2.02,2.42,10.9,8.14,7.83,44.18,27.29,25.36,44.18,25.36,False,-5.0,0.58,True,2020Q4
PVT,2021-03-25,CONTROL_RSI,38.4,38.4,,27.4,1.13,9.85,-5.69,31.37,-5.0,5.38,0.07,-0.63,-4.26,-8.83,-9.43,29.34,10.92,8.5,29.34,8.5,False,-5.0,-10.55,True,2021Q1
PVT,2021-04-28,CONTROL_RSI,3.8,3.8,,34.6,1.18,9.73,-4.21,32.99,-6.26,-0.31,-2.31,-2.67,9.35,1.81,0.43,8.43,5.37,4.81,8.43,4.81,False,8.43,4.81,False,2021Q2
PVT,2021-07-06,CONTROL_RSI,30.4,30.4,,29.4,1.24,10.97,-11.85,37.1,-5.0,-0.55,4.98,6.31,3.74,5.22,5.57,25.25,26.72,27.07,-8.0,-2.64,True,-5.0,-4.3,True,2021Q3
PVT,2021-11-29,CONTROL_RSI,23.0,23.0,,32.4,1.18,14.63,-14.42,10.46,-6.07,-3.76,-1.2,-0.73,-0.62,-1.26,-1.38,8.82,8.77,8.76,-8.0,-2.33,True,-6.07,-0.39,True,2021Q4
PVT,2022-01-17,CONTROL_RSI,5.6,5.6,,34.9,1.36,13.26,-5.58,36.2,-5.0,-0.75,-3.55,-4.57,7.32,2.86,1.24,-0.75,3.04,4.41,-0.75,4.41,False,-0.75,4.41,False,2022Q1
PVT,2022-03-25,CONTROL_RSI,16.9,16.9,,30.1,1.15,15.49,-34.99,6.33,-7.99,-0.77,-3.07,-3.42,-22.92,-12.91,-11.41,-22.14,-1.91,1.14,-8.0,-5.28,True,-7.99,-5.27,True,2022Q1
PVT,2022-04-29,CONTROL_RSI,18.1,18.1,,32.5,1.21,12.46,-19.18,18.14,-12.0,-6.9,-2.17,-1.2,9.79,14.67,15.67,-7.62,5.19,7.84,-8.0,0.53,True,-15.01,-8.6,True,2022Q2
PVT,2022-09-26,CONTROL_RSI,21.9,21.9,,30.2,1.43,12.18,-32.1,7.8,-5.0,-9.52,-1.08,2.56,-17.82,-2.55,4.05,6.57,19.68,25.34,-8.0,-2.48,True,-5.0,0.52,True,2022Q3
PVT,2022-10-25,CONTROL_RSI,13.0,13.0,,34.7,1.41,10.29,-19.63,39.84,-8.99,4.08,1.84,0.91,4.08,9.55,11.79,27.31,16.58,12.17,-13.7,-1.19,True,-13.7,-1.19,True,2022Q4
PVT,2023-04-24,CONTROL_RSI,13.1,13.1,,30.6,1.27,12.55,-2.15,19.04,-5.0,-1.43,-0.9,-0.76,2.47,0.76,0.3,16.1,2.71,-0.9,16.1,-0.9,False,16.1,-0.9,False,2023Q2
PVT,2023-08-18,CONTROL_RSI,27.9,27.9,,28.0,1.38,13.16,-1.82,45.21,-5.0,1.22,-0.88,-1.68,33.43,29.26,27.69,19.07,23.7,25.46,19.07,25.46,False,19.07,25.46,False,2023Q3
PVT,2023-10-30,CONTROL_RSI,38.9,38.9,,32.0,1.32,14.77,-8.19,15.1,-5.0,1.9,-1.42,-2.49,7.11,2.34,0.81,12.19,0.01,-3.91,12.19,-3.91,False,12.19,-3.91,False,2023Q4
PVT,2024-01-15,CONTROL_RSI,19.5,19.5,,28.5,1.39,16.29,-1.72,14.61,-5.0,0.92,-1.44,-2.36,3.25,-3.68,-6.38,4.97,-0.71,-2.92,4.97,-2.92,False,4.97,-2.92,False,2024Q1
PVT,2024-04-15,CONTROL_RSI,17.8,17.8,,32.4,1.24,16.35,-2.08,36.27,-5.0,4.16,5.23,5.49,21.47,16.63,15.45,27.95,22.93,21.7,27.95,21.7,False,27.95,21.7,False,2024Q2
PVT,2024-06-28,CONTROL_RSI,30.6,30.6,,24.4,1.03,19.52,-7.84,8.2,-5.0,7.17,4.18,4.09,-0.72,-0.74,-0.74,-0.67,-3.97,-4.07,-0.67,-4.07,False,-5.0,-3.8,True,2024Q2
PVT,2024-08-05,CONTROL_RSI,20.7,20.7,,30.0,1.14,18.39,-2.01,10.6,-5.0,3.75,1.0,0.61,3.92,-1.99,-2.83,5.22,-0.37,-1.16,5.22,-1.16,False,5.22,-1.16,False,2024Q3
PVT,2024-09-10,CONTROL_RSI,2.0,2.0,,34.3,1.23,18.74,-3.09,8.43,-5.0,1.44,0.59,0.4,7.68,5.48,4.98,-0.96,0.14,0.39,-0.96,0.39,False,-0.96,0.39,False,2024Q3
PVT,2024-10-28,CONTROL_RSI,30.0,30.0,,23.7,1.23,18.87,-6.2,6.2,-5.0,0.21,1.19,1.41,-0.53,0.73,1.03,-4.72,-3.48,-3.2,-4.72,-3.2,False,-5.0,-3.91,True,2024Q4
PVT,2024-11-28,CONTROL_RSI,21.5,21.5,,27.8,1.29,18.46,-5.25,6.72,-5.0,1.46,-0.76,-1.4,3.36,0.73,-0.03,-0.6,-5.98,-7.53,-0.6,-7.53,False,-5.0,-6.09,True,2024Q4
PVT,2025-01-10,CONTROL_RSI,11.2,11.2,,31.7,1.16,17.7,-27.63,5.65,-5.0,3.11,1.24,0.94,1.58,-2.17,-2.77,-16.72,-16.82,-16.83,-9.94,-10.24,True,-9.94,-10.24,True,2025Q1
PVT,2025-03-12,CONTROL_RSI,7.3,7.3,,32.6,1.05,17.91,-28.48,0.39,-5.0,-2.35,-1.47,-1.42,-21.94,-13.47,-13.02,-11.0,-9.47,-9.39,-11.0,-2.65,True,-5.0,-2.73,True,2025Q1
PVT,2025-04-14,CONTROL_RSI,22.9,22.9,,34.4,1.07,15.01,-9.59,18.12,-12.0,-5.46,-2.58,-2.38,0.93,-4.64,-5.03,10.26,-8.0,-9.26,-8.46,-7.13,True,10.26,-9.26,False,2025Q2
PVT,2025-07-11,CONTROL_RSI,5.4,5.4,,33.2,1.07,16.45,-2.43,8.33,-5.0,-0.24,-1.17,-1.23,3.89,-4.64,-5.19,-0.24,-15.63,-16.64,-0.24,-16.64,False,-0.24,-16.64,False,2025Q3
PVT,2025-08-28,CONTROL_RSI,10.3,10.3,,31.6,0.94,16.36,-8.62,8.37,-5.0,-1.1,2.02,1.82,0.86,2.54,2.43,2.81,4.57,4.46,-8.0,-5.03,True,-5.0,-2.03,True,2025Q3
PVT,2025-10-14,CONTROL_RSI,2.2,2.2,,34.3,0.65,16.0,-6.56,22.19,-5.0,-2.0,2.96,1.23,0.0,7.6,4.95,15.31,9.55,11.56,15.31,11.56,False,-5.0,-0.21,True,2025Q4
PVT,2026-03-23,CONTROL_RSI,37.6,37.6,,34.1,0.79,19.68,-6.45,18.24,-9.52,0.71,-2.25,-1.62,2.08,-10.65,-7.95,3.15,-9.04,-6.45,3.15,-6.45,False,3.15,-6.45,False,2026Q1
PVT,2026-06-05,CONTROL_RSI,30.0,30.0,,24.2,0.76,19.85,-19.14,5.79,-5.0,-2.27,-1.02,-1.32,-4.03,-5.2,-4.92,3.02,2.71,2.79,-8.0,-7.25,True,-5.0,-5.89,True,2026Q2
PVT,2026-07-10,CONTROL_RSI,10.8,10.8,,31.4,0.68,19.1,-15.97,31.15,-5.0,-10.99,-6.29,-7.79,1.57,4.45,3.54,,,,-8.0,-4.8,True,-5.0,-4.06,True,2026Q3
PVT,2019-05-28,CONTROL_RANDOM,,,,75.3,0.7,7.95,-4.78,16.73,-5.0,-3.27,-1.08,-1.74,-2.89,-1.49,-1.92,14.84,12.62,13.29,14.84,13.29,False,14.84,13.29,False,2019Q2
PVT,2019-07-22,CONTROL_RANDOM,,,,50.7,0.58,7.81,0.0,18.82,-5.0,3.97,3.5,3.7,16.9,16.57,16.71,7.3,5.97,6.53,7.3,6.53,False,7.3,6.53,False,2019Q3
PVT,2019-07-24,CONTROL_RANDOM,,,,54.9,0.58,7.95,-0.25,16.73,-5.0,9.56,8.49,8.94,12.96,11.9,12.34,3.9,3.66,3.76,3.9,3.76,False,3.9,3.76,False,2019Q3
PVT,2019-11-05,CONTROL_RANDOM,,,,65.8,0.64,8.63,-28.27,3.48,-5.63,-0.81,0.23,-0.14,-2.9,2.72,0.72,-21.32,-13.03,-15.99,-8.0,-3.32,True,-5.63,-1.67,True,2019Q4
PVT,2020-02-19,CONTROL_RANDOM,,,,37.7,0.83,6.84,-46.64,0.0,-6.77,-9.5,-5.73,-6.36,-38.01,-15.76,-19.5,-20.47,-11.07,-12.65,-8.0,-5.3,True,-6.77,-4.06,True,2020Q1
PVT,2020-04-17,CONTROL_RANDOM,,,,80.6,1.1,5.49,-13.3,9.11,-12.0,-9.11,-5.92,-5.6,-2.37,-9.49,-10.2,-5.1,-14.36,-15.28,-13.3,-9.54,True,-13.3,-9.54,True,2020Q2
PVT,2020-04-21,CONTROL_RANDOM,,,,75.5,1.13,4.76,0.0,25.84,-12.0,2.94,0.77,0.49,10.08,-3.19,-4.94,10.5,-5.33,-7.42,10.5,-7.42,False,10.5,-7.42,False,2020Q2
PVT,2020-11-13,CONTROL_RANDOM,,,,80.7,1.11,7.38,-2.3,57.86,-12.0,2.03,-0.45,-0.73,7.45,-2.23,-3.34,31.03,16.1,14.4,31.03,14.4,False,31.03,14.4,False,2020Q4
PVT,2020-11-24,CONTROL_RANDOM,,,,71.3,1.11,7.51,-3.06,55.13,-7.05,-1.46,-2.86,-3.01,3.6,-4.25,-5.13,35.02,18.52,16.67,35.02,16.67,False,35.02,16.67,False,2020Q4
PVT,2021-03-29,CONTROL_RANDOM,,,,36.4,1.14,10.11,-7.81,27.99,-9.77,1.48,-3.63,-4.37,-5.84,-10.07,-10.68,23.94,6.09,3.51,23.94,3.51,False,23.94,3.51,False,2021Q1
PVT,2021-07-01,CONTROL_RANDOM,,,,56.7,1.21,12.56,-23.01,19.75,-10.31,-17.36,-12.03,-10.9,-13.14,-5.21,-3.51,9.39,15.27,16.52,-8.0,-2.19,True,-10.31,-4.5,True,2021Q3
PVT,2021-08-17,CONTROL_RANDOM,,,,92.9,1.18,13.56,-13.27,19.76,-12.0,-8.92,-5.0,-4.28,7.82,8.58,8.72,15.56,7.47,5.99,-8.0,-2.43,True,-12.0,-6.43,True,2021Q3
PVT,2021-09-01,CONTROL_RANDOM,,,,64.6,1.25,14.21,-9.57,16.33,-12.0,1.06,0.55,0.42,-0.42,-0.79,-0.88,1.69,-9.56,-12.37,-8.0,-8.44,True,1.69,-12.37,False,2021Q3
PVT,2021-09-29,CONTROL_RANDOM,,,,38.7,1.27,13.62,-3.38,21.37,-7.83,6.68,4.68,4.14,9.54,2.17,0.17,6.53,-2.26,-4.64,6.53,-4.64,False,6.53,-4.64,False,2021Q3
PVT,2021-12-17,CONTROL_RANDOM,,,,53.4,1.23,14.48,-13.54,24.72,-10.88,1.45,0.84,0.7,-11.19,-8.43,-7.8,11.4,9.77,9.41,-8.43,-5.04,True,-10.88,-7.5,True,2021Q4
PVT,2022-03-08,CONTROL_RANDOM,,,,73.7,1.1,17.17,-41.35,5.18,-12.0,-9.78,-8.49,-8.36,-12.64,-15.65,-15.95,-22.07,-9.33,-8.05,-8.0,-5.61,True,-12.0,-9.61,True,2022Q1
PVT,2022-04-07,CONTROL_RANDOM,,,,38.9,1.12,15.18,-33.66,0.4,-5.0,-9.22,-4.46,-3.87,-23.58,-10.1,-8.44,-23.98,-0.4,2.51,-8.0,-5.98,True,-5.2,-3.18,True,2022Q2
PVT,2022-05-20,CONTROL_RANDOM,,,,50.0,1.23,12.0,-7.67,22.67,-12.0,5.58,1.78,0.9,1.75,7.06,8.29,7.67,5.45,4.93,7.67,4.93,False,7.67,4.93,False,2022Q2
PVT,2022-06-15,CONTROL_RANDOM,,,,48.4,1.26,12.73,-12.96,11.55,-6.53,-5.26,-2.14,-1.33,-7.38,-3.71,-2.76,6.52,4.7,4.22,-8.0,-2.05,True,-6.53,-0.91,True,2022Q2
PVT,2023-01-17,CONTROL_RANDOM,,,,45.6,1.27,12.55,-11.24,9.48,-6.18,-2.71,-1.2,-0.78,-3.43,0.07,1.03,-0.96,3.03,4.12,-8.0,-6.26,True,-6.18,-4.44,True,2023Q1
PVT,2023-03-15,CONTROL_RANDOM,,,,57.5,1.29,12.73,-5.26,7.93,-6.86,-1.89,-0.84,-0.53,4.4,3.63,3.4,1.26,-5.02,-6.86,1.26,-6.86,False,1.26,-6.86,False,2023Q1
PVT,2023-03-27,CONTROL_RANDOM,,,,44.3,1.28,12.67,-4.1,8.45,-6.57,6.31,4.15,3.53,-2.13,-0.17,0.39,2.68,-4.31,-6.28,2.68,-6.28,False,2.68,-6.28,False,2023Q1
PVT,2023-04-19,CONTROL_RANDOM,,,,44.4,1.29,12.43,-2.25,18.99,-5.0,0.24,1.23,1.51,1.93,0.42,-0.01,15.77,3.95,0.57,15.77,0.57,False,15.77,0.57,False,2023Q2
PVT,2023-07-14,CONTROL_RANDOM,,,,82.1,1.38,14.54,-11.14,25.65,-5.0,0.21,-1.41,-2.03,-1.03,-6.59,-8.7,23.11,24.9,25.57,-8.0,-8.73,True,-5.0,-5.73,True,2023Q3
PVT,2024-01-29,CONTROL_RANDOM,,,,63.9,1.39,16.32,-1.9,14.4,-5.0,0.37,-0.69,-1.11,1.72,-6.27,-9.41,8.95,3.37,1.19,8.95,1.19,False,8.95,1.19,False,2024Q1
PVT,2024-03-25,CONTROL_RANDOM,,,,65.2,1.34,17.71,-9.6,25.8,-9.61,4.23,2.73,2.22,-3.84,1.08,2.75,9.26,10.35,10.72,-8.0,-2.47,True,9.26,10.72,False,2024Q1
PVT,2024-04-17,CONTROL_RANDOM,,,,40.6,1.24,16.69,-2.64,33.49,-5.81,1.44,-0.99,-1.57,18.39,11.11,9.36,17.97,10.54,8.76,17.97,8.76,False,17.97,8.76,False,2024Q2
PVT,2024-05-23,CONTROL_RANDOM,,,,76.1,1.01,19.83,-9.28,12.36,-5.0,3.78,4.95,4.97,2.72,2.3,2.3,-1.06,0.86,0.88,-8.0,-0.98,True,-5.0,-3.25,True,2024Q2
PVT,2024-05-24,CONTROL_RANDOM,,,,73.9,0.99,20.1,-10.5,10.85,-5.0,3.38,2.07,2.09,-3.73,-2.99,-3.0,-2.04,-1.89,-1.9,-8.16,-6.2,True,-5.0,-4.31,True,2024Q2
PVT,2024-06-21,CONTROL_RANDOM,,,,45.5,0.98,20.37,-11.68,3.68,-5.0,-1.33,0.75,0.71,-8.35,-6.27,-6.32,-6.68,-5.41,-5.43,-8.0,-5.97,True,-5.0,-4.04,True,2024Q2
PVT,2024-07-24,CONTROL_RANDOM,,,,32.3,1.1,18.67,-3.64,8.94,-5.0,1.07,1.55,1.6,7.28,3.24,2.84,1.45,-2.35,-2.73,1.45,-2.73,False,1.45,-2.73,False,2024Q3
PVT,2024-10-24,CONTROL_RANDOM,,,,46.1,1.24,18.66,-5.14,7.4,-5.0,1.66,2.14,2.26,0.75,3.35,3.97,-2.2,-1.29,-1.08,-2.2,-1.08,False,-5.14,-2.66,True,2024Q4
PVT,2025-03-27,CONTROL_RANDOM,,,,33.3,0.99,17.42,-26.46,1.78,-5.0,-14.98,-6.39,-6.47,-17.16,-9.79,-9.86,-5.57,-8.68,-8.66,-8.5,-1.42,True,-8.5,-1.42,True,2025Q1
PVT,2025-03-28,CONTROL_RANDOM,,,,31.9,0.98,17.22,-25.61,2.96,-5.0,-20.03,-6.28,-6.6,-16.61,-9.97,-10.13,-5.75,-10.16,-10.05,-14.23,-6.58,True,-7.43,-1.21,True,2025Q1
PVT,2025-07-07,CONTROL_RANDOM,,,,44.2,1.07,16.32,-1.65,9.19,-5.0,0.25,-3.56,-3.84,0.25,-9.71,-10.44,0.25,-17.21,-18.49,0.25,-18.49,False,0.25,-18.49,False,2025Q3
PVT,2025-09-15,CONTROL_RANDOM,,,,59.7,0.93,16.73,-10.64,5.98,-5.07,1.08,4.71,4.44,-4.9,-8.68,-8.41,-1.67,-4.64,-4.42,-8.0,-4.69,True,-5.07,-8.41,True,2025Q3
PVT,2026-04-23,CONTROL_RANDOM,,,,69.1,0.77,22.14,-26.38,5.1,-12.0,-3.52,-4.48,-4.26,-9.26,-9.32,-9.31,-24.12,-13.19,-15.74,-11.7,-10.91,True,-12.0,-11.22,True,2026Q2
PVT,2026-05-15,CONTROL_RANDOM,,,,58.9,0.73,22.18,-27.64,4.91,-12.0,-9.83,-8.24,-8.66,-12.53,-6.42,-8.06,-12.53,-5.24,-7.2,-8.0,-7.87,True,-12.0,-7.53,True,2026Q2
PVT,2026-06-12,CONTROL_RANDOM,,,,43.5,0.74,19.9,-19.35,11.56,-5.0,3.02,0.04,0.8,-4.77,-4.57,-4.62,9.3,7.91,8.27,-8.0,-8.0,True,-5.0,-6.62,True,2026Q2
PVT,2026-06-19,CONTROL_RANDOM,,,,53.4,0.74,20.3,-20.94,16.75,-7.53,-1.72,-3.23,-2.83,-16.26,-11.66,-12.87,11.33,11.59,11.52,-8.0,-8.84,True,-7.53,-8.17,True,2026Q2
